"cluster_id","question_index","story","question","option_a","option_b","option_c","option_d","correct_answer","cluster_summary"
"3","0","Maya finds a tin in the pantry, the label on the tin is tea, Maya cannot see what is inside the tin, Maya opens the tin and finds cookies, there is no tea in the tin, Maya closes the tin and puts it back in its place, Leo enters the pantry and sees the tin.","What should be inside the tin?","Tea","Cookies","Rice","Spices","A","Taken together, these reasons portray a model that defaults to salience- and template-based heuristics—classic false-belief scripts, label‑equals‑contents, last‑mentioned item, or literal similes—instead of flexibly tracking the narrative. It repeatedly misidentifies whose perspective is relevant, collapses distinctions between reality and multiple nested belief states, and neglects how agents’ knowledge changes with perception or world constraints, so it often answers from an omniscient or naïve observer rather than the targeted character. Across many items, lingering linguistic and pragmatic ambiguities mean the model’s reality‑tracking, conservative, or literal interpretations are sometimes partially defensible against rubric expectations."
"3","1","Jonah finds a toolbox in the garage, the label on the toolbox is screws, Jonah cannot see what is inside the toolbox, Jonah opens the toolbox and finds a paintbrush, there are no screws in the toolbox, Jonah closes the toolbox and puts it back in its place, Ava enters the garage and sees the toolbox.","What should be inside the toolbox?","Tape","Screws","Paintbrush","Sandpaper","B","Taken together, these reasons portray a model that defaults to salience- and template-based heuristics—classic false-belief scripts, label‑equals‑contents, last‑mentioned item, or literal similes—instead of flexibly tracking the narrative. It repeatedly misidentifies whose perspective is relevant, collapses distinctions between reality and multiple nested belief states, and neglects how agents’ knowledge changes with perception or world constraints, so it often answers from an omniscient or naïve observer rather than the targeted character. Across many items, lingering linguistic and pragmatic ambiguities mean the model’s reality‑tracking, conservative, or literal interpretations are sometimes partially defensible against rubric expectations."
"3","2","Priya finds a cubby in the classroom, the label on the cubby is markers, Priya cannot see what is inside the cubby, Priya opens the cubby and finds scissors, there are no markers in the cubby, Priya closes the cubby and puts it back in its place, Mateo enters the classroom and sees the cubby.","What should be inside the cubby?","Markers","Scissors","Notebooks","Glue sticks","A","Taken together, these reasons portray a model that defaults to salience- and template-based heuristics—classic false-belief scripts, label‑equals‑contents, last‑mentioned item, or literal similes—instead of flexibly tracking the narrative. It repeatedly misidentifies whose perspective is relevant, collapses distinctions between reality and multiple nested belief states, and neglects how agents’ knowledge changes with perception or world constraints, so it often answers from an omniscient or naïve observer rather than the targeted character. Across many items, lingering linguistic and pragmatic ambiguities mean the model’s reality‑tracking, conservative, or literal interpretations are sometimes partially defensible against rubric expectations."
"3","3","Lena finds a small locker in the office mailroom, the label on the locker is invoices, Lena cannot see what is inside the locker, Lena opens the locker and finds an umbrella, there are no invoices in the locker, Lena closes the locker and puts it back in its place, Omar enters the mailroom and sees the locker.","What should be inside the locker?","Umbrella","Envelopes","Invoices","Stamps","C","Taken together, these reasons portray a model that defaults to salience- and template-based heuristics—classic false-belief scripts, label‑equals‑contents, last‑mentioned item, or literal similes—instead of flexibly tracking the narrative. It repeatedly misidentifies whose perspective is relevant, collapses distinctions between reality and multiple nested belief states, and neglects how agents’ knowledge changes with perception or world constraints, so it often answers from an omniscient or naïve observer rather than the targeted character. Across many items, lingering linguistic and pragmatic ambiguities mean the model’s reality‑tracking, conservative, or literal interpretations are sometimes partially defensible against rubric expectations."
"3","4","Hana finds a bucket in the garden shed, the label on the bucket is soil, Hana cannot see what is inside the bucket, Hana opens the bucket and finds a coil of rope, there is no soil in the bucket, Hana closes the bucket and puts it back in its place, Tariq enters the shed and sees the bucket.","What should be inside the bucket?","Soil","Rope","Seeds","Shovel","A","Taken together, these reasons portray a model that defaults to salience- and template-based heuristics—classic false-belief scripts, label‑equals‑contents, last‑mentioned item, or literal similes—instead of flexibly tracking the narrative. It repeatedly misidentifies whose perspective is relevant, collapses distinctions between reality and multiple nested belief states, and neglects how agents’ knowledge changes with perception or world constraints, so it often answers from an omniscient or naïve observer rather than the targeted character. Across many items, lingering linguistic and pragmatic ambiguities mean the model’s reality‑tracking, conservative, or literal interpretations are sometimes partially defensible against rubric expectations."
"3","5","Nina finds a glass jar in the science lab, the label on the jar is salt, Nina cannot see what is inside the jar, Nina opens the jar and finds sand, there is no salt in the jar, Nina closes the jar and puts it back in its place, Victor enters the lab and sees the jar.","What should be inside the jar?","Sugar","Salt","Sand","Baking soda","B","Taken together, these reasons portray a model that defaults to salience- and template-based heuristics—classic false-belief scripts, label‑equals‑contents, last‑mentioned item, or literal similes—instead of flexibly tracking the narrative. It repeatedly misidentifies whose perspective is relevant, collapses distinctions between reality and multiple nested belief states, and neglects how agents’ knowledge changes with perception or world constraints, so it often answers from an omniscient or naïve observer rather than the targeted character. Across many items, lingering linguistic and pragmatic ambiguities mean the model’s reality‑tracking, conservative, or literal interpretations are sometimes partially defensible against rubric expectations."
"3","6","Elias finds a case in the music room, the label on the case is violin strings, Elias cannot see what is inside the case, Elias opens the case and finds a metronome, there are no violin strings in the case, Elias closes the case and puts it back in its place, Aiko enters the music room and sees the case.","What should be inside the case?","Violin strings","Metronome","Rosin","Sheet music","A","Taken together, these reasons portray a model that defaults to salience- and template-based heuristics—classic false-belief scripts, label‑equals‑contents, last‑mentioned item, or literal similes—instead of flexibly tracking the narrative. It repeatedly misidentifies whose perspective is relevant, collapses distinctions between reality and multiple nested belief states, and neglects how agents’ knowledge changes with perception or world constraints, so it often answers from an omniscient or naïve observer rather than the targeted character. Across many items, lingering linguistic and pragmatic ambiguities mean the model’s reality‑tracking, conservative, or literal interpretations are sometimes partially defensible against rubric expectations."
"3","7","Marcus finds a locker by the marina, the label on the locker is life jackets, Marcus cannot see what is inside the locker, Marcus opens the locker and finds a fishing net, there are no life jackets in the locker, Marcus closes the locker and puts it back in its place, Sora walks onto the dock and sees the locker.","What should be inside the locker?","Fishing net","Anchor","Life jackets","Oars","C","Taken together, these reasons portray a model that defaults to salience- and template-based heuristics—classic false-belief scripts, label‑equals‑contents, last‑mentioned item, or literal similes—instead of flexibly tracking the narrative. It repeatedly misidentifies whose perspective is relevant, collapses distinctions between reality and multiple nested belief states, and neglects how agents’ knowledge changes with perception or world constraints, so it often answers from an omniscient or naïve observer rather than the targeted character. Across many items, lingering linguistic and pragmatic ambiguities mean the model’s reality‑tracking, conservative, or literal interpretations are sometimes partially defensible against rubric expectations."
"3","8","Jamal finds a drawer in the art studio, the label on the drawer is charcoal, Jamal cannot see what is inside the drawer, Jamal opens the drawer and finds a stapler, there is no charcoal in the drawer, Jamal closes the drawer and puts it back in its place, Mei enters the studio and sees the drawer.","What should be inside the drawer?","Charcoal","Stapler","Canvas","Paint","A","Taken together, these reasons portray a model that defaults to salience- and template-based heuristics—classic false-belief scripts, label‑equals‑contents, last‑mentioned item, or literal similes—instead of flexibly tracking the narrative. It repeatedly misidentifies whose perspective is relevant, collapses distinctions between reality and multiple nested belief states, and neglects how agents’ knowledge changes with perception or world constraints, so it often answers from an omniscient or naïve observer rather than the targeted character. Across many items, lingering linguistic and pragmatic ambiguities mean the model’s reality‑tracking, conservative, or literal interpretations are sometimes partially defensible against rubric expectations."
"3","9","Sofia finds a crate in the museum storage room, the label on the crate is posters, Sofia cannot see what is inside the crate, Sofia opens the crate and finds a tripod, there are no posters in the crate, Sofia closes the crate and puts it back in its place, Diego enters the storage room and sees the crate.","What should be inside the crate?","Tripod","Posters","Frames","Catalogs","B","Taken together, these reasons portray a model that defaults to salience- and template-based heuristics—classic false-belief scripts, label‑equals‑contents, last‑mentioned item, or literal similes—instead of flexibly tracking the narrative. It repeatedly misidentifies whose perspective is relevant, collapses distinctions between reality and multiple nested belief states, and neglects how agents’ knowledge changes with perception or world constraints, so it often answers from an omniscient or naïve observer rather than the targeted character. Across many items, lingering linguistic and pragmatic ambiguities mean the model’s reality‑tracking, conservative, or literal interpretations are sometimes partially defensible against rubric expectations."
"3","10","Xiao Chen finds a jar in the kitchen pantry, the label on the jar is sugar, Xiao Chen cannot see what is inside the jar, Xiao Chen opens the jar and finds rice, there is no sugar in the jar, Xiao Chen closes the jar and puts it back on the shelf, Xiao Hua enters the kitchen and sees the jar.","What should be inside the jar?","Sugar","Rice","Salt","Tea","A","Taken together, these reasons portray a model that defaults to salience- and template-based heuristics—classic false-belief scripts, label‑equals‑contents, last‑mentioned item, or literal similes—instead of flexibly tracking the narrative. It repeatedly misidentifies whose perspective is relevant, collapses distinctions between reality and multiple nested belief states, and neglects how agents’ knowledge changes with perception or world constraints, so it often answers from an omniscient or naïve observer rather than the targeted character. Across many items, lingering linguistic and pragmatic ambiguities mean the model’s reality‑tracking, conservative, or literal interpretations are sometimes partially defensible against rubric expectations."
"3","11","Mei finds a folder in the office filing cabinet, the label on the folder is invoices, Mei cannot see what is inside the folder, Mei opens the folder and finds photos, there are no invoices in the folder, Mei closes the folder and returns it to the drawer, Arun enters the office and sees the folder.","What should be inside the folder?","Reports","Photos","Invoices","Pens","C","Taken together, these reasons portray a model that defaults to salience- and template-based heuristics—classic false-belief scripts, label‑equals‑contents, last‑mentioned item, or literal similes—instead of flexibly tracking the narrative. It repeatedly misidentifies whose perspective is relevant, collapses distinctions between reality and multiple nested belief states, and neglects how agents’ knowledge changes with perception or world constraints, so it often answers from an omniscient or naïve observer rather than the targeted character. Across many items, lingering linguistic and pragmatic ambiguities mean the model’s reality‑tracking, conservative, or literal interpretations are sometimes partially defensible against rubric expectations."
"3","12","Tom finds a locker at the gym, the label on the locker is towels, Tom cannot see what is inside the locker, Tom opens the locker and finds a basketball, there are no towels in the locker, Tom closes the locker and walks away, Sara enters the gym and sees the locker.","What should be inside the locker?","Towels","Basketball","Shoes","Water bottle","A","Taken together, these reasons portray a model that defaults to salience- and template-based heuristics—classic false-belief scripts, label‑equals‑contents, last‑mentioned item, or literal similes—instead of flexibly tracking the narrative. It repeatedly misidentifies whose perspective is relevant, collapses distinctions between reality and multiple nested belief states, and neglects how agents’ knowledge changes with perception or world constraints, so it often answers from an omniscient or naïve observer rather than the targeted character. Across many items, lingering linguistic and pragmatic ambiguities mean the model’s reality‑tracking, conservative, or literal interpretations are sometimes partially defensible against rubric expectations."
"3","13","Lina finds a cardboard box in the library supply room, the label on the box is markers, Lina cannot see what is inside the box, Lina opens the box and finds magnets, there are no markers in the box, Lina closes the box and puts it back where she found it, Omar enters the supply room and sees the box.","What should be inside the box?","Paper clips","Magnets","Chalk","Markers","D","Taken together, these reasons portray a model that defaults to salience- and template-based heuristics—classic false-belief scripts, label‑equals‑contents, last‑mentioned item, or literal similes—instead of flexibly tracking the narrative. It repeatedly misidentifies whose perspective is relevant, collapses distinctions between reality and multiple nested belief states, and neglects how agents’ knowledge changes with perception or world constraints, so it often answers from an omniscient or naïve observer rather than the targeted character. Across many items, lingering linguistic and pragmatic ambiguities mean the model’s reality‑tracking, conservative, or literal interpretations are sometimes partially defensible against rubric expectations."
"3","14","Yuki finds a drawer in the office refrigerator, the label on the drawer is vegetables, Yuki cannot see what is inside the drawer, Yuki opens the drawer and finds soda cans, there are no vegetables in the drawer, Yuki closes the drawer and leaves it as it was, Diego opens the fridge and sees the drawer.","What should be inside the drawer?","Vegetables","Soda","Fruit","Cheese","A","Taken together, these reasons portray a model that defaults to salience- and template-based heuristics—classic false-belief scripts, label‑equals‑contents, last‑mentioned item, or literal similes—instead of flexibly tracking the narrative. It repeatedly misidentifies whose perspective is relevant, collapses distinctions between reality and multiple nested belief states, and neglects how agents’ knowledge changes with perception or world constraints, so it often answers from an omniscient or naïve observer rather than the targeted character. Across many items, lingering linguistic and pragmatic ambiguities mean the model’s reality‑tracking, conservative, or literal interpretations are sometimes partially defensible against rubric expectations."
"3","15","Fatima finds a metal toolbox in the garage, the label on the toolbox is nails, Fatima cannot see what is inside the toolbox, Fatima opens the toolbox and finds a wrench, there are no nails in the toolbox, Fatima closes the toolbox and sets it back on the bench, Pavel enters the garage and sees the toolbox.","What should be inside the toolbox?","Screws","Wrench","Nails","Tape","C","Taken together, these reasons portray a model that defaults to salience- and template-based heuristics—classic false-belief scripts, label‑equals‑contents, last‑mentioned item, or literal similes—instead of flexibly tracking the narrative. It repeatedly misidentifies whose perspective is relevant, collapses distinctions between reality and multiple nested belief states, and neglects how agents’ knowledge changes with perception or world constraints, so it often answers from an omniscient or naïve observer rather than the targeted character. Across many items, lingering linguistic and pragmatic ambiguities mean the model’s reality‑tracking, conservative, or literal interpretations are sometimes partially defensible against rubric expectations."
"3","16","Nora finds an envelope on the hallway table, the label on the envelope is tickets, Nora cannot see what is inside the envelope, Nora opens the envelope and finds a brochure, there are no tickets in the envelope, Nora seals the envelope and puts it back, Wei enters the hallway and sees the envelope.","What should be inside the envelope?","Tickets","Stamps","Brochure","Receipt","A","Taken together, these reasons portray a model that defaults to salience- and template-based heuristics—classic false-belief scripts, label‑equals‑contents, last‑mentioned item, or literal similes—instead of flexibly tracking the narrative. It repeatedly misidentifies whose perspective is relevant, collapses distinctions between reality and multiple nested belief states, and neglects how agents’ knowledge changes with perception or world constraints, so it often answers from an omniscient or naïve observer rather than the targeted character. Across many items, lingering linguistic and pragmatic ambiguities mean the model’s reality‑tracking, conservative, or literal interpretations are sometimes partially defensible against rubric expectations."
"3","17","Jamal finds a wooden crate in the museum storage room, the label on the crate is statue, Jamal cannot see what is inside the crate, Jamal opens the crate and finds a rolled rug, there is no statue in the crate, Jamal closes the crate and slides it back into place, Hana enters the storage room and sees the crate.","What should be inside the crate?","Statue","Rug","Paint","Lamp","A","Taken together, these reasons portray a model that defaults to salience- and template-based heuristics—classic false-belief scripts, label‑equals‑contents, last‑mentioned item, or literal similes—instead of flexibly tracking the narrative. It repeatedly misidentifies whose perspective is relevant, collapses distinctions between reality and multiple nested belief states, and neglects how agents’ knowledge changes with perception or world constraints, so it often answers from an omniscient or naïve observer rather than the targeted character. Across many items, lingering linguistic and pragmatic ambiguities mean the model’s reality‑tracking, conservative, or literal interpretations are sometimes partially defensible against rubric expectations."
"3","18","Kai finds a plastic bin in the school art corner, the label on the bin is glue, Kai cannot see what is inside the bin, Kai opens the bin and finds a bundle of string, there is no glue in the bin, Kai closes the bin and pushes it back under the table, Mia enters the classroom and sees the bin.","What should be inside the bin?","Glue","String","Beads","Paper","A","Taken together, these reasons portray a model that defaults to salience- and template-based heuristics—classic false-belief scripts, label‑equals‑contents, last‑mentioned item, or literal similes—instead of flexibly tracking the narrative. It repeatedly misidentifies whose perspective is relevant, collapses distinctions between reality and multiple nested belief states, and neglects how agents’ knowledge changes with perception or world constraints, so it often answers from an omniscient or naïve observer rather than the targeted character. Across many items, lingering linguistic and pragmatic ambiguities mean the model’s reality‑tracking, conservative, or literal interpretations are sometimes partially defensible against rubric expectations."
"3","19","Rui finds a mailbox at the apartment lobby, the label on the mailbox is magazines, Rui cannot see what is inside the mailbox, Rui opens the mailbox and finds letters, there are no magazines in the mailbox, Rui closes the mailbox and leaves, Ana enters the lobby and sees the mailbox.","What should be inside the mailbox?","Magazines","Packages","Letters","Flyers","A","Taken together, these reasons portray a model that defaults to salience- and template-based heuristics—classic false-belief scripts, label‑equals‑contents, last‑mentioned item, or literal similes—instead of flexibly tracking the narrative. It repeatedly misidentifies whose perspective is relevant, collapses distinctions between reality and multiple nested belief states, and neglects how agents’ knowledge changes with perception or world constraints, so it often answers from an omniscient or naïve observer rather than the targeted character. Across many items, lingering linguistic and pragmatic ambiguities mean the model’s reality‑tracking, conservative, or literal interpretations are sometimes partially defensible against rubric expectations."
"3","20","Maya finds a jar in the kitchen, the label on the jar is salt, Maya cannot see what is inside the jar, Maya opens the jar and finds pepper, there is no salt in the jar, Maya closes the jar and puts it back on the shelf, Arjun enters the kitchen and sees the jar.","What should be inside the jar?","Sugar","Salt","Pepper","Tea leaves","B","Taken together, these reasons portray a model that defaults to salience- and template-based heuristics—classic false-belief scripts, label‑equals‑contents, last‑mentioned item, or literal similes—instead of flexibly tracking the narrative. It repeatedly misidentifies whose perspective is relevant, collapses distinctions between reality and multiple nested belief states, and neglects how agents’ knowledge changes with perception or world constraints, so it often answers from an omniscient or naïve observer rather than the targeted character. Across many items, lingering linguistic and pragmatic ambiguities mean the model’s reality‑tracking, conservative, or literal interpretations are sometimes partially defensible against rubric expectations."
"3","21","Leo finds a cardboard box in the library storage room, the label on the box is maps, Leo cannot see what is inside the box, Leo opens the box and finds playing cards, there are no maps in the box, Leo closes the box and slides it back onto the shelf, Nora enters the storage room and sees the box.","What should be inside the box?","Playing cards","Posters","Maps","Gloves","C","Taken together, these reasons portray a model that defaults to salience- and template-based heuristics—classic false-belief scripts, label‑equals‑contents, last‑mentioned item, or literal similes—instead of flexibly tracking the narrative. It repeatedly misidentifies whose perspective is relevant, collapses distinctions between reality and multiple nested belief states, and neglects how agents’ knowledge changes with perception or world constraints, so it often answers from an omniscient or naïve observer rather than the targeted character. Across many items, lingering linguistic and pragmatic ambiguities mean the model’s reality‑tracking, conservative, or literal interpretations are sometimes partially defensible against rubric expectations."
"3","22","Sofia finds a folder in the office, the label on the folder is invoices, Sofia cannot see what is inside the folder, Sofia opens the folder and finds photographs, there are no invoices in the folder, Sofia closes the folder and puts it back in the cabinet, Daniel enters the office and sees the folder.","What should be inside the folder?","Invoices","Paper clips","Photographs","Sticky notes","A","Taken together, these reasons portray a model that defaults to salience- and template-based heuristics—classic false-belief scripts, label‑equals‑contents, last‑mentioned item, or literal similes—instead of flexibly tracking the narrative. It repeatedly misidentifies whose perspective is relevant, collapses distinctions between reality and multiple nested belief states, and neglects how agents’ knowledge changes with perception or world constraints, so it often answers from an omniscient or naïve observer rather than the targeted character. Across many items, lingering linguistic and pragmatic ambiguities mean the model’s reality‑tracking, conservative, or literal interpretations are sometimes partially defensible against rubric expectations."
"3","23","Omar finds a metal toolbox in the garden shed, the label on the toolbox is nails, Omar cannot see what is inside the toolbox, Omar opens the toolbox and finds a paintbrush, there are no nails in the toolbox, Omar closes the toolbox and sets it back on the bench, Lina enters the shed and sees the toolbox.","What should be inside the toolbox?","Paintbrush","Screws","Nails","Rope","C","Taken together, these reasons portray a model that defaults to salience- and template-based heuristics—classic false-belief scripts, label‑equals‑contents, last‑mentioned item, or literal similes—instead of flexibly tracking the narrative. It repeatedly misidentifies whose perspective is relevant, collapses distinctions between reality and multiple nested belief states, and neglects how agents’ knowledge changes with perception or world constraints, so it often answers from an omniscient or naïve observer rather than the targeted character. Across many items, lingering linguistic and pragmatic ambiguities mean the model’s reality‑tracking, conservative, or literal interpretations are sometimes partially defensible against rubric expectations."
"3","24","Jin finds a storage locker in the school hallway, the label on the locker is sports gear, Jin cannot see what is inside the locker, Jin opens the locker and finds textbooks, there is no sports gear in the locker, Jin closes the locker and walks away, Priya enters the hallway and sees the locker.","What should be inside the locker?","Sports gear","Backpacks","Textbooks","Lunch boxes","A","Taken together, these reasons portray a model that defaults to salience- and template-based heuristics—classic false-belief scripts, label‑equals‑contents, last‑mentioned item, or literal similes—instead of flexibly tracking the narrative. It repeatedly misidentifies whose perspective is relevant, collapses distinctions between reality and multiple nested belief states, and neglects how agents’ knowledge changes with perception or world constraints, so it often answers from an omniscient or naïve observer rather than the targeted character. Across many items, lingering linguistic and pragmatic ambiguities mean the model’s reality‑tracking, conservative, or literal interpretations are sometimes partially defensible against rubric expectations."
"3","25","Elena finds a wooden crate in the museum basement, the label on the crate is vases, Elena cannot see what is inside the crate, Elena opens the crate and finds a lamp, there are no vases in the crate, Elena closes the crate and pushes it back under the table, Miguel enters the basement and sees the crate.","What should be inside the crate?","Lamp","Vases","Paintings","Candles","B","Taken together, these reasons portray a model that defaults to salience- and template-based heuristics—classic false-belief scripts, label‑equals‑contents, last‑mentioned item, or literal similes—instead of flexibly tracking the narrative. It repeatedly misidentifies whose perspective is relevant, collapses distinctions between reality and multiple nested belief states, and neglects how agents’ knowledge changes with perception or world constraints, so it often answers from an omniscient or naïve observer rather than the targeted character. Across many items, lingering linguistic and pragmatic ambiguities mean the model’s reality‑tracking, conservative, or literal interpretations are sometimes partially defensible against rubric expectations."
"3","26","Rahul finds a cabinet in the clinic, the label on the cabinet is bandages, Rahul cannot see what is inside the cabinet, Rahul opens the cabinet and finds scissors, there are no bandages in the cabinet, Rahul closes the cabinet and leaves it by the doorway, Sara enters the clinic and sees the cabinet.","What should be inside the cabinet?","Bandages","Thermometer","Scissors","Cotton balls","A","Taken together, these reasons portray a model that defaults to salience- and template-based heuristics—classic false-belief scripts, label‑equals‑contents, last‑mentioned item, or literal similes—instead of flexibly tracking the narrative. It repeatedly misidentifies whose perspective is relevant, collapses distinctions between reality and multiple nested belief states, and neglects how agents’ knowledge changes with perception or world constraints, so it often answers from an omniscient or naïve observer rather than the targeted character. Across many items, lingering linguistic and pragmatic ambiguities mean the model’s reality‑tracking, conservative, or literal interpretations are sometimes partially defensible against rubric expectations."
"3","27","Ava finds a plastic bin at the train station office, the label on the bin is umbrellas, Ava cannot see what is inside the bin, Ava opens the bin and finds a scarf, there are no umbrellas in the bin, Ava closes the bin and places it back under the counter, Tom enters the office and sees the bin.","What should be inside the bin?","Scarves","Umbrellas","Boots","Wallets","B","Taken together, these reasons portray a model that defaults to salience- and template-based heuristics—classic false-belief scripts, label‑equals‑contents, last‑mentioned item, or literal similes—instead of flexibly tracking the narrative. It repeatedly misidentifies whose perspective is relevant, collapses distinctions between reality and multiple nested belief states, and neglects how agents’ knowledge changes with perception or world constraints, so it often answers from an omniscient or naïve observer rather than the targeted character. Across many items, lingering linguistic and pragmatic ambiguities mean the model’s reality‑tracking, conservative, or literal interpretations are sometimes partially defensible against rubric expectations."
"3","28","Noah finds a drawer in the art studio, the label on the drawer is charcoal, Noah cannot see what is inside the drawer, Noah opens the drawer and finds markers, there is no charcoal in the drawer, Noah closes the drawer and pushes it back in, Mei enters the studio and sees the drawer.","What should be inside the drawer?","Markers","Erasers","Charcoal","Rulers","C","Taken together, these reasons portray a model that defaults to salience- and template-based heuristics—classic false-belief scripts, label‑equals‑contents, last‑mentioned item, or literal similes—instead of flexibly tracking the narrative. It repeatedly misidentifies whose perspective is relevant, collapses distinctions between reality and multiple nested belief states, and neglects how agents’ knowledge changes with perception or world constraints, so it often answers from an omniscient or naïve observer rather than the targeted character. Across many items, lingering linguistic and pragmatic ambiguities mean the model’s reality‑tracking, conservative, or literal interpretations are sometimes partially defensible against rubric expectations."
"3","29","Zara finds a compartment in the car trunk, the label on the compartment is first aid, Zara cannot see what is inside the compartment, Zara opens the compartment and finds jumper cables, there is no first aid kit in the compartment, Zara closes the compartment and steps away, Omar enters the garage and sees the compartment.","What should be inside the compartment?","First aid kit","Tool belt","Jumper cables","Blanket","A","Taken together, these reasons portray a model that defaults to salience- and template-based heuristics—classic false-belief scripts, label‑equals‑contents, last‑mentioned item, or literal similes—instead of flexibly tracking the narrative. It repeatedly misidentifies whose perspective is relevant, collapses distinctions between reality and multiple nested belief states, and neglects how agents’ knowledge changes with perception or world constraints, so it often answers from an omniscient or naïve observer rather than the targeted character. Across many items, lingering linguistic and pragmatic ambiguities mean the model’s reality‑tracking, conservative, or literal interpretations are sometimes partially defensible against rubric expectations."
"3","30","Mei finds a glass jar in the pantry, the label on the jar is sugar, Mei cannot see what is inside the jar, Mei opens the jar and finds rice, there is no sugar in the jar, Mei closes the jar and puts it back in its place, Jun enters the pantry and sees the jar.","What should be inside the jar?","Sugar","Rice","Salt","Tea","A","Taken together, these reasons portray a model that defaults to salience- and template-based heuristics—classic false-belief scripts, label‑equals‑contents, last‑mentioned item, or literal similes—instead of flexibly tracking the narrative. It repeatedly misidentifies whose perspective is relevant, collapses distinctions between reality and multiple nested belief states, and neglects how agents’ knowledge changes with perception or world constraints, so it often answers from an omniscient or naïve observer rather than the targeted character. Across many items, lingering linguistic and pragmatic ambiguities mean the model’s reality‑tracking, conservative, or literal interpretations are sometimes partially defensible against rubric expectations."
"3","31","Arun finds a toolbox in the garage, the label on the toolbox is nails, Arun cannot see what is inside the toolbox, Arun opens the toolbox and finds a wrench, there are no nails in the toolbox, Arun closes the toolbox and puts it back in its place, Priya enters the garage and sees the toolbox.","What should be inside the toolbox?","Nails","Wrench","Screws","Glue","A","Taken together, these reasons portray a model that defaults to salience- and template-based heuristics—classic false-belief scripts, label‑equals‑contents, last‑mentioned item, or literal similes—instead of flexibly tracking the narrative. It repeatedly misidentifies whose perspective is relevant, collapses distinctions between reality and multiple nested belief states, and neglects how agents’ knowledge changes with perception or world constraints, so it often answers from an omniscient or naïve observer rather than the targeted character. Across many items, lingering linguistic and pragmatic ambiguities mean the model’s reality‑tracking, conservative, or literal interpretations are sometimes partially defensible against rubric expectations."
"3","32","Sofia finds a folder in the office, the label on the folder is invoices, Sofia cannot see what is inside the folder, Sofia opens the folder and finds photos, there are no invoices in the folder, Sofia closes the folder and puts it back in its place, Lucas enters the office and sees the folder.","What should be inside the folder?","Invoices","Photos","Maps","Letters","A","Taken together, these reasons portray a model that defaults to salience- and template-based heuristics—classic false-belief scripts, label‑equals‑contents, last‑mentioned item, or literal similes—instead of flexibly tracking the narrative. It repeatedly misidentifies whose perspective is relevant, collapses distinctions between reality and multiple nested belief states, and neglects how agents’ knowledge changes with perception or world constraints, so it often answers from an omniscient or naïve observer rather than the targeted character. Across many items, lingering linguistic and pragmatic ambiguities mean the model’s reality‑tracking, conservative, or literal interpretations are sometimes partially defensible against rubric expectations."
"3","33","Tom finds an envelope in the hallway, the label on the envelope is tickets, Tom cannot see what is inside the envelope, Tom opens the envelope and finds coupons, there are no tickets in the envelope, Tom seals the envelope and puts it back in its place, Eva enters the hallway and sees the envelope.","What should be inside the envelope?","Keys","Tickets","Coupons","Coins","B","Taken together, these reasons portray a model that defaults to salience- and template-based heuristics—classic false-belief scripts, label‑equals‑contents, last‑mentioned item, or literal similes—instead of flexibly tracking the narrative. It repeatedly misidentifies whose perspective is relevant, collapses distinctions between reality and multiple nested belief states, and neglects how agents’ knowledge changes with perception or world constraints, so it often answers from an omniscient or naïve observer rather than the targeted character. Across many items, lingering linguistic and pragmatic ambiguities mean the model’s reality‑tracking, conservative, or literal interpretations are sometimes partially defensible against rubric expectations."
"3","34","Hana finds a locker in the gym, the label on the locker is helmets, Hana cannot see what is inside the locker, Hana opens the locker and finds towels, there are no helmets in the locker, Hana closes the locker and leaves it where it was, Omar enters the gym and sees the locker.","What should be inside the locker?","Helmets","Towels","Shoes","Ropes","A","Taken together, these reasons portray a model that defaults to salience- and template-based heuristics—classic false-belief scripts, label‑equals‑contents, last‑mentioned item, or literal similes—instead of flexibly tracking the narrative. It repeatedly misidentifies whose perspective is relevant, collapses distinctions between reality and multiple nested belief states, and neglects how agents’ knowledge changes with perception or world constraints, so it often answers from an omniscient or naïve observer rather than the targeted character. Across many items, lingering linguistic and pragmatic ambiguities mean the model’s reality‑tracking, conservative, or literal interpretations are sometimes partially defensible against rubric expectations."
"3","35","Lina finds a storage bin in the living room, the label on the bin is blankets, Lina cannot see what is inside the bin, Lina opens the bin and finds board games, there are no blankets in the bin, Lina closes the bin and puts it back in its place, Pavel enters the living room and sees the bin.","What should be inside the bin?","Blankets","Board games","Pillows","Cables","A","Taken together, these reasons portray a model that defaults to salience- and template-based heuristics—classic false-belief scripts, label‑equals‑contents, last‑mentioned item, or literal similes—instead of flexibly tracking the narrative. It repeatedly misidentifies whose perspective is relevant, collapses distinctions between reality and multiple nested belief states, and neglects how agents’ knowledge changes with perception or world constraints, so it often answers from an omniscient or naïve observer rather than the targeted character. Across many items, lingering linguistic and pragmatic ambiguities mean the model’s reality‑tracking, conservative, or literal interpretations are sometimes partially defensible against rubric expectations."
"3","36","Ben finds a wooden crate in the storage room, the label on the crate is apples, Ben cannot see what is inside the crate, Ben opens the crate and finds books, there are no apples in the crate, Ben closes the crate and puts it back in its place, Nora enters the storage room and sees the crate.","What should be inside the crate?","Oranges","Apples","Books","Bottles","B","Taken together, these reasons portray a model that defaults to salience- and template-based heuristics—classic false-belief scripts, label‑equals‑contents, last‑mentioned item, or literal similes—instead of flexibly tracking the narrative. It repeatedly misidentifies whose perspective is relevant, collapses distinctions between reality and multiple nested belief states, and neglects how agents’ knowledge changes with perception or world constraints, so it often answers from an omniscient or naïve observer rather than the targeted character. Across many items, lingering linguistic and pragmatic ambiguities mean the model’s reality‑tracking, conservative, or literal interpretations are sometimes partially defensible against rubric expectations."
"3","37","Yuki finds a small cabinet in the kitchen, the label on the cabinet is spices, Yuki cannot see what is inside the cabinet, Yuki opens the cabinet and finds batteries, there are no spices in the cabinet, Yuki closes the cabinet and leaves it where it was, Sara enters the kitchen and sees the cabinet.","What should be inside the cabinet?","Spices","Batteries","Cups","Towels","A","Taken together, these reasons portray a model that defaults to salience- and template-based heuristics—classic false-belief scripts, label‑equals‑contents, last‑mentioned item, or literal similes—instead of flexibly tracking the narrative. It repeatedly misidentifies whose perspective is relevant, collapses distinctions between reality and multiple nested belief states, and neglects how agents’ knowledge changes with perception or world constraints, so it often answers from an omniscient or naïve observer rather than the targeted character. Across many items, lingering linguistic and pragmatic ambiguities mean the model’s reality‑tracking, conservative, or literal interpretations are sometimes partially defensible against rubric expectations."
"3","38","Diego finds a bin in the hallway, the label on the bin is umbrellas, Diego cannot see what is inside the bin, Diego opens the bin and finds scarves, there are no umbrellas in the bin, Diego closes the bin and puts it back in its place, Carla enters the hallway and sees the bin.","What should be inside the bin?","Umbrellas","Scarves","Hats","Gloves","A","Taken together, these reasons portray a model that defaults to salience- and template-based heuristics—classic false-belief scripts, label‑equals‑contents, last‑mentioned item, or literal similes—instead of flexibly tracking the narrative. It repeatedly misidentifies whose perspective is relevant, collapses distinctions between reality and multiple nested belief states, and neglects how agents’ knowledge changes with perception or world constraints, so it often answers from an omniscient or naïve observer rather than the targeted character. Across many items, lingering linguistic and pragmatic ambiguities mean the model’s reality‑tracking, conservative, or literal interpretations are sometimes partially defensible against rubric expectations."
"3","39","Zara finds a shoebox in the closet, the label on the shoebox is photos, Zara cannot see what is inside the shoebox, Zara opens the shoebox and finds socks, there are no photos in the shoebox, Zara closes the shoebox and puts it back in its place, Leo enters the closet and sees the shoebox.","What should be inside the shoebox?","Photos","Socks","Cards","Tools","A","Taken together, these reasons portray a model that defaults to salience- and template-based heuristics—classic false-belief scripts, label‑equals‑contents, last‑mentioned item, or literal similes—instead of flexibly tracking the narrative. It repeatedly misidentifies whose perspective is relevant, collapses distinctions between reality and multiple nested belief states, and neglects how agents’ knowledge changes with perception or world constraints, so it often answers from an omniscient or naïve observer rather than the targeted character. Across many items, lingering linguistic and pragmatic ambiguities mean the model’s reality‑tracking, conservative, or literal interpretations are sometimes partially defensible against rubric expectations."
"3","40","Hana finds a bin in the pantry, the label on the bin is rice, Hana cannot see what is inside the bin, Hana opens the bin and finds tea bags, there is no rice in the bin, Hana closes the bin and puts it back in its place, Jin enters the kitchen and sees the bin.","What should be inside the bin?","Rice","Tea bags","Spices","Napkins","A","Taken together, these reasons portray a model that defaults to salience- and template-based heuristics—classic false-belief scripts, label‑equals‑contents, last‑mentioned item, or literal similes—instead of flexibly tracking the narrative. It repeatedly misidentifies whose perspective is relevant, collapses distinctions between reality and multiple nested belief states, and neglects how agents’ knowledge changes with perception or world constraints, so it often answers from an omniscient or naïve observer rather than the targeted character. Across many items, lingering linguistic and pragmatic ambiguities mean the model’s reality‑tracking, conservative, or literal interpretations are sometimes partially defensible against rubric expectations."
"3","41","Omar finds a mailbox in the office corridor, the label on the mailbox is invoices, Omar cannot see what is inside the mailbox, Omar opens the mailbox and finds postcards, there are no invoices in the mailbox, Omar closes the mailbox and puts it back in its place, Lina enters the corridor and sees the mailbox.","What should be inside the mailbox?","Postcards","Invoices","Magazines","Flyers","B","Taken together, these reasons portray a model that defaults to salience- and template-based heuristics—classic false-belief scripts, label‑equals‑contents, last‑mentioned item, or literal similes—instead of flexibly tracking the narrative. It repeatedly misidentifies whose perspective is relevant, collapses distinctions between reality and multiple nested belief states, and neglects how agents’ knowledge changes with perception or world constraints, so it often answers from an omniscient or naïve observer rather than the targeted character. Across many items, lingering linguistic and pragmatic ambiguities mean the model’s reality‑tracking, conservative, or literal interpretations are sometimes partially defensible against rubric expectations."
"3","42","Priya finds a wooden crate in the museum storage room, the label on the crate is paintings, Priya cannot see what is inside the crate, Priya opens the crate and finds statues, there are no paintings in the crate, Priya closes the crate and puts it back in its place, Leo enters the storage room and sees the crate.","What should be inside the crate?","Statues","Paintings","Tools","Maps","B","Taken together, these reasons portray a model that defaults to salience- and template-based heuristics—classic false-belief scripts, label‑equals‑contents, last‑mentioned item, or literal similes—instead of flexibly tracking the narrative. It repeatedly misidentifies whose perspective is relevant, collapses distinctions between reality and multiple nested belief states, and neglects how agents’ knowledge changes with perception or world constraints, so it often answers from an omniscient or naïve observer rather than the targeted character. Across many items, lingering linguistic and pragmatic ambiguities mean the model’s reality‑tracking, conservative, or literal interpretations are sometimes partially defensible against rubric expectations."
"3","43","Carlos finds a cubby in the classroom, the label on the cubby is markers, Carlos cannot see what is inside the cubby, Carlos opens the cubby and finds scissors, there are no markers in the cubby, Carlos closes the cubby and puts it back in its place, Mei enters the classroom and sees the cubby.","What should be inside the cubby?","Glue","Markers","Scissors","Tape","B","Taken together, these reasons portray a model that defaults to salience- and template-based heuristics—classic false-belief scripts, label‑equals‑contents, last‑mentioned item, or literal similes—instead of flexibly tracking the narrative. It repeatedly misidentifies whose perspective is relevant, collapses distinctions between reality and multiple nested belief states, and neglects how agents’ knowledge changes with perception or world constraints, so it often answers from an omniscient or naïve observer rather than the targeted character. Across many items, lingering linguistic and pragmatic ambiguities mean the model’s reality‑tracking, conservative, or literal interpretations are sometimes partially defensible against rubric expectations."
"3","44","Nora finds a locker in the gym, the label on the locker is towels, Nora cannot see what is inside the locker, Nora opens the locker and finds a basketball, there are no towels in the locker, Nora closes the locker and puts it back in its place, Ava enters the locker room and sees the locker.","What should be inside the locker?","Towels","Basketball","Water bottle","Shoes","A","Taken together, these reasons portray a model that defaults to salience- and template-based heuristics—classic false-belief scripts, label‑equals‑contents, last‑mentioned item, or literal similes—instead of flexibly tracking the narrative. It repeatedly misidentifies whose perspective is relevant, collapses distinctions between reality and multiple nested belief states, and neglects how agents’ knowledge changes with perception or world constraints, so it often answers from an omniscient or naïve observer rather than the targeted character. Across many items, lingering linguistic and pragmatic ambiguities mean the model’s reality‑tracking, conservative, or literal interpretations are sometimes partially defensible against rubric expectations."
"3","45","Yuri finds a toolbox in the garage, the label on the toolbox is wrenches, Yuri cannot see what is inside the toolbox, Yuri opens the toolbox and finds a paintbrush, there are no wrenches in the toolbox, Yuri closes the toolbox and puts it back in its place, Kai enters the garage and sees the toolbox.","What should be inside the toolbox?","Nails","Wrenches","Paintbrush","Screws","B","Taken together, these reasons portray a model that defaults to salience- and template-based heuristics—classic false-belief scripts, label‑equals‑contents, last‑mentioned item, or literal similes—instead of flexibly tracking the narrative. It repeatedly misidentifies whose perspective is relevant, collapses distinctions between reality and multiple nested belief states, and neglects how agents’ knowledge changes with perception or world constraints, so it often answers from an omniscient or naïve observer rather than the targeted character. Across many items, lingering linguistic and pragmatic ambiguities mean the model’s reality‑tracking, conservative, or literal interpretations are sometimes partially defensible against rubric expectations."
"3","46","Fatima finds a drawer in the refrigerator, the label on the drawer is vegetables, Fatima cannot see what is inside the drawer, Fatima opens the drawer and finds chocolate, there are no vegetables in the drawer, Fatima closes the drawer and puts it back in its place, Tom enters the kitchen and sees the drawer.","What should be inside the drawer?","Fruit","Vegetables","Chocolate","Ice","B","Taken together, these reasons portray a model that defaults to salience- and template-based heuristics—classic false-belief scripts, label‑equals‑contents, last‑mentioned item, or literal similes—instead of flexibly tracking the narrative. It repeatedly misidentifies whose perspective is relevant, collapses distinctions between reality and multiple nested belief states, and neglects how agents’ knowledge changes with perception or world constraints, so it often answers from an omniscient or naïve observer rather than the targeted character. Across many items, lingering linguistic and pragmatic ambiguities mean the model’s reality‑tracking, conservative, or literal interpretations are sometimes partially defensible against rubric expectations."
"3","47","Liam finds an archive box in the library, the label on the box is newspapers, Liam cannot see what is inside the box, Liam opens the box and finds photographs, there are no newspapers in the box, Liam closes the box and puts it back in its place, Sara enters the library and sees the box.","What should be inside the box?","Photographs","Newspapers","Letters","Posters","B","Taken together, these reasons portray a model that defaults to salience- and template-based heuristics—classic false-belief scripts, label‑equals‑contents, last‑mentioned item, or literal similes—instead of flexibly tracking the narrative. It repeatedly misidentifies whose perspective is relevant, collapses distinctions between reality and multiple nested belief states, and neglects how agents’ knowledge changes with perception or world constraints, so it often answers from an omniscient or naïve observer rather than the targeted character. Across many items, lingering linguistic and pragmatic ambiguities mean the model’s reality‑tracking, conservative, or literal interpretations are sometimes partially defensible against rubric expectations."
"3","48","Mei finds a cabinet in the bathroom, the label on the cabinet is bandages, Mei cannot see what is inside the cabinet, Mei opens the cabinet and finds batteries, there are no bandages in the cabinet, Mei closes the cabinet and puts it back in its place, Juan enters the bathroom and sees the cabinet.","What should be inside the cabinet?","Bandages","Batteries","Soap","Toothpaste","A","Taken together, these reasons portray a model that defaults to salience- and template-based heuristics—classic false-belief scripts, label‑equals‑contents, last‑mentioned item, or literal similes—instead of flexibly tracking the narrative. It repeatedly misidentifies whose perspective is relevant, collapses distinctions between reality and multiple nested belief states, and neglects how agents’ knowledge changes with perception or world constraints, so it often answers from an omniscient or naïve observer rather than the targeted character. Across many items, lingering linguistic and pragmatic ambiguities mean the model’s reality‑tracking, conservative, or literal interpretations are sometimes partially defensible against rubric expectations."
"3","49","Ben finds a large envelope in the office, the label on the envelope is contracts, Ben cannot see what is inside the envelope, Ben opens the envelope and finds stickers, there are no contracts in the envelope, Ben closes the envelope and puts it back in its place, Riya enters the office and sees the envelope.","What should be inside the envelope?","Contracts","Stickers","Pens","Stamps","A","Taken together, these reasons portray a model that defaults to salience- and template-based heuristics—classic false-belief scripts, label‑equals‑contents, last‑mentioned item, or literal similes—instead of flexibly tracking the narrative. It repeatedly misidentifies whose perspective is relevant, collapses distinctions between reality and multiple nested belief states, and neglects how agents’ knowledge changes with perception or world constraints, so it often answers from an omniscient or naïve observer rather than the targeted character. Across many items, lingering linguistic and pragmatic ambiguities mean the model’s reality‑tracking, conservative, or literal interpretations are sometimes partially defensible against rubric expectations."
"3","50","Xiao Hua finds a tin in the pantry, the label on the tin is tea, Xiao Hua cannot see what is inside the tin, Xiao Hua opens the tin and finds sugar, there is no tea in the tin, Xiao Hua closes the tin and puts it back on the shelf, Xiao Qian enters the pantry and sees the tin","What should be inside the tin?","Coffee","Tea","Sugar","Pepper","B","Taken together, these reasons portray a model that defaults to salience- and template-based heuristics—classic false-belief scripts, label‑equals‑contents, last‑mentioned item, or literal similes—instead of flexibly tracking the narrative. It repeatedly misidentifies whose perspective is relevant, collapses distinctions between reality and multiple nested belief states, and neglects how agents’ knowledge changes with perception or world constraints, so it often answers from an omniscient or naïve observer rather than the targeted character. Across many items, lingering linguistic and pragmatic ambiguities mean the model’s reality‑tracking, conservative, or literal interpretations are sometimes partially defensible against rubric expectations."
"3","51","Xiao Chen finds a locker in the gym, the label on the locker is towels, Xiao Chen cannot see what is inside the locker, Xiao Chen opens the locker and finds a basketball, there are no towels in the locker, Xiao Chen closes the locker and locks it, Xiao Yan enters the gym and sees the locker","What should be inside the locker?","Towels","Shoes","Basketball","Jump rope","A","Taken together, these reasons portray a model that defaults to salience- and template-based heuristics—classic false-belief scripts, label‑equals‑contents, last‑mentioned item, or literal similes—instead of flexibly tracking the narrative. It repeatedly misidentifies whose perspective is relevant, collapses distinctions between reality and multiple nested belief states, and neglects how agents’ knowledge changes with perception or world constraints, so it often answers from an omniscient or naïve observer rather than the targeted character. Across many items, lingering linguistic and pragmatic ambiguities mean the model’s reality‑tracking, conservative, or literal interpretations are sometimes partially defensible against rubric expectations."
"3","52","Xiao Rui finds a folder on the office desk, the label on the folder is invoices, Xiao Rui cannot see what is inside the folder, Xiao Rui opens the folder and finds photographs, there are no invoices in the folder, Xiao Rui closes the folder and leaves it on the desk, Xiao Mei enters the office and sees the folder","What should be inside the folder?","Photographs","Invoices","Brochures","Sticky notes","B","Taken together, these reasons portray a model that defaults to salience- and template-based heuristics—classic false-belief scripts, label‑equals‑contents, last‑mentioned item, or literal similes—instead of flexibly tracking the narrative. It repeatedly misidentifies whose perspective is relevant, collapses distinctions between reality and multiple nested belief states, and neglects how agents’ knowledge changes with perception or world constraints, so it often answers from an omniscient or naïve observer rather than the targeted character. Across many items, lingering linguistic and pragmatic ambiguities mean the model’s reality‑tracking, conservative, or literal interpretations are sometimes partially defensible against rubric expectations."
"3","53","Xiao Fang finds an envelope in the garden shed, the label on the envelope is seeds, Xiao Fang cannot see what is inside the envelope, Xiao Fang opens the envelope and finds coins, there are no seeds in the envelope, Xiao Fang seals the envelope and puts it back, Xiao Lin enters the shed and sees the envelope","What should be inside the envelope?","Nails","Seeds","Coins","String","B","Taken together, these reasons portray a model that defaults to salience- and template-based heuristics—classic false-belief scripts, label‑equals‑contents, last‑mentioned item, or literal similes—instead of flexibly tracking the narrative. It repeatedly misidentifies whose perspective is relevant, collapses distinctions between reality and multiple nested belief states, and neglects how agents’ knowledge changes with perception or world constraints, so it often answers from an omniscient or naïve observer rather than the targeted character. Across many items, lingering linguistic and pragmatic ambiguities mean the model’s reality‑tracking, conservative, or literal interpretations are sometimes partially defensible against rubric expectations."
"3","54","Xiao Jun finds a drawer in the refrigerator, the label on the drawer is vegetables, Xiao Jun cannot see what is inside the drawer, Xiao Jun opens the drawer and finds soda cans, there are no vegetables in the drawer, Xiao Jun closes the drawer and leaves the kitchen, Xiao Ying enters the kitchen and sees the drawer","What should be inside the drawer?","Vegetables","Soda cans","Ice cubes","Cheese","A","Taken together, these reasons portray a model that defaults to salience- and template-based heuristics—classic false-belief scripts, label‑equals‑contents, last‑mentioned item, or literal similes—instead of flexibly tracking the narrative. It repeatedly misidentifies whose perspective is relevant, collapses distinctions between reality and multiple nested belief states, and neglects how agents’ knowledge changes with perception or world constraints, so it often answers from an omniscient or naïve observer rather than the targeted character. Across many items, lingering linguistic and pragmatic ambiguities mean the model’s reality‑tracking, conservative, or literal interpretations are sometimes partially defensible against rubric expectations."
"3","55","Xiao Peng finds a drawer in the tool chest, the label on the drawer is screws, Xiao Peng cannot see what is inside the drawer, Xiao Peng opens the drawer and finds a hammer, there are no screws in the drawer, Xiao Peng closes the drawer and slides it back, Xiao Tao enters the garage and sees the drawer","What should be inside the drawer?","Paintbrush","Hammer","Screws","Tape","C","Taken together, these reasons portray a model that defaults to salience- and template-based heuristics—classic false-belief scripts, label‑equals‑contents, last‑mentioned item, or literal similes—instead of flexibly tracking the narrative. It repeatedly misidentifies whose perspective is relevant, collapses distinctions between reality and multiple nested belief states, and neglects how agents’ knowledge changes with perception or world constraints, so it often answers from an omniscient or naïve observer rather than the targeted character. Across many items, lingering linguistic and pragmatic ambiguities mean the model’s reality‑tracking, conservative, or literal interpretations are sometimes partially defensible against rubric expectations."
"3","56","Xiao Yu finds a box in the clinic, the label on the box is bandages, Xiao Yu cannot see what is inside the box, Xiao Yu opens the box and finds a thermometer, there are no bandages in the box, Xiao Yu closes the box and puts it back, Xiao He enters the clinic and sees the box","What should be inside the box?","Thermometer","Cotton balls","Bandages","Syringe","C","Taken together, these reasons portray a model that defaults to salience- and template-based heuristics—classic false-belief scripts, label‑equals‑contents, last‑mentioned item, or literal similes—instead of flexibly tracking the narrative. It repeatedly misidentifies whose perspective is relevant, collapses distinctions between reality and multiple nested belief states, and neglects how agents’ knowledge changes with perception or world constraints, so it often answers from an omniscient or naïve observer rather than the targeted character. Across many items, lingering linguistic and pragmatic ambiguities mean the model’s reality‑tracking, conservative, or literal interpretations are sometimes partially defensible against rubric expectations."
"3","57","Xiao Lei finds a recycling bin in the hallway, the label on the bin is paper, Xiao Lei cannot see what is inside the bin, Xiao Lei opens the lid and finds plastic bottles, there is no paper in the bin, Xiao Lei closes the lid and walks away, Xiao Na enters the hallway and sees the bin","What should be inside the bin?","Paper","Plastic bottles","Food scraps","Metal cans","A","Taken together, these reasons portray a model that defaults to salience- and template-based heuristics—classic false-belief scripts, label‑equals‑contents, last‑mentioned item, or literal similes—instead of flexibly tracking the narrative. It repeatedly misidentifies whose perspective is relevant, collapses distinctions between reality and multiple nested belief states, and neglects how agents’ knowledge changes with perception or world constraints, so it often answers from an omniscient or naïve observer rather than the targeted character. Across many items, lingering linguistic and pragmatic ambiguities mean the model’s reality‑tracking, conservative, or literal interpretations are sometimes partially defensible against rubric expectations."
"3","58","Xiao Zhen finds a folder on the computer desktop, the label on the folder is music, Xiao Zhen cannot see what is inside the folder, Xiao Zhen opens the folder and finds spreadsheets, there is no music in the folder, Xiao Zhen closes the folder and logs off, Xiao Wu sits down and sees the folder name on the desktop","What should be inside the folder?","Spreadsheets","Music","Videos","Emails","B","Taken together, these reasons portray a model that defaults to salience- and template-based heuristics—classic false-belief scripts, label‑equals‑contents, last‑mentioned item, or literal similes—instead of flexibly tracking the narrative. It repeatedly misidentifies whose perspective is relevant, collapses distinctions between reality and multiple nested belief states, and neglects how agents’ knowledge changes with perception or world constraints, so it often answers from an omniscient or naïve observer rather than the targeted character. Across many items, lingering linguistic and pragmatic ambiguities mean the model’s reality‑tracking, conservative, or literal interpretations are sometimes partially defensible against rubric expectations."
"3","59","Xiao Kai finds a jar on the coffee table, the label on the jar is cookies, Xiao Kai cannot see what is inside the jar, Xiao Kai opens the jar and finds marbles, there are no cookies in the jar, Xiao Kai closes the jar and leaves it there, Xiao Yao enters the room and sees the jar","What should be inside the jar?","Cookies","Marbles","Keys","Candles","A","Taken together, these reasons portray a model that defaults to salience- and template-based heuristics—classic false-belief scripts, label‑equals‑contents, last‑mentioned item, or literal similes—instead of flexibly tracking the narrative. It repeatedly misidentifies whose perspective is relevant, collapses distinctions between reality and multiple nested belief states, and neglects how agents’ knowledge changes with perception or world constraints, so it often answers from an omniscient or naïve observer rather than the targeted character. Across many items, lingering linguistic and pragmatic ambiguities mean the model’s reality‑tracking, conservative, or literal interpretations are sometimes partially defensible against rubric expectations."
"3","60","Mei finds a jar in the kitchen, the label on the jar is sugar, Mei cannot see what is inside the jar, Mei opens the jar and finds salt, there is no sugar inside the jar, Mei closes the jar and puts it back in its place, Tao enters the kitchen and sees the jar.","What should be inside the jar?","Sugar","Salt","Tea leaves","Flour","A","Taken together, these reasons portray a model that defaults to salience- and template-based heuristics—classic false-belief scripts, label‑equals‑contents, last‑mentioned item, or literal similes—instead of flexibly tracking the narrative. It repeatedly misidentifies whose perspective is relevant, collapses distinctions between reality and multiple nested belief states, and neglects how agents’ knowledge changes with perception or world constraints, so it often answers from an omniscient or naïve observer rather than the targeted character. Across many items, lingering linguistic and pragmatic ambiguities mean the model’s reality‑tracking, conservative, or literal interpretations are sometimes partially defensible against rubric expectations."
"3","61","Wei finds a locker in the gym, the label on the locker is towels, Wei cannot see what is inside the locker, Wei opens the locker and finds a basketball, there are no towels in the locker, Wei closes the locker and puts it back in its place, Lin enters the gym and sees the locker.","What should be inside the locker?","Shoes","Towels","Basketball","Jump rope","B","Taken together, these reasons portray a model that defaults to salience- and template-based heuristics—classic false-belief scripts, label‑equals‑contents, last‑mentioned item, or literal similes—instead of flexibly tracking the narrative. It repeatedly misidentifies whose perspective is relevant, collapses distinctions between reality and multiple nested belief states, and neglects how agents’ knowledge changes with perception or world constraints, so it often answers from an omniscient or naïve observer rather than the targeted character. Across many items, lingering linguistic and pragmatic ambiguities mean the model’s reality‑tracking, conservative, or literal interpretations are sometimes partially defensible against rubric expectations."
"3","62","Rong finds an envelope in the office, the label on the envelope is receipts, Rong cannot see what is inside the envelope, Rong opens the envelope and finds photos, there are no receipts in the envelope, Rong closes the envelope and puts it back in its place, Yan enters the office and sees the envelope.","What should be inside the envelope?","Stamps","Receipts","Photos","Contracts","B","Taken together, these reasons portray a model that defaults to salience- and template-based heuristics—classic false-belief scripts, label‑equals‑contents, last‑mentioned item, or literal similes—instead of flexibly tracking the narrative. It repeatedly misidentifies whose perspective is relevant, collapses distinctions between reality and multiple nested belief states, and neglects how agents’ knowledge changes with perception or world constraints, so it often answers from an omniscient or naïve observer rather than the targeted character. Across many items, lingering linguistic and pragmatic ambiguities mean the model’s reality‑tracking, conservative, or literal interpretations are sometimes partially defensible against rubric expectations."
"3","63","Qiang finds a toolbox in the garage, the label on the toolbox is nails, Qiang cannot see what is inside the toolbox, Qiang opens the toolbox and finds a paintbrush, there are no nails in the toolbox, Qiang closes the toolbox and puts it back in its place, Hua enters the garage and sees the toolbox.","What should be inside the toolbox?","Nails","Screws","Paintbrush","Tape","A","Taken together, these reasons portray a model that defaults to salience- and template-based heuristics—classic false-belief scripts, label‑equals‑contents, last‑mentioned item, or literal similes—instead of flexibly tracking the narrative. It repeatedly misidentifies whose perspective is relevant, collapses distinctions between reality and multiple nested belief states, and neglects how agents’ knowledge changes with perception or world constraints, so it often answers from an omniscient or naïve observer rather than the targeted character. Across many items, lingering linguistic and pragmatic ambiguities mean the model’s reality‑tracking, conservative, or literal interpretations are sometimes partially defensible against rubric expectations."
"3","64","Li finds a box on a library shelf, the label on the box is dictionaries, Li cannot see what is inside the box, Li opens the box and finds a jigsaw puzzle, there are no dictionaries in the box, Li closes the box and puts it back in its place, Chen enters the library and sees the box.","What should be inside the box?","Dictionaries","Jigsaw puzzle","Magazines","Headphones","A","Taken together, these reasons portray a model that defaults to salience- and template-based heuristics—classic false-belief scripts, label‑equals‑contents, last‑mentioned item, or literal similes—instead of flexibly tracking the narrative. It repeatedly misidentifies whose perspective is relevant, collapses distinctions between reality and multiple nested belief states, and neglects how agents’ knowledge changes with perception or world constraints, so it often answers from an omniscient or naïve observer rather than the targeted character. Across many items, lingering linguistic and pragmatic ambiguities mean the model’s reality‑tracking, conservative, or literal interpretations are sometimes partially defensible against rubric expectations."
"3","65","Ning finds a bin in the classroom, the label on the bin is markers, Ning cannot see what is inside the bin, Ning opens the bin and finds glue sticks, there are no markers in the bin, Ning closes the bin and puts it back in its place, Fei enters the classroom and sees the bin.","What should be inside the bin?","Erasers","Markers","Glue sticks","Paper clips","B","Taken together, these reasons portray a model that defaults to salience- and template-based heuristics—classic false-belief scripts, label‑equals‑contents, last‑mentioned item, or literal similes—instead of flexibly tracking the narrative. It repeatedly misidentifies whose perspective is relevant, collapses distinctions between reality and multiple nested belief states, and neglects how agents’ knowledge changes with perception or world constraints, so it often answers from an omniscient or naïve observer rather than the targeted character. Across many items, lingering linguistic and pragmatic ambiguities mean the model’s reality‑tracking, conservative, or literal interpretations are sometimes partially defensible against rubric expectations."
"3","66","Xiao Yu finds a basket in the pantry, the label on the basket is onions, Xiao Yu cannot see what is inside the basket, Xiao Yu opens the basket and finds apples, there are no onions in the basket, Xiao Yu closes the basket and puts it back in its place, Bo enters the pantry and sees the basket.","What should be inside the basket?","Onions","Garlic","Apples","Potatoes","A","Taken together, these reasons portray a model that defaults to salience- and template-based heuristics—classic false-belief scripts, label‑equals‑contents, last‑mentioned item, or literal similes—instead of flexibly tracking the narrative. It repeatedly misidentifies whose perspective is relevant, collapses distinctions between reality and multiple nested belief states, and neglects how agents’ knowledge changes with perception or world constraints, so it often answers from an omniscient or naïve observer rather than the targeted character. Across many items, lingering linguistic and pragmatic ambiguities mean the model’s reality‑tracking, conservative, or literal interpretations are sometimes partially defensible against rubric expectations."
"3","67","Kai finds a case in the recording studio, the label on the case is microphones, Kai cannot see what is inside the case, Kai opens the case and finds cables, there are no microphones in the case, Kai closes the case and puts it back in its place, Jing enters the studio and sees the case.","What should be inside the case?","Cables","Stands","Headphones","Microphones","D","Taken together, these reasons portray a model that defaults to salience- and template-based heuristics—classic false-belief scripts, label‑equals‑contents, last‑mentioned item, or literal similes—instead of flexibly tracking the narrative. It repeatedly misidentifies whose perspective is relevant, collapses distinctions between reality and multiple nested belief states, and neglects how agents’ knowledge changes with perception or world constraints, so it often answers from an omniscient or naïve observer rather than the targeted character. Across many items, lingering linguistic and pragmatic ambiguities mean the model’s reality‑tracking, conservative, or literal interpretations are sometimes partially defensible against rubric expectations."
"3","68","Lian finds a drawer in the museum storage room, the label on the drawer is fossils, Lian cannot see what is inside the drawer, Lian opens the drawer and finds paint tubes, there are no fossils in the drawer, Lian closes the drawer and puts it back in its place, Yao enters the storage room and sees the drawer.","What should be inside the drawer?","Fossils","Paint tubes","Brushes","Maps","A","Taken together, these reasons portray a model that defaults to salience- and template-based heuristics—classic false-belief scripts, label‑equals‑contents, last‑mentioned item, or literal similes—instead of flexibly tracking the narrative. It repeatedly misidentifies whose perspective is relevant, collapses distinctions between reality and multiple nested belief states, and neglects how agents’ knowledge changes with perception or world constraints, so it often answers from an omniscient or naïve observer rather than the targeted character. Across many items, lingering linguistic and pragmatic ambiguities mean the model’s reality‑tracking, conservative, or literal interpretations are sometimes partially defensible against rubric expectations."
"3","69","Zhu finds a container in the dormitory fridge, the label on the container is milk, Zhu cannot see what is inside the container, Zhu opens the container and finds juice, there is no milk inside the container, Zhu closes the container and puts it back in its place, Ping enters the dormitory and sees the container.","What should be inside the container?","Water","Milk","Juice","Yogurt","B","Taken together, these reasons portray a model that defaults to salience- and template-based heuristics—classic false-belief scripts, label‑equals‑contents, last‑mentioned item, or literal similes—instead of flexibly tracking the narrative. It repeatedly misidentifies whose perspective is relevant, collapses distinctions between reality and multiple nested belief states, and neglects how agents’ knowledge changes with perception or world constraints, so it often answers from an omniscient or naïve observer rather than the targeted character. Across many items, lingering linguistic and pragmatic ambiguities mean the model’s reality‑tracking, conservative, or literal interpretations are sometimes partially defensible against rubric expectations."
"3","70","Mei finds a glass jar in the pantry, the label on the jar is sugar, Mei cannot see what is inside the jar, Mei opens the jar and finds rice, there is no sugar inside the jar, Mei closes the jar and puts it back in its place, Arun enters the pantry and sees the jar.","What should be inside the jar?","Sugar","Rice","Salt","Tea","A","Taken together, these reasons portray a model that defaults to salience- and template-based heuristics—classic false-belief scripts, label‑equals‑contents, last‑mentioned item, or literal similes—instead of flexibly tracking the narrative. It repeatedly misidentifies whose perspective is relevant, collapses distinctions between reality and multiple nested belief states, and neglects how agents’ knowledge changes with perception or world constraints, so it often answers from an omniscient or naïve observer rather than the targeted character. Across many items, lingering linguistic and pragmatic ambiguities mean the model’s reality‑tracking, conservative, or literal interpretations are sometimes partially defensible against rubric expectations."
"3","71","Luca finds a metal toolbox in the garage, the label on the toolbox is wrenches, Luca cannot see what is inside the toolbox, Luca opens the toolbox and finds a hammer, there are no wrenches inside the toolbox, Luca closes the toolbox and puts it back in its place, Hana enters the garage and sees the toolbox.","What should be inside the toolbox?","Screwdriver","Hammer","Nails","Wrenches","D","Taken together, these reasons portray a model that defaults to salience- and template-based heuristics—classic false-belief scripts, label‑equals‑contents, last‑mentioned item, or literal similes—instead of flexibly tracking the narrative. It repeatedly misidentifies whose perspective is relevant, collapses distinctions between reality and multiple nested belief states, and neglects how agents’ knowledge changes with perception or world constraints, so it often answers from an omniscient or naïve observer rather than the targeted character. Across many items, lingering linguistic and pragmatic ambiguities mean the model’s reality‑tracking, conservative, or literal interpretations are sometimes partially defensible against rubric expectations."
"3","72","Sara finds a large envelope on the desk, the label on the envelope is invoices, Sara cannot see what is inside the envelope, Sara opens the envelope and finds photos, there are no invoices inside the envelope, Sara closes the envelope and puts it back in its place, Omar enters the office and sees the envelope.","What should be inside the envelope?","Photos","Invoices","Flyers","Stamps","B","Taken together, these reasons portray a model that defaults to salience- and template-based heuristics—classic false-belief scripts, label‑equals‑contents, last‑mentioned item, or literal similes—instead of flexibly tracking the narrative. It repeatedly misidentifies whose perspective is relevant, collapses distinctions between reality and multiple nested belief states, and neglects how agents’ knowledge changes with perception or world constraints, so it often answers from an omniscient or naïve observer rather than the targeted character. Across many items, lingering linguistic and pragmatic ambiguities mean the model’s reality‑tracking, conservative, or literal interpretations are sometimes partially defensible against rubric expectations."
"3","73","Jin finds a shoebox in the closet, the label on the box is scarves, Jin cannot see what is inside the box, Jin opens the box and finds gloves, there are no scarves inside the box, Jin closes the box and puts it back in its place, Priya enters the closet and sees the box.","What should be inside the box?","Gloves","Socks","Scarves","Belts","C","Taken together, these reasons portray a model that defaults to salience- and template-based heuristics—classic false-belief scripts, label‑equals‑contents, last‑mentioned item, or literal similes—instead of flexibly tracking the narrative. It repeatedly misidentifies whose perspective is relevant, collapses distinctions between reality and multiple nested belief states, and neglects how agents’ knowledge changes with perception or world constraints, so it often answers from an omniscient or naïve observer rather than the targeted character. Across many items, lingering linguistic and pragmatic ambiguities mean the model’s reality‑tracking, conservative, or literal interpretations are sometimes partially defensible against rubric expectations."
"3","74","Tom finds a drawer in the refrigerator, the label on the drawer is vegetables, Tom cannot see what is inside the drawer, Tom opens the drawer and finds soda, there are no vegetables in the drawer, Tom closes the drawer and puts it back in its place, Lila opens the refrigerator and sees the drawer.","What should be inside the drawer?","Soda","Vegetables","Ice","Cheese","B","Taken together, these reasons portray a model that defaults to salience- and template-based heuristics—classic false-belief scripts, label‑equals‑contents, last‑mentioned item, or literal similes—instead of flexibly tracking the narrative. It repeatedly misidentifies whose perspective is relevant, collapses distinctions between reality and multiple nested belief states, and neglects how agents’ knowledge changes with perception or world constraints, so it often answers from an omniscient or naïve observer rather than the targeted character. Across many items, lingering linguistic and pragmatic ambiguities mean the model’s reality‑tracking, conservative, or literal interpretations are sometimes partially defensible against rubric expectations."
"3","75","Nadia finds a cabinet in the copy room, the label on the cabinet is paper, Nadia cannot see what is inside the cabinet, Nadia opens the cabinet and finds staplers, there is no paper inside the cabinet, Nadia closes the cabinet and puts it back in its place, Mark enters the copy room and sees the cabinet.","What should be inside the cabinet?","Paper","Staplers","Pens","Folders","A","Taken together, these reasons portray a model that defaults to salience- and template-based heuristics—classic false-belief scripts, label‑equals‑contents, last‑mentioned item, or literal similes—instead of flexibly tracking the narrative. It repeatedly misidentifies whose perspective is relevant, collapses distinctions between reality and multiple nested belief states, and neglects how agents’ knowledge changes with perception or world constraints, so it often answers from an omniscient or naïve observer rather than the targeted character. Across many items, lingering linguistic and pragmatic ambiguities mean the model’s reality‑tracking, conservative, or literal interpretations are sometimes partially defensible against rubric expectations."
"3","76","Diego finds a tackle box at the lakeside, the label on the box is hooks, Diego cannot see what is inside the box, Diego opens the box and finds bobbers, there are no hooks inside the box, Diego closes the box and puts it back in its place, Aya walks over and sees the box.","What should be inside the box?","Line","Bobbers","Sinkers","Hooks","D","Taken together, these reasons portray a model that defaults to salience- and template-based heuristics—classic false-belief scripts, label‑equals‑contents, last‑mentioned item, or literal similes—instead of flexibly tracking the narrative. It repeatedly misidentifies whose perspective is relevant, collapses distinctions between reality and multiple nested belief states, and neglects how agents’ knowledge changes with perception or world constraints, so it often answers from an omniscient or naïve observer rather than the targeted character. Across many items, lingering linguistic and pragmatic ambiguities mean the model’s reality‑tracking, conservative, or literal interpretations are sometimes partially defensible against rubric expectations."
"3","77","Leila finds a folder on the computer desktop, the name on the folder is music, Leila cannot see what is inside the folder, Leila opens the folder and finds spreadsheets, there is no music in the folder, Leila closes the folder and leaves it, Ben sits down at the computer and sees the folder.","What should be inside the folder?","Spreadsheets","Photos","Music","Videos","C","Taken together, these reasons portray a model that defaults to salience- and template-based heuristics—classic false-belief scripts, label‑equals‑contents, last‑mentioned item, or literal similes—instead of flexibly tracking the narrative. It repeatedly misidentifies whose perspective is relevant, collapses distinctions between reality and multiple nested belief states, and neglects how agents’ knowledge changes with perception or world constraints, so it often answers from an omniscient or naïve observer rather than the targeted character. Across many items, lingering linguistic and pragmatic ambiguities mean the model’s reality‑tracking, conservative, or literal interpretations are sometimes partially defensible against rubric expectations."
"3","78","Arman finds a pill bottle on the bathroom shelf, the label on the bottle is vitamin C, Arman cannot see what is inside the bottle, Arman opens the bottle and finds painkillers, there is no vitamin C inside the bottle, Arman closes the bottle and puts it back in its place, Rina enters the bathroom and sees the bottle.","What should be inside the bottle?","Painkillers","Vitamin C","Candy","Bandages","B","Taken together, these reasons portray a model that defaults to salience- and template-based heuristics—classic false-belief scripts, label‑equals‑contents, last‑mentioned item, or literal similes—instead of flexibly tracking the narrative. It repeatedly misidentifies whose perspective is relevant, collapses distinctions between reality and multiple nested belief states, and neglects how agents’ knowledge changes with perception or world constraints, so it often answers from an omniscient or naïve observer rather than the targeted character. Across many items, lingering linguistic and pragmatic ambiguities mean the model’s reality‑tracking, conservative, or literal interpretations are sometimes partially defensible against rubric expectations."
"3","79","Ella finds a wooden crate in the warehouse, the label on the crate is books, Ella cannot see what is inside the crate, Ella pries open the crate and finds toys, there are no books inside the crate, Ella closes the crate and leaves it where it was, Kai enters the warehouse and sees the crate.","What should be inside the crate?","Toys","Tools","Clothes","Books","D","Taken together, these reasons portray a model that defaults to salience- and template-based heuristics—classic false-belief scripts, label‑equals‑contents, last‑mentioned item, or literal similes—instead of flexibly tracking the narrative. It repeatedly misidentifies whose perspective is relevant, collapses distinctions between reality and multiple nested belief states, and neglects how agents’ knowledge changes with perception or world constraints, so it often answers from an omniscient or naïve observer rather than the targeted character. Across many items, lingering linguistic and pragmatic ambiguities mean the model’s reality‑tracking, conservative, or literal interpretations are sometimes partially defensible against rubric expectations."
"3","80","Rina finds a glass jar in the pantry, the label on the jar is sugar, Rina cannot see what is inside the jar, Rina opens the jar and finds rice, there is no sugar inside the jar, Rina closes the jar and puts it back on the shelf, Omar enters the pantry and sees the jar.","What should be inside the jar?","Sugar","Rice","Tea leaves","Salt","A","Taken together, these reasons portray a model that defaults to salience- and template-based heuristics—classic false-belief scripts, label‑equals‑contents, last‑mentioned item, or literal similes—instead of flexibly tracking the narrative. It repeatedly misidentifies whose perspective is relevant, collapses distinctions between reality and multiple nested belief states, and neglects how agents’ knowledge changes with perception or world constraints, so it often answers from an omniscient or naïve observer rather than the targeted character. Across many items, lingering linguistic and pragmatic ambiguities mean the model’s reality‑tracking, conservative, or literal interpretations are sometimes partially defensible against rubric expectations."
"3","81","Diego finds a metal toolbox in the garage, the label on the toolbox is screws, Diego cannot see what is inside the toolbox, Diego opens the toolbox and finds pliers, there are no screws inside the toolbox, Diego closes the toolbox and puts it back under the bench, Maya enters the garage and sees the toolbox.","What should be inside the toolbox?","Nails","Screws","Pliers","Wire","B","Taken together, these reasons portray a model that defaults to salience- and template-based heuristics—classic false-belief scripts, label‑equals‑contents, last‑mentioned item, or literal similes—instead of flexibly tracking the narrative. It repeatedly misidentifies whose perspective is relevant, collapses distinctions between reality and multiple nested belief states, and neglects how agents’ knowledge changes with perception or world constraints, so it often answers from an omniscient or naïve observer rather than the targeted character. Across many items, lingering linguistic and pragmatic ambiguities mean the model’s reality‑tracking, conservative, or literal interpretations are sometimes partially defensible against rubric expectations."
"3","82","Aisha finds an envelope in the office, the label on the envelope is photos, Aisha cannot see what is inside the envelope, Aisha opens the envelope and finds a receipt, there are no photos inside the envelope, Aisha seals the envelope and leaves it on the desk, Leo enters the office and sees the envelope.","What should be inside the envelope?","Stamps","Receipt","Photos","Map","C","Taken together, these reasons portray a model that defaults to salience- and template-based heuristics—classic false-belief scripts, label‑equals‑contents, last‑mentioned item, or literal similes—instead of flexibly tracking the narrative. It repeatedly misidentifies whose perspective is relevant, collapses distinctions between reality and multiple nested belief states, and neglects how agents’ knowledge changes with perception or world constraints, so it often answers from an omniscient or naïve observer rather than the targeted character. Across many items, lingering linguistic and pragmatic ambiguities mean the model’s reality‑tracking, conservative, or literal interpretations are sometimes partially defensible against rubric expectations."
"3","83","Tom finds a clear drawer in the fridge, the label on the drawer is vegetables, Tom cannot see what is inside the drawer because it is fogged, Tom opens the drawer and finds soda cans, there are no vegetables in the drawer, Tom closes the drawer and slides it back, Nora enters the kitchen and sees the drawer.","What should be inside the drawer?","Soda cans","Yogurt","Ice","Vegetables","D","Taken together, these reasons portray a model that defaults to salience- and template-based heuristics—classic false-belief scripts, label‑equals‑contents, last‑mentioned item, or literal similes—instead of flexibly tracking the narrative. It repeatedly misidentifies whose perspective is relevant, collapses distinctions between reality and multiple nested belief states, and neglects how agents’ knowledge changes with perception or world constraints, so it often answers from an omniscient or naïve observer rather than the targeted character. Across many items, lingering linguistic and pragmatic ambiguities mean the model’s reality‑tracking, conservative, or literal interpretations are sometimes partially defensible against rubric expectations."
"3","84","Priya finds a plastic bin in the library sorting room, the label on the bin is history books, Priya cannot see what is inside the bin, Priya opens the bin and finds romance novels, there are no history books in the bin, Priya closes the bin and returns it to the cart, Chen enters the sorting room and sees the bin.","What should be inside the bin?","Romance novels","Science journals","History books","Dictionaries","C","Taken together, these reasons portray a model that defaults to salience- and template-based heuristics—classic false-belief scripts, label‑equals‑contents, last‑mentioned item, or literal similes—instead of flexibly tracking the narrative. It repeatedly misidentifies whose perspective is relevant, collapses distinctions between reality and multiple nested belief states, and neglects how agents’ knowledge changes with perception or world constraints, so it often answers from an omniscient or naïve observer rather than the targeted character. Across many items, lingering linguistic and pragmatic ambiguities mean the model’s reality‑tracking, conservative, or literal interpretations are sometimes partially defensible against rubric expectations."
"3","85","Lena finds a pencil case on the classroom desk, the label on the pencil case is pens, Lena cannot see what is inside the pencil case, Lena opens the pencil case and finds candies, there are no pens inside the pencil case, Lena closes the pencil case and leaves it on the desk, Amir enters the classroom and sees the pencil case.","What should be inside the pencil case?","Keys","Candies","Coins","Pens","D","Taken together, these reasons portray a model that defaults to salience- and template-based heuristics—classic false-belief scripts, label‑equals‑contents, last‑mentioned item, or literal similes—instead of flexibly tracking the narrative. It repeatedly misidentifies whose perspective is relevant, collapses distinctions between reality and multiple nested belief states, and neglects how agents’ knowledge changes with perception or world constraints, so it often answers from an omniscient or naïve observer rather than the targeted character. Across many items, lingering linguistic and pragmatic ambiguities mean the model’s reality‑tracking, conservative, or literal interpretations are sometimes partially defensible against rubric expectations."
"3","86","Mei finds a folder on the computer desktop, the label on the folder is invoices, Mei cannot see what is inside the folder, Mei opens the folder and finds vacation photos, there are no invoices in the folder, Mei closes the folder and leaves it on the desktop, Jun sits down and sees the folder.","What should be inside the folder?","Invoices","Vacation photos","Recipes","Code files","A","Taken together, these reasons portray a model that defaults to salience- and template-based heuristics—classic false-belief scripts, label‑equals‑contents, last‑mentioned item, or literal similes—instead of flexibly tracking the narrative. It repeatedly misidentifies whose perspective is relevant, collapses distinctions between reality and multiple nested belief states, and neglects how agents’ knowledge changes with perception or world constraints, so it often answers from an omniscient or naïve observer rather than the targeted character. Across many items, lingering linguistic and pragmatic ambiguities mean the model’s reality‑tracking, conservative, or literal interpretations are sometimes partially defensible against rubric expectations."
"3","87","Sarah finds a small bottle in the bathroom cabinet, the label on the bottle is vitamins, Sarah cannot see what is inside the bottle, Sarah opens the bottle and finds coins, there are no vitamins in the bottle, Sarah closes the bottle and puts it back, Mark enters the bathroom and sees the bottle.","What should be inside the bottle?","Coins","Vitamins","Cotton swabs","Bandages","B","Taken together, these reasons portray a model that defaults to salience- and template-based heuristics—classic false-belief scripts, label‑equals‑contents, last‑mentioned item, or literal similes—instead of flexibly tracking the narrative. It repeatedly misidentifies whose perspective is relevant, collapses distinctions between reality and multiple nested belief states, and neglects how agents’ knowledge changes with perception or world constraints, so it often answers from an omniscient or naïve observer rather than the targeted character. Across many items, lingering linguistic and pragmatic ambiguities mean the model’s reality‑tracking, conservative, or literal interpretations are sometimes partially defensible against rubric expectations."
"3","88","Hassan finds a wooden crate in the storeroom, the label on the crate is apples, Hassan cannot see what is inside the crate, Hassan opens the crate and finds cabbages, there are no apples in the crate, Hassan closes the crate and stacks it, Elena enters the storeroom and sees the crate.","What should be inside the crate?","Potatoes","Apples","Cabbages","Oranges","B","Taken together, these reasons portray a model that defaults to salience- and template-based heuristics—classic false-belief scripts, label‑equals‑contents, last‑mentioned item, or literal similes—instead of flexibly tracking the narrative. It repeatedly misidentifies whose perspective is relevant, collapses distinctions between reality and multiple nested belief states, and neglects how agents’ knowledge changes with perception or world constraints, so it often answers from an omniscient or naïve observer rather than the targeted character. Across many items, lingering linguistic and pragmatic ambiguities mean the model’s reality‑tracking, conservative, or literal interpretations are sometimes partially defensible against rubric expectations."
"3","89","Ken finds a hard case in the music room, the label on the case is violin, Ken cannot see what is inside the case, Ken opens the case and finds an umbrella, there is no violin in the case, Ken closes the case and puts it back on the rack, Mia enters the music room and sees the case.","What should be inside the case?","Violin","Umbrella","Flute","Sheet music","A","Taken together, these reasons portray a model that defaults to salience- and template-based heuristics—classic false-belief scripts, label‑equals‑contents, last‑mentioned item, or literal similes—instead of flexibly tracking the narrative. It repeatedly misidentifies whose perspective is relevant, collapses distinctions between reality and multiple nested belief states, and neglects how agents’ knowledge changes with perception or world constraints, so it often answers from an omniscient or naïve observer rather than the targeted character. Across many items, lingering linguistic and pragmatic ambiguities mean the model’s reality‑tracking, conservative, or literal interpretations are sometimes partially defensible against rubric expectations."
"3","90","Emma finds a jar in the kitchen, the label on the jar is sugar, Emma cannot see what is inside the jar, Emma opens the jar and finds salt, there is no sugar in the jar, Emma closes the jar and puts it back in its place, Liam enters the kitchen and sees the jar.","What should be inside the jar?","Sugar","Salt","Flour","Rice","A","Taken together, these reasons portray a model that defaults to salience- and template-based heuristics—classic false-belief scripts, label‑equals‑contents, last‑mentioned item, or literal similes—instead of flexibly tracking the narrative. It repeatedly misidentifies whose perspective is relevant, collapses distinctions between reality and multiple nested belief states, and neglects how agents’ knowledge changes with perception or world constraints, so it often answers from an omniscient or naïve observer rather than the targeted character. Across many items, lingering linguistic and pragmatic ambiguities mean the model’s reality‑tracking, conservative, or literal interpretations are sometimes partially defensible against rubric expectations."
"3","91","Carlos finds a toolbox in the garage, the label on the toolbox is pliers, Carlos cannot see what is inside the toolbox, Carlos opens the toolbox and finds a hammer, there are no pliers in the toolbox, Carlos closes the toolbox and puts it back in its place, Maya enters the garage and sees the toolbox.","What should be inside the toolbox?","Nails","Hammer","Pliers","Wrench","C","Taken together, these reasons portray a model that defaults to salience- and template-based heuristics—classic false-belief scripts, label‑equals‑contents, last‑mentioned item, or literal similes—instead of flexibly tracking the narrative. It repeatedly misidentifies whose perspective is relevant, collapses distinctions between reality and multiple nested belief states, and neglects how agents’ knowledge changes with perception or world constraints, so it often answers from an omniscient or naïve observer rather than the targeted character. Across many items, lingering linguistic and pragmatic ambiguities mean the model’s reality‑tracking, conservative, or literal interpretations are sometimes partially defensible against rubric expectations."
"3","92","Amir finds a mailbox in the mailroom, the label on the mailbox is invoices, Amir cannot see what is inside the mailbox, Amir opens the mailbox and finds postcards, there are no invoices in the mailbox, Amir closes the mailbox and puts it back in its place, Lina enters the mailroom and sees the mailbox.","What should be inside the mailbox?","Invoices","Postcards","Magazines","Pens","A","Taken together, these reasons portray a model that defaults to salience- and template-based heuristics—classic false-belief scripts, label‑equals‑contents, last‑mentioned item, or literal similes—instead of flexibly tracking the narrative. It repeatedly misidentifies whose perspective is relevant, collapses distinctions between reality and multiple nested belief states, and neglects how agents’ knowledge changes with perception or world constraints, so it often answers from an omniscient or naïve observer rather than the targeted character. Across many items, lingering linguistic and pragmatic ambiguities mean the model’s reality‑tracking, conservative, or literal interpretations are sometimes partially defensible against rubric expectations."
"3","93","Marta finds a drawer in the fridge, the label on the drawer is vegetables, Marta cannot see what is inside the drawer, Marta opens the drawer and finds cheese, there are no vegetables in the drawer, Marta closes the drawer and puts it back in its place, Viktor enters the kitchen and sees the drawer.","What should be inside the drawer?","Fruit","Juice","Cheese","Vegetables","D","Taken together, these reasons portray a model that defaults to salience- and template-based heuristics—classic false-belief scripts, label‑equals‑contents, last‑mentioned item, or literal similes—instead of flexibly tracking the narrative. It repeatedly misidentifies whose perspective is relevant, collapses distinctions between reality and multiple nested belief states, and neglects how agents’ knowledge changes with perception or world constraints, so it often answers from an omniscient or naïve observer rather than the targeted character. Across many items, lingering linguistic and pragmatic ambiguities mean the model’s reality‑tracking, conservative, or literal interpretations are sometimes partially defensible against rubric expectations."
"3","94","Noah finds a cabinet in the library, the label on the cabinet is maps, Noah cannot see what is inside the cabinet, Noah opens the cabinet and finds a globe, there are no maps in the cabinet, Noah closes the cabinet and puts it back in its place, Zoe enters the library and sees the cabinet.","What should be inside the cabinet?","Maps","A globe","Dictionaries","Posters","A","Taken together, these reasons portray a model that defaults to salience- and template-based heuristics—classic false-belief scripts, label‑equals‑contents, last‑mentioned item, or literal similes—instead of flexibly tracking the narrative. It repeatedly misidentifies whose perspective is relevant, collapses distinctions between reality and multiple nested belief states, and neglects how agents’ knowledge changes with perception or world constraints, so it often answers from an omniscient or naïve observer rather than the targeted character. Across many items, lingering linguistic and pragmatic ambiguities mean the model’s reality‑tracking, conservative, or literal interpretations are sometimes partially defensible against rubric expectations."
"3","95","Priya finds a container in the lab, the label on the container is sodium, Priya cannot see what is inside the container, Priya opens the container and finds water, there is no sodium in the container, Priya closes the container and puts it back in its place, Ken enters the lab and sees the container.","What should be inside the container?","Sand","Water","Acid","Sodium","D","Taken together, these reasons portray a model that defaults to salience- and template-based heuristics—classic false-belief scripts, label‑equals‑contents, last‑mentioned item, or literal similes—instead of flexibly tracking the narrative. It repeatedly misidentifies whose perspective is relevant, collapses distinctions between reality and multiple nested belief states, and neglects how agents’ knowledge changes with perception or world constraints, so it often answers from an omniscient or naïve observer rather than the targeted character. Across many items, lingering linguistic and pragmatic ambiguities mean the model’s reality‑tracking, conservative, or literal interpretations are sometimes partially defensible against rubric expectations."
"3","96","Tom finds a folder in the classroom, the label on the folder is homework, Tom cannot see what is inside the folder, Tom opens the folder and finds blank paper, there is no homework in the folder, Tom closes the folder and puts it back in its place, Sofia enters the classroom and sees the folder.","What should be inside the folder?","Homework","Stickers","Blank paper","Tests","A","Taken together, these reasons portray a model that defaults to salience- and template-based heuristics—classic false-belief scripts, label‑equals‑contents, last‑mentioned item, or literal similes—instead of flexibly tracking the narrative. It repeatedly misidentifies whose perspective is relevant, collapses distinctions between reality and multiple nested belief states, and neglects how agents’ knowledge changes with perception or world constraints, so it often answers from an omniscient or naïve observer rather than the targeted character. Across many items, lingering linguistic and pragmatic ambiguities mean the model’s reality‑tracking, conservative, or literal interpretations are sometimes partially defensible against rubric expectations."
"3","97","Yuki finds a bin in the garden shed, the label on the bin is seeds, Yuki cannot see what is inside the bin, Yuki opens the bin and finds soil, there are no seeds in the bin, Yuki closes the bin and puts it back in its place, Pavel enters the garden shed and sees the bin.","What should be inside the bin?","Soil","Seeds","Fertilizer","Leaves","B","Taken together, these reasons portray a model that defaults to salience- and template-based heuristics—classic false-belief scripts, label‑equals‑contents, last‑mentioned item, or literal similes—instead of flexibly tracking the narrative. It repeatedly misidentifies whose perspective is relevant, collapses distinctions between reality and multiple nested belief states, and neglects how agents’ knowledge changes with perception or world constraints, so it often answers from an omniscient or naïve observer rather than the targeted character. Across many items, lingering linguistic and pragmatic ambiguities mean the model’s reality‑tracking, conservative, or literal interpretations are sometimes partially defensible against rubric expectations."
"3","98","Diego finds an envelope in the office, the label on the envelope is contract, Diego cannot see what is inside the envelope, Diego opens the envelope and finds photos, there is no contract in the envelope, Diego closes the envelope and puts it back in its place, Hana enters the office and sees the envelope.","What should be inside the envelope?","Receipts","Photos","Contract","Tickets","C","Taken together, these reasons portray a model that defaults to salience- and template-based heuristics—classic false-belief scripts, label‑equals‑contents, last‑mentioned item, or literal similes—instead of flexibly tracking the narrative. It repeatedly misidentifies whose perspective is relevant, collapses distinctions between reality and multiple nested belief states, and neglects how agents’ knowledge changes with perception or world constraints, so it often answers from an omniscient or naïve observer rather than the targeted character. Across many items, lingering linguistic and pragmatic ambiguities mean the model’s reality‑tracking, conservative, or literal interpretations are sometimes partially defensible against rubric expectations."
"3","99","Aisha finds a locker in the gym, the label on the locker is first aid kit, Aisha cannot see what is inside the locker, Aisha opens the locker and finds sports equipment, there is no first aid kit inside the locker, Aisha closes the locker and puts it back in its place, Omar enters the gym and sees the locker.","What should be inside the locker?","Towels","Sports equipment","Water bottles","First aid kit","D","Taken together, these reasons portray a model that defaults to salience- and template-based heuristics—classic false-belief scripts, label‑equals‑contents, last‑mentioned item, or literal similes—instead of flexibly tracking the narrative. It repeatedly misidentifies whose perspective is relevant, collapses distinctions between reality and multiple nested belief states, and neglects how agents’ knowledge changes with perception or world constraints, so it often answers from an omniscient or naïve observer rather than the targeted character. Across many items, lingering linguistic and pragmatic ambiguities mean the model’s reality‑tracking, conservative, or literal interpretations are sometimes partially defensible against rubric expectations."
"3","100","Lina finds a glass jar on the kitchen shelf, the label on the jar says sugar, Lina cannot see what is inside the jar, Lina opens the jar and finds salt, there is no sugar in the jar, Lina closes the jar and puts it back on the shelf, Omar enters the kitchen and sees the jar.","What should be inside the jar?","Sugar","Salt","Flour","Rice","A","Taken together, these reasons portray a model that defaults to salience- and template-based heuristics—classic false-belief scripts, label‑equals‑contents, last‑mentioned item, or literal similes—instead of flexibly tracking the narrative. It repeatedly misidentifies whose perspective is relevant, collapses distinctions between reality and multiple nested belief states, and neglects how agents’ knowledge changes with perception or world constraints, so it often answers from an omniscient or naïve observer rather than the targeted character. Across many items, lingering linguistic and pragmatic ambiguities mean the model’s reality‑tracking, conservative, or literal interpretations are sometimes partially defensible against rubric expectations."
"3","101","Arun finds a paper folder in the office cabinet, the label on the folder is invoices, Arun cannot see what is inside the folder, Arun opens the folder and finds postcards, there are no invoices in the folder, Arun closes the folder and puts it back, Mei enters the office and sees the folder.","What should be inside the folder?","Invoices","Postcards","Pens","Stickers","A","Taken together, these reasons portray a model that defaults to salience- and template-based heuristics—classic false-belief scripts, label‑equals‑contents, last‑mentioned item, or literal similes—instead of flexibly tracking the narrative. It repeatedly misidentifies whose perspective is relevant, collapses distinctions between reality and multiple nested belief states, and neglects how agents’ knowledge changes with perception or world constraints, so it often answers from an omniscient or naïve observer rather than the targeted character. Across many items, lingering linguistic and pragmatic ambiguities mean the model’s reality‑tracking, conservative, or literal interpretations are sometimes partially defensible against rubric expectations."
"3","102","Sofia finds a shoebox in the closet, there is a sticker on the box that says puzzles, Sofia cannot see what is inside the box, Sofia opens the box and finds socks, there are no puzzles in the box, Sofia closes the box and puts it back, Diego enters the closet and sees the shoebox.","What should be inside the box?","Socks","Puzzles","Shoes","Letters","B","Taken together, these reasons portray a model that defaults to salience- and template-based heuristics—classic false-belief scripts, label‑equals‑contents, last‑mentioned item, or literal similes—instead of flexibly tracking the narrative. It repeatedly misidentifies whose perspective is relevant, collapses distinctions between reality and multiple nested belief states, and neglects how agents’ knowledge changes with perception or world constraints, so it often answers from an omniscient or naïve observer rather than the targeted character. Across many items, lingering linguistic and pragmatic ambiguities mean the model’s reality‑tracking, conservative, or literal interpretations are sometimes partially defensible against rubric expectations."
"3","103","Nora finds a large envelope on the hallway table, the envelope is stamped tickets, Nora cannot see what is inside the envelope, Nora opens the envelope and finds photographs, there are no tickets in the envelope, Nora seals the envelope and puts it back, Caleb enters the hallway and sees the envelope.","What should be inside the envelope?","Stamps","Tickets","Photographs","Receipts","B","Taken together, these reasons portray a model that defaults to salience- and template-based heuristics—classic false-belief scripts, label‑equals‑contents, last‑mentioned item, or literal similes—instead of flexibly tracking the narrative. It repeatedly misidentifies whose perspective is relevant, collapses distinctions between reality and multiple nested belief states, and neglects how agents’ knowledge changes with perception or world constraints, so it often answers from an omniscient or naïve observer rather than the targeted character. Across many items, lingering linguistic and pragmatic ambiguities mean the model’s reality‑tracking, conservative, or literal interpretations are sometimes partially defensible against rubric expectations."
"3","104","Jamal finds a small medicine bottle in the bathroom, the label on the bottle says vitamins, Jamal cannot see what is inside the bottle, Jamal opens the bottle and finds coins, there are no vitamins in the bottle, Jamal closes the bottle and puts it back, Hana enters the bathroom and sees the bottle.","What should be inside the bottle?","Vitamins","Coins","Bandages","Soap","A","Taken together, these reasons portray a model that defaults to salience- and template-based heuristics—classic false-belief scripts, label‑equals‑contents, last‑mentioned item, or literal similes—instead of flexibly tracking the narrative. It repeatedly misidentifies whose perspective is relevant, collapses distinctions between reality and multiple nested belief states, and neglects how agents’ knowledge changes with perception or world constraints, so it often answers from an omniscient or naïve observer rather than the targeted character. Across many items, lingering linguistic and pragmatic ambiguities mean the model’s reality‑tracking, conservative, or literal interpretations are sometimes partially defensible against rubric expectations."
"3","105","Priya finds a wooden crate in the garage, the crate is stamped oranges, Priya cannot see what is inside the crate, Priya pries it open and finds wrenches, there are no oranges in the crate, Priya closes the crate and slides it back, Marco enters the garage and sees the crate.","What should be inside the crate?","Books","Wrenches","Oranges","Cushions","C","Taken together, these reasons portray a model that defaults to salience- and template-based heuristics—classic false-belief scripts, label‑equals‑contents, last‑mentioned item, or literal similes—instead of flexibly tracking the narrative. It repeatedly misidentifies whose perspective is relevant, collapses distinctions between reality and multiple nested belief states, and neglects how agents’ knowledge changes with perception or world constraints, so it often answers from an omniscient or naïve observer rather than the targeted character. Across many items, lingering linguistic and pragmatic ambiguities mean the model’s reality‑tracking, conservative, or literal interpretations are sometimes partially defensible against rubric expectations."
"3","106","Amina finds a red pouch in the hiking cabin, the label on the pouch says first aid, Amina cannot see what is inside the pouch, Amina opens the pouch and finds granola bars, there is no first aid kit in the pouch, Amina closes the pouch and puts it back where she found it, Theo enters the cabin and sees the pouch.","What should be inside the pouch?","First aid supplies","Granola bars","Maps","Batteries","A","Taken together, these reasons portray a model that defaults to salience- and template-based heuristics—classic false-belief scripts, label‑equals‑contents, last‑mentioned item, or literal similes—instead of flexibly tracking the narrative. It repeatedly misidentifies whose perspective is relevant, collapses distinctions between reality and multiple nested belief states, and neglects how agents’ knowledge changes with perception or world constraints, so it often answers from an omniscient or naïve observer rather than the targeted character. Across many items, lingering linguistic and pragmatic ambiguities mean the model’s reality‑tracking, conservative, or literal interpretations are sometimes partially defensible against rubric expectations."
"3","107","Marta finds a clear bin in the refrigerator, the label on the bin is vegetables, Marta cannot see what is inside the bin because the lid is opaque, Marta opens the bin and finds soda cans, there are no vegetables in the bin, Marta closes the bin and slides it back in, Leo opens the fridge and sees the bin.","What should be inside the bin?","Vegetables","Soda cans","Leftover pasta","Cheese","A","Taken together, these reasons portray a model that defaults to salience- and template-based heuristics—classic false-belief scripts, label‑equals‑contents, last‑mentioned item, or literal similes—instead of flexibly tracking the narrative. It repeatedly misidentifies whose perspective is relevant, collapses distinctions between reality and multiple nested belief states, and neglects how agents’ knowledge changes with perception or world constraints, so it often answers from an omniscient or naïve observer rather than the targeted character. Across many items, lingering linguistic and pragmatic ambiguities mean the model’s reality‑tracking, conservative, or literal interpretations are sometimes partially defensible against rubric expectations."
"3","108","Chen finds a cardboard box on the library cart, the label on the box reads history, Chen cannot see what is inside the box, Chen opens the box and finds cookbooks, there are no history books in the box, Chen closes the box and leaves it on the cart, Rina comes by and sees the box.","What should be inside the box?","History books","Cookbooks","Magazines","Maps","A","Taken together, these reasons portray a model that defaults to salience- and template-based heuristics—classic false-belief scripts, label‑equals‑contents, last‑mentioned item, or literal similes—instead of flexibly tracking the narrative. It repeatedly misidentifies whose perspective is relevant, collapses distinctions between reality and multiple nested belief states, and neglects how agents’ knowledge changes with perception or world constraints, so it often answers from an omniscient or naïve observer rather than the targeted character. Across many items, lingering linguistic and pragmatic ambiguities mean the model’s reality‑tracking, conservative, or literal interpretations are sometimes partially defensible against rubric expectations."
"3","109","Diego finds a metal drawer in the workshop, the label on the drawer says nails, Diego cannot see what is inside the drawer, Diego opens the drawer and finds tape, there are no nails in the drawer, Diego closes the drawer and pushes it back, Elena enters the workshop and sees the drawer.","What should be inside the drawer?","Screws","Glue","Nails","Tape","C","Taken together, these reasons portray a model that defaults to salience- and template-based heuristics—classic false-belief scripts, label‑equals‑contents, last‑mentioned item, or literal similes—instead of flexibly tracking the narrative. It repeatedly misidentifies whose perspective is relevant, collapses distinctions between reality and multiple nested belief states, and neglects how agents’ knowledge changes with perception or world constraints, so it often answers from an omniscient or naïve observer rather than the targeted character. Across many items, lingering linguistic and pragmatic ambiguities mean the model’s reality‑tracking, conservative, or literal interpretations are sometimes partially defensible against rubric expectations."
"3","110","Ana finds a cabinet in the office, the label on the cabinet is pens, Ana cannot see what is inside the cabinet, Ana opens the cabinet and finds a stapler, there are no pens in the cabinet, Ana closes the cabinet and puts it back in its place, Ben enters the office and sees the cabinet.","What should be inside the cabinet?","Pens","Stapler","Tape","Notebook","A","Taken together, these reasons portray a model that defaults to salience- and template-based heuristics—classic false-belief scripts, label‑equals‑contents, last‑mentioned item, or literal similes—instead of flexibly tracking the narrative. It repeatedly misidentifies whose perspective is relevant, collapses distinctions between reality and multiple nested belief states, and neglects how agents’ knowledge changes with perception or world constraints, so it often answers from an omniscient or naïve observer rather than the targeted character. Across many items, lingering linguistic and pragmatic ambiguities mean the model’s reality‑tracking, conservative, or literal interpretations are sometimes partially defensible against rubric expectations."
"3","111","Carla finds a jar in the kitchen, the label on the jar is sugar, Carla cannot see what is inside the jar, Carla opens the jar and finds salt, there is no sugar inside the jar, Carla closes the jar and puts it back in its place, Diego enters the kitchen and sees the jar.","What should be inside the jar?","Salt","Sugar","Flour","Rice","B","Taken together, these reasons portray a model that defaults to salience- and template-based heuristics—classic false-belief scripts, label‑equals‑contents, last‑mentioned item, or literal similes—instead of flexibly tracking the narrative. It repeatedly misidentifies whose perspective is relevant, collapses distinctions between reality and multiple nested belief states, and neglects how agents’ knowledge changes with perception or world constraints, so it often answers from an omniscient or naïve observer rather than the targeted character. Across many items, lingering linguistic and pragmatic ambiguities mean the model’s reality‑tracking, conservative, or literal interpretations are sometimes partially defensible against rubric expectations."
"3","112","Evan finds a locker in the school hallway, the label on the locker is sports gear, Evan cannot see what is inside the locker, Evan opens the locker and finds textbooks, there is no sports gear in the locker, Evan closes the locker and walks away, Lila enters the hallway and sees the locker.","What should be inside the locker?","Sports gear","Textbooks","Snacks","Paints","A","Taken together, these reasons portray a model that defaults to salience- and template-based heuristics—classic false-belief scripts, label‑equals‑contents, last‑mentioned item, or literal similes—instead of flexibly tracking the narrative. It repeatedly misidentifies whose perspective is relevant, collapses distinctions between reality and multiple nested belief states, and neglects how agents’ knowledge changes with perception or world constraints, so it often answers from an omniscient or naïve observer rather than the targeted character. Across many items, lingering linguistic and pragmatic ambiguities mean the model’s reality‑tracking, conservative, or literal interpretations are sometimes partially defensible against rubric expectations."
"3","113","Mira finds a box in the library, the label on the box is donations, Mira cannot see what is inside the box, Mira opens the box and finds old cables, there are no donations in the box, Mira closes the box and puts it back in its place, Noah enters the library and sees the box.","What should be inside the box?","Posters","Shoes","Donations","Old cables","C","Taken together, these reasons portray a model that defaults to salience- and template-based heuristics—classic false-belief scripts, label‑equals‑contents, last‑mentioned item, or literal similes—instead of flexibly tracking the narrative. It repeatedly misidentifies whose perspective is relevant, collapses distinctions between reality and multiple nested belief states, and neglects how agents’ knowledge changes with perception or world constraints, so it often answers from an omniscient or naïve observer rather than the targeted character. Across many items, lingering linguistic and pragmatic ambiguities mean the model’s reality‑tracking, conservative, or literal interpretations are sometimes partially defensible against rubric expectations."
"3","114","Omar finds a crate in the garden shed, the label on the crate is seeds, Omar cannot see what is inside the crate, Omar opens the crate and finds gloves, there are no seeds in the crate, Omar closes the crate and puts it back in its place, Priya enters the shed and sees the crate.","What should be inside the crate?","Rope","Seeds","Gloves","Nails","B","Taken together, these reasons portray a model that defaults to salience- and template-based heuristics—classic false-belief scripts, label‑equals‑contents, last‑mentioned item, or literal similes—instead of flexibly tracking the narrative. It repeatedly misidentifies whose perspective is relevant, collapses distinctions between reality and multiple nested belief states, and neglects how agents’ knowledge changes with perception or world constraints, so it often answers from an omniscient or naïve observer rather than the targeted character. Across many items, lingering linguistic and pragmatic ambiguities mean the model’s reality‑tracking, conservative, or literal interpretations are sometimes partially defensible against rubric expectations."
"3","115","Yuki finds a tube in the art studio, the label on the tube is blueprints, Yuki cannot see what is inside the tube, Yuki opens the tube and finds a rolled painting, there are no blueprints in the tube, Yuki closes the tube and puts it back in its place, Hana enters the studio and sees the tube.","What should be inside the tube?","Painting","Cloth","Blueprints","Pencils","C","Taken together, these reasons portray a model that defaults to salience- and template-based heuristics—classic false-belief scripts, label‑equals‑contents, last‑mentioned item, or literal similes—instead of flexibly tracking the narrative. It repeatedly misidentifies whose perspective is relevant, collapses distinctions between reality and multiple nested belief states, and neglects how agents’ knowledge changes with perception or world constraints, so it often answers from an omniscient or naïve observer rather than the targeted character. Across many items, lingering linguistic and pragmatic ambiguities mean the model’s reality‑tracking, conservative, or literal interpretations are sometimes partially defensible against rubric expectations."
"3","116","Luca finds a case in the music room, the label on the case is violin, Luca cannot see what is inside the case, Luca opens the case and finds a flute, there is no violin in the case, Luca closes the case and puts it back in its place, Mei enters the music room and sees the case.","What should be inside the case?","Flute","Drumsticks","Microphone","Violin","D","Taken together, these reasons portray a model that defaults to salience- and template-based heuristics—classic false-belief scripts, label‑equals‑contents, last‑mentioned item, or literal similes—instead of flexibly tracking the narrative. It repeatedly misidentifies whose perspective is relevant, collapses distinctions between reality and multiple nested belief states, and neglects how agents’ knowledge changes with perception or world constraints, so it often answers from an omniscient or naïve observer rather than the targeted character. Across many items, lingering linguistic and pragmatic ambiguities mean the model’s reality‑tracking, conservative, or literal interpretations are sometimes partially defensible against rubric expectations."
"3","117","Jin finds an envelope in the mailroom, the label on the envelope is photographs, Jin cannot see what is inside the envelope, Jin opens the envelope and finds receipts, there are no photographs in the envelope, Jin seals the envelope and puts it back in its place, Talia enters the mailroom and sees the envelope.","What should be inside the envelope?","Coins","Photographs","Receipts","Stamps","B","Taken together, these reasons portray a model that defaults to salience- and template-based heuristics—classic false-belief scripts, label‑equals‑contents, last‑mentioned item, or literal similes—instead of flexibly tracking the narrative. It repeatedly misidentifies whose perspective is relevant, collapses distinctions between reality and multiple nested belief states, and neglects how agents’ knowledge changes with perception or world constraints, so it often answers from an omniscient or naïve observer rather than the targeted character. Across many items, lingering linguistic and pragmatic ambiguities mean the model’s reality‑tracking, conservative, or literal interpretations are sometimes partially defensible against rubric expectations."
"3","118","Ravi finds a produce bin in the grocery store, the label on the bin is apples, Ravi cannot see what is inside the bin, Ravi looks inside and finds oranges, there are no apples in the bin, Ravi closes the lid and leaves it where it is, Sita enters the aisle and sees the bin.","What should be inside the bin?","Oranges","Bread","Apples","Potatoes","C","Taken together, these reasons portray a model that defaults to salience- and template-based heuristics—classic false-belief scripts, label‑equals‑contents, last‑mentioned item, or literal similes—instead of flexibly tracking the narrative. It repeatedly misidentifies whose perspective is relevant, collapses distinctions between reality and multiple nested belief states, and neglects how agents’ knowledge changes with perception or world constraints, so it often answers from an omniscient or naïve observer rather than the targeted character. Across many items, lingering linguistic and pragmatic ambiguities mean the model’s reality‑tracking, conservative, or literal interpretations are sometimes partially defensible against rubric expectations."
"3","119","Nina finds a vial in the laboratory, the label on the vial is water, Nina cannot see what is inside the vial, Nina opens the vial and finds ethanol, there is no water in the vial, Nina closes the vial and puts it back in its place, Kou enters the laboratory and sees the vial.","What should be inside the vial?","Vinegar","Water","Ink","Ethanol","B","Taken together, these reasons portray a model that defaults to salience- and template-based heuristics—classic false-belief scripts, label‑equals‑contents, last‑mentioned item, or literal similes—instead of flexibly tracking the narrative. It repeatedly misidentifies whose perspective is relevant, collapses distinctions between reality and multiple nested belief states, and neglects how agents’ knowledge changes with perception or world constraints, so it often answers from an omniscient or naïve observer rather than the targeted character. Across many items, lingering linguistic and pragmatic ambiguities mean the model’s reality‑tracking, conservative, or literal interpretations are sometimes partially defensible against rubric expectations."
"3","120","Mei finds a glass jar in the kitchen pantry, the label on the jar is sugar, Mei cannot see what is inside the jar, Mei opens the jar and finds rice, there is no sugar inside the jar, Mei closes the jar and puts it back on the shelf, Jun enters the kitchen and sees the jar.","What should be inside the jar?","Tea","Rice","Sugar","Salt","C","Taken together, these reasons portray a model that defaults to salience- and template-based heuristics—classic false-belief scripts, label‑equals‑contents, last‑mentioned item, or literal similes—instead of flexibly tracking the narrative. It repeatedly misidentifies whose perspective is relevant, collapses distinctions between reality and multiple nested belief states, and neglects how agents’ knowledge changes with perception or world constraints, so it often answers from an omniscient or naïve observer rather than the targeted character. Across many items, lingering linguistic and pragmatic ambiguities mean the model’s reality‑tracking, conservative, or literal interpretations are sometimes partially defensible against rubric expectations."
"3","121","Xiaoyu finds a cardboard box in the art room, the label on the box is paints, Xiaoyu cannot see what is inside the box, Xiaoyu opens the box and finds chalk, there are no paints in the box, Xiaoyu closes the box and puts it back, Teacher Lin enters the art room and sees the box.","What should be inside the box?","Paints","Chalk","Brushes","Glue","A","Taken together, these reasons portray a model that defaults to salience- and template-based heuristics—classic false-belief scripts, label‑equals‑contents, last‑mentioned item, or literal similes—instead of flexibly tracking the narrative. It repeatedly misidentifies whose perspective is relevant, collapses distinctions between reality and multiple nested belief states, and neglects how agents’ knowledge changes with perception or world constraints, so it often answers from an omniscient or naïve observer rather than the targeted character. Across many items, lingering linguistic and pragmatic ambiguities mean the model’s reality‑tracking, conservative, or literal interpretations are sometimes partially defensible against rubric expectations."
"3","122","Rui finds a folder in the office cabinet, the label on the folder is invoices, Rui cannot see what is inside the folder, Rui opens the folder and finds photographs, there are no invoices in the folder, Rui closes the folder and puts it back, Kai enters the office and sees the folder.","What should be inside the folder?","Reports","Photographs","Invoices","Maps","C","Taken together, these reasons portray a model that defaults to salience- and template-based heuristics—classic false-belief scripts, label‑equals‑contents, last‑mentioned item, or literal similes—instead of flexibly tracking the narrative. It repeatedly misidentifies whose perspective is relevant, collapses distinctions between reality and multiple nested belief states, and neglects how agents’ knowledge changes with perception or world constraints, so it often answers from an omniscient or naïve observer rather than the targeted character. Across many items, lingering linguistic and pragmatic ambiguities mean the model’s reality‑tracking, conservative, or literal interpretations are sometimes partially defensible against rubric expectations."
"3","123","Hao finds a metal drawer in the garage tool chest, the label on the drawer is wrenches, Hao cannot see what is inside the drawer, Hao opens the drawer and finds a coil of rope, there are no wrenches in the drawer, Hao closes the drawer and slides it back, Ming enters the garage and sees the drawer.","What should be inside the drawer?","Screws","Rope","Oil cans","Wrenches","D","Taken together, these reasons portray a model that defaults to salience- and template-based heuristics—classic false-belief scripts, label‑equals‑contents, last‑mentioned item, or literal similes—instead of flexibly tracking the narrative. It repeatedly misidentifies whose perspective is relevant, collapses distinctions between reality and multiple nested belief states, and neglects how agents’ knowledge changes with perception or world constraints, so it often answers from an omniscient or naïve observer rather than the targeted character. Across many items, lingering linguistic and pragmatic ambiguities mean the model’s reality‑tracking, conservative, or literal interpretations are sometimes partially defensible against rubric expectations."
"3","124","Anya finds a sealed box in the library storage room, the label on the box is old maps, Anya cannot see what is inside the box, Anya opens the box and finds postcards, there are no old maps in the box, Anya closes the box and puts it back, the librarian Chen enters the storage room and sees the box.","What should be inside the box?","Postcards","Old maps","Newspapers","Stamps","B","Taken together, these reasons portray a model that defaults to salience- and template-based heuristics—classic false-belief scripts, label‑equals‑contents, last‑mentioned item, or literal similes—instead of flexibly tracking the narrative. It repeatedly misidentifies whose perspective is relevant, collapses distinctions between reality and multiple nested belief states, and neglects how agents’ knowledge changes with perception or world constraints, so it often answers from an omniscient or naïve observer rather than the targeted character. Across many items, lingering linguistic and pragmatic ambiguities mean the model’s reality‑tracking, conservative, or literal interpretations are sometimes partially defensible against rubric expectations."
"3","125","Tao finds a side pocket on a backpack at the campsite, the label on the pocket is first aid kit, Tao cannot see what is inside the pocket, Tao opens the pocket and finds snacks, there is no first aid kit in the pocket, Tao closes the pocket and puts the backpack back, Li enters the campsite and sees the backpack pocket.","What should be inside the pocket?","Ropes","First aid kit","Snacks","Flashlight","B","Taken together, these reasons portray a model that defaults to salience- and template-based heuristics—classic false-belief scripts, label‑equals‑contents, last‑mentioned item, or literal similes—instead of flexibly tracking the narrative. It repeatedly misidentifies whose perspective is relevant, collapses distinctions between reality and multiple nested belief states, and neglects how agents’ knowledge changes with perception or world constraints, so it often answers from an omniscient or naïve observer rather than the targeted character. Across many items, lingering linguistic and pragmatic ambiguities mean the model’s reality‑tracking, conservative, or literal interpretations are sometimes partially defensible against rubric expectations."
"3","126","Dr. Wang finds a drawer in the lab refrigerator, the label on the drawer is samples, Dr. Wang cannot see what is inside the drawer, Dr. Wang opens the drawer and finds soda cans, there are no samples in the drawer, Dr. Wang closes the drawer and pushes it back, Wei enters the lab and sees the drawer.","What should be inside the drawer?","Samples","Soda cans","Batteries","Ice packs","A","Taken together, these reasons portray a model that defaults to salience- and template-based heuristics—classic false-belief scripts, label‑equals‑contents, last‑mentioned item, or literal similes—instead of flexibly tracking the narrative. It repeatedly misidentifies whose perspective is relevant, collapses distinctions between reality and multiple nested belief states, and neglects how agents’ knowledge changes with perception or world constraints, so it often answers from an omniscient or naïve observer rather than the targeted character. Across many items, lingering linguistic and pragmatic ambiguities mean the model’s reality‑tracking, conservative, or literal interpretations are sometimes partially defensible against rubric expectations."
"3","127","Lina finds a hard case in the music room, the label on the case is violin, Lina cannot see what is inside the case, Lina opens the case and finds a flute, there is no violin in the case, Lina closes the case and puts it back, Dae enters the music room and sees the case.","What should be inside the case?","Guitar","Flute","Violin","Microphone","C","Taken together, these reasons portray a model that defaults to salience- and template-based heuristics—classic false-belief scripts, label‑equals‑contents, last‑mentioned item, or literal similes—instead of flexibly tracking the narrative. It repeatedly misidentifies whose perspective is relevant, collapses distinctions between reality and multiple nested belief states, and neglects how agents’ knowledge changes with perception or world constraints, so it often answers from an omniscient or naïve observer rather than the targeted character. Across many items, lingering linguistic and pragmatic ambiguities mean the model’s reality‑tracking, conservative, or literal interpretations are sometimes partially defensible against rubric expectations."
"3","128","Arun finds a glass jar in the science classroom, the label on the jar is insects, Arun cannot see what is inside the jar, Arun opens the jar and finds marbles, there are no insects in the jar, Arun closes the jar and puts it back on the table, Sita enters the classroom and sees the jar.","What should be inside the jar?","Marbles","Leaves","Sand","Insects","D","Taken together, these reasons portray a model that defaults to salience- and template-based heuristics—classic false-belief scripts, label‑equals‑contents, last‑mentioned item, or literal similes—instead of flexibly tracking the narrative. It repeatedly misidentifies whose perspective is relevant, collapses distinctions between reality and multiple nested belief states, and neglects how agents’ knowledge changes with perception or world constraints, so it often answers from an omniscient or naïve observer rather than the targeted character. Across many items, lingering linguistic and pragmatic ambiguities mean the model’s reality‑tracking, conservative, or literal interpretations are sometimes partially defensible against rubric expectations."
"3","129","Nora finds a locker in the gym hallway, the label on the locker is towels, Nora cannot see what is inside the locker, Nora opens the locker and finds a soccer ball, there are no towels in the locker, Nora closes the locker and leaves it, Omar enters the hallway and sees the locker.","What should be inside the locker?","Water bottles","Towels","Soccer ball","Shoes","B","Taken together, these reasons portray a model that defaults to salience- and template-based heuristics—classic false-belief scripts, label‑equals‑contents, last‑mentioned item, or literal similes—instead of flexibly tracking the narrative. It repeatedly misidentifies whose perspective is relevant, collapses distinctions between reality and multiple nested belief states, and neglects how agents’ knowledge changes with perception or world constraints, so it often answers from an omniscient or naïve observer rather than the targeted character. Across many items, lingering linguistic and pragmatic ambiguities mean the model’s reality‑tracking, conservative, or literal interpretations are sometimes partially defensible against rubric expectations."
"3","130","Arun finds a jar in the pantry, the label on the jar is flour, Arun cannot see what is inside the jar, Arun opens the jar and finds rice, there is no flour in the jar, Arun closes the jar and puts it back in its place, Lina enters the kitchen and sees the jar.","What should be inside the jar?","Flour","Rice","Beans","Tea","A","Taken together, these reasons portray a model that defaults to salience- and template-based heuristics—classic false-belief scripts, label‑equals‑contents, last‑mentioned item, or literal similes—instead of flexibly tracking the narrative. It repeatedly misidentifies whose perspective is relevant, collapses distinctions between reality and multiple nested belief states, and neglects how agents’ knowledge changes with perception or world constraints, so it often answers from an omniscient or naïve observer rather than the targeted character. Across many items, lingering linguistic and pragmatic ambiguities mean the model’s reality‑tracking, conservative, or literal interpretations are sometimes partially defensible against rubric expectations."
"3","131","Mei finds a locker in the school hallway, the label on the locker is sports gear, Mei cannot see what is inside the locker, Mei opens the locker and finds paintbrushes, there is no sports gear in the locker, Mei closes the locker and walks away, Jorge enters the hallway and sees the locker.","What should be inside the locker?","Glue","Notebook","Sports gear","Paintbrushes","C","Taken together, these reasons portray a model that defaults to salience- and template-based heuristics—classic false-belief scripts, label‑equals‑contents, last‑mentioned item, or literal similes—instead of flexibly tracking the narrative. It repeatedly misidentifies whose perspective is relevant, collapses distinctions between reality and multiple nested belief states, and neglects how agents’ knowledge changes with perception or world constraints, so it often answers from an omniscient or naïve observer rather than the targeted character. Across many items, lingering linguistic and pragmatic ambiguities mean the model’s reality‑tracking, conservative, or literal interpretations are sometimes partially defensible against rubric expectations."
"3","132","Sofia finds a folder in the office cabinet, the label on the folder is invoices, Sofia cannot see what is inside the folder, Sofia opens the folder and finds photographs, there are no invoices in the folder, Sofia closes the folder and puts it back, Malik enters the office and sees the folder.","What should be inside the folder?","Manuals","Invoices","Photographs","Stickers","B","Taken together, these reasons portray a model that defaults to salience- and template-based heuristics—classic false-belief scripts, label‑equals‑contents, last‑mentioned item, or literal similes—instead of flexibly tracking the narrative. It repeatedly misidentifies whose perspective is relevant, collapses distinctions between reality and multiple nested belief states, and neglects how agents’ knowledge changes with perception or world constraints, so it often answers from an omniscient or naïve observer rather than the targeted character. Across many items, lingering linguistic and pragmatic ambiguities mean the model’s reality‑tracking, conservative, or literal interpretations are sometimes partially defensible against rubric expectations."
"3","133","Jamal finds a drawer in the refrigerator, the label on the drawer is vegetables, Jamal cannot see what is inside the drawer, Jamal opens the drawer and finds soda cans, there are no vegetables in the drawer, Jamal closes the drawer and leaves, Hana enters the kitchen and sees the drawer.","What should be inside the drawer?","Soda cans","Vegetables","Yogurt","Cheese","B","Taken together, these reasons portray a model that defaults to salience- and template-based heuristics—classic false-belief scripts, label‑equals‑contents, last‑mentioned item, or literal similes—instead of flexibly tracking the narrative. It repeatedly misidentifies whose perspective is relevant, collapses distinctions between reality and multiple nested belief states, and neglects how agents’ knowledge changes with perception or world constraints, so it often answers from an omniscient or naïve observer rather than the targeted character. Across many items, lingering linguistic and pragmatic ambiguities mean the model’s reality‑tracking, conservative, or literal interpretations are sometimes partially defensible against rubric expectations."
"3","134","Luca finds a box in the library storage room, the label on the box is maps, Luca cannot see what is inside the box, Luca opens the box and finds novels, there are no maps in the box, Luca closes the box and stacks it back, Priya enters the storage room and sees the box.","What should be inside the box?","Globes","Stickers","Novels","Maps","D","Taken together, these reasons portray a model that defaults to salience- and template-based heuristics—classic false-belief scripts, label‑equals‑contents, last‑mentioned item, or literal similes—instead of flexibly tracking the narrative. It repeatedly misidentifies whose perspective is relevant, collapses distinctions between reality and multiple nested belief states, and neglects how agents’ knowledge changes with perception or world constraints, so it often answers from an omniscient or naïve observer rather than the targeted character. Across many items, lingering linguistic and pragmatic ambiguities mean the model’s reality‑tracking, conservative, or literal interpretations are sometimes partially defensible against rubric expectations."
"3","135","Yuki finds a toolbox in the workshop, the label on the toolbox is wrenches, Yuki cannot see what is inside the toolbox, Yuki opens the toolbox and finds nails, there are no wrenches in the toolbox, Yuki closes the toolbox and places it on the bench, Omar enters the workshop and sees the toolbox.","What should be inside the toolbox?","Nails","Hammers","Wrenches","Screws","C","Taken together, these reasons portray a model that defaults to salience- and template-based heuristics—classic false-belief scripts, label‑equals‑contents, last‑mentioned item, or literal similes—instead of flexibly tracking the narrative. It repeatedly misidentifies whose perspective is relevant, collapses distinctions between reality and multiple nested belief states, and neglects how agents’ knowledge changes with perception or world constraints, so it often answers from an omniscient or naïve observer rather than the targeted character. Across many items, lingering linguistic and pragmatic ambiguities mean the model’s reality‑tracking, conservative, or literal interpretations are sometimes partially defensible against rubric expectations."
"3","136","Elena finds an envelope on the desk, the label on the envelope is tickets, Elena cannot see what is inside the envelope, Elena opens the envelope and finds a receipt, there are no tickets in the envelope, Elena seals the envelope and leaves it, Carlos enters the room and sees the envelope.","What should be inside the envelope?","Stamps","Tickets","Receipt","Postcard","B","Taken together, these reasons portray a model that defaults to salience- and template-based heuristics—classic false-belief scripts, label‑equals‑contents, last‑mentioned item, or literal similes—instead of flexibly tracking the narrative. It repeatedly misidentifies whose perspective is relevant, collapses distinctions between reality and multiple nested belief states, and neglects how agents’ knowledge changes with perception or world constraints, so it often answers from an omniscient or naïve observer rather than the targeted character. Across many items, lingering linguistic and pragmatic ambiguities mean the model’s reality‑tracking, conservative, or literal interpretations are sometimes partially defensible against rubric expectations."
"3","137","Ravi finds a small bottle in the bathroom, the label on the bottle is vitamins, Ravi cannot see what is inside the bottle, Ravi opens the bottle and finds coins, there are no vitamins in the bottle, Ravi closes the bottle and puts it back, Noor enters the bathroom and sees the bottle.","What should be inside the bottle?","Coins","Vitamins","Cotton swabs","Hairpins","B","Taken together, these reasons portray a model that defaults to salience- and template-based heuristics—classic false-belief scripts, label‑equals‑contents, last‑mentioned item, or literal similes—instead of flexibly tracking the narrative. It repeatedly misidentifies whose perspective is relevant, collapses distinctions between reality and multiple nested belief states, and neglects how agents’ knowledge changes with perception or world constraints, so it often answers from an omniscient or naïve observer rather than the targeted character. Across many items, lingering linguistic and pragmatic ambiguities mean the model’s reality‑tracking, conservative, or literal interpretations are sometimes partially defensible against rubric expectations."
"3","138","Marta finds a crate in the market stall, the label on the crate is apples, Marta cannot see what is inside the crate, Marta opens the crate and finds umbrellas, there are no apples in the crate, Marta closes the crate and sets it back, Ben enters the stall and sees the crate.","What should be inside the crate?","Apples","Umbrellas","Oranges","Bottles","A","Taken together, these reasons portray a model that defaults to salience- and template-based heuristics—classic false-belief scripts, label‑equals‑contents, last‑mentioned item, or literal similes—instead of flexibly tracking the narrative. It repeatedly misidentifies whose perspective is relevant, collapses distinctions between reality and multiple nested belief states, and neglects how agents’ knowledge changes with perception or world constraints, so it often answers from an omniscient or naïve observer rather than the targeted character. Across many items, lingering linguistic and pragmatic ambiguities mean the model’s reality‑tracking, conservative, or literal interpretations are sometimes partially defensible against rubric expectations."
"3","139","Zara finds a briefcase in the meeting room, the label on the briefcase is contracts, Zara cannot see what is inside the briefcase, Zara opens the briefcase and finds a scarf, there are no contracts in the briefcase, Zara closes the briefcase and puts it on the chair, Niko enters the meeting room and sees the briefcase.","What should be inside the briefcase?","Scarf","Pens","Contracts","Tablet","C","Taken together, these reasons portray a model that defaults to salience- and template-based heuristics—classic false-belief scripts, label‑equals‑contents, last‑mentioned item, or literal similes—instead of flexibly tracking the narrative. It repeatedly misidentifies whose perspective is relevant, collapses distinctions between reality and multiple nested belief states, and neglects how agents’ knowledge changes with perception or world constraints, so it often answers from an omniscient or naïve observer rather than the targeted character. Across many items, lingering linguistic and pragmatic ambiguities mean the model’s reality‑tracking, conservative, or literal interpretations are sometimes partially defensible against rubric expectations."
"3","140","Xiao Chen finds a toolbox in the garage, the label on the toolbox is nails, Xiao Chen cannot see what is inside the toolbox, Xiao Chen opens the toolbox and finds tape, there are no nails inside the toolbox, Xiao Chen closes the toolbox and puts it back in its place, Xiao Hua enters the garage and sees the toolbox.","What should be inside the toolbox?","Nails","Tape","Rope","Coins","A","Taken together, these reasons portray a model that defaults to salience- and template-based heuristics—classic false-belief scripts, label‑equals‑contents, last‑mentioned item, or literal similes—instead of flexibly tracking the narrative. It repeatedly misidentifies whose perspective is relevant, collapses distinctions between reality and multiple nested belief states, and neglects how agents’ knowledge changes with perception or world constraints, so it often answers from an omniscient or naïve observer rather than the targeted character. Across many items, lingering linguistic and pragmatic ambiguities mean the model’s reality‑tracking, conservative, or literal interpretations are sometimes partially defensible against rubric expectations."
"3","141","Xiao Yan finds a glass jar in the pantry, the label on the jar is sugar, Xiao Yan cannot see what is inside the jar, Xiao Yan opens the jar and finds rice, there is no sugar inside the jar, Xiao Yan closes the jar and puts it back in its place, Xiao Rui enters the pantry and sees the jar.","What should be inside the jar?","Salt","Sugar","Rice","Flour","B","Taken together, these reasons portray a model that defaults to salience- and template-based heuristics—classic false-belief scripts, label‑equals‑contents, last‑mentioned item, or literal similes—instead of flexibly tracking the narrative. It repeatedly misidentifies whose perspective is relevant, collapses distinctions between reality and multiple nested belief states, and neglects how agents’ knowledge changes with perception or world constraints, so it often answers from an omniscient or naïve observer rather than the targeted character. Across many items, lingering linguistic and pragmatic ambiguities mean the model’s reality‑tracking, conservative, or literal interpretations are sometimes partially defensible against rubric expectations."
"3","142","Xiao Liu finds a folder in the office, the label on the folder is invoices, Xiao Liu cannot see what is inside the folder, Xiao Liu opens the folder and finds photos, there are no invoices inside the folder, Xiao Liu closes the folder and puts it back in its place, Xiao Zhang enters the office and sees the folder.","What should be inside the folder?","Reports","Invoices","Photos","Stickers","B","Taken together, these reasons portray a model that defaults to salience- and template-based heuristics—classic false-belief scripts, label‑equals‑contents, last‑mentioned item, or literal similes—instead of flexibly tracking the narrative. It repeatedly misidentifies whose perspective is relevant, collapses distinctions between reality and multiple nested belief states, and neglects how agents’ knowledge changes with perception or world constraints, so it often answers from an omniscient or naïve observer rather than the targeted character. Across many items, lingering linguistic and pragmatic ambiguities mean the model’s reality‑tracking, conservative, or literal interpretations are sometimes partially defensible against rubric expectations."
"3","143","Xiao Yu finds a crate at the market stall, the label on the crate is apples, Xiao Yu cannot see what is inside the crate, Xiao Yu opens the crate and finds oranges, there are no apples inside the crate, Xiao Yu closes the crate and puts it back in its place, Xiao Fang approaches the stall and sees the crate.","What should be inside the crate?","Apples","Oranges","Onions","Bread","A","Taken together, these reasons portray a model that defaults to salience- and template-based heuristics—classic false-belief scripts, label‑equals‑contents, last‑mentioned item, or literal similes—instead of flexibly tracking the narrative. It repeatedly misidentifies whose perspective is relevant, collapses distinctions between reality and multiple nested belief states, and neglects how agents’ knowledge changes with perception or world constraints, so it often answers from an omniscient or naïve observer rather than the targeted character. Across many items, lingering linguistic and pragmatic ambiguities mean the model’s reality‑tracking, conservative, or literal interpretations are sometimes partially defensible against rubric expectations."
"3","144","Xiao Qiang finds a cabinet in the laboratory, the label on the cabinet is gloves, Xiao Qiang cannot see what is inside the cabinet, Xiao Qiang opens the cabinet and finds beakers, there are no gloves inside the cabinet, Xiao Qiang closes the cabinet and puts it back in its place, Xiao Mei enters the laboratory and sees the cabinet.","What should be inside the cabinet?","Gloves","Beakers","Towels","Markers","A","Taken together, these reasons portray a model that defaults to salience- and template-based heuristics—classic false-belief scripts, label‑equals‑contents, last‑mentioned item, or literal similes—instead of flexibly tracking the narrative. It repeatedly misidentifies whose perspective is relevant, collapses distinctions between reality and multiple nested belief states, and neglects how agents’ knowledge changes with perception or world constraints, so it often answers from an omniscient or naïve observer rather than the targeted character. Across many items, lingering linguistic and pragmatic ambiguities mean the model’s reality‑tracking, conservative, or literal interpretations are sometimes partially defensible against rubric expectations."
"3","145","Xiao He finds a plastic bin in the classroom, the label on the bin is markers, Xiao He cannot see what is inside the bin, Xiao He opens the bin and finds chalk, there are no markers inside the bin, Xiao He closes the bin and puts it back in its place, Xiao Lin enters the classroom and sees the bin.","What should be inside the bin?","Markers","Chalk","Crayons","Tape","A","Taken together, these reasons portray a model that defaults to salience- and template-based heuristics—classic false-belief scripts, label‑equals‑contents, last‑mentioned item, or literal similes—instead of flexibly tracking the narrative. It repeatedly misidentifies whose perspective is relevant, collapses distinctions between reality and multiple nested belief states, and neglects how agents’ knowledge changes with perception or world constraints, so it often answers from an omniscient or naïve observer rather than the targeted character. Across many items, lingering linguistic and pragmatic ambiguities mean the model’s reality‑tracking, conservative, or literal interpretations are sometimes partially defensible against rubric expectations."
"3","146","Xiao Ning finds a metal tin in the kitchen, the label on the tin is tea, Xiao Ning cannot see what is inside the tin, Xiao Ning opens the tin and finds coffee beans, there is no tea inside the tin, Xiao Ning closes the tin and puts it back in its place, Xiao Jun enters the kitchen and sees the tin.","What should be inside the tin?","Tea","Coffee beans","Candy","Spices","A","Taken together, these reasons portray a model that defaults to salience- and template-based heuristics—classic false-belief scripts, label‑equals‑contents, last‑mentioned item, or literal similes—instead of flexibly tracking the narrative. It repeatedly misidentifies whose perspective is relevant, collapses distinctions between reality and multiple nested belief states, and neglects how agents’ knowledge changes with perception or world constraints, so it often answers from an omniscient or naïve observer rather than the targeted character. Across many items, lingering linguistic and pragmatic ambiguities mean the model’s reality‑tracking, conservative, or literal interpretations are sometimes partially defensible against rubric expectations."
"3","147","Xiao Tao finds a cardboard box in the warehouse, the label on the box is bolts, Xiao Tao cannot see what is inside the box, Xiao Tao opens the box and finds washers, there are no bolts inside the box, Xiao Tao closes the box and puts it back in its place, Xiao Rui enters the warehouse and sees the box.","What should be inside the box?","Screws","Bolts","Washers","Glue","B","Taken together, these reasons portray a model that defaults to salience- and template-based heuristics—classic false-belief scripts, label‑equals‑contents, last‑mentioned item, or literal similes—instead of flexibly tracking the narrative. It repeatedly misidentifies whose perspective is relevant, collapses distinctions between reality and multiple nested belief states, and neglects how agents’ knowledge changes with perception or world constraints, so it often answers from an omniscient or naïve observer rather than the targeted character. Across many items, lingering linguistic and pragmatic ambiguities mean the model’s reality‑tracking, conservative, or literal interpretations are sometimes partially defensible against rubric expectations."
"3","148","Xiao Na finds a drawer in the clinic, the label on the drawer is bandages, Xiao Na cannot see what is inside the drawer, Xiao Na opens the drawer and finds scissors, there are no bandages inside the drawer, Xiao Na closes the drawer and puts it back in its place, Xiao Tian enters the clinic and sees the drawer.","What should be inside the drawer?","Bandages","Scissors","Syringes","Gauze","A","Taken together, these reasons portray a model that defaults to salience- and template-based heuristics—classic false-belief scripts, label‑equals‑contents, last‑mentioned item, or literal similes—instead of flexibly tracking the narrative. It repeatedly misidentifies whose perspective is relevant, collapses distinctions between reality and multiple nested belief states, and neglects how agents’ knowledge changes with perception or world constraints, so it often answers from an omniscient or naïve observer rather than the targeted character. Across many items, lingering linguistic and pragmatic ambiguities mean the model’s reality‑tracking, conservative, or literal interpretations are sometimes partially defensible against rubric expectations."
"3","149","Xiao Wei finds a black case in the music studio, the label on the case is microphones, Xiao Wei cannot see what is inside the case, Xiao Wei opens the case and finds cables, there are no microphones inside the case, Xiao Wei closes the case and puts it back in its place, Xiao Ping enters the studio and sees the case.","What should be inside the case?","Stands","Cables","Microphones","Drums","C","Taken together, these reasons portray a model that defaults to salience- and template-based heuristics—classic false-belief scripts, label‑equals‑contents, last‑mentioned item, or literal similes—instead of flexibly tracking the narrative. It repeatedly misidentifies whose perspective is relevant, collapses distinctions between reality and multiple nested belief states, and neglects how agents’ knowledge changes with perception or world constraints, so it often answers from an omniscient or naïve observer rather than the targeted character. Across many items, lingering linguistic and pragmatic ambiguities mean the model’s reality‑tracking, conservative, or literal interpretations are sometimes partially defensible against rubric expectations."
"3","150","Leah finds a jar in the kitchen, the label on the jar is sugar, Leah cannot see what is inside the jar, Leah opens the jar and finds rice, there is no sugar in the jar, Leah closes the jar and puts it back in its place, Omar enters the kitchen and sees the jar.","What should be inside the jar?","Rice","Tea","Sugar","Salt","C","Taken together, these reasons portray a model that defaults to salience- and template-based heuristics—classic false-belief scripts, label‑equals‑contents, last‑mentioned item, or literal similes—instead of flexibly tracking the narrative. It repeatedly misidentifies whose perspective is relevant, collapses distinctions between reality and multiple nested belief states, and neglects how agents’ knowledge changes with perception or world constraints, so it often answers from an omniscient or naïve observer rather than the targeted character. Across many items, lingering linguistic and pragmatic ambiguities mean the model’s reality‑tracking, conservative, or literal interpretations are sometimes partially defensible against rubric expectations."
"3","151","Diego finds a locker in the gym, the label on the locker is helmets, Diego cannot see what is inside the locker, Diego opens the locker and finds a basketball, there are no helmets in the locker, Diego closes the locker and leaves it, Mia enters the gym and sees the locker.","What should be inside the locker?","Basketball","Helmets","Towel","Skates","B","Taken together, these reasons portray a model that defaults to salience- and template-based heuristics—classic false-belief scripts, label‑equals‑contents, last‑mentioned item, or literal similes—instead of flexibly tracking the narrative. It repeatedly misidentifies whose perspective is relevant, collapses distinctions between reality and multiple nested belief states, and neglects how agents’ knowledge changes with perception or world constraints, so it often answers from an omniscient or naïve observer rather than the targeted character. Across many items, lingering linguistic and pragmatic ambiguities mean the model’s reality‑tracking, conservative, or literal interpretations are sometimes partially defensible against rubric expectations."
"3","152","Sara finds an envelope on the office table, the label on the envelope is invoices, Sara cannot see what is inside the envelope, Sara opens the envelope and finds photos, there are no invoices in the envelope, Sara seals the envelope and puts it back, Ken enters the office and sees the envelope.","What should be inside the envelope?","Photos","Letters","Invoices","Stamps","C","Taken together, these reasons portray a model that defaults to salience- and template-based heuristics—classic false-belief scripts, label‑equals‑contents, last‑mentioned item, or literal similes—instead of flexibly tracking the narrative. It repeatedly misidentifies whose perspective is relevant, collapses distinctions between reality and multiple nested belief states, and neglects how agents’ knowledge changes with perception or world constraints, so it often answers from an omniscient or naïve observer rather than the targeted character. Across many items, lingering linguistic and pragmatic ambiguities mean the model’s reality‑tracking, conservative, or literal interpretations are sometimes partially defensible against rubric expectations."
"3","153","Jin finds a crate in the warehouse, the label on the crate is apples, Jin cannot see what is inside the crate, Jin opens the crate and finds wrenches, there are no apples in the crate, Jin closes the crate and stacks it back, Lila enters the warehouse and sees the crate.","What should be inside the crate?","Apples","Wrenches","Bottles","Books","A","Taken together, these reasons portray a model that defaults to salience- and template-based heuristics—classic false-belief scripts, label‑equals‑contents, last‑mentioned item, or literal similes—instead of flexibly tracking the narrative. It repeatedly misidentifies whose perspective is relevant, collapses distinctions between reality and multiple nested belief states, and neglects how agents’ knowledge changes with perception or world constraints, so it often answers from an omniscient or naïve observer rather than the targeted character. Across many items, lingering linguistic and pragmatic ambiguities mean the model’s reality‑tracking, conservative, or literal interpretations are sometimes partially defensible against rubric expectations."
"3","154","Noah finds a bottle in the bathroom cabinet, the label on the bottle is vitamin C, Noah cannot see what is inside the bottle, Noah opens the bottle and finds marbles, there is no vitamin C in the bottle, Noah closes the bottle and puts it back, Priya enters the bathroom and sees the bottle.","What should be inside the bottle?","Candy","Marbles","Vitamin C tablets","Coins","C","Taken together, these reasons portray a model that defaults to salience- and template-based heuristics—classic false-belief scripts, label‑equals‑contents, last‑mentioned item, or literal similes—instead of flexibly tracking the narrative. It repeatedly misidentifies whose perspective is relevant, collapses distinctions between reality and multiple nested belief states, and neglects how agents’ knowledge changes with perception or world constraints, so it often answers from an omniscient or naïve observer rather than the targeted character. Across many items, lingering linguistic and pragmatic ambiguities mean the model’s reality‑tracking, conservative, or literal interpretations are sometimes partially defensible against rubric expectations."
"3","155","Ana finds a folder on the classroom desk, the label on the folder is math homework, Ana cannot see what is inside the folder, Ana opens the folder and finds an art project, there is no math homework in the folder, Ana closes the folder and leaves it on the desk, Tom enters the classroom and sees the folder.","What should be inside the folder?","Art project","Math homework","Class schedule","Notebook","B","Taken together, these reasons portray a model that defaults to salience- and template-based heuristics—classic false-belief scripts, label‑equals‑contents, last‑mentioned item, or literal similes—instead of flexibly tracking the narrative. It repeatedly misidentifies whose perspective is relevant, collapses distinctions between reality and multiple nested belief states, and neglects how agents’ knowledge changes with perception or world constraints, so it often answers from an omniscient or naïve observer rather than the targeted character. Across many items, lingering linguistic and pragmatic ambiguities mean the model’s reality‑tracking, conservative, or literal interpretations are sometimes partially defensible against rubric expectations."
"3","156","Marcus finds a box in the closet, the label on the box is shoes, Marcus cannot see what is inside the box, Marcus opens the box and finds pillows, there are no shoes in the box, Marcus closes the box and slides it back, Eva enters the closet and sees the box.","What should be inside the box?","Socks","Shoes","Pillows","Hats","B","Taken together, these reasons portray a model that defaults to salience- and template-based heuristics—classic false-belief scripts, label‑equals‑contents, last‑mentioned item, or literal similes—instead of flexibly tracking the narrative. It repeatedly misidentifies whose perspective is relevant, collapses distinctions between reality and multiple nested belief states, and neglects how agents’ knowledge changes with perception or world constraints, so it often answers from an omniscient or naïve observer rather than the targeted character. Across many items, lingering linguistic and pragmatic ambiguities mean the model’s reality‑tracking, conservative, or literal interpretations are sometimes partially defensible against rubric expectations."
"3","157","Yuki finds a suitcase under the bed, the label on the suitcase is winter clothes, Yuki cannot see what is inside the suitcase, Yuki opens the suitcase and finds books, there are no winter clothes in the suitcase, Yuki closes the suitcase and pushes it back, Pavel enters the room and sees the suitcase.","What should be inside the suitcase?","Winter clothes","Books","Camera","Towels","A","Taken together, these reasons portray a model that defaults to salience- and template-based heuristics—classic false-belief scripts, label‑equals‑contents, last‑mentioned item, or literal similes—instead of flexibly tracking the narrative. It repeatedly misidentifies whose perspective is relevant, collapses distinctions between reality and multiple nested belief states, and neglects how agents’ knowledge changes with perception or world constraints, so it often answers from an omniscient or naïve observer rather than the targeted character. Across many items, lingering linguistic and pragmatic ambiguities mean the model’s reality‑tracking, conservative, or literal interpretations are sometimes partially defensible against rubric expectations."
"3","158","Nora finds a container in the pantry, the label on the container is flour, Nora cannot see what is inside the container, Nora opens the container and finds sugar, there is no flour in the container, Nora closes the container and returns it to the shelf, Leo enters the pantry and sees the container.","What should be inside the container?","Flour","Sugar","Rice","Coffee","A","Taken together, these reasons portray a model that defaults to salience- and template-based heuristics—classic false-belief scripts, label‑equals‑contents, last‑mentioned item, or literal similes—instead of flexibly tracking the narrative. It repeatedly misidentifies whose perspective is relevant, collapses distinctions between reality and multiple nested belief states, and neglects how agents’ knowledge changes with perception or world constraints, so it often answers from an omniscient or naïve observer rather than the targeted character. Across many items, lingering linguistic and pragmatic ambiguities mean the model’s reality‑tracking, conservative, or literal interpretations are sometimes partially defensible against rubric expectations."
"3","159","Lina finds a bin in the hallway, the label on the bin is glass, Lina cannot see what is inside the bin, Lina opens the bin and finds plastic bottles, there is no glass in the bin, Lina closes the bin and leaves it where it was, Marco enters the hallway and sees the bin.","What should be inside the bin?","Paper","Plastic bottles","Glass","Cans","C","Taken together, these reasons portray a model that defaults to salience- and template-based heuristics—classic false-belief scripts, label‑equals‑contents, last‑mentioned item, or literal similes—instead of flexibly tracking the narrative. It repeatedly misidentifies whose perspective is relevant, collapses distinctions between reality and multiple nested belief states, and neglects how agents’ knowledge changes with perception or world constraints, so it often answers from an omniscient or naïve observer rather than the targeted character. Across many items, lingering linguistic and pragmatic ambiguities mean the model’s reality‑tracking, conservative, or literal interpretations are sometimes partially defensible against rubric expectations."
"3","160","Mei finds a jar in the kitchen pantry, the label on the jar is sugar, Mei cannot see what is inside the jar, Mei opens the jar and finds salt, there is no sugar in the jar, Mei closes the jar and puts it back on the shelf, Jin enters the kitchen and sees the jar.","What should be inside the jar?","Sugar","Salt","Tea leaves","Rice","A","Taken together, these reasons portray a model that defaults to salience- and template-based heuristics—classic false-belief scripts, label‑equals‑contents, last‑mentioned item, or literal similes—instead of flexibly tracking the narrative. It repeatedly misidentifies whose perspective is relevant, collapses distinctions between reality and multiple nested belief states, and neglects how agents’ knowledge changes with perception or world constraints, so it often answers from an omniscient or naïve observer rather than the targeted character. Across many items, lingering linguistic and pragmatic ambiguities mean the model’s reality‑tracking, conservative, or literal interpretations are sometimes partially defensible against rubric expectations."
"3","161","Arjun finds a locker in the school hallway, the label on the locker is gloves, Arjun cannot see what is inside the locker, Arjun opens the locker and finds textbooks, there are no gloves in the locker, Arjun closes the locker and walks away, Priya enters the hallway and sees the locker.","What should be inside the locker?","Notebooks","Gloves","Textbooks","Shoes","B","Taken together, these reasons portray a model that defaults to salience- and template-based heuristics—classic false-belief scripts, label‑equals‑contents, last‑mentioned item, or literal similes—instead of flexibly tracking the narrative. It repeatedly misidentifies whose perspective is relevant, collapses distinctions between reality and multiple nested belief states, and neglects how agents’ knowledge changes with perception or world constraints, so it often answers from an omniscient or naïve observer rather than the targeted character. Across many items, lingering linguistic and pragmatic ambiguities mean the model’s reality‑tracking, conservative, or literal interpretations are sometimes partially defensible against rubric expectations."
"3","162","Olga finds a toolbox in the workshop, the label on the toolbox is nails, Olga cannot see what is inside the toolbox, Olga opens the toolbox and finds a tape measure, there are no nails in the toolbox, Olga closes the toolbox and puts it back under the bench, Mateo enters the workshop and sees the toolbox.","What should be inside the toolbox?","Hammer","Nails","Tape measure","Sandpaper","B","Taken together, these reasons portray a model that defaults to salience- and template-based heuristics—classic false-belief scripts, label‑equals‑contents, last‑mentioned item, or literal similes—instead of flexibly tracking the narrative. It repeatedly misidentifies whose perspective is relevant, collapses distinctions between reality and multiple nested belief states, and neglects how agents’ knowledge changes with perception or world constraints, so it often answers from an omniscient or naïve observer rather than the targeted character. Across many items, lingering linguistic and pragmatic ambiguities mean the model’s reality‑tracking, conservative, or literal interpretations are sometimes partially defensible against rubric expectations."
"3","163","Luis finds a desk drawer in the office, the label on the drawer is pens, Luis cannot see what is inside the drawer, Luis opens the drawer and finds scissors, there are no pens in the drawer, Luis closes the drawer and leaves it as it was, Hana enters the office and sees the drawer.","What should be inside the drawer?","Scissors","Pens","Folders","Sticky notes","B","Taken together, these reasons portray a model that defaults to salience- and template-based heuristics—classic false-belief scripts, label‑equals‑contents, last‑mentioned item, or literal similes—instead of flexibly tracking the narrative. It repeatedly misidentifies whose perspective is relevant, collapses distinctions between reality and multiple nested belief states, and neglects how agents’ knowledge changes with perception or world constraints, so it often answers from an omniscient or naïve observer rather than the targeted character. Across many items, lingering linguistic and pragmatic ambiguities mean the model’s reality‑tracking, conservative, or literal interpretations are sometimes partially defensible against rubric expectations."
"3","164","Nia finds a refrigerator drawer in the dorm kitchen, the label on the drawer is vegetables, Nia cannot see what is inside the drawer, Nia opens the drawer and finds soda cans, there are no vegetables in the drawer, Nia closes the drawer and pushes it back, Omar enters the kitchen and sees the drawer.","What should be inside the drawer?","Vegetables","Soda cans","Ice cream","Butter","A","Taken together, these reasons portray a model that defaults to salience- and template-based heuristics—classic false-belief scripts, label‑equals‑contents, last‑mentioned item, or literal similes—instead of flexibly tracking the narrative. It repeatedly misidentifies whose perspective is relevant, collapses distinctions between reality and multiple nested belief states, and neglects how agents’ knowledge changes with perception or world constraints, so it often answers from an omniscient or naïve observer rather than the targeted character. Across many items, lingering linguistic and pragmatic ambiguities mean the model’s reality‑tracking, conservative, or literal interpretations are sometimes partially defensible against rubric expectations."
"3","165","Sara finds a bathroom cabinet, the label on the cabinet is bandages, Sara cannot see what is inside the cabinet, Sara opens the cabinet and finds cookies, there are no bandages in the cabinet, Sara closes the cabinet and leaves, Tom enters the bathroom and sees the cabinet.","What should be inside the cabinet?","Vitamins","Bandages","Cookies","Soap","B","Taken together, these reasons portray a model that defaults to salience- and template-based heuristics—classic false-belief scripts, label‑equals‑contents, last‑mentioned item, or literal similes—instead of flexibly tracking the narrative. It repeatedly misidentifies whose perspective is relevant, collapses distinctions between reality and multiple nested belief states, and neglects how agents’ knowledge changes with perception or world constraints, so it often answers from an omniscient or naïve observer rather than the targeted character. Across many items, lingering linguistic and pragmatic ambiguities mean the model’s reality‑tracking, conservative, or literal interpretations are sometimes partially defensible against rubric expectations."
"3","166","Pavel finds a wooden crate in the museum storage room, the label on the crate is fossils, Pavel cannot see what is inside the crate, Pavel opens the crate and finds umbrellas, there are no fossils in the crate, Pavel closes the crate and stacks it back, Lina enters the storage room and sees the crate.","What should be inside the crate?","Fossils","Umbrellas","Paintings","Brochures","A","Taken together, these reasons portray a model that defaults to salience- and template-based heuristics—classic false-belief scripts, label‑equals‑contents, last‑mentioned item, or literal similes—instead of flexibly tracking the narrative. It repeatedly misidentifies whose perspective is relevant, collapses distinctions between reality and multiple nested belief states, and neglects how agents’ knowledge changes with perception or world constraints, so it often answers from an omniscient or naïve observer rather than the targeted character. Across many items, lingering linguistic and pragmatic ambiguities mean the model’s reality‑tracking, conservative, or literal interpretations are sometimes partially defensible against rubric expectations."
"3","167","Aya finds a cubby at the gym, the label on the cubby is towels, Aya cannot see what is inside the cubby, Aya opens the cubby and finds water bottles, there are no towels in the cubby, Aya closes the cubby and returns to her workout, Noor enters the gym and sees the cubby.","What should be inside the cubby?","Towels","Water bottles","Sneakers","Jump ropes","A","Taken together, these reasons portray a model that defaults to salience- and template-based heuristics—classic false-belief scripts, label‑equals‑contents, last‑mentioned item, or literal similes—instead of flexibly tracking the narrative. It repeatedly misidentifies whose perspective is relevant, collapses distinctions between reality and multiple nested belief states, and neglects how agents’ knowledge changes with perception or world constraints, so it often answers from an omniscient or naïve observer rather than the targeted character. Across many items, lingering linguistic and pragmatic ambiguities mean the model’s reality‑tracking, conservative, or literal interpretations are sometimes partially defensible against rubric expectations."
"3","168","Chen finds a cardboard box in the library office, the label on the box is maps, Chen cannot see what is inside the box, Chen opens the box and finds headphones, there are no maps in the box, Chen closes the box and slides it back under the table, Eva enters the office and sees the box.","What should be inside the box?","Headphones","Maps","Magazines","Stamps","B","Taken together, these reasons portray a model that defaults to salience- and template-based heuristics—classic false-belief scripts, label‑equals‑contents, last‑mentioned item, or literal similes—instead of flexibly tracking the narrative. It repeatedly misidentifies whose perspective is relevant, collapses distinctions between reality and multiple nested belief states, and neglects how agents’ knowledge changes with perception or world constraints, so it often answers from an omniscient or naïve observer rather than the targeted character. Across many items, lingering linguistic and pragmatic ambiguities mean the model’s reality‑tracking, conservative, or literal interpretations are sometimes partially defensible against rubric expectations."
"3","169","Zoe finds a plastic bin in the garden shed, the label on the bin is seeds, Zoe cannot see what is inside the bin, Zoe opens the bin and finds paint cans, there are no seeds in the bin, Zoe closes the bin and puts it back by the wall, Amir enters the shed and sees the bin.","What should be inside the bin?","Soil","Paint cans","Seeds","Gardening gloves","C","Taken together, these reasons portray a model that defaults to salience- and template-based heuristics—classic false-belief scripts, label‑equals‑contents, last‑mentioned item, or literal similes—instead of flexibly tracking the narrative. It repeatedly misidentifies whose perspective is relevant, collapses distinctions between reality and multiple nested belief states, and neglects how agents’ knowledge changes with perception or world constraints, so it often answers from an omniscient or naïve observer rather than the targeted character. Across many items, lingering linguistic and pragmatic ambiguities mean the model’s reality‑tracking, conservative, or literal interpretations are sometimes partially defensible against rubric expectations."
"3","170","Lin finds a small bin in the workshop, the label on the bin is screws, Lin cannot see what is inside the bin, Lin opens the bin and finds a tape measure, there are no screws in the bin, Lin closes the bin and puts it back on the shelf, Hao enters the workshop and sees the bin.","What should be inside the bin?","Screws","Tape measure","Sandpaper","Nails","A","Taken together, these reasons portray a model that defaults to salience- and template-based heuristics—classic false-belief scripts, label‑equals‑contents, last‑mentioned item, or literal similes—instead of flexibly tracking the narrative. It repeatedly misidentifies whose perspective is relevant, collapses distinctions between reality and multiple nested belief states, and neglects how agents’ knowledge changes with perception or world constraints, so it often answers from an omniscient or naïve observer rather than the targeted character. Across many items, lingering linguistic and pragmatic ambiguities mean the model’s reality‑tracking, conservative, or literal interpretations are sometimes partially defensible against rubric expectations."
"3","171","Anna finds a glass jar in the pantry, the label on the jar is sugar, Anna cannot see what is inside the jar, Anna opens the jar and finds rice, there is no sugar in the jar, Anna closes the jar and puts it back, Ben enters the pantry and sees the jar.","What should be inside the jar?","Rice","Sugar","Salt","Tea leaves","B","Taken together, these reasons portray a model that defaults to salience- and template-based heuristics—classic false-belief scripts, label‑equals‑contents, last‑mentioned item, or literal similes—instead of flexibly tracking the narrative. It repeatedly misidentifies whose perspective is relevant, collapses distinctions between reality and multiple nested belief states, and neglects how agents’ knowledge changes with perception or world constraints, so it often answers from an omniscient or naïve observer rather than the targeted character. Across many items, lingering linguistic and pragmatic ambiguities mean the model’s reality‑tracking, conservative, or literal interpretations are sometimes partially defensible against rubric expectations."
"3","172","Ravi finds a briefcase in the office storage room, the tag on the briefcase says documents, Ravi cannot see what is inside the briefcase, Ravi opens the briefcase and finds snacks, there are no documents in the briefcase, Ravi closes the briefcase and puts it back, Priya enters the storage room and sees the briefcase.","What should be inside the briefcase?","Pen","Charger","Documents","Snacks","C","Taken together, these reasons portray a model that defaults to salience- and template-based heuristics—classic false-belief scripts, label‑equals‑contents, last‑mentioned item, or literal similes—instead of flexibly tracking the narrative. It repeatedly misidentifies whose perspective is relevant, collapses distinctions between reality and multiple nested belief states, and neglects how agents’ knowledge changes with perception or world constraints, so it often answers from an omniscient or naïve observer rather than the targeted character. Across many items, lingering linguistic and pragmatic ambiguities mean the model’s reality‑tracking, conservative, or literal interpretations are sometimes partially defensible against rubric expectations."
"3","173","Maya finds a shoebox in the living room cabinet, the label on the shoebox is photos, Maya cannot see what is inside the shoebox, Maya opens the shoebox and finds a scarf, there are no photos in the shoebox, Maya closes the shoebox and slides it back, Leo enters the living room and sees the shoebox.","What should be inside the shoebox?","Scarf","Gloves","Letters","Photos","D","Taken together, these reasons portray a model that defaults to salience- and template-based heuristics—classic false-belief scripts, label‑equals‑contents, last‑mentioned item, or literal similes—instead of flexibly tracking the narrative. It repeatedly misidentifies whose perspective is relevant, collapses distinctions between reality and multiple nested belief states, and neglects how agents’ knowledge changes with perception or world constraints, so it often answers from an omniscient or naïve observer rather than the targeted character. Across many items, lingering linguistic and pragmatic ambiguities mean the model’s reality‑tracking, conservative, or literal interpretations are sometimes partially defensible against rubric expectations."
"3","174","Owen finds a small drawer in the clinic, the label on the drawer is bandages, Owen cannot see what is inside the drawer, Owen opens the drawer and finds a thermometer, there are no bandages in the drawer, Owen closes the drawer and leaves it, Nora enters the clinic and sees the drawer.","What should be inside the drawer?","Bandages","Thermometer","Tweezers","Tape","A","Taken together, these reasons portray a model that defaults to salience- and template-based heuristics—classic false-belief scripts, label‑equals‑contents, last‑mentioned item, or literal similes—instead of flexibly tracking the narrative. It repeatedly misidentifies whose perspective is relevant, collapses distinctions between reality and multiple nested belief states, and neglects how agents’ knowledge changes with perception or world constraints, so it often answers from an omniscient or naïve observer rather than the targeted character. Across many items, lingering linguistic and pragmatic ambiguities mean the model’s reality‑tracking, conservative, or literal interpretations are sometimes partially defensible against rubric expectations."
"3","175","Sara finds a plastic bin in the hall closet, the label on the bin is umbrellas, Sara cannot see what is inside the bin, Sara opens the bin and finds a vacuum hose, there are no umbrellas in the bin, Sara closes the bin and returns it to the closet, Tom enters the hall and sees the bin.","What should be inside the bin?","Raincoat","Umbrellas","Vacuum hose","Boots","B","Taken together, these reasons portray a model that defaults to salience- and template-based heuristics—classic false-belief scripts, label‑equals‑contents, last‑mentioned item, or literal similes—instead of flexibly tracking the narrative. It repeatedly misidentifies whose perspective is relevant, collapses distinctions between reality and multiple nested belief states, and neglects how agents’ knowledge changes with perception or world constraints, so it often answers from an omniscient or naïve observer rather than the targeted character. Across many items, lingering linguistic and pragmatic ambiguities mean the model’s reality‑tracking, conservative, or literal interpretations are sometimes partially defensible against rubric expectations."
"3","176","Diego finds a closed locker at the gym, the label on the locker is balls, Diego cannot see what is inside the locker, Diego opens the locker and finds a jump rope, there are no balls in the locker, Diego closes the locker and walks away, Lina enters the gym and sees the locker.","What should be inside the locker?","Water bottles","Towels","Balls","Jump rope","C","Taken together, these reasons portray a model that defaults to salience- and template-based heuristics—classic false-belief scripts, label‑equals‑contents, last‑mentioned item, or literal similes—instead of flexibly tracking the narrative. It repeatedly misidentifies whose perspective is relevant, collapses distinctions between reality and multiple nested belief states, and neglects how agents’ knowledge changes with perception or world constraints, so it often answers from an omniscient or naïve observer rather than the targeted character. Across many items, lingering linguistic and pragmatic ambiguities mean the model’s reality‑tracking, conservative, or literal interpretations are sometimes partially defensible against rubric expectations."
"3","177","Yuki finds a supply drawer in the classroom, the label on the drawer is markers, Yuki cannot see what is inside the drawer, Yuki opens the drawer and finds sticks of chalk, there are no markers in the drawer, Yuki closes the drawer and pushes it in, Ken enters the classroom and sees the drawer.","What should be inside the drawer?","Erasers","Chalk","Crayons","Markers","D","Taken together, these reasons portray a model that defaults to salience- and template-based heuristics—classic false-belief scripts, label‑equals‑contents, last‑mentioned item, or literal similes—instead of flexibly tracking the narrative. It repeatedly misidentifies whose perspective is relevant, collapses distinctions between reality and multiple nested belief states, and neglects how agents’ knowledge changes with perception or world constraints, so it often answers from an omniscient or naïve observer rather than the targeted character. Across many items, lingering linguistic and pragmatic ambiguities mean the model’s reality‑tracking, conservative, or literal interpretations are sometimes partially defensible against rubric expectations."
"3","178","Zara finds a large envelope on the desk, the label on the envelope is tickets, Zara cannot see what is inside the envelope, Zara opens the envelope and finds coins, there are no tickets in the envelope, Zara seals the envelope and puts it back, Omar enters the room and sees the envelope.","What should be inside the envelope?","Tickets","Coins","Receipts","Stamps","A","Taken together, these reasons portray a model that defaults to salience- and template-based heuristics—classic false-belief scripts, label‑equals‑contents, last‑mentioned item, or literal similes—instead of flexibly tracking the narrative. It repeatedly misidentifies whose perspective is relevant, collapses distinctions between reality and multiple nested belief states, and neglects how agents’ knowledge changes with perception or world constraints, so it often answers from an omniscient or naïve observer rather than the targeted character. Across many items, lingering linguistic and pragmatic ambiguities mean the model’s reality‑tracking, conservative, or literal interpretations are sometimes partially defensible against rubric expectations."
"3","179","Noah finds a drawer in the refrigerator, the label on the drawer is vegetables, Noah cannot see what is inside the drawer, Noah opens the drawer and finds soda cans, there are no vegetables in the drawer, Noah closes the drawer and leaves it, Ava enters the kitchen and sees the drawer.","What should be inside the drawer?","Cheese","Vegetables","Soda cans","Fruit juice","B","Taken together, these reasons portray a model that defaults to salience- and template-based heuristics—classic false-belief scripts, label‑equals‑contents, last‑mentioned item, or literal similes—instead of flexibly tracking the narrative. It repeatedly misidentifies whose perspective is relevant, collapses distinctions between reality and multiple nested belief states, and neglects how agents’ knowledge changes with perception or world constraints, so it often answers from an omniscient or naïve observer rather than the targeted character. Across many items, lingering linguistic and pragmatic ambiguities mean the model’s reality‑tracking, conservative, or literal interpretations are sometimes partially defensible against rubric expectations."
"3","180","Lina finds a glass jar on the kitchen counter, the label on the jar is tea, Lina cannot see what is inside the jar, Lina opens the jar and finds marbles, there is no tea inside the jar, Lina closes the jar and puts it back in its place, Marco enters the kitchen and sees the jar.","What should be inside the jar?","Tea","Marbles","Sugar","Rice","A","Taken together, these reasons portray a model that defaults to salience- and template-based heuristics—classic false-belief scripts, label‑equals‑contents, last‑mentioned item, or literal similes—instead of flexibly tracking the narrative. It repeatedly misidentifies whose perspective is relevant, collapses distinctions between reality and multiple nested belief states, and neglects how agents’ knowledge changes with perception or world constraints, so it often answers from an omniscient or naïve observer rather than the targeted character. Across many items, lingering linguistic and pragmatic ambiguities mean the model’s reality‑tracking, conservative, or literal interpretations are sometimes partially defensible against rubric expectations."
"3","181","Ravi finds a metal mailbox by the apartment door, the label on the mailbox is letters, Ravi cannot see what is inside the mailbox, Ravi opens the mailbox and finds two sandwiches, there are no letters inside the mailbox, Ravi closes the mailbox and leaves it, Mei enters the hallway and sees the mailbox.","What should be inside the mailbox?","Magazines","Letters","Sandwiches","Keys","B","Taken together, these reasons portray a model that defaults to salience- and template-based heuristics—classic false-belief scripts, label‑equals‑contents, last‑mentioned item, or literal similes—instead of flexibly tracking the narrative. It repeatedly misidentifies whose perspective is relevant, collapses distinctions between reality and multiple nested belief states, and neglects how agents’ knowledge changes with perception or world constraints, so it often answers from an omniscient or naïve observer rather than the targeted character. Across many items, lingering linguistic and pragmatic ambiguities mean the model’s reality‑tracking, conservative, or literal interpretations are sometimes partially defensible against rubric expectations."
"3","182","Ana finds a plastic storage bin in the attic, the label on the bin is winter hats, Ana cannot see what is inside the bin, Ana opens the bin and finds a soccer ball, there are no winter hats inside the bin, Ana closes the bin and pushes it back under the shelf, Diego climbs into the attic and sees the bin.","What should be inside the bin?","Scarves","Soccer ball","Winter hats","Books","C","Taken together, these reasons portray a model that defaults to salience- and template-based heuristics—classic false-belief scripts, label‑equals‑contents, last‑mentioned item, or literal similes—instead of flexibly tracking the narrative. It repeatedly misidentifies whose perspective is relevant, collapses distinctions between reality and multiple nested belief states, and neglects how agents’ knowledge changes with perception or world constraints, so it often answers from an omniscient or naïve observer rather than the targeted character. Across many items, lingering linguistic and pragmatic ambiguities mean the model’s reality‑tracking, conservative, or literal interpretations are sometimes partially defensible against rubric expectations."
"3","183","Yuki finds a brown medicine bottle on the bathroom shelf, the label on the bottle is vitamins, Yuki cannot see what is inside the bottle, Yuki opens the bottle and finds jelly beans, there are no vitamins inside the bottle, Yuki closes the bottle and puts it back where it was, Hana enters the bathroom and sees the bottle.","What should be inside the bottle?","Jelly beans","Cotton swabs","Vitamins","Shampoo","C","Taken together, these reasons portray a model that defaults to salience- and template-based heuristics—classic false-belief scripts, label‑equals‑contents, last‑mentioned item, or literal similes—instead of flexibly tracking the narrative. It repeatedly misidentifies whose perspective is relevant, collapses distinctions between reality and multiple nested belief states, and neglects how agents’ knowledge changes with perception or world constraints, so it often answers from an omniscient or naïve observer rather than the targeted character. Across many items, lingering linguistic and pragmatic ambiguities mean the model’s reality‑tracking, conservative, or literal interpretations are sometimes partially defensible against rubric expectations."
"3","184","Tom finds a manila folder on the office desk, the label on the folder is tax forms, Tom cannot see what is inside the folder, Tom opens the folder and finds postcards, there are no tax forms inside the folder, Tom closes the folder and leaves it on the desk, Priya enters the office and sees the folder.","What should be inside the folder?","Postcards","Tax forms","Sticky notes","Envelopes","B","Taken together, these reasons portray a model that defaults to salience- and template-based heuristics—classic false-belief scripts, label‑equals‑contents, last‑mentioned item, or literal similes—instead of flexibly tracking the narrative. It repeatedly misidentifies whose perspective is relevant, collapses distinctions between reality and multiple nested belief states, and neglects how agents’ knowledge changes with perception or world constraints, so it often answers from an omniscient or naïve observer rather than the targeted character. Across many items, lingering linguistic and pragmatic ambiguities mean the model’s reality‑tracking, conservative, or literal interpretations are sometimes partially defensible against rubric expectations."
"3","185","Serge finds a shoebox in the closet, the label on the box is photos, Serge cannot see what is inside the box, Serge opens the box and finds socks, there are no photos inside the box, Serge closes the box and slides it back onto the shelf, Alina walks into the closet and sees the box.","What should be inside the box?","Photos","Socks","Gloves","Sandals","A","Taken together, these reasons portray a model that defaults to salience- and template-based heuristics—classic false-belief scripts, label‑equals‑contents, last‑mentioned item, or literal similes—instead of flexibly tracking the narrative. It repeatedly misidentifies whose perspective is relevant, collapses distinctions between reality and multiple nested belief states, and neglects how agents’ knowledge changes with perception or world constraints, so it often answers from an omniscient or naïve observer rather than the targeted character. Across many items, lingering linguistic and pragmatic ambiguities mean the model’s reality‑tracking, conservative, or literal interpretations are sometimes partially defensible against rubric expectations."
"3","186","Fatima finds a drawer in the art room, the label on the drawer is brushes, Fatima cannot see what is inside the drawer, Fatima opens the drawer and finds a stapler, there are no brushes in the drawer, Fatima closes the drawer and steps away, Omar enters the art room and sees the drawer.","What should be inside the drawer?","Scissors","Stapler","Brushes","Tape","C","Taken together, these reasons portray a model that defaults to salience- and template-based heuristics—classic false-belief scripts, label‑equals‑contents, last‑mentioned item, or literal similes—instead of flexibly tracking the narrative. It repeatedly misidentifies whose perspective is relevant, collapses distinctions between reality and multiple nested belief states, and neglects how agents’ knowledge changes with perception or world constraints, so it often answers from an omniscient or naïve observer rather than the targeted character. Across many items, lingering linguistic and pragmatic ambiguities mean the model’s reality‑tracking, conservative, or literal interpretations are sometimes partially defensible against rubric expectations."
"3","187","Jonas finds a plastic container in the refrigerator, the label on the container is soup, Jonas cannot see what is inside the container, Jonas opens the container and finds keys, there is no soup inside the container, Jonas closes the container and puts it back on the shelf, Mira opens the fridge and sees the container.","What should be inside the container?","Salad","Keys","Yogurt","Soup","D","Taken together, these reasons portray a model that defaults to salience- and template-based heuristics—classic false-belief scripts, label‑equals‑contents, last‑mentioned item, or literal similes—instead of flexibly tracking the narrative. It repeatedly misidentifies whose perspective is relevant, collapses distinctions between reality and multiple nested belief states, and neglects how agents’ knowledge changes with perception or world constraints, so it often answers from an omniscient or naïve observer rather than the targeted character. Across many items, lingering linguistic and pragmatic ambiguities mean the model’s reality‑tracking, conservative, or literal interpretations are sometimes partially defensible against rubric expectations."
"3","188","Chen finds a red toolbox in the garage, the label on the toolbox is screws, Chen cannot see what is inside the toolbox, Chen opens the toolbox and finds a tape measure, there are no screws inside the toolbox, Chen closes the toolbox and returns it to the bench, Lila enters the garage and sees the toolbox.","What should be inside the toolbox?","Screws","Nails","Tape measure","Glue","A","Taken together, these reasons portray a model that defaults to salience- and template-based heuristics—classic false-belief scripts, label‑equals‑contents, last‑mentioned item, or literal similes—instead of flexibly tracking the narrative. It repeatedly misidentifies whose perspective is relevant, collapses distinctions between reality and multiple nested belief states, and neglects how agents’ knowledge changes with perception or world constraints, so it often answers from an omniscient or naïve observer rather than the targeted character. Across many items, lingering linguistic and pragmatic ambiguities mean the model’s reality‑tracking, conservative, or literal interpretations are sometimes partially defensible against rubric expectations."
"3","189","Eva finds a thick envelope on the hallway table, the label on the envelope is invitation, Eva cannot see what is inside the envelope, Eva opens the envelope and finds a folded map, there is no invitation inside the envelope, Eva seals the envelope and leaves it on the table, Mark comes in and sees the envelope.","What should be inside the envelope?","Receipt","Invitation","Map","Flyer","B","Taken together, these reasons portray a model that defaults to salience- and template-based heuristics—classic false-belief scripts, label‑equals‑contents, last‑mentioned item, or literal similes—instead of flexibly tracking the narrative. It repeatedly misidentifies whose perspective is relevant, collapses distinctions between reality and multiple nested belief states, and neglects how agents’ knowledge changes with perception or world constraints, so it often answers from an omniscient or naïve observer rather than the targeted character. Across many items, lingering linguistic and pragmatic ambiguities mean the model’s reality‑tracking, conservative, or literal interpretations are sometimes partially defensible against rubric expectations."
"3","190","Xiao Yan finds a jar in the pantry, the label on the jar is sugar, Xiao Yan cannot see what is inside the jar, Xiao Yan opens the jar and finds rice, there is no sugar inside the jar, Xiao Yan closes the jar and puts it back in its place, Xiao Peng enters the pantry and sees the jar.","What should be inside the jar?","Sugar","Rice","Tea","Salt","A","Taken together, these reasons portray a model that defaults to salience- and template-based heuristics—classic false-belief scripts, label‑equals‑contents, last‑mentioned item, or literal similes—instead of flexibly tracking the narrative. It repeatedly misidentifies whose perspective is relevant, collapses distinctions between reality and multiple nested belief states, and neglects how agents’ knowledge changes with perception or world constraints, so it often answers from an omniscient or naïve observer rather than the targeted character. Across many items, lingering linguistic and pragmatic ambiguities mean the model’s reality‑tracking, conservative, or literal interpretations are sometimes partially defensible against rubric expectations."
"3","191","Chen finds a toolbox in the garage, the label on the toolbox is pliers, Chen cannot see what is inside the toolbox, Chen opens the toolbox and finds a flashlight, there are no pliers inside the toolbox, Chen closes the toolbox and puts it back in its place, Hua enters the garage and sees the toolbox.","What should be inside the toolbox?","Hammer","Pliers","Flashlight","Rope","B","Taken together, these reasons portray a model that defaults to salience- and template-based heuristics—classic false-belief scripts, label‑equals‑contents, last‑mentioned item, or literal similes—instead of flexibly tracking the narrative. It repeatedly misidentifies whose perspective is relevant, collapses distinctions between reality and multiple nested belief states, and neglects how agents’ knowledge changes with perception or world constraints, so it often answers from an omniscient or naïve observer rather than the targeted character. Across many items, lingering linguistic and pragmatic ambiguities mean the model’s reality‑tracking, conservative, or literal interpretations are sometimes partially defensible against rubric expectations."
"3","192","Mei finds an envelope in the office, the label on the envelope is tickets, Mei cannot see what is inside the envelope, Mei opens the envelope and finds a map, there are no tickets inside the envelope, Mei closes the envelope and puts it back in its place, Rong enters the office and sees the envelope.","What should be inside the envelope?","Tickets","Map","Coins","Letter","A","Taken together, these reasons portray a model that defaults to salience- and template-based heuristics—classic false-belief scripts, label‑equals‑contents, last‑mentioned item, or literal similes—instead of flexibly tracking the narrative. It repeatedly misidentifies whose perspective is relevant, collapses distinctions between reality and multiple nested belief states, and neglects how agents’ knowledge changes with perception or world constraints, so it often answers from an omniscient or naïve observer rather than the targeted character. Across many items, lingering linguistic and pragmatic ambiguities mean the model’s reality‑tracking, conservative, or literal interpretations are sometimes partially defensible against rubric expectations."
"3","193","Qian finds a storage box in the attic, the label on the storage box is winter hats, Qian cannot see what is inside the storage box, Qian opens the storage box and finds towels, there are no winter hats inside the storage box, Qian closes the storage box and puts it back in its place, Tao enters the attic and sees the storage box.","What should be inside the storage box?","Towels","Gloves","Winter hats","Scarves","C","Taken together, these reasons portray a model that defaults to salience- and template-based heuristics—classic false-belief scripts, label‑equals‑contents, last‑mentioned item, or literal similes—instead of flexibly tracking the narrative. It repeatedly misidentifies whose perspective is relevant, collapses distinctions between reality and multiple nested belief states, and neglects how agents’ knowledge changes with perception or world constraints, so it often answers from an omniscient or naïve observer rather than the targeted character. Across many items, lingering linguistic and pragmatic ambiguities mean the model’s reality‑tracking, conservative, or literal interpretations are sometimes partially defensible against rubric expectations."
"3","194","Liang finds a folder on the laptop desktop, the label on the folder is invoices, Liang cannot see what is inside the folder, Liang opens the folder and finds photos, there are no invoices inside the folder, Liang closes the folder and leaves the desk, Qiao sits down and sees the folder.","What should be inside the folder?","Invoices","Photos","Songs","Notes","A","Taken together, these reasons portray a model that defaults to salience- and template-based heuristics—classic false-belief scripts, label‑equals‑contents, last‑mentioned item, or literal similes—instead of flexibly tracking the narrative. It repeatedly misidentifies whose perspective is relevant, collapses distinctions between reality and multiple nested belief states, and neglects how agents’ knowledge changes with perception or world constraints, so it often answers from an omniscient or naïve observer rather than the targeted character. Across many items, lingering linguistic and pragmatic ambiguities mean the model’s reality‑tracking, conservative, or literal interpretations are sometimes partially defensible against rubric expectations."
"3","195","Nina finds a plastic container in the break room, the label on the container is cookies, Nina cannot see what is inside the container, Nina opens the container and finds batteries, there are no cookies inside the container, Nina closes the container and puts it back in its place, Omar enters the break room and sees the container.","What should be inside the container?","Cookies","Batteries","Napkins","Pens","A","Taken together, these reasons portray a model that defaults to salience- and template-based heuristics—classic false-belief scripts, label‑equals‑contents, last‑mentioned item, or literal similes—instead of flexibly tracking the narrative. It repeatedly misidentifies whose perspective is relevant, collapses distinctions between reality and multiple nested belief states, and neglects how agents’ knowledge changes with perception or world constraints, so it often answers from an omniscient or naïve observer rather than the targeted character. Across many items, lingering linguistic and pragmatic ambiguities mean the model’s reality‑tracking, conservative, or literal interpretations are sometimes partially defensible against rubric expectations."
"3","196","Yuki finds a medicine bottle in the bathroom, the label on the bottle is vitamins, Yuki cannot see what is inside the bottle, Yuki opens the bottle and finds coins, there are no vitamins inside the bottle, Yuki closes the bottle and puts it back in its place, Hana enters the bathroom and sees the bottle.","What should be inside the bottle?","Coins","Candy","Vitamins","Pins","C","Taken together, these reasons portray a model that defaults to salience- and template-based heuristics—classic false-belief scripts, label‑equals‑contents, last‑mentioned item, or literal similes—instead of flexibly tracking the narrative. It repeatedly misidentifies whose perspective is relevant, collapses distinctions between reality and multiple nested belief states, and neglects how agents’ knowledge changes with perception or world constraints, so it often answers from an omniscient or naïve observer rather than the targeted character. Across many items, lingering linguistic and pragmatic ambiguities mean the model’s reality‑tracking, conservative, or literal interpretations are sometimes partially defensible against rubric expectations."
"3","197","Arun finds a crate in the market storeroom, the label on the crate is apples, Arun cannot see what is inside the crate, Arun opens the crate and finds books, there are no apples inside the crate, Arun closes the crate and puts it back in its place, Jia enters the storeroom and sees the crate.","What should be inside the crate?","Apples","Oranges","Books","Onions","A","Taken together, these reasons portray a model that defaults to salience- and template-based heuristics—classic false-belief scripts, label‑equals‑contents, last‑mentioned item, or literal similes—instead of flexibly tracking the narrative. It repeatedly misidentifies whose perspective is relevant, collapses distinctions between reality and multiple nested belief states, and neglects how agents’ knowledge changes with perception or world constraints, so it often answers from an omniscient or naïve observer rather than the targeted character. Across many items, lingering linguistic and pragmatic ambiguities mean the model’s reality‑tracking, conservative, or literal interpretations are sometimes partially defensible against rubric expectations."
"3","198","Lina finds a binder in the classroom, the label on the binder is tests, Lina cannot see what is inside the binder, Lina opens the binder and finds blank paper, there are no tests inside the binder, Lina closes the binder and puts it back in its place, Wei enters the classroom and sees the binder.","What should be inside the binder?","Tests","Blank paper","Stickers","Markers","A","Taken together, these reasons portray a model that defaults to salience- and template-based heuristics—classic false-belief scripts, label‑equals‑contents, last‑mentioned item, or literal similes—instead of flexibly tracking the narrative. It repeatedly misidentifies whose perspective is relevant, collapses distinctions between reality and multiple nested belief states, and neglects how agents’ knowledge changes with perception or world constraints, so it often answers from an omniscient or naïve observer rather than the targeted character. Across many items, lingering linguistic and pragmatic ambiguities mean the model’s reality‑tracking, conservative, or literal interpretations are sometimes partially defensible against rubric expectations."
"3","199","Han finds a drawer in the office, the label on the drawer is contracts, Han cannot see what is inside the drawer, Han opens the drawer and finds postcards, there are no contracts inside the drawer, Han closes the drawer and puts it back in its place, Mei enters the office and sees the drawer.","What should be inside the drawer?","Contracts","Postcards","Envelopes","Pens","A","Taken together, these reasons portray a model that defaults to salience- and template-based heuristics—classic false-belief scripts, label‑equals‑contents, last‑mentioned item, or literal similes—instead of flexibly tracking the narrative. It repeatedly misidentifies whose perspective is relevant, collapses distinctions between reality and multiple nested belief states, and neglects how agents’ knowledge changes with perception or world constraints, so it often answers from an omniscient or naïve observer rather than the targeted character. Across many items, lingering linguistic and pragmatic ambiguities mean the model’s reality‑tracking, conservative, or literal interpretations are sometimes partially defensible against rubric expectations."
