"cluster_id","question_index","story","question","option_a","option_b","option_c","option_d","correct_answer","cluster_summary"
"4","0","At a school gallery event, there are 28 student art pieces. Lina tells Mark, ""Most are paintings, some are sketches, and almost none are sculptures."" Mark walks around and counts only 6 sketches.","After counting, how many does Mark guess are paintings?","After counting, Mark guesses that 20 are paintings.","After counting, Mark guesses that 22 are paintings.","After counting, Mark guesses that 26 are paintings.","After counting, Mark guesses that 18 are paintings.","A","These reasons all describe a shared failure in mapping vague quantifiers to numbers: the model treats terms like “most,” “almost no,” “few,” and “some” as fixed, often extreme values instead of flexible ranges. It overweights explicit numerals and simple subtraction, collapses multi-category or probabilistic setups into binary splits, and ignores narrative timing, implicit comparisons, and the requirement that minority categories remain small-but-nonzero. Humans, by contrast, integrate all constraints—totals, verbal hedges, expectations, and sampling uncertainty—yielding arithmetically consistent yet pragmatically moderate distributions where majority terms are strong but not maximized and “almost none” still leaves a remainder."
"4","1","A zoo gift shop restocked 18 souvenirs. The clerk tells a volunteer, ""Most are animal figurines, a small part are postcards, and very few are keychains."" The volunteer checks and finds that only 5 are postcards.","After checking, how many does the volunteer guess are animal figurines?","After checking, the volunteer guesses that 16 are animal figurines.","After checking, the volunteer guesses that 13 are animal figurines.","After checking, the volunteer guesses that 11 are animal figurines.","After checking, the volunteer guesses that 9 are animal figurines.","C","These reasons all describe a shared failure in mapping vague quantifiers to numbers: the model treats terms like “most,” “almost no,” “few,” and “some” as fixed, often extreme values instead of flexible ranges. It overweights explicit numerals and simple subtraction, collapses multi-category or probabilistic setups into binary splits, and ignores narrative timing, implicit comparisons, and the requirement that minority categories remain small-but-nonzero. Humans, by contrast, integrate all constraints—totals, verbal hedges, expectations, and sampling uncertainty—yielding arithmetically consistent yet pragmatically moderate distributions where majority terms are strong but not maximized and “almost none” still leaves a remainder."
"4","2","For a company training day, 40 employees signed up. The coordinator says, ""Most chose workshop A, some chose workshop B, and almost no one chose workshop C."" Later, an assistant tallies that only 9 employees chose workshop B.","After the tally, how many does the assistant guess chose workshop A?","After the tally, the assistant guesses that 39 chose workshop A.","After the tally, the assistant guesses that 29 chose workshop A.","After the tally, the assistant guesses that 31 chose workshop A.","After the tally, the assistant guesses that 26 chose workshop A.","B","These reasons all describe a shared failure in mapping vague quantifiers to numbers: the model treats terms like “most,” “almost no,” “few,” and “some” as fixed, often extreme values instead of flexible ranges. It overweights explicit numerals and simple subtraction, collapses multi-category or probabilistic setups into binary splits, and ignores narrative timing, implicit comparisons, and the requirement that minority categories remain small-but-nonzero. Humans, by contrast, integrate all constraints—totals, verbal hedges, expectations, and sampling uncertainty—yielding arithmetically consistent yet pragmatically moderate distributions where majority terms are strong but not maximized and “almost none” still leaves a remainder."
"4","3","A neighborhood library received 22 donated items. The librarian explains, ""Most are paperbacks, a few are hardcovers, and almost none are audiobooks."" A volunteer later notes that only 7 are hardcovers.","After noting this, how many does the volunteer guess are paperbacks?","After noting this, the volunteer guesses that 20 are paperbacks.","After noting this, the volunteer guesses that 15 are paperbacks.","After noting this, the volunteer guesses that 11 are paperbacks.","After noting this, the volunteer guesses that 13 are paperbacks.","D","These reasons all describe a shared failure in mapping vague quantifiers to numbers: the model treats terms like “most,” “almost no,” “few,” and “some” as fixed, often extreme values instead of flexible ranges. It overweights explicit numerals and simple subtraction, collapses multi-category or probabilistic setups into binary splits, and ignores narrative timing, implicit comparisons, and the requirement that minority categories remain small-but-nonzero. Humans, by contrast, integrate all constraints—totals, verbal hedges, expectations, and sampling uncertainty—yielding arithmetically consistent yet pragmatically moderate distributions where majority terms are strong but not maximized and “almost none” still leaves a remainder."
"4","4","At a farmer's market, a vendor sold 25 fruit baskets. She tells her helper, ""Most baskets are filled with apples, some with pears, and very few with plums."" The helper checks the labels and finds that only 6 baskets have pears.","After checking, how many does the helper guess are apple baskets?","After checking, the helper guesses that 23 are apple baskets.","After checking, the helper guesses that 19 are apple baskets.","After checking, the helper guesses that 17 are apple baskets.","After checking, the helper guesses that 14 are apple baskets.","C","These reasons all describe a shared failure in mapping vague quantifiers to numbers: the model treats terms like “most,” “almost no,” “few,” and “some” as fixed, often extreme values instead of flexible ranges. It overweights explicit numerals and simple subtraction, collapses multi-category or probabilistic setups into binary splits, and ignores narrative timing, implicit comparisons, and the requirement that minority categories remain small-but-nonzero. Humans, by contrast, integrate all constraints—totals, verbal hedges, expectations, and sampling uncertainty—yielding arithmetically consistent yet pragmatically moderate distributions where majority terms are strong but not maximized and “almost none” still leaves a remainder."
"4","5","A community center has 16 people enrolled in morning classes. The coordinator says, ""Most are in yoga, a small part are in tai chi, and almost none are in dance."" After sign-in, it turns out only 4 are in tai chi.","After sign-in, how many does the coordinator guess are in yoga?","After sign-in, the coordinator guesses that 14 are in yoga.","After sign-in, the coordinator guesses that 10 are in yoga.","After sign-in, the coordinator guesses that 12 are in yoga.","After sign-in, the coordinator guesses that 8 are in yoga.","B","These reasons all describe a shared failure in mapping vague quantifiers to numbers: the model treats terms like “most,” “almost no,” “few,” and “some” as fixed, often extreme values instead of flexible ranges. It overweights explicit numerals and simple subtraction, collapses multi-category or probabilistic setups into binary splits, and ignores narrative timing, implicit comparisons, and the requirement that minority categories remain small-but-nonzero. Humans, by contrast, integrate all constraints—totals, verbal hedges, expectations, and sampling uncertainty—yielding arithmetically consistent yet pragmatically moderate distributions where majority terms are strong but not maximized and “almost none” still leaves a remainder."
"4","6","An online poll has 34 responses so far. The organizer mentions, ""Most support option X, some support option Y, and almost none pick option Z."" Later, the dashboard shows that only 9 responses support option Y.","After seeing the dashboard, how many does the organizer guess support option X?","After seeing the dashboard, the organizer guesses that 33 support option X.","After seeing the dashboard, the organizer guesses that 25 support option X.","After seeing the dashboard, the organizer guesses that 19 support option X.","After seeing the dashboard, the organizer guesses that 23 support option X.","D","These reasons all describe a shared failure in mapping vague quantifiers to numbers: the model treats terms like “most,” “almost no,” “few,” and “some” as fixed, often extreme values instead of flexible ranges. It overweights explicit numerals and simple subtraction, collapses multi-category or probabilistic setups into binary splits, and ignores narrative timing, implicit comparisons, and the requirement that minority categories remain small-but-nonzero. Humans, by contrast, integrate all constraints—totals, verbal hedges, expectations, and sampling uncertainty—yielding arithmetically consistent yet pragmatically moderate distributions where majority terms are strong but not maximized and “almost none” still leaves a remainder."
"4","7","At a regional science fair, there are 27 projects. A judge says, ""Most are experiments, a few are models, and very few are posters."" When listings are posted, the judge notices that only 5 projects are models.","After seeing the listings, how many does the judge guess are experiments?","After seeing the listings, the judge guesses that 20 are experiments.","After seeing the listings, the judge guesses that 22 are experiments.","After seeing the listings, the judge guesses that 26 are experiments.","After seeing the listings, the judge guesses that 18 are experiments.","A","These reasons all describe a shared failure in mapping vague quantifiers to numbers: the model treats terms like “most,” “almost no,” “few,” and “some” as fixed, often extreme values instead of flexible ranges. It overweights explicit numerals and simple subtraction, collapses multi-category or probabilistic setups into binary splits, and ignores narrative timing, implicit comparisons, and the requirement that minority categories remain small-but-nonzero. Humans, by contrast, integrate all constraints—totals, verbal hedges, expectations, and sampling uncertainty—yielding arithmetically consistent yet pragmatically moderate distributions where majority terms are strong but not maximized and “almost none” still leaves a remainder."
"4","8","A city rack holds 19 bicycles. A passerby comments, ""Most are city bikes, some are mountain bikes, and almost none are folding bikes."" After a quick look, she counts only 4 mountain bikes.","After her count, how many does she guess are city bikes?","After her count, she guesses that 18 are city bikes.","After her count, she guesses that 15 are city bikes.","After her count, she guesses that 13 are city bikes.","After her count, she guesses that 11 are city bikes.","C","These reasons all describe a shared failure in mapping vague quantifiers to numbers: the model treats terms like “most,” “almost no,” “few,” and “some” as fixed, often extreme values instead of flexible ranges. It overweights explicit numerals and simple subtraction, collapses multi-category or probabilistic setups into binary splits, and ignores narrative timing, implicit comparisons, and the requirement that minority categories remain small-but-nonzero. Humans, by contrast, integrate all constraints—totals, verbal hedges, expectations, and sampling uncertainty—yielding arithmetically consistent yet pragmatically moderate distributions where majority terms are strong but not maximized and “almost none” still leaves a remainder."
"4","9","A university seminar has 31 participants choosing topics. The organizer says, ""Most picked AI, a small part picked security, and very few picked theory."" After registration closes, it turns out only 7 picked security.","After registration, how many does the organizer guess picked AI?","After registration, the organizer guesses that 30 picked AI.","After registration, the organizer guesses that 22 picked AI.","After registration, the organizer guesses that 24 picked AI.","After registration, the organizer guesses that 19 picked AI.","B","These reasons all describe a shared failure in mapping vague quantifiers to numbers: the model treats terms like “most,” “almost no,” “few,” and “some” as fixed, often extreme values instead of flexible ranges. It overweights explicit numerals and simple subtraction, collapses multi-category or probabilistic setups into binary splits, and ignores narrative timing, implicit comparisons, and the requirement that minority categories remain small-but-nonzero. Humans, by contrast, integrate all constraints—totals, verbal hedges, expectations, and sampling uncertainty—yielding arithmetically consistent yet pragmatically moderate distributions where majority terms are strong but not maximized and “almost none” still leaves a remainder."
"4","10","The office ordered 40 lunches. The coordinator said that most people chose rice bowls, some chose noodle boxes, and almost no one chose salads. After distribution, it was confirmed that 7 lunches were noodle boxes.","After this observation, how many do they guess are rice bowls?","After checking, they guess that 33 are rice bowls.","After checking, they guess that 31 are rice bowls.","After checking, they guess that 38 are rice bowls.","After checking, they guess that 29 are rice bowls.","B","These reasons all describe a shared failure in mapping vague quantifiers to numbers: the model treats terms like “most,” “almost no,” “few,” and “some” as fixed, often extreme values instead of flexible ranges. It overweights explicit numerals and simple subtraction, collapses multi-category or probabilistic setups into binary splits, and ignores narrative timing, implicit comparisons, and the requirement that minority categories remain small-but-nonzero. Humans, by contrast, integrate all constraints—totals, verbal hedges, expectations, and sampling uncertainty—yielding arithmetically consistent yet pragmatically moderate distributions where majority terms are strong but not maximized and “almost none” still leaves a remainder."
"4","11","A small library got back 18 items at closing. The librarian told volunteers that most are fiction, a small number are biographies, and very few are comics. After sorting, volunteers found that 5 are biographies.","How many do the volunteers guess are fiction after sorting?","After sorting, they guess there are 13 fiction books.","After sorting, they guess there are 11 fiction books.","After sorting, they guess there are 16 fiction books.","After sorting, they guess there are 9 fiction books.","B","These reasons all describe a shared failure in mapping vague quantifiers to numbers: the model treats terms like “most,” “almost no,” “few,” and “some” as fixed, often extreme values instead of flexible ranges. It overweights explicit numerals and simple subtraction, collapses multi-category or probabilistic setups into binary splits, and ignores narrative timing, implicit comparisons, and the requirement that minority categories remain small-but-nonzero. Humans, by contrast, integrate all constraints—totals, verbal hedges, expectations, and sampling uncertainty—yielding arithmetically consistent yet pragmatically moderate distributions where majority terms are strong but not maximized and “almost none” still leaves a remainder."
"4","12","In a company survey of 25 employees about work style, HR said that most prefer working remotely, some prefer hybrid, and almost no one prefers fully on-site. When results came in, it turned out that 6 chose hybrid.","Given this, how many do employees guess prefer remote work?","After seeing the results, they guess 19 prefer remote work.","After seeing the results, they guess 22 prefer remote work.","After seeing the results, they guess 17 prefer remote work.","After seeing the results, they guess 14 prefer remote work.","C","These reasons all describe a shared failure in mapping vague quantifiers to numbers: the model treats terms like “most,” “almost no,” “few,” and “some” as fixed, often extreme values instead of flexible ranges. It overweights explicit numerals and simple subtraction, collapses multi-category or probabilistic setups into binary splits, and ignores narrative timing, implicit comparisons, and the requirement that minority categories remain small-but-nonzero. Humans, by contrast, integrate all constraints—totals, verbal hedges, expectations, and sampling uncertainty—yielding arithmetically consistent yet pragmatically moderate distributions where majority terms are strong but not maximized and “almost none” still leaves a remainder."
"4","13","At the zoo, 22 feeder tokens were used by a school group. The guide mentioned that most tokens go to giraffes, a few to elephants, and almost none to parrots. After counting, they saw 4 tokens went to elephants.","After counting, how many do they guess went to giraffes?","After counting, they guess 18 tokens went to giraffes.","After counting, they guess 16 tokens went to giraffes.","After counting, they guess 20 tokens went to giraffes.","After counting, they guess 14 tokens went to giraffes.","B","These reasons all describe a shared failure in mapping vague quantifiers to numbers: the model treats terms like “most,” “almost no,” “few,” and “some” as fixed, often extreme values instead of flexible ranges. It overweights explicit numerals and simple subtraction, collapses multi-category or probabilistic setups into binary splits, and ignores narrative timing, implicit comparisons, and the requirement that minority categories remain small-but-nonzero. Humans, by contrast, integrate all constraints—totals, verbal hedges, expectations, and sampling uncertainty—yielding arithmetically consistent yet pragmatically moderate distributions where majority terms are strong but not maximized and “almost none” still leaves a remainder."
"4","14","A class sorted 30 art supplies into types. The teacher said that most are markers, some are colored pencils, and very few are crayons. After sorting, students found 8 colored pencils.","After sorting, how many do students guess are markers?","After sorting, students guess there are 22 markers.","After sorting, students guess there are 27 markers.","After sorting, students guess there are 20 markers.","After sorting, students guess there are 18 markers.","C","These reasons all describe a shared failure in mapping vague quantifiers to numbers: the model treats terms like “most,” “almost no,” “few,” and “some” as fixed, often extreme values instead of flexible ranges. It overweights explicit numerals and simple subtraction, collapses multi-category or probabilistic setups into binary splits, and ignores narrative timing, implicit comparisons, and the requirement that minority categories remain small-but-nonzero. Humans, by contrast, integrate all constraints—totals, verbal hedges, expectations, and sampling uncertainty—yielding arithmetically consistent yet pragmatically moderate distributions where majority terms are strong but not maximized and “almost none” still leaves a remainder."
"4","15","A community garden has 28 vegetable plants in one bed. The coordinator noted that most are tomatoes, a small part are peppers, and almost none are eggplants. After checking tags, they confirmed 6 are peppers.","Given this, how many do they guess are tomatoes?","After checking, they guess there are 22 tomatoes.","After checking, they guess there are 24 tomatoes.","After checking, they guess there are 20 tomatoes.","After checking, they guess there are 18 tomatoes.","C","These reasons all describe a shared failure in mapping vague quantifiers to numbers: the model treats terms like “most,” “almost no,” “few,” and “some” as fixed, often extreme values instead of flexible ranges. It overweights explicit numerals and simple subtraction, collapses multi-category or probabilistic setups into binary splits, and ignores narrative timing, implicit comparisons, and the requirement that minority categories remain small-but-nonzero. Humans, by contrast, integrate all constraints—totals, verbal hedges, expectations, and sampling uncertainty—yielding arithmetically consistent yet pragmatically moderate distributions where majority terms are strong but not maximized and “almost none” still leaves a remainder."
"4","16","For sports day, 24 students signed up for events. The organizer said that most signed up for the sprint, some for the long jump, and almost none for shot put. After the list was posted, it showed 5 long-jump sign-ups.","After seeing the list, how many do they guess signed up for the sprint?","After seeing the list, they guess 19 signed up for the sprint.","After seeing the list, they guess 17 signed up for the sprint.","After seeing the list, they guess 22 signed up for the sprint.","After seeing the list, they guess 15 signed up for the sprint.","B","These reasons all describe a shared failure in mapping vague quantifiers to numbers: the model treats terms like “most,” “almost no,” “few,” and “some” as fixed, often extreme values instead of flexible ranges. It overweights explicit numerals and simple subtraction, collapses multi-category or probabilistic setups into binary splits, and ignores narrative timing, implicit comparisons, and the requirement that minority categories remain small-but-nonzero. Humans, by contrast, integrate all constraints—totals, verbal hedges, expectations, and sampling uncertainty—yielding arithmetically consistent yet pragmatically moderate distributions where majority terms are strong but not maximized and “almost none” still leaves a remainder."
"4","17","The cafeteria put out 16 desserts. Staff mentioned that most are cookies, a few are brownies, and very few are fruit cups. After peeking into the display, students noticed there are 3 brownies.","Given this, how many do students guess are cookies?","After looking, they guess there are 13 cookies.","After looking, they guess there are 11 cookies.","After looking, they guess there are 15 cookies.","After looking, they guess there are 9 cookies.","B","These reasons all describe a shared failure in mapping vague quantifiers to numbers: the model treats terms like “most,” “almost no,” “few,” and “some” as fixed, often extreme values instead of flexible ranges. It overweights explicit numerals and simple subtraction, collapses multi-category or probabilistic setups into binary splits, and ignores narrative timing, implicit comparisons, and the requirement that minority categories remain small-but-nonzero. Humans, by contrast, integrate all constraints—totals, verbal hedges, expectations, and sampling uncertainty—yielding arithmetically consistent yet pragmatically moderate distributions where majority terms are strong but not maximized and “almost none” still leaves a remainder."
"4","18","At a tech meetup, 35 attendees chose talks. The host said most chose the AI talk, some chose the web development talk, and almost none chose the hardware talk. When the board was updated, it showed 9 attendees chose web development.","After the update, how many do attendees guess chose the AI talk?","After the update, they guess 26 chose the AI talk.","After the update, they guess 24 chose the AI talk.","After the update, they guess 33 chose the AI talk.","After the update, they guess 20 chose the AI talk.","B","These reasons all describe a shared failure in mapping vague quantifiers to numbers: the model treats terms like “most,” “almost no,” “few,” and “some” as fixed, often extreme values instead of flexible ranges. It overweights explicit numerals and simple subtraction, collapses multi-category or probabilistic setups into binary splits, and ignores narrative timing, implicit comparisons, and the requirement that minority categories remain small-but-nonzero. Humans, by contrast, integrate all constraints—totals, verbal hedges, expectations, and sampling uncertainty—yielding arithmetically consistent yet pragmatically moderate distributions where majority terms are strong but not maximized and “almost none” still leaves a remainder."
"4","19","On a morning bus with 27 passengers, the driver mentioned that most will get off downtown, some at midtown, and hardly any at uptown. After checking the stop requests, it showed 6 plan to get off at midtown.","Given this, how many do riders guess will get off downtown?","After checking, they guess 21 will get off downtown.","After checking, they guess 19 will get off downtown.","After checking, they guess 26 will get off downtown.","After checking, they guess 17 will get off downtown.","B","These reasons all describe a shared failure in mapping vague quantifiers to numbers: the model treats terms like “most,” “almost no,” “few,” and “some” as fixed, often extreme values instead of flexible ranges. It overweights explicit numerals and simple subtraction, collapses multi-category or probabilistic setups into binary splits, and ignores narrative timing, implicit comparisons, and the requirement that minority categories remain small-but-nonzero. Humans, by contrast, integrate all constraints—totals, verbal hedges, expectations, and sampling uncertainty—yielding arithmetically consistent yet pragmatically moderate distributions where majority terms are strong but not maximized and “almost none” still leaves a remainder."
"4","20","At the school cafeteria during lunch, the class brings 24 students. The monitor says, ""Most students will take rice bowls, some will take noodles, and almost none will take salad."" After the line forms, the cashier counts and sees only 6 trays of noodles.","After the cashier observes, how many do they guess take rice bowls?","After observing, the cashier guesses that 17 students take rice bowls.","After observing, the cashier guesses that 22 students take rice bowls.","After observing, the cashier guesses that 16 students take rice bowls.","After observing, the cashier guesses that 18 students take rice bowls.","C","These reasons all describe a shared failure in mapping vague quantifiers to numbers: the model treats terms like “most,” “almost no,” “few,” and “some” as fixed, often extreme values instead of flexible ranges. It overweights explicit numerals and simple subtraction, collapses multi-category or probabilistic setups into binary splits, and ignores narrative timing, implicit comparisons, and the requirement that minority categories remain small-but-nonzero. Humans, by contrast, integrate all constraints—totals, verbal hedges, expectations, and sampling uncertainty—yielding arithmetically consistent yet pragmatically moderate distributions where majority terms are strong but not maximized and “almost none” still leaves a remainder."
"4","21","A neighborhood drop box received 20 items. Staff told the coordinator, ""Most are books, a small number are DVDs, and very few are folded maps."" When sorting begins, the coordinator sees only 4 DVDs.","How many does the coordinator guess are books after sorting begins?","After sorting, the coordinator guesses there are 14 books.","After sorting, the coordinator guesses there are 19 books.","After sorting, the coordinator guesses there are 16 books.","After sorting, the coordinator guesses there are 15 books.","A","These reasons all describe a shared failure in mapping vague quantifiers to numbers: the model treats terms like “most,” “almost no,” “few,” and “some” as fixed, often extreme values instead of flexible ranges. It overweights explicit numerals and simple subtraction, collapses multi-category or probabilistic setups into binary splits, and ignores narrative timing, implicit comparisons, and the requirement that minority categories remain small-but-nonzero. Humans, by contrast, integrate all constraints—totals, verbal hedges, expectations, and sampling uncertainty—yielding arithmetically consistent yet pragmatically moderate distributions where majority terms are strong but not maximized and “almost none” still leaves a remainder."
"4","22","On a family beach walk, they pick up 18 shells. Dad remarks, ""Most are white shells, some are pink ones, and almost none are blue."" Later, they spread them out and notice only 5 are pink.","After laying them out, how many do they guess are white shells?","After checking, they guess 13 are white.","After checking, they guess 16 are white.","After checking, they guess 14 are white.","After checking, they guess 12 are white.","D","These reasons all describe a shared failure in mapping vague quantifiers to numbers: the model treats terms like “most,” “almost no,” “few,” and “some” as fixed, often extreme values instead of flexible ranges. It overweights explicit numerals and simple subtraction, collapses multi-category or probabilistic setups into binary splits, and ignores narrative timing, implicit comparisons, and the requirement that minority categories remain small-but-nonzero. Humans, by contrast, integrate all constraints—totals, verbal hedges, expectations, and sampling uncertainty—yielding arithmetically consistent yet pragmatically moderate distributions where majority terms are strong but not maximized and “almost none” still leaves a remainder."
"4","23","For a team meeting, there are 25 snacks laid out. The organizer says, ""The majority are cookies, a minority are fruit cups, and very few are nut packs."" When people arrive, someone counts only 6 fruit cups.","After the count, how many does the organizer guess are cookies?","After the count, the organizer guesses that 24 are cookies.","After the count, the organizer guesses that 17 are cookies.","After the count, the organizer guesses that 19 are cookies.","After the count, the organizer guesses that 21 are cookies.","B","These reasons all describe a shared failure in mapping vague quantifiers to numbers: the model treats terms like “most,” “almost no,” “few,” and “some” as fixed, often extreme values instead of flexible ranges. It overweights explicit numerals and simple subtraction, collapses multi-category or probabilistic setups into binary splits, and ignores narrative timing, implicit comparisons, and the requirement that minority categories remain small-but-nonzero. Humans, by contrast, integrate all constraints—totals, verbal hedges, expectations, and sampling uncertainty—yielding arithmetically consistent yet pragmatically moderate distributions where majority terms are strong but not maximized and “almost none” still leaves a remainder."
"4","24","In a kindergarten playtime bin, 16 toys are taken out. The teacher explains, ""Most will be building blocks, some will be toy cars, and hardly any will be puppets."" After a quick count, the aide sees only 3 toy cars.","After the quick count, how many does the aide guess are building blocks?","After the count, the aide guesses there are 12 blocks.","After the count, the aide guesses there are 15 blocks.","After the count, the aide guesses there are 13 blocks.","After the count, the aide guesses there are 14 blocks.","A","These reasons all describe a shared failure in mapping vague quantifiers to numbers: the model treats terms like “most,” “almost no,” “few,” and “some” as fixed, often extreme values instead of flexible ranges. It overweights explicit numerals and simple subtraction, collapses multi-category or probabilistic setups into binary splits, and ignores narrative timing, implicit comparisons, and the requirement that minority categories remain small-but-nonzero. Humans, by contrast, integrate all constraints—totals, verbal hedges, expectations, and sampling uncertainty—yielding arithmetically consistent yet pragmatically moderate distributions where majority terms are strong but not maximized and “almost none” still leaves a remainder."
"4","25","A city survey records 40 commuting choices. The coordinator says, ""Most prefer buses, some prefer bikes, and almost none prefer scooters."" When the first batch is tallied, they see only 9 bike choices.","After tallying, how many does the coordinator guess prefer buses?","After tallying, the coordinator guesses that 31 prefer buses.","After tallying, the coordinator guesses that 29 prefer buses.","After tallying, the coordinator guesses that 35 prefer buses.","After tallying, the coordinator guesses that 30 prefer buses.","B","These reasons all describe a shared failure in mapping vague quantifiers to numbers: the model treats terms like “most,” “almost no,” “few,” and “some” as fixed, often extreme values instead of flexible ranges. It overweights explicit numerals and simple subtraction, collapses multi-category or probabilistic setups into binary splits, and ignores narrative timing, implicit comparisons, and the requirement that minority categories remain small-but-nonzero. Humans, by contrast, integrate all constraints—totals, verbal hedges, expectations, and sampling uncertainty—yielding arithmetically consistent yet pragmatically moderate distributions where majority terms are strong but not maximized and “almost none” still leaves a remainder."
"4","26","At a school science fair, 22 projects have been submitted. A judge notes, ""Most are experiments, a small part are models, and very few are posters."" During setup, they find only 5 models.","During setup, how many does the judge guess are experiments?","During setup, the judge guesses there are 18 experiments.","During setup, the judge guesses there are 17 experiments.","During setup, the judge guesses there are 15 experiments.","During setup, the judge guesses there are 20 experiments.","C","These reasons all describe a shared failure in mapping vague quantifiers to numbers: the model treats terms like “most,” “almost no,” “few,” and “some” as fixed, often extreme values instead of flexible ranges. It overweights explicit numerals and simple subtraction, collapses multi-category or probabilistic setups into binary splits, and ignores narrative timing, implicit comparisons, and the requirement that minority categories remain small-but-nonzero. Humans, by contrast, integrate all constraints—totals, verbal hedges, expectations, and sampling uncertainty—yielding arithmetically consistent yet pragmatically moderate distributions where majority terms are strong but not maximized and “almost none” still leaves a remainder."
"4","27","A stall has 19 fruit baskets ready for sampling. The vendor says, ""Most baskets have apples, some have pears, and almost none have cherries."" Before opening, the helper checks and sees only 4 pear baskets.","After the check, how many does the helper guess are apple baskets?","After the check, the helper guesses there are 13 apple baskets.","After the check, the helper guesses there are 15 apple baskets.","After the check, the helper guesses there are 18 apple baskets.","After the check, the helper guesses there are 14 apple baskets.","A","These reasons all describe a shared failure in mapping vague quantifiers to numbers: the model treats terms like “most,” “almost no,” “few,” and “some” as fixed, often extreme values instead of flexible ranges. It overweights explicit numerals and simple subtraction, collapses multi-category or probabilistic setups into binary splits, and ignores narrative timing, implicit comparisons, and the requirement that minority categories remain small-but-nonzero. Humans, by contrast, integrate all constraints—totals, verbal hedges, expectations, and sampling uncertainty—yielding arithmetically consistent yet pragmatically moderate distributions where majority terms are strong but not maximized and “almost none” still leaves a remainder."
"4","28","A friend shared a playlist with 30 liked videos. She says, ""Most are documentaries, a few are comedies, and almost none are animations."" After scrolling, her roommate spots only 7 comedies.","After scrolling, how many does the roommate guess are documentaries?","After scrolling, the roommate guesses there are 25 documentaries.","After scrolling, the roommate guesses there are 21 documentaries.","After scrolling, the roommate guesses there are 23 documentaries.","After scrolling, the roommate guesses there are 29 documentaries.","B","These reasons all describe a shared failure in mapping vague quantifiers to numbers: the model treats terms like “most,” “almost no,” “few,” and “some” as fixed, often extreme values instead of flexible ranges. It overweights explicit numerals and simple subtraction, collapses multi-category or probabilistic setups into binary splits, and ignores narrative timing, implicit comparisons, and the requirement that minority categories remain small-but-nonzero. Humans, by contrast, integrate all constraints—totals, verbal hedges, expectations, and sampling uncertainty—yielding arithmetically consistent yet pragmatically moderate distributions where majority terms are strong but not maximized and “almost none” still leaves a remainder."
"4","29","A hiking group of 21 is choosing routes. The leader announces, ""Most will take the lake trail, some will take the ridge trail, and very few will try the cave detour."" After a headcount at the signs, someone notes only 5 are at the ridge trail.","After the headcount, how many does the group guess will take the lake trail?","After the headcount, they guess 14 will take the lake trail.","After the headcount, they guess 16 will take the lake trail.","After the headcount, they guess 20 will take the lake trail.","After the headcount, they guess 15 will take the lake trail.","A","These reasons all describe a shared failure in mapping vague quantifiers to numbers: the model treats terms like “most,” “almost no,” “few,” and “some” as fixed, often extreme values instead of flexible ranges. It overweights explicit numerals and simple subtraction, collapses multi-category or probabilistic setups into binary splits, and ignores narrative timing, implicit comparisons, and the requirement that minority categories remain small-but-nonzero. Humans, by contrast, integrate all constraints—totals, verbal hedges, expectations, and sampling uncertainty—yielding arithmetically consistent yet pragmatically moderate distributions where majority terms are strong but not maximized and “almost none” still leaves a remainder."
"4","30","At a university seminar with 22 attendees, the organizer says, ""Most people brought laptops, some brought tablets, and almost no one brought only paper notebooks."" After a quick count, a student notices that exactly 5 attendees have tablets.","After observing, how many attendees does the student guess brought laptops?","After observing, the student guesses that 21 attendees brought laptops.","After observing, the student guesses that 17 attendees brought laptops.","After observing, the student guesses that 15 attendees brought laptops.","After observing, the student guesses that 13 attendees brought laptops.","C","These reasons all describe a shared failure in mapping vague quantifiers to numbers: the model treats terms like “most,” “almost no,” “few,” and “some” as fixed, often extreme values instead of flexible ranges. It overweights explicit numerals and simple subtraction, collapses multi-category or probabilistic setups into binary splits, and ignores narrative timing, implicit comparisons, and the requirement that minority categories remain small-but-nonzero. Humans, by contrast, integrate all constraints—totals, verbal hedges, expectations, and sampling uncertainty—yielding arithmetically consistent yet pragmatically moderate distributions where majority terms are strong but not maximized and “almost none” still leaves a remainder."
"4","31","At a farmers' market, there are 18 baskets of fruit. The coordinator explains, ""Most baskets are apples, a minority are oranges, and almost no baskets have pears."" Later, a vendor counts and confirms that 5 baskets contain oranges.","After observing, how many baskets does the vendor guess contain apples?","After observing, the vendor guesses that 12 baskets contain apples.","After observing, the vendor guesses that 13 baskets contain apples.","After observing, the vendor guesses that 10 baskets contain apples.","After observing, the vendor guesses that 14 baskets contain apples.","A","These reasons all describe a shared failure in mapping vague quantifiers to numbers: the model treats terms like “most,” “almost no,” “few,” and “some” as fixed, often extreme values instead of flexible ranges. It overweights explicit numerals and simple subtraction, collapses multi-category or probabilistic setups into binary splits, and ignores narrative timing, implicit comparisons, and the requirement that minority categories remain small-but-nonzero. Humans, by contrast, integrate all constraints—totals, verbal hedges, expectations, and sampling uncertainty—yielding arithmetically consistent yet pragmatically moderate distributions where majority terms are strong but not maximized and “almost none” still leaves a remainder."
"4","32","A workshop provides 25 beverage choices. The host says, ""Most participants prefer coffee, some prefer tea, and hardly any choose juice."" After the session starts, it turns out that 6 choices are tea.","After observing, how many choices do participants guess are coffee?","After observing, participants guess that 24 choices are coffee.","After observing, participants guess that 19 choices are coffee.","After observing, participants guess that 17 choices are coffee.","After observing, participants guess that 22 choices are coffee.","C","These reasons all describe a shared failure in mapping vague quantifiers to numbers: the model treats terms like “most,” “almost no,” “few,” and “some” as fixed, often extreme values instead of flexible ranges. It overweights explicit numerals and simple subtraction, collapses multi-category or probabilistic setups into binary splits, and ignores narrative timing, implicit comparisons, and the requirement that minority categories remain small-but-nonzero. Humans, by contrast, integrate all constraints—totals, verbal hedges, expectations, and sampling uncertainty—yielding arithmetically consistent yet pragmatically moderate distributions where majority terms are strong but not maximized and “almost none” still leaves a remainder."
"4","33","The school art club is showcasing 16 pieces. The teacher says, ""Most are paintings, a few are sculptures, and almost none are digital prints."" After arranging the display, students count 5 sculptures.","After observing, how many pieces do the students guess are paintings?","After observing, the students guess that 15 pieces are paintings.","After observing, the students guess that 10 pieces are paintings.","After observing, the students guess that 11 pieces are paintings.","After observing, the students guess that 5 pieces are paintings.","B","These reasons all describe a shared failure in mapping vague quantifiers to numbers: the model treats terms like “most,” “almost no,” “few,” and “some” as fixed, often extreme values instead of flexible ranges. It overweights explicit numerals and simple subtraction, collapses multi-category or probabilistic setups into binary splits, and ignores narrative timing, implicit comparisons, and the requirement that minority categories remain small-but-nonzero. Humans, by contrast, integrate all constraints—totals, verbal hedges, expectations, and sampling uncertainty—yielding arithmetically consistent yet pragmatically moderate distributions where majority terms are strong but not maximized and “almost none” still leaves a remainder."
"4","34","An office placed 28 lunch orders. The manager notes, ""Most people chose noodles, some picked rice bowls, and very few went for salads."" When the orders arrive, someone confirms that 8 are rice bowls.","After observing, how many orders does the team guess are noodles?","After observing, the team guesses that 25 orders are noodles.","After observing, the team guesses that 20 orders are noodles.","After observing, the team guesses that 19 orders are noodles.","After observing, the team guesses that 16 orders are noodles.","C","These reasons all describe a shared failure in mapping vague quantifiers to numbers: the model treats terms like “most,” “almost no,” “few,” and “some” as fixed, often extreme values instead of flexible ranges. It overweights explicit numerals and simple subtraction, collapses multi-category or probabilistic setups into binary splits, and ignores narrative timing, implicit comparisons, and the requirement that minority categories remain small-but-nonzero. Humans, by contrast, integrate all constraints—totals, verbal hedges, expectations, and sampling uncertainty—yielding arithmetically consistent yet pragmatically moderate distributions where majority terms are strong but not maximized and “almost none” still leaves a remainder."
"4","35","A neighborhood charity drive collected 14 items. Volunteers report, ""Most are canned goods, a small part are boxed goods, and almost none are fresh produce."" After sorting, they find that 3 items are boxed goods.","After observing, how many items do the volunteers guess are canned goods?","After observing, the volunteers guess that 11 items are canned goods.","After observing, the volunteers guess that 10 items are canned goods.","After observing, the volunteers guess that 12 items are canned goods.","After observing, the volunteers guess that 7 items are canned goods.","B","These reasons all describe a shared failure in mapping vague quantifiers to numbers: the model treats terms like “most,” “almost no,” “few,” and “some” as fixed, often extreme values instead of flexible ranges. It overweights explicit numerals and simple subtraction, collapses multi-category or probabilistic setups into binary splits, and ignores narrative timing, implicit comparisons, and the requirement that minority categories remain small-but-nonzero. Humans, by contrast, integrate all constraints—totals, verbal hedges, expectations, and sampling uncertainty—yielding arithmetically consistent yet pragmatically moderate distributions where majority terms are strong but not maximized and “almost none” still leaves a remainder."
"4","36","A community poll received 33 responses. The coordinator states, ""Most people support proposal A, some support proposal B, and almost nobody picked option C."" After tallying, 9 responses are for proposal B.","After observing, how many responses does the coordinator guess are for proposal A?","After observing, the coordinator guesses that 24 responses are for proposal A.","After observing, the coordinator guesses that 28 responses are for proposal A.","After observing, the coordinator guesses that 22 responses are for proposal A.","After observing, the coordinator guesses that 20 responses are for proposal A.","C","These reasons all describe a shared failure in mapping vague quantifiers to numbers: the model treats terms like “most,” “almost no,” “few,” and “some” as fixed, often extreme values instead of flexible ranges. It overweights explicit numerals and simple subtraction, collapses multi-category or probabilistic setups into binary splits, and ignores narrative timing, implicit comparisons, and the requirement that minority categories remain small-but-nonzero. Humans, by contrast, integrate all constraints—totals, verbal hedges, expectations, and sampling uncertainty—yielding arithmetically consistent yet pragmatically moderate distributions where majority terms are strong but not maximized and “almost none” still leaves a remainder."
"4","37","In a train carriage with 12 passengers wearing masks, the conductor remarks, ""Most wear blue masks, a minority wear black masks, and just a handful wear patterned masks."" After looking around, a passenger notes that 3 are wearing black masks.","After observing, how many passengers does the observer guess wear blue masks?","After observing, the observer guesses that 9 passengers wear blue masks.","After observing, the observer guesses that 7 passengers wear blue masks.","After observing, the observer guesses that 10 passengers wear blue masks.","After observing, the observer guesses that 5 passengers wear blue masks.","B","These reasons all describe a shared failure in mapping vague quantifiers to numbers: the model treats terms like “most,” “almost no,” “few,” and “some” as fixed, often extreme values instead of flexible ranges. It overweights explicit numerals and simple subtraction, collapses multi-category or probabilistic setups into binary splits, and ignores narrative timing, implicit comparisons, and the requirement that minority categories remain small-but-nonzero. Humans, by contrast, integrate all constraints—totals, verbal hedges, expectations, and sampling uncertainty—yielding arithmetically consistent yet pragmatically moderate distributions where majority terms are strong but not maximized and “almost none” still leaves a remainder."
"4","38","A library adds 20 new items. The librarian says, ""Most are non-fiction, some are novels, and hardly any are comics."" After shelving, the staff confirms that 6 are novels.","After observing, how many items does the staff guess are non-fiction?","After observing, the staff guesses that 14 items are non-fiction.","After observing, the staff guesses that 12 items are non-fiction.","After observing, the staff guesses that 16 items are non-fiction.","After observing, the staff guesses that 10 items are non-fiction.","B","These reasons all describe a shared failure in mapping vague quantifiers to numbers: the model treats terms like “most,” “almost no,” “few,” and “some” as fixed, often extreme values instead of flexible ranges. It overweights explicit numerals and simple subtraction, collapses multi-category or probabilistic setups into binary splits, and ignores narrative timing, implicit comparisons, and the requirement that minority categories remain small-but-nonzero. Humans, by contrast, integrate all constraints—totals, verbal hedges, expectations, and sampling uncertainty—yielding arithmetically consistent yet pragmatically moderate distributions where majority terms are strong but not maximized and “almost none” still leaves a remainder."
"4","39","On sports day, 40 students signed up for events. The coach explains, ""Most chose the sprint, a small number registered for long jump, and almost no one picked shot put."" After sign-ups close, it is clear that 11 signed up for long jump.","After observing, how many students does the coach guess chose the sprint?","After observing, the coach guesses that 29 students chose the sprint.","After observing, the coach guesses that 35 students chose the sprint.","After observing, the coach guesses that 28 students chose the sprint.","After observing, the coach guesses that 24 students chose the sprint.","C","These reasons all describe a shared failure in mapping vague quantifiers to numbers: the model treats terms like “most,” “almost no,” “few,” and “some” as fixed, often extreme values instead of flexible ranges. It overweights explicit numerals and simple subtraction, collapses multi-category or probabilistic setups into binary splits, and ignores narrative timing, implicit comparisons, and the requirement that minority categories remain small-but-nonzero. Humans, by contrast, integrate all constraints—totals, verbal hedges, expectations, and sampling uncertainty—yielding arithmetically consistent yet pragmatically moderate distributions where majority terms are strong but not maximized and “almost none” still leaves a remainder."
"4","40","In a school cafeteria, 28 students are choosing lunch. The staff says most choose pizza, some choose pasta, and almost no one chooses salad. A teacher counts and finds that 6 students chose pasta.","After counting, how many students does the teacher guess chose pizza?","After counting, the teacher guesses that 22 students chose pizza.","After counting, the teacher guesses that 20 students chose pizza.","After counting, the teacher guesses that 24 students chose pizza.","After counting, the teacher guesses that 18 students chose pizza.","B","These reasons all describe a shared failure in mapping vague quantifiers to numbers: the model treats terms like “most,” “almost no,” “few,” and “some” as fixed, often extreme values instead of flexible ranges. It overweights explicit numerals and simple subtraction, collapses multi-category or probabilistic setups into binary splits, and ignores narrative timing, implicit comparisons, and the requirement that minority categories remain small-but-nonzero. Humans, by contrast, integrate all constraints—totals, verbal hedges, expectations, and sampling uncertainty—yielding arithmetically consistent yet pragmatically moderate distributions where majority terms are strong but not maximized and “almost none” still leaves a remainder."
"4","41","At a nature reserve pond, there are 40 birds. A ranger explains that the majority are ducks, a small portion are geese, and very few are swans. A visitor tallies and sees that 9 are geese.","After tallying, how many does the visitor guess are ducks?","After tallying, the visitor guesses that 31 are ducks.","After tallying, the visitor guesses that 27 are ducks.","After tallying, the visitor guesses that 29 are ducks.","After tallying, the visitor guesses that 33 are ducks.","C","These reasons all describe a shared failure in mapping vague quantifiers to numbers: the model treats terms like “most,” “almost no,” “few,” and “some” as fixed, often extreme values instead of flexible ranges. It overweights explicit numerals and simple subtraction, collapses multi-category or probabilistic setups into binary splits, and ignores narrative timing, implicit comparisons, and the requirement that minority categories remain small-but-nonzero. Humans, by contrast, integrate all constraints—totals, verbal hedges, expectations, and sampling uncertainty—yielding arithmetically consistent yet pragmatically moderate distributions where majority terms are strong but not maximized and “almost none” still leaves a remainder."
"4","42","At a tech conference, 25 attendees split among sessions. Organizers say most plan to attend the AI talk, some will go to the blockchain workshop, and almost no one will go to the legacy systems panel. The organizer looks and sees 7 in the blockchain room.","After checking, how many does the organizer guess will attend the AI talk?","After checking, the organizer guesses that 18 will attend the AI talk.","After checking, the organizer guesses that 22 will attend the AI talk.","After checking, the organizer guesses that 16 will attend the AI talk.","After checking, the organizer guesses that 14 will attend the AI talk.","C","These reasons all describe a shared failure in mapping vague quantifiers to numbers: the model treats terms like “most,” “almost no,” “few,” and “some” as fixed, often extreme values instead of flexible ranges. It overweights explicit numerals and simple subtraction, collapses multi-category or probabilistic setups into binary splits, and ignores narrative timing, implicit comparisons, and the requirement that minority categories remain small-but-nonzero. Humans, by contrast, integrate all constraints—totals, verbal hedges, expectations, and sampling uncertainty—yielding arithmetically consistent yet pragmatically moderate distributions where majority terms are strong but not maximized and “almost none” still leaves a remainder."
"4","43","A community theater sold 32 tickets for tonight. The box office reports that most are for the musical, a handful are for the drama, and barely any are for the experimental piece. Later, the clerk checks and finds that 7 tickets are for the drama.","After checking, how many tickets does the clerk guess are for the musical?","After checking, the clerk guesses that 25 tickets are for the musical.","After checking, the clerk guesses that 23 tickets are for the musical.","After checking, the clerk guesses that 28 tickets are for the musical.","After checking, the clerk guesses that 19 tickets are for the musical.","B","These reasons all describe a shared failure in mapping vague quantifiers to numbers: the model treats terms like “most,” “almost no,” “few,” and “some” as fixed, often extreme values instead of flexible ranges. It overweights explicit numerals and simple subtraction, collapses multi-category or probabilistic setups into binary splits, and ignores narrative timing, implicit comparisons, and the requirement that minority categories remain small-but-nonzero. Humans, by contrast, integrate all constraints—totals, verbal hedges, expectations, and sampling uncertainty—yielding arithmetically consistent yet pragmatically moderate distributions where majority terms are strong but not maximized and “almost none” still leaves a remainder."
"4","44","At a school science fair, there are 19 projects. The teacher announces that most are physics, some are chemistry, and very few are biology. A student counts and sees that 4 are chemistry projects.","After counting, how many does the student guess are physics projects?","After counting, the student guesses that 15 projects are physics.","After counting, the student guesses that 13 projects are physics.","After counting, the student guesses that 17 projects are physics.","After counting, the student guesses that 10 projects are physics.","B","These reasons all describe a shared failure in mapping vague quantifiers to numbers: the model treats terms like “most,” “almost no,” “few,” and “some” as fixed, often extreme values instead of flexible ranges. It overweights explicit numerals and simple subtraction, collapses multi-category or probabilistic setups into binary splits, and ignores narrative timing, implicit comparisons, and the requirement that minority categories remain small-but-nonzero. Humans, by contrast, integrate all constraints—totals, verbal hedges, expectations, and sampling uncertainty—yielding arithmetically consistent yet pragmatically moderate distributions where majority terms are strong but not maximized and “almost none” still leaves a remainder."
"4","45","A warehouse receives 50 cartons in a shipment. The supervisor says most are electronics, a small share are furniture, and almost none are plants. A worker logs 12 furniture cartons.","After logging, how many cartons does the worker guess are electronics?","After logging, the worker guesses that 38 cartons are electronics.","After logging, the worker guesses that 36 cartons are electronics.","After logging, the worker guesses that 44 cartons are electronics.","After logging, the worker guesses that 30 cartons are electronics.","B","These reasons all describe a shared failure in mapping vague quantifiers to numbers: the model treats terms like “most,” “almost no,” “few,” and “some” as fixed, often extreme values instead of flexible ranges. It overweights explicit numerals and simple subtraction, collapses multi-category or probabilistic setups into binary splits, and ignores narrative timing, implicit comparisons, and the requirement that minority categories remain small-but-nonzero. Humans, by contrast, integrate all constraints—totals, verbal hedges, expectations, and sampling uncertainty—yielding arithmetically consistent yet pragmatically moderate distributions where majority terms are strong but not maximized and “almost none” still leaves a remainder."
"4","46","A commuter survey records 27 people. The surveyor explains that most take the subway, some ride the bus, and very few walk. The surveyor then notes that 8 commuters ride the bus.","After recording, how many commuters does the surveyor guess take the subway?","After recording, the surveyor guesses that 19 commuters take the subway.","After recording, the surveyor guesses that 17 commuters take the subway.","After recording, the surveyor guesses that 22 commuters take the subway.","After recording, the surveyor guesses that 14 commuters take the subway.","B","These reasons all describe a shared failure in mapping vague quantifiers to numbers: the model treats terms like “most,” “almost no,” “few,” and “some” as fixed, often extreme values instead of flexible ranges. It overweights explicit numerals and simple subtraction, collapses multi-category or probabilistic setups into binary splits, and ignores narrative timing, implicit comparisons, and the requirement that minority categories remain small-but-nonzero. Humans, by contrast, integrate all constraints—totals, verbal hedges, expectations, and sampling uncertainty—yielding arithmetically consistent yet pragmatically moderate distributions where majority terms are strong but not maximized and “almost none” still leaves a remainder."
"4","47","An art studio inventory lists 22 canvases. The manager mentions that most are large, a small number are medium, and almost none are small. A staff member counts and finds that 5 are medium.","After checking, how many canvases does the manager guess are large?","After checking, the manager guesses that 17 canvases are large.","After checking, the manager guesses that 15 canvases are large.","After checking, the manager guesses that 20 canvases are large.","After checking, the manager guesses that 12 canvases are large.","B","These reasons all describe a shared failure in mapping vague quantifiers to numbers: the model treats terms like “most,” “almost no,” “few,” and “some” as fixed, often extreme values instead of flexible ranges. It overweights explicit numerals and simple subtraction, collapses multi-category or probabilistic setups into binary splits, and ignores narrative timing, implicit comparisons, and the requirement that minority categories remain small-but-nonzero. Humans, by contrast, integrate all constraints—totals, verbal hedges, expectations, and sampling uncertainty—yielding arithmetically consistent yet pragmatically moderate distributions where majority terms are strong but not maximized and “almost none” still leaves a remainder."
"4","48","At a children’s party, there are 35 balloons. The host says the majority are red, some are blue, and only a few are green. While decorating, the host notices that 9 are blue.","After noticing, how many balloons does the host guess are red?","After noticing, the host guesses that 26 balloons are red.","After noticing, the host guesses that 23 balloons are red.","After noticing, the host guesses that 29 balloons are red.","After noticing, the host guesses that 19 balloons are red.","B","These reasons all describe a shared failure in mapping vague quantifiers to numbers: the model treats terms like “most,” “almost no,” “few,” and “some” as fixed, often extreme values instead of flexible ranges. It overweights explicit numerals and simple subtraction, collapses multi-category or probabilistic setups into binary splits, and ignores narrative timing, implicit comparisons, and the requirement that minority categories remain small-but-nonzero. Humans, by contrast, integrate all constraints—totals, verbal hedges, expectations, and sampling uncertainty—yielding arithmetically consistent yet pragmatically moderate distributions where majority terms are strong but not maximized and “almost none” still leaves a remainder."
"4","49","A library receives 24 returned items today. The librarian explains that most are books, a minority are DVDs, and almost none are CDs. After sorting, the librarian counts 6 DVDs.","After sorting, how many returns does the librarian guess are books?","After sorting, the librarian guesses that 18 returns are books.","After sorting, the librarian guesses that 16 returns are books.","After sorting, the librarian guesses that 21 returns are books.","After sorting, the librarian guesses that 13 returns are books.","B","These reasons all describe a shared failure in mapping vague quantifiers to numbers: the model treats terms like “most,” “almost no,” “few,” and “some” as fixed, often extreme values instead of flexible ranges. It overweights explicit numerals and simple subtraction, collapses multi-category or probabilistic setups into binary splits, and ignores narrative timing, implicit comparisons, and the requirement that minority categories remain small-but-nonzero. Humans, by contrast, integrate all constraints—totals, verbal hedges, expectations, and sampling uncertainty—yielding arithmetically consistent yet pragmatically moderate distributions where majority terms are strong but not maximized and “almost none” still leaves a remainder."
"4","50","In an office kitchenette, the snack drawer has 40 items. The manager mentions, ""Most are fruit bars, some are crackers, and almost none are gummy packs."" A colleague counts and finds that 7 of the items are crackers.","After counting, how many does the colleague guess are fruit bars?","After counting, the colleague guesses there are 33 fruit bars.","After counting, the colleague guesses there are 31 fruit bars.","After counting, the colleague guesses there are 35 fruit bars.","After counting, the colleague guesses there are 29 fruit bars.","B","These reasons all describe a shared failure in mapping vague quantifiers to numbers: the model treats terms like “most,” “almost no,” “few,” and “some” as fixed, often extreme values instead of flexible ranges. It overweights explicit numerals and simple subtraction, collapses multi-category or probabilistic setups into binary splits, and ignores narrative timing, implicit comparisons, and the requirement that minority categories remain small-but-nonzero. Humans, by contrast, integrate all constraints—totals, verbal hedges, expectations, and sampling uncertainty—yielding arithmetically consistent yet pragmatically moderate distributions where majority terms are strong but not maximized and “almost none” still leaves a remainder."
"4","51","At a university seminar with 22 attendees, the organizer says, ""The majority are graduate students, a few are faculty, and very few are visitors."" Later, a volunteer checks and finds that 5 are faculty.","After the check, how many do they guess are graduate students?","After the check, they guess there are 17 graduate students.","After the check, they guess there are 15 graduate students.","After the check, they guess there are 20 graduate students.","After the check, they guess there are 14 graduate students.","B","These reasons all describe a shared failure in mapping vague quantifiers to numbers: the model treats terms like “most,” “almost no,” “few,” and “some” as fixed, often extreme values instead of flexible ranges. It overweights explicit numerals and simple subtraction, collapses multi-category or probabilistic setups into binary splits, and ignores narrative timing, implicit comparisons, and the requirement that minority categories remain small-but-nonzero. Humans, by contrast, integrate all constraints—totals, verbal hedges, expectations, and sampling uncertainty—yielding arithmetically consistent yet pragmatically moderate distributions where majority terms are strong but not maximized and “almost none” still leaves a remainder."
"4","52","A small pet shelter currently has 18 animals. A staff member explains, ""Most are cats, some are dogs, and almost none are rabbits."" Later, a volunteer counts and sees there are 6 dogs.","After the count, how many does the volunteer guess are cats?","After the count, the volunteer guesses there are 11 cats.","After the count, the volunteer guesses there are 12 cats.","After the count, the volunteer guesses there are 13 cats.","After the count, the volunteer guesses there are 9 cats.","A","These reasons all describe a shared failure in mapping vague quantifiers to numbers: the model treats terms like “most,” “almost no,” “few,” and “some” as fixed, often extreme values instead of flexible ranges. It overweights explicit numerals and simple subtraction, collapses multi-category or probabilistic setups into binary splits, and ignores narrative timing, implicit comparisons, and the requirement that minority categories remain small-but-nonzero. Humans, by contrast, integrate all constraints—totals, verbal hedges, expectations, and sampling uncertainty—yielding arithmetically consistent yet pragmatically moderate distributions where majority terms are strong but not maximized and “almost none” still leaves a remainder."
"4","53","A toy store is stocking 25 puzzle boxes. The buyer notes, ""Most are jigsaw puzzles, some are brainteasers, and only a handful are wooden toys."" After unpacking, the clerk confirms that 6 are brainteasers.","After unpacking, how many does the clerk guess are jigsaw puzzles?","After unpacking, the clerk guesses there are 19 jigsaw puzzles.","After unpacking, the clerk guesses there are 15 jigsaw puzzles.","After unpacking, the clerk guesses there are 22 jigsaw puzzles.","After unpacking, the clerk guesses there are 13 jigsaw puzzles.","B","These reasons all describe a shared failure in mapping vague quantifiers to numbers: the model treats terms like “most,” “almost no,” “few,” and “some” as fixed, often extreme values instead of flexible ranges. It overweights explicit numerals and simple subtraction, collapses multi-category or probabilistic setups into binary splits, and ignores narrative timing, implicit comparisons, and the requirement that minority categories remain small-but-nonzero. Humans, by contrast, integrate all constraints—totals, verbal hedges, expectations, and sampling uncertainty—yielding arithmetically consistent yet pragmatically moderate distributions where majority terms are strong but not maximized and “almost none” still leaves a remainder."
"4","54","In a community garden, there are 32 flowering plants. The coordinator tells visitors, ""Most are roses, some are tulips, and very few are lilies."" A volunteer later counts and finds 9 tulips.","After counting, how many do they guess are roses?","After counting, they guess there are 23 roses.","After counting, they guess there are 21 roses.","After counting, they guess there are 26 roses.","After counting, they guess there are 18 roses.","B","These reasons all describe a shared failure in mapping vague quantifiers to numbers: the model treats terms like “most,” “almost no,” “few,” and “some” as fixed, often extreme values instead of flexible ranges. It overweights explicit numerals and simple subtraction, collapses multi-category or probabilistic setups into binary splits, and ignores narrative timing, implicit comparisons, and the requirement that minority categories remain small-but-nonzero. Humans, by contrast, integrate all constraints—totals, verbal hedges, expectations, and sampling uncertainty—yielding arithmetically consistent yet pragmatically moderate distributions where majority terms are strong but not maximized and “almost none” still leaves a remainder."
"4","55","A company reviews 60 email messages from the day. The team lead says, ""Most are internal messages, a small portion are client replies, and almost none are spam."" The log shows that 14 are client replies.","After reviewing the log, how many do they guess are internal messages?","After reviewing the log, they guess there are 46 internal messages.","After reviewing the log, they guess there are 44 internal messages.","After reviewing the log, they guess there are 52 internal messages.","After reviewing the log, they guess there are 40 internal messages.","B","These reasons all describe a shared failure in mapping vague quantifiers to numbers: the model treats terms like “most,” “almost no,” “few,” and “some” as fixed, often extreme values instead of flexible ranges. It overweights explicit numerals and simple subtraction, collapses multi-category or probabilistic setups into binary splits, and ignores narrative timing, implicit comparisons, and the requirement that minority categories remain small-but-nonzero. Humans, by contrast, integrate all constraints—totals, verbal hedges, expectations, and sampling uncertainty—yielding arithmetically consistent yet pragmatically moderate distributions where majority terms are strong but not maximized and “almost none” still leaves a remainder."
"4","56","At a farmers market stall, there are 27 fruit baskets prepared. The vendor explains, ""Most have apples, some have pears, but almost no baskets have oranges."" Later, the helper counts and finds 6 baskets with pears.","After counting, how many does the helper guess have apples?","After counting, the helper guesses 21 baskets have apples.","After counting, the helper guesses 19 baskets have apples.","After counting, the helper guesses 24 baskets have apples.","After counting, the helper guesses 16 baskets have apples.","B","These reasons all describe a shared failure in mapping vague quantifiers to numbers: the model treats terms like “most,” “almost no,” “few,” and “some” as fixed, often extreme values instead of flexible ranges. It overweights explicit numerals and simple subtraction, collapses multi-category or probabilistic setups into binary splits, and ignores narrative timing, implicit comparisons, and the requirement that minority categories remain small-but-nonzero. Humans, by contrast, integrate all constraints—totals, verbal hedges, expectations, and sampling uncertainty—yielding arithmetically consistent yet pragmatically moderate distributions where majority terms are strong but not maximized and “almost none” still leaves a remainder."
"4","57","A coding bootcamp has 36 participants this month. The instructor says, ""Most are beginners, some are intermediate, and very few are advanced."" After enrollment is finalized, it shows 8 intermediate participants.","After enrollment, how many does the instructor guess are beginners?","After enrollment, the instructor guesses there are 28 beginners.","After enrollment, the instructor guesses there are 26 beginners.","After enrollment, the instructor guesses there are 32 beginners.","After enrollment, the instructor guesses there are 22 beginners.","B","These reasons all describe a shared failure in mapping vague quantifiers to numbers: the model treats terms like “most,” “almost no,” “few,” and “some” as fixed, often extreme values instead of flexible ranges. It overweights explicit numerals and simple subtraction, collapses multi-category or probabilistic setups into binary splits, and ignores narrative timing, implicit comparisons, and the requirement that minority categories remain small-but-nonzero. Humans, by contrast, integrate all constraints—totals, verbal hedges, expectations, and sampling uncertainty—yielding arithmetically consistent yet pragmatically moderate distributions where majority terms are strong but not maximized and “almost none” still leaves a remainder."
"4","58","An art show features 20 pieces. The curator mentions, ""The majority are paintings, a few are sculptures, and almost none are photographs."" After setting up, the team notes that 4 are sculptures.","After setup, how many do they guess are paintings?","After setup, they guess there are 16 paintings.","After setup, they guess there are 14 paintings.","After setup, they guess there are 18 paintings.","After setup, they guess there are 12 paintings.","B","These reasons all describe a shared failure in mapping vague quantifiers to numbers: the model treats terms like “most,” “almost no,” “few,” and “some” as fixed, often extreme values instead of flexible ranges. It overweights explicit numerals and simple subtraction, collapses multi-category or probabilistic setups into binary splits, and ignores narrative timing, implicit comparisons, and the requirement that minority categories remain small-but-nonzero. Humans, by contrast, integrate all constraints—totals, verbal hedges, expectations, and sampling uncertainty—yielding arithmetically consistent yet pragmatically moderate distributions where majority terms are strong but not maximized and “almost none” still leaves a remainder."
"4","59","During the evening commute, a survey tracks 45 commuters. The coordinator states, ""Most take the express train, some take the local, and very few take the shuttle."" The tally later shows 12 take the local.","After the tally, how many does the coordinator guess take the express train?","After the tally, the coordinator guesses 33 take the express train.","After the tally, the coordinator guesses 31 take the express train.","After the tally, the coordinator guesses 38 take the express train.","After the tally, the coordinator guesses 27 take the express train.","B","These reasons all describe a shared failure in mapping vague quantifiers to numbers: the model treats terms like “most,” “almost no,” “few,” and “some” as fixed, often extreme values instead of flexible ranges. It overweights explicit numerals and simple subtraction, collapses multi-category or probabilistic setups into binary splits, and ignores narrative timing, implicit comparisons, and the requirement that minority categories remain small-but-nonzero. Humans, by contrast, integrate all constraints—totals, verbal hedges, expectations, and sampling uncertainty—yielding arithmetically consistent yet pragmatically moderate distributions where majority terms are strong but not maximized and “almost none” still leaves a remainder."
"4","60","In a classroom art drawer, there are 28 markers. The teacher says, 'Most of them are black, some are blue, but almost none are green.' During cleanup, a student counts and finds that 6 markers are blue.","After counting, how many do the students guess are black?","After counting, the students guess there are 27 black markers.","After counting, the students guess there are 20 black markers.","After counting, the students guess there are 22 black markers.","After counting, the students guess there are 16 black markers.","B","These reasons all describe a shared failure in mapping vague quantifiers to numbers: the model treats terms like “most,” “almost no,” “few,” and “some” as fixed, often extreme values instead of flexible ranges. It overweights explicit numerals and simple subtraction, collapses multi-category or probabilistic setups into binary splits, and ignores narrative timing, implicit comparisons, and the requirement that minority categories remain small-but-nonzero. Humans, by contrast, integrate all constraints—totals, verbal hedges, expectations, and sampling uncertainty—yielding arithmetically consistent yet pragmatically moderate distributions where majority terms are strong but not maximized and “almost none” still leaves a remainder."
"4","61","At a bake sale, there are 18 muffins on a tray. The organizer tells volunteers that most are chocolate, a small part are banana, and very few are blueberry. While arranging, a volunteer notices that 5 are banana.","After noticing, how many do the volunteers guess are chocolate?","After noticing, the volunteers guess there are 11 chocolate muffins.","After noticing, the volunteers guess there are 16 chocolate muffins.","After noticing, the volunteers guess there are 13 chocolate muffins.","After noticing, the volunteers guess there are 9 chocolate muffins.","A","These reasons all describe a shared failure in mapping vague quantifiers to numbers: the model treats terms like “most,” “almost no,” “few,” and “some” as fixed, often extreme values instead of flexible ranges. It overweights explicit numerals and simple subtraction, collapses multi-category or probabilistic setups into binary splits, and ignores narrative timing, implicit comparisons, and the requirement that minority categories remain small-but-nonzero. Humans, by contrast, integrate all constraints—totals, verbal hedges, expectations, and sampling uncertainty—yielding arithmetically consistent yet pragmatically moderate distributions where majority terms are strong but not maximized and “almost none” still leaves a remainder."
"4","62","A neighborhood survey recorded 25 households. The coordinator explains that most use FiberNet, some use CableCo, and almost none use Satellite. Later, the team finds that 7 households use CableCo.","After the update, how many do the team members guess use FiberNet?","After the update, the team members guess 20 households use FiberNet.","After the update, the team members guess 18 households use FiberNet.","After the update, the team members guess 16 households use FiberNet.","After the update, the team members guess 13 households use FiberNet.","C","These reasons all describe a shared failure in mapping vague quantifiers to numbers: the model treats terms like “most,” “almost no,” “few,” and “some” as fixed, often extreme values instead of flexible ranges. It overweights explicit numerals and simple subtraction, collapses multi-category or probabilistic setups into binary splits, and ignores narrative timing, implicit comparisons, and the requirement that minority categories remain small-but-nonzero. Humans, by contrast, integrate all constraints—totals, verbal hedges, expectations, and sampling uncertainty—yielding arithmetically consistent yet pragmatically moderate distributions where majority terms are strong but not maximized and “almost none” still leaves a remainder."
"4","63","During a morning feeding at a small zoo, 32 animals receive meals. A keeper mentions that most are herbivores, some are omnivores, and only a few are carnivores. After tallying, another keeper counts 9 omnivores.","After tallying, how many do the keepers guess are herbivores?","After tallying, the keepers guess there are 23 herbivores.","After tallying, the keepers guess there are 20 herbivores.","After tallying, the keepers guess there are 26 herbivores.","After tallying, the keepers guess there are 16 herbivores.","B","These reasons all describe a shared failure in mapping vague quantifiers to numbers: the model treats terms like “most,” “almost no,” “few,” and “some” as fixed, often extreme values instead of flexible ranges. It overweights explicit numerals and simple subtraction, collapses multi-category or probabilistic setups into binary splits, and ignores narrative timing, implicit comparisons, and the requirement that minority categories remain small-but-nonzero. Humans, by contrast, integrate all constraints—totals, verbal hedges, expectations, and sampling uncertainty—yielding arithmetically consistent yet pragmatically moderate distributions where majority terms are strong but not maximized and “almost none” still leaves a remainder."
"4","64","A teacher lent out 22 books for a weekend project. She told the class that most are non-fiction, some are comics, and almost none are poetry. On Monday, the librarian notes that 4 borrowed items are comics.","After the librarian's note, how many do the students guess are non-fiction?","After the librarian's note, the students guess there are 18 non-fiction books.","After the librarian's note, the students guess there are 16 non-fiction books.","After the librarian's note, the students guess there are 21 non-fiction books.","After the librarian's note, the students guess there are 12 non-fiction books.","B","These reasons all describe a shared failure in mapping vague quantifiers to numbers: the model treats terms like “most,” “almost no,” “few,” and “some” as fixed, often extreme values instead of flexible ranges. It overweights explicit numerals and simple subtraction, collapses multi-category or probabilistic setups into binary splits, and ignores narrative timing, implicit comparisons, and the requirement that minority categories remain small-but-nonzero. Humans, by contrast, integrate all constraints—totals, verbal hedges, expectations, and sampling uncertainty—yielding arithmetically consistent yet pragmatically moderate distributions where majority terms are strong but not maximized and “almost none” still leaves a remainder."
"4","65","At a farmers' market stall, there are 27 fruit baskets. The seller says that most baskets are apples, a small number are pears, and very few are plums. A helper later counts that 6 baskets are pears.","After the helper counts, how many do they guess are apple baskets?","After the helper counts, they guess there are 24 apple baskets.","After the helper counts, they guess there are 21 apple baskets.","After the helper counts, they guess there are 19 apple baskets.","After the helper counts, they guess there are 15 apple baskets.","C","These reasons all describe a shared failure in mapping vague quantifiers to numbers: the model treats terms like “most,” “almost no,” “few,” and “some” as fixed, often extreme values instead of flexible ranges. It overweights explicit numerals and simple subtraction, collapses multi-category or probabilistic setups into binary splits, and ignores narrative timing, implicit comparisons, and the requirement that minority categories remain small-but-nonzero. Humans, by contrast, integrate all constraints—totals, verbal hedges, expectations, and sampling uncertainty—yielding arithmetically consistent yet pragmatically moderate distributions where majority terms are strong but not maximized and “almost none” still leaves a remainder."
"4","66","An office of 14 employees orders lunch. The admin says most chose sandwiches, a minority chose salads, and almost none chose soup. When the orders arrive, it turns out 3 are salads.","After seeing the orders, how many does the admin guess are sandwiches?","After seeing the orders, the admin guesses there are 12 sandwich orders.","After seeing the orders, the admin guesses there are 11 sandwich orders.","After seeing the orders, the admin guesses there are 9 sandwich orders.","After seeing the orders, the admin guesses there are 5 sandwich orders.","C","These reasons all describe a shared failure in mapping vague quantifiers to numbers: the model treats terms like “most,” “almost no,” “few,” and “some” as fixed, often extreme values instead of flexible ranges. It overweights explicit numerals and simple subtraction, collapses multi-category or probabilistic setups into binary splits, and ignores narrative timing, implicit comparisons, and the requirement that minority categories remain small-but-nonzero. Humans, by contrast, integrate all constraints—totals, verbal hedges, expectations, and sampling uncertainty—yielding arithmetically consistent yet pragmatically moderate distributions where majority terms are strong but not maximized and “almost none” still leaves a remainder."
"4","67","A toy store reports 35 kites sold today. The clerk says most were dragon designs, some were bird designs, and almost none were fish designs. Checking the receipts, the manager finds that 8 were bird designs.","After checking, how many does the manager guess were dragon designs?","After checking, the manager guesses there were 31 dragon-design kites.","After checking, the manager guesses there were 27 dragon-design kites.","After checking, the manager guesses there were 25 dragon-design kites.","After checking, the manager guesses there were 22 dragon-design kites.","C","These reasons all describe a shared failure in mapping vague quantifiers to numbers: the model treats terms like “most,” “almost no,” “few,” and “some” as fixed, often extreme values instead of flexible ranges. It overweights explicit numerals and simple subtraction, collapses multi-category or probabilistic setups into binary splits, and ignores narrative timing, implicit comparisons, and the requirement that minority categories remain small-but-nonzero. Humans, by contrast, integrate all constraints—totals, verbal hedges, expectations, and sampling uncertainty—yielding arithmetically consistent yet pragmatically moderate distributions where majority terms are strong but not maximized and “almost none” still leaves a remainder."
"4","68","At a bike-share dock, there are 19 bikes. The attendant mentions that most are standard bikes, some are e-bikes, and very few are cargo bikes. A quick check shows 5 are e-bikes.","After the check, how many does the attendant guess are standard bikes?","After the check, the attendant guesses there are 16 standard bikes.","After the check, the attendant guesses there are 14 standard bikes.","After the check, the attendant guesses there are 12 standard bikes.","After the check, the attendant guesses there are 9 standard bikes.","C","These reasons all describe a shared failure in mapping vague quantifiers to numbers: the model treats terms like “most,” “almost no,” “few,” and “some” as fixed, often extreme values instead of flexible ranges. It overweights explicit numerals and simple subtraction, collapses multi-category or probabilistic setups into binary splits, and ignores narrative timing, implicit comparisons, and the requirement that minority categories remain small-but-nonzero. Humans, by contrast, integrate all constraints—totals, verbal hedges, expectations, and sampling uncertainty—yielding arithmetically consistent yet pragmatically moderate distributions where majority terms are strong but not maximized and “almost none” still leaves a remainder."
"4","69","A charity drive collected 24 boxes of donations. The coordinator explains that most boxes are clothing, a small part are books, and almost none are toys. Later, volunteers count 6 book boxes.","After counting, how many do the volunteers guess are clothing boxes?","After counting, the volunteers guess there are 21 clothing boxes.","After counting, the volunteers guess there are 18 clothing boxes.","After counting, the volunteers guess there are 16 clothing boxes.","After counting, the volunteers guess there are 12 clothing boxes.","C","These reasons all describe a shared failure in mapping vague quantifiers to numbers: the model treats terms like “most,” “almost no,” “few,” and “some” as fixed, often extreme values instead of flexible ranges. It overweights explicit numerals and simple subtraction, collapses multi-category or probabilistic setups into binary splits, and ignores narrative timing, implicit comparisons, and the requirement that minority categories remain small-but-nonzero. Humans, by contrast, integrate all constraints—totals, verbal hedges, expectations, and sampling uncertainty—yielding arithmetically consistent yet pragmatically moderate distributions where majority terms are strong but not maximized and “almost none” still leaves a remainder."
"4","70","At a city science fair, there are 24 exhibits. The coordinator says, ""Most are experiments, some are demonstrations, and almost none are art displays."" Later, a visitor counts that 5 of the exhibits are demonstrations.","After the visitor counts, how many do they guess are experiments?","After the count, they guess 19 experiments.","After the count, they guess 22 experiments.","After the count, they guess 17 experiments.","After the count, they guess 20 experiments.","C","These reasons all describe a shared failure in mapping vague quantifiers to numbers: the model treats terms like “most,” “almost no,” “few,” and “some” as fixed, often extreme values instead of flexible ranges. It overweights explicit numerals and simple subtraction, collapses multi-category or probabilistic setups into binary splits, and ignores narrative timing, implicit comparisons, and the requirement that minority categories remain small-but-nonzero. Humans, by contrast, integrate all constraints—totals, verbal hedges, expectations, and sampling uncertainty—yielding arithmetically consistent yet pragmatically moderate distributions where majority terms are strong but not maximized and “almost none” still leaves a remainder."
"4","71","For a company workshop, 30 employees signed up. The manager mentions that the majority are engineers, some are designers, and almost no one from HR registered. Later, someone confirms that 6 are designers.","After confirming, how many do they guess are engineers?","After confirming, they guess 24 engineers.","After confirming, they guess 26 engineers.","After confirming, they guess 22 engineers.","After confirming, they guess 28 engineers.","C","These reasons all describe a shared failure in mapping vague quantifiers to numbers: the model treats terms like “most,” “almost no,” “few,” and “some” as fixed, often extreme values instead of flexible ranges. It overweights explicit numerals and simple subtraction, collapses multi-category or probabilistic setups into binary splits, and ignores narrative timing, implicit comparisons, and the requirement that minority categories remain small-but-nonzero. Humans, by contrast, integrate all constraints—totals, verbal hedges, expectations, and sampling uncertainty—yielding arithmetically consistent yet pragmatically moderate distributions where majority terms are strong but not maximized and “almost none” still leaves a remainder."
"4","72","A library receives 18 new items. Staff tell patrons that most are non-fiction, a small part are poetry, and very few are maps. After browsing, a patron notes that 4 are poetry.","How many do patrons guess are non-fiction?","Patrons guess there are 14 non-fiction items.","Patrons guess there are 12 non-fiction items.","Patrons guess there are 15 non-fiction items.","Patrons guess there are 11 non-fiction items.","B","These reasons all describe a shared failure in mapping vague quantifiers to numbers: the model treats terms like “most,” “almost no,” “few,” and “some” as fixed, often extreme values instead of flexible ranges. It overweights explicit numerals and simple subtraction, collapses multi-category or probabilistic setups into binary splits, and ignores narrative timing, implicit comparisons, and the requirement that minority categories remain small-but-nonzero. Humans, by contrast, integrate all constraints—totals, verbal hedges, expectations, and sampling uncertainty—yielding arithmetically consistent yet pragmatically moderate distributions where majority terms are strong but not maximized and “almost none” still leaves a remainder."
"4","73","At a farmers' market stall, there are 20 gift baskets. The seller says most are fruit baskets, some are vegetable baskets, and almost none are mixed-herb baskets. A customer counts that 7 are vegetable baskets.","After counting, how many do they guess are fruit baskets?","After counting, they guess 13 fruit baskets.","After counting, they guess 16 fruit baskets.","After counting, they guess 11 fruit baskets.","After counting, they guess 15 fruit baskets.","C","These reasons all describe a shared failure in mapping vague quantifiers to numbers: the model treats terms like “most,” “almost no,” “few,” and “some” as fixed, often extreme values instead of flexible ranges. It overweights explicit numerals and simple subtraction, collapses multi-category or probabilistic setups into binary splits, and ignores narrative timing, implicit comparisons, and the requirement that minority categories remain small-but-nonzero. Humans, by contrast, integrate all constraints—totals, verbal hedges, expectations, and sampling uncertainty—yielding arithmetically consistent yet pragmatically moderate distributions where majority terms are strong but not maximized and “almost none” still leaves a remainder."
"4","74","A university outdoor club has 26 new members. The organizer says most chose hiking, some chose cycling, and a handful chose birdwatching. Later, the sign-up sheet shows 6 chose cycling.","After seeing the sheet, how many do they guess chose hiking?","They guess 20 chose hiking.","They guess 18 chose hiking.","They guess 16 chose hiking.","They guess 22 chose hiking.","C","These reasons all describe a shared failure in mapping vague quantifiers to numbers: the model treats terms like “most,” “almost no,” “few,” and “some” as fixed, often extreme values instead of flexible ranges. It overweights explicit numerals and simple subtraction, collapses multi-category or probabilistic setups into binary splits, and ignores narrative timing, implicit comparisons, and the requirement that minority categories remain small-but-nonzero. Humans, by contrast, integrate all constraints—totals, verbal hedges, expectations, and sampling uncertainty—yielding arithmetically consistent yet pragmatically moderate distributions where majority terms are strong but not maximized and “almost none” still leaves a remainder."
"4","75","A community cooking night prepares 22 dishes. The host explains that most are savory, some are desserts, and hardly any are drinks. After setting up, attendees count 5 desserts.","After counting, how many do they guess are savory dishes?","They guess 17 savory dishes.","They guess 20 savory dishes.","They guess 15 savory dishes.","They guess 18 savory dishes.","C","These reasons all describe a shared failure in mapping vague quantifiers to numbers: the model treats terms like “most,” “almost no,” “few,” and “some” as fixed, often extreme values instead of flexible ranges. It overweights explicit numerals and simple subtraction, collapses multi-category or probabilistic setups into binary splits, and ignores narrative timing, implicit comparisons, and the requirement that minority categories remain small-but-nonzero. Humans, by contrast, integrate all constraints—totals, verbal hedges, expectations, and sampling uncertainty—yielding arithmetically consistent yet pragmatically moderate distributions where majority terms are strong but not maximized and “almost none” still leaves a remainder."
"4","76","An art contest receives 32 submissions. The judge announces that most are paintings, some are sculptures, and very few are photographs. Later, volunteers tally 8 sculptures.","After the tally, how many do they guess are paintings?","They guess 24 paintings.","They guess 28 paintings.","They guess 22 paintings.","They guess 20 paintings.","C","These reasons all describe a shared failure in mapping vague quantifiers to numbers: the model treats terms like “most,” “almost no,” “few,” and “some” as fixed, often extreme values instead of flexible ranges. It overweights explicit numerals and simple subtraction, collapses multi-category or probabilistic setups into binary splits, and ignores narrative timing, implicit comparisons, and the requirement that minority categories remain small-but-nonzero. Humans, by contrast, integrate all constraints—totals, verbal hedges, expectations, and sampling uncertainty—yielding arithmetically consistent yet pragmatically moderate distributions where majority terms are strong but not maximized and “almost none” still leaves a remainder."
"4","77","A neighborhood survey covers 16 households about pets. Organizers say most households have dogs, some have cats, and almost none have reptiles. After visits, they confirm 3 households have cats.","After confirming, how many do they guess have dogs?","They guess 14 households have dogs.","They guess 12 households have dogs.","They guess 15 households have dogs.","They guess 13 households have dogs.","B","These reasons all describe a shared failure in mapping vague quantifiers to numbers: the model treats terms like “most,” “almost no,” “few,” and “some” as fixed, often extreme values instead of flexible ranges. It overweights explicit numerals and simple subtraction, collapses multi-category or probabilistic setups into binary splits, and ignores narrative timing, implicit comparisons, and the requirement that minority categories remain small-but-nonzero. Humans, by contrast, integrate all constraints—totals, verbal hedges, expectations, and sampling uncertainty—yielding arithmetically consistent yet pragmatically moderate distributions where majority terms are strong but not maximized and “almost none” still leaves a remainder."
"4","78","At a tech conference, there are 25 sessions. The schedule team says most are research talks, some are tutorials, and very few are panels. Later, they finalize that 6 are tutorials.","After finalizing, how many do they guess are research talks?","They guess 20 research talks.","They guess 19 research talks.","They guess 17 research talks.","They guess 24 research talks.","C","These reasons all describe a shared failure in mapping vague quantifiers to numbers: the model treats terms like “most,” “almost no,” “few,” and “some” as fixed, often extreme values instead of flexible ranges. It overweights explicit numerals and simple subtraction, collapses multi-category or probabilistic setups into binary splits, and ignores narrative timing, implicit comparisons, and the requirement that minority categories remain small-but-nonzero. Humans, by contrast, integrate all constraints—totals, verbal hedges, expectations, and sampling uncertainty—yielding arithmetically consistent yet pragmatically moderate distributions where majority terms are strong but not maximized and “almost none” still leaves a remainder."
"4","79","A bakery's morning batch has 21 items. The baker says most are muffins, some are croissants, and almost no bagels. After arranging trays, staff count 5 croissants.","After arranging, how many do they guess are muffins?","They guess 16 muffins.","They guess 19 muffins.","They guess 14 muffins.","They guess 13 muffins.","C","These reasons all describe a shared failure in mapping vague quantifiers to numbers: the model treats terms like “most,” “almost no,” “few,” and “some” as fixed, often extreme values instead of flexible ranges. It overweights explicit numerals and simple subtraction, collapses multi-category or probabilistic setups into binary splits, and ignores narrative timing, implicit comparisons, and the requirement that minority categories remain small-but-nonzero. Humans, by contrast, integrate all constraints—totals, verbal hedges, expectations, and sampling uncertainty—yielding arithmetically consistent yet pragmatically moderate distributions where majority terms are strong but not maximized and “almost none” still leaves a remainder."
"4","80","At a university club fair, 40 new members sign up for sessions. The coordinator tells a volunteer, ""Most people chose the coding workshop, some chose the design session, and almost no one chose the robotics demo."" After checking the list, the volunteer sees that 9 people are in the design session.","After checking, how many does the volunteer guess chose the coding workshop?","31 chose the coding workshop.","29 chose the coding workshop.","24 chose the coding workshop.","19 chose the coding workshop.","B","These reasons all describe a shared failure in mapping vague quantifiers to numbers: the model treats terms like “most,” “almost no,” “few,” and “some” as fixed, often extreme values instead of flexible ranges. It overweights explicit numerals and simple subtraction, collapses multi-category or probabilistic setups into binary splits, and ignores narrative timing, implicit comparisons, and the requirement that minority categories remain small-but-nonzero. Humans, by contrast, integrate all constraints—totals, verbal hedges, expectations, and sampling uncertainty—yielding arithmetically consistent yet pragmatically moderate distributions where majority terms are strong but not maximized and “almost none” still leaves a remainder."
"4","81","At a neighborhood potluck, there are 18 dishes on the table. The organizer announces, ""Most are savory dishes, some are desserts, and very few are drinks."" After a quick tally, a resident notes that 5 of the dishes are desserts.","How many do residents guess are savory dishes after the tally?","13 savory dishes.","9 savory dishes.","12 savory dishes.","7 savory dishes.","C","These reasons all describe a shared failure in mapping vague quantifiers to numbers: the model treats terms like “most,” “almost no,” “few,” and “some” as fixed, often extreme values instead of flexible ranges. It overweights explicit numerals and simple subtraction, collapses multi-category or probabilistic setups into binary splits, and ignores narrative timing, implicit comparisons, and the requirement that minority categories remain small-but-nonzero. Humans, by contrast, integrate all constraints—totals, verbal hedges, expectations, and sampling uncertainty—yielding arithmetically consistent yet pragmatically moderate distributions where majority terms are strong but not maximized and “almost none” still leaves a remainder."
"4","82","A small gallery opens an exhibit with 22 pieces. The curator explains to visitors, ""Most are modern works, a few are abstract, and almost none are sculptures."" After looking around, a visitor counts that 6 pieces are abstract.","How many do visitors guess are modern works after looking around?","16 modern works.","11 modern works.","13 modern works.","15 modern works.","D","These reasons all describe a shared failure in mapping vague quantifiers to numbers: the model treats terms like “most,” “almost no,” “few,” and “some” as fixed, often extreme values instead of flexible ranges. It overweights explicit numerals and simple subtraction, collapses multi-category or probabilistic setups into binary splits, and ignores narrative timing, implicit comparisons, and the requirement that minority categories remain small-but-nonzero. Humans, by contrast, integrate all constraints—totals, verbal hedges, expectations, and sampling uncertainty—yielding arithmetically consistent yet pragmatically moderate distributions where majority terms are strong but not maximized and “almost none” still leaves a remainder."
"4","83","On a city bus with 28 passengers, the conductor remarks, ""Most people paid with cards, some used cash, and hardly any used coupons."" Later, the conductor checks and finds that 8 passengers paid with cash.","After checking, how many does the conductor guess paid with cards?","19 paid with cards.","20 paid with cards.","14 paid with cards.","12 paid with cards.","A","These reasons all describe a shared failure in mapping vague quantifiers to numbers: the model treats terms like “most,” “almost no,” “few,” and “some” as fixed, often extreme values instead of flexible ranges. It overweights explicit numerals and simple subtraction, collapses multi-category or probabilistic setups into binary splits, and ignores narrative timing, implicit comparisons, and the requirement that minority categories remain small-but-nonzero. Humans, by contrast, integrate all constraints—totals, verbal hedges, expectations, and sampling uncertainty—yielding arithmetically consistent yet pragmatically moderate distributions where majority terms are strong but not maximized and “almost none” still leaves a remainder."
"4","84","During a wildlife count, rangers record 35 animals near a lake. One ranger says, ""Most are birds, a small number are mammals, and almost none are reptiles."" After reviewing the notebook, they see that 7 are mammals.","After reviewing, how many do the rangers guess are birds?","16 are birds.","28 are birds.","27 are birds.","22 are birds.","C","These reasons all describe a shared failure in mapping vague quantifiers to numbers: the model treats terms like “most,” “almost no,” “few,” and “some” as fixed, often extreme values instead of flexible ranges. It overweights explicit numerals and simple subtraction, collapses multi-category or probabilistic setups into binary splits, and ignores narrative timing, implicit comparisons, and the requirement that minority categories remain small-but-nonzero. Humans, by contrast, integrate all constraints—totals, verbal hedges, expectations, and sampling uncertainty—yielding arithmetically consistent yet pragmatically moderate distributions where majority terms are strong but not maximized and “almost none” still leaves a remainder."
"4","85","In an office kitchen, there are 12 drinks in the fridge. A staff member comments, ""Most are water, some are tea, and very few are sodas."" After sorting, another staffer notices that 3 are tea.","After sorting, how many do they guess are water?","9 are water.","6 are water.","8 are water.","5 are water.","C","These reasons all describe a shared failure in mapping vague quantifiers to numbers: the model treats terms like “most,” “almost no,” “few,” and “some” as fixed, often extreme values instead of flexible ranges. It overweights explicit numerals and simple subtraction, collapses multi-category or probabilistic setups into binary splits, and ignores narrative timing, implicit comparisons, and the requirement that minority categories remain small-but-nonzero. Humans, by contrast, integrate all constraints—totals, verbal hedges, expectations, and sampling uncertainty—yielding arithmetically consistent yet pragmatically moderate distributions where majority terms are strong but not maximized and “almost none” still leaves a remainder."
"4","86","At a summer camp, 26 campers sign up for activities. The counselor explains, ""Most picked hiking, some picked canoeing, and almost none picked archery."" When the list is posted, it shows that 6 campers picked canoeing.","After seeing the list, how many do people guess picked hiking?","20 picked hiking.","14 picked hiking.","12 picked hiking.","19 picked hiking.","D","These reasons all describe a shared failure in mapping vague quantifiers to numbers: the model treats terms like “most,” “almost no,” “few,” and “some” as fixed, often extreme values instead of flexible ranges. It overweights explicit numerals and simple subtraction, collapses multi-category or probabilistic setups into binary splits, and ignores narrative timing, implicit comparisons, and the requirement that minority categories remain small-but-nonzero. Humans, by contrast, integrate all constraints—totals, verbal hedges, expectations, and sampling uncertainty—yielding arithmetically consistent yet pragmatically moderate distributions where majority terms are strong but not maximized and “almost none” still leaves a remainder."
"4","87","A local library receives 32 donated items. A librarian tells a volunteer, ""Most are paperbacks, some are hardcovers, and very few are DVDs."" After sorting, the volunteer finds that 9 are hardcovers.","After sorting, how many does the volunteer guess are paperbacks?","22 are paperbacks.","23 are paperbacks.","18 are paperbacks.","15 are paperbacks.","A","These reasons all describe a shared failure in mapping vague quantifiers to numbers: the model treats terms like “most,” “almost no,” “few,” and “some” as fixed, often extreme values instead of flexible ranges. It overweights explicit numerals and simple subtraction, collapses multi-category or probabilistic setups into binary splits, and ignores narrative timing, implicit comparisons, and the requirement that minority categories remain small-but-nonzero. Humans, by contrast, integrate all constraints—totals, verbal hedges, expectations, and sampling uncertainty—yielding arithmetically consistent yet pragmatically moderate distributions where majority terms are strong but not maximized and “almost none” still leaves a remainder."
"4","88","At a weekend market with 20 vendor stalls, the organizer says, ""Most stalls sell produce, some sell crafts, and almost none sell plants."" After walking around, a shopper counts that 5 stalls sell crafts.","After walking around, how many does the shopper guess sell produce?","15 sell produce.","10 sell produce.","9 sell produce.","14 sell produce.","D","These reasons all describe a shared failure in mapping vague quantifiers to numbers: the model treats terms like “most,” “almost no,” “few,” and “some” as fixed, often extreme values instead of flexible ranges. It overweights explicit numerals and simple subtraction, collapses multi-category or probabilistic setups into binary splits, and ignores narrative timing, implicit comparisons, and the requirement that minority categories remain small-but-nonzero. Humans, by contrast, integrate all constraints—totals, verbal hedges, expectations, and sampling uncertainty—yielding arithmetically consistent yet pragmatically moderate distributions where majority terms are strong but not maximized and “almost none” still leaves a remainder."
"4","89","At a tech meetup, there are 24 attendees. The host mentions, ""Most are developers, some are designers, and very few are product managers."" After registration closes, it shows that 6 are designers.","After registration, how many do attendees guess are developers?","17 are developers.","18 are developers.","13 are developers.","11 are developers.","A","These reasons all describe a shared failure in mapping vague quantifiers to numbers: the model treats terms like “most,” “almost no,” “few,” and “some” as fixed, often extreme values instead of flexible ranges. It overweights explicit numerals and simple subtraction, collapses multi-category or probabilistic setups into binary splits, and ignores narrative timing, implicit comparisons, and the requirement that minority categories remain small-but-nonzero. Humans, by contrast, integrate all constraints—totals, verbal hedges, expectations, and sampling uncertainty—yielding arithmetically consistent yet pragmatically moderate distributions where majority terms are strong but not maximized and “almost none” still leaves a remainder."
"4","90","At a campus cafeteria event, a club brings 40 students for lunch. The leader says, ""Most students will get rice bowls, some will get noodles, and almost no one will pick salad."" After the trays are counted, they see that only 7 students chose noodles.","After counting, how many students do they guess chose rice bowls?","After counting, they guess that 33 students choose rice bowls.","After counting, they guess that 31 students choose rice bowls.","After counting, they guess that 28 students choose rice bowls.","After counting, they guess that 39 students choose rice bowls.","B","These reasons all describe a shared failure in mapping vague quantifiers to numbers: the model treats terms like “most,” “almost no,” “few,” and “some” as fixed, often extreme values instead of flexible ranges. It overweights explicit numerals and simple subtraction, collapses multi-category or probabilistic setups into binary splits, and ignores narrative timing, implicit comparisons, and the requirement that minority categories remain small-but-nonzero. Humans, by contrast, integrate all constraints—totals, verbal hedges, expectations, and sampling uncertainty—yielding arithmetically consistent yet pragmatically moderate distributions where majority terms are strong but not maximized and “almost none” still leaves a remainder."
"4","91","In an art class, there are 18 canvases on display. The teacher tells the class, ""Most are landscapes, some are portraits, and almost none are abstract."" Students look closely and find that only 5 are portraits.","After looking, how many do students guess are landscapes?","After looking, students guess there are 12 landscapes.","After looking, students guess there are 16 landscapes.","After looking, students guess there are 10 landscapes.","After looking, students guess there are 5 landscapes.","A","These reasons all describe a shared failure in mapping vague quantifiers to numbers: the model treats terms like “most,” “almost no,” “few,” and “some” as fixed, often extreme values instead of flexible ranges. It overweights explicit numerals and simple subtraction, collapses multi-category or probabilistic setups into binary splits, and ignores narrative timing, implicit comparisons, and the requirement that minority categories remain small-but-nonzero. Humans, by contrast, integrate all constraints—totals, verbal hedges, expectations, and sampling uncertainty—yielding arithmetically consistent yet pragmatically moderate distributions where majority terms are strong but not maximized and “almost none” still leaves a remainder."
"4","92","At a tech meetup with 25 attendees, the organizer says, ""Most are developers, a few are designers, and hardly any are managers."" Later, the group learns that 6 attendees are designers.","After learning this, how many do they guess are developers?","After learning this, they guess that 24 attendees are developers.","After learning this, they guess that 18 attendees are developers.","After learning this, they guess that 15 attendees are developers.","After learning this, they guess that 20 attendees are developers.","B","These reasons all describe a shared failure in mapping vague quantifiers to numbers: the model treats terms like “most,” “almost no,” “few,” and “some” as fixed, often extreme values instead of flexible ranges. It overweights explicit numerals and simple subtraction, collapses multi-category or probabilistic setups into binary splits, and ignores narrative timing, implicit comparisons, and the requirement that minority categories remain small-but-nonzero. Humans, by contrast, integrate all constraints—totals, verbal hedges, expectations, and sampling uncertainty—yielding arithmetically consistent yet pragmatically moderate distributions where majority terms are strong but not maximized and “almost none” still leaves a remainder."
"4","93","A toy store receives a shipment of 22 items. The manager explains, ""Most are puzzles, some are board games, and very few are plush toys."" Staff count and see only 4 are board games.","After counting, how many do staff guess are puzzles?","After counting, staff guess that 17 items are puzzles.","After counting, staff guess that 18 items are puzzles.","After counting, staff guess that 14 items are puzzles.","After counting, staff guess that 21 items are puzzles.","A","These reasons all describe a shared failure in mapping vague quantifiers to numbers: the model treats terms like “most,” “almost no,” “few,” and “some” as fixed, often extreme values instead of flexible ranges. It overweights explicit numerals and simple subtraction, collapses multi-category or probabilistic setups into binary splits, and ignores narrative timing, implicit comparisons, and the requirement that minority categories remain small-but-nonzero. Humans, by contrast, integrate all constraints—totals, verbal hedges, expectations, and sampling uncertainty—yielding arithmetically consistent yet pragmatically moderate distributions where majority terms are strong but not maximized and “almost none” still leaves a remainder."
"4","94","A hiking group has 32 people choosing routes. The guide announces, ""Most will take trail A, some will take trail B, and almost none will take trail C."" After sign-ups, they see that 9 chose trail B.","After sign-ups, how many do they guess chose trail A?","After sign-ups, they guess that 23 hikers choose trail A.","After sign-ups, they guess that 19 hikers choose trail A.","After sign-ups, they guess that 22 hikers choose trail A.","After sign-ups, they guess that 28 hikers choose trail A.","C","These reasons all describe a shared failure in mapping vague quantifiers to numbers: the model treats terms like “most,” “almost no,” “few,” and “some” as fixed, often extreme values instead of flexible ranges. It overweights explicit numerals and simple subtraction, collapses multi-category or probabilistic setups into binary splits, and ignores narrative timing, implicit comparisons, and the requirement that minority categories remain small-but-nonzero. Humans, by contrast, integrate all constraints—totals, verbal hedges, expectations, and sampling uncertainty—yielding arithmetically consistent yet pragmatically moderate distributions where majority terms are strong but not maximized and “almost none” still leaves a remainder."
"4","95","A neighborhood library tracks 27 borrowed items in a day. Volunteers say, ""Most are fiction, a small portion are nonfiction, and a handful are comics."" They check records and find 8 are nonfiction.","After checking, how many do they guess are fiction?","After tallying, they guess there are 25 fiction books.","After tallying, they guess there are 19 fiction books.","After tallying, they guess there are 8 fiction books.","After tallying, they guess there are 16 fiction books.","D","These reasons all describe a shared failure in mapping vague quantifiers to numbers: the model treats terms like “most,” “almost no,” “few,” and “some” as fixed, often extreme values instead of flexible ranges. It overweights explicit numerals and simple subtraction, collapses multi-category or probabilistic setups into binary splits, and ignores narrative timing, implicit comparisons, and the requirement that minority categories remain small-but-nonzero. Humans, by contrast, integrate all constraints—totals, verbal hedges, expectations, and sampling uncertainty—yielding arithmetically consistent yet pragmatically moderate distributions where majority terms are strong but not maximized and “almost none” still leaves a remainder."
"4","96","An office snack box has 20 items. The admin says, ""Most are chips, some are cookies, and almost no items are nuts."" A colleague counts and finds only 5 are cookies.","After checking, how many do they guess are chips?","After checking, they guess that 19 items are chips.","After checking, they guess that 14 items are chips.","After checking, they guess that 10 items are chips.","After checking, they guess that 15 items are chips.","B","These reasons all describe a shared failure in mapping vague quantifiers to numbers: the model treats terms like “most,” “almost no,” “few,” and “some” as fixed, often extreme values instead of flexible ranges. It overweights explicit numerals and simple subtraction, collapses multi-category or probabilistic setups into binary splits, and ignores narrative timing, implicit comparisons, and the requirement that minority categories remain small-but-nonzero. Humans, by contrast, integrate all constraints—totals, verbal hedges, expectations, and sampling uncertainty—yielding arithmetically consistent yet pragmatically moderate distributions where majority terms are strong but not maximized and “almost none” still leaves a remainder."
"4","97","A music club playlist for an event has 30 tracks. The organizer notes, ""Most are pop, a minority are rock, and very few are jazz."" They later find there are 9 rock tracks.","After reviewing, how many do they guess are pop tracks?","After reviewing, they guess that 28 tracks are pop.","After reviewing, they guess that 21 tracks are pop.","After reviewing, they guess that 20 tracks are pop.","After reviewing, they guess that 16 tracks are pop.","C","These reasons all describe a shared failure in mapping vague quantifiers to numbers: the model treats terms like “most,” “almost no,” “few,” and “some” as fixed, often extreme values instead of flexible ranges. It overweights explicit numerals and simple subtraction, collapses multi-category or probabilistic setups into binary splits, and ignores narrative timing, implicit comparisons, and the requirement that minority categories remain small-but-nonzero. Humans, by contrast, integrate all constraints—totals, verbal hedges, expectations, and sampling uncertainty—yielding arithmetically consistent yet pragmatically moderate distributions where majority terms are strong but not maximized and “almost none” still leaves a remainder."
"4","98","At a farmer's market with 16 sellers, the coordinator says, ""Most sell vegetables, several sell fruit, and only a couple sell flowers."" Later, they see that 5 sellers offer fruit.","After walking around, how many do they guess sell vegetables?","After walking around, they guess that 14 sellers offer vegetables.","After walking around, they guess that 9 sellers offer vegetables.","After walking around, they guess that 7 sellers offer vegetables.","After walking around, they guess that 11 sellers offer vegetables.","B","These reasons all describe a shared failure in mapping vague quantifiers to numbers: the model treats terms like “most,” “almost no,” “few,” and “some” as fixed, often extreme values instead of flexible ranges. It overweights explicit numerals and simple subtraction, collapses multi-category or probabilistic setups into binary splits, and ignores narrative timing, implicit comparisons, and the requirement that minority categories remain small-but-nonzero. Humans, by contrast, integrate all constraints—totals, verbal hedges, expectations, and sampling uncertainty—yielding arithmetically consistent yet pragmatically moderate distributions where majority terms are strong but not maximized and “almost none” still leaves a remainder."
"4","99","A city survey records 24 commuters' travel modes. The surveyor says, ""Most take the subway, a small share take buses, and almost none bike."" When tallying, they record that only 6 take buses.","After compiling the data, how many do they guess take the subway?","After compiling the data, they guess that 13 commuters take the subway.","After compiling the data, they guess that 22 commuters take the subway.","After compiling the data, they guess that 18 commuters take the subway.","After compiling the data, they guess that 17 commuters take the subway.","D","These reasons all describe a shared failure in mapping vague quantifiers to numbers: the model treats terms like “most,” “almost no,” “few,” and “some” as fixed, often extreme values instead of flexible ranges. It overweights explicit numerals and simple subtraction, collapses multi-category or probabilistic setups into binary splits, and ignores narrative timing, implicit comparisons, and the requirement that minority categories remain small-but-nonzero. Humans, by contrast, integrate all constraints—totals, verbal hedges, expectations, and sampling uncertainty—yielding arithmetically consistent yet pragmatically moderate distributions where majority terms are strong but not maximized and “almost none” still leaves a remainder."
"4","100","At a school cafeteria, 25 lunch combos are served. The cook tells a student, ""Most are rice bowls, some are noodles, and almost none are salads."" The student watches the trays and counts only 6 noodle orders.","After observing, how many does the student guess are rice bowls?","After observing, the student guesses that 18 meals are rice bowls.","After observing, the student guesses that 24 meals are rice bowls.","After observing, the student guesses that 19 meals are rice bowls.","After observing, the student guesses that 22 meals are rice bowls.","A","These reasons all describe a shared failure in mapping vague quantifiers to numbers: the model treats terms like “most,” “almost no,” “few,” and “some” as fixed, often extreme values instead of flexible ranges. It overweights explicit numerals and simple subtraction, collapses multi-category or probabilistic setups into binary splits, and ignores narrative timing, implicit comparisons, and the requirement that minority categories remain small-but-nonzero. Humans, by contrast, integrate all constraints—totals, verbal hedges, expectations, and sampling uncertainty—yielding arithmetically consistent yet pragmatically moderate distributions where majority terms are strong but not maximized and “almost none” still leaves a remainder."
"4","101","A community center receives 40 reading materials. Staff tell visitors, ""Most are books, some are magazines, and almost none are CDs."" After sorting, a visitor notices that 9 items are magazines.","After sorting, how many does the visitor guess are books?","After sorting, the visitor guesses there are 31 books.","After sorting, the visitor guesses there are 29 books.","After sorting, the visitor guesses there are 34 books.","After sorting, the visitor guesses there are 26 books.","B","These reasons all describe a shared failure in mapping vague quantifiers to numbers: the model treats terms like “most,” “almost no,” “few,” and “some” as fixed, often extreme values instead of flexible ranges. It overweights explicit numerals and simple subtraction, collapses multi-category or probabilistic setups into binary splits, and ignores narrative timing, implicit comparisons, and the requirement that minority categories remain small-but-nonzero. Humans, by contrast, integrate all constraints—totals, verbal hedges, expectations, and sampling uncertainty—yielding arithmetically consistent yet pragmatically moderate distributions where majority terms are strong but not maximized and “almost none” still leaves a remainder."
"4","102","A shuttle bus carries 18 passengers. The driver mentions, ""Most will get off at Central Station, a few at Park Stop, and almost none at East End."" After a quick count, a commuter sees that 5 passengers plan to get off at Park Stop.","After the count, how many does the commuter guess will get off at Central Station?","After the count, the commuter guesses that 12 passengers will get off at Central Station.","After the count, the commuter guesses that 13 passengers will get off at Central Station.","After the count, the commuter guesses that 17 passengers will get off at Central Station.","After the count, the commuter guesses that 9 passengers will get off at Central Station.","A","These reasons all describe a shared failure in mapping vague quantifiers to numbers: the model treats terms like “most,” “almost no,” “few,” and “some” as fixed, often extreme values instead of flexible ranges. It overweights explicit numerals and simple subtraction, collapses multi-category or probabilistic setups into binary splits, and ignores narrative timing, implicit comparisons, and the requirement that minority categories remain small-but-nonzero. Humans, by contrast, integrate all constraints—totals, verbal hedges, expectations, and sampling uncertainty—yielding arithmetically consistent yet pragmatically moderate distributions where majority terms are strong but not maximized and “almost none” still leaves a remainder."
"4","103","In a small garden, there are 22 flowering plants. The caretaker says, ""Most are roses, some are tulips, and very few are daisies."" After a tour, a visitor counts only 6 tulips.","After the tour, how many does the visitor guess are roses?","After the tour, the visitor guesses there are 17 roses.","After the tour, the visitor guesses there are 14 roses.","After the tour, the visitor guesses there are 16 roses.","After the tour, the visitor guesses there are 11 roses.","B","These reasons all describe a shared failure in mapping vague quantifiers to numbers: the model treats terms like “most,” “almost no,” “few,” and “some” as fixed, often extreme values instead of flexible ranges. It overweights explicit numerals and simple subtraction, collapses multi-category or probabilistic setups into binary splits, and ignores narrative timing, implicit comparisons, and the requirement that minority categories remain small-but-nonzero. Humans, by contrast, integrate all constraints—totals, verbal hedges, expectations, and sampling uncertainty—yielding arithmetically consistent yet pragmatically moderate distributions where majority terms are strong but not maximized and “almost none” still leaves a remainder."
"4","104","A tech team lists 28 tasks for the week. The team lead explains, ""Most are development tasks, some are testing tasks, and almost none are documentation tasks."" Midweek, a teammate notes that 8 are testing tasks.","After noting the testing tasks, how many does the teammate guess are development tasks?","After noting, the teammate guesses there are 22 development tasks.","After noting, the teammate guesses there are 18 development tasks.","After noting, the teammate guesses there are 20 development tasks.","After noting, the teammate guesses there are 16 development tasks.","B","These reasons all describe a shared failure in mapping vague quantifiers to numbers: the model treats terms like “most,” “almost no,” “few,” and “some” as fixed, often extreme values instead of flexible ranges. It overweights explicit numerals and simple subtraction, collapses multi-category or probabilistic setups into binary splits, and ignores narrative timing, implicit comparisons, and the requirement that minority categories remain small-but-nonzero. Humans, by contrast, integrate all constraints—totals, verbal hedges, expectations, and sampling uncertainty—yielding arithmetically consistent yet pragmatically moderate distributions where majority terms are strong but not maximized and “almost none” still leaves a remainder."
"4","105","A bakery box holds 16 pastries. The clerk tells a customer, ""Most are croissants, a small part are muffins, and almost none are scones."" Peeking in, the customer sees only 4 muffins.","After peeking, how many does the customer guess are croissants?","After peeking, the customer guesses there are 10 croissants.","After peeking, the customer guesses there are 12 croissants.","After peeking, the customer guesses there are 14 croissants.","After peeking, the customer guesses there are 8 croissants.","A","These reasons all describe a shared failure in mapping vague quantifiers to numbers: the model treats terms like “most,” “almost no,” “few,” and “some” as fixed, often extreme values instead of flexible ranges. It overweights explicit numerals and simple subtraction, collapses multi-category or probabilistic setups into binary splits, and ignores narrative timing, implicit comparisons, and the requirement that minority categories remain small-but-nonzero. Humans, by contrast, integrate all constraints—totals, verbal hedges, expectations, and sampling uncertainty—yielding arithmetically consistent yet pragmatically moderate distributions where majority terms are strong but not maximized and “almost none” still leaves a remainder."
"4","106","An art class has 35 supplies laid out. The instructor says, ""Most are paintbrushes, some are markers, and very few are erasers."" After organizing, a student counts 9 markers.","After organizing, how many does the student guess are paintbrushes?","After organizing, the student guesses there are 31 paintbrushes.","After organizing, the student guesses there are 24 paintbrushes.","After organizing, the student guesses there are 26 paintbrushes.","After organizing, the student guesses there are 20 paintbrushes.","B","These reasons all describe a shared failure in mapping vague quantifiers to numbers: the model treats terms like “most,” “almost no,” “few,” and “some” as fixed, often extreme values instead of flexible ranges. It overweights explicit numerals and simple subtraction, collapses multi-category or probabilistic setups into binary splits, and ignores narrative timing, implicit comparisons, and the requirement that minority categories remain small-but-nonzero. Humans, by contrast, integrate all constraints—totals, verbal hedges, expectations, and sampling uncertainty—yielding arithmetically consistent yet pragmatically moderate distributions where majority terms are strong but not maximized and “almost none” still leaves a remainder."
"4","107","A pet shelter has 21 small animals ready for adoption. A volunteer explains, ""Most are cats, a few are rabbits, and almost none are birds."" During intake, another volunteer records that 5 are rabbits.","After intake, how many does the volunteer guess are cats?","After intake, the volunteer guesses there are 18 cats.","After intake, the volunteer guesses there are 15 cats.","After intake, the volunteer guesses there are 16 cats.","After intake, the volunteer guesses there are 12 cats.","B","These reasons all describe a shared failure in mapping vague quantifiers to numbers: the model treats terms like “most,” “almost no,” “few,” and “some” as fixed, often extreme values instead of flexible ranges. It overweights explicit numerals and simple subtraction, collapses multi-category or probabilistic setups into binary splits, and ignores narrative timing, implicit comparisons, and the requirement that minority categories remain small-but-nonzero. Humans, by contrast, integrate all constraints—totals, verbal hedges, expectations, and sampling uncertainty—yielding arithmetically consistent yet pragmatically moderate distributions where majority terms are strong but not maximized and “almost none” still leaves a remainder."
"4","108","A campus survey collects 50 responses. The organizer reports, ""Most chose Option A, some chose Option B, and almost none chose Option C."" Reviewing tallies, a student sees that 12 selected Option B.","After reviewing, how many does the student guess chose Option A?","After reviewing, the student guesses that 45 chose Option A.","After reviewing, the student guesses that 36 chose Option A.","After reviewing, the student guesses that 38 chose Option A.","After reviewing, the student guesses that 32 chose Option A.","B","These reasons all describe a shared failure in mapping vague quantifiers to numbers: the model treats terms like “most,” “almost no,” “few,” and “some” as fixed, often extreme values instead of flexible ranges. It overweights explicit numerals and simple subtraction, collapses multi-category or probabilistic setups into binary splits, and ignores narrative timing, implicit comparisons, and the requirement that minority categories remain small-but-nonzero. Humans, by contrast, integrate all constraints—totals, verbal hedges, expectations, and sampling uncertainty—yielding arithmetically consistent yet pragmatically moderate distributions where majority terms are strong but not maximized and “almost none” still leaves a remainder."
"4","109","At a small theater, 27 seats are occupied. The usher comments, ""Most seats are taken by adults, some by teens, and very few by children."" Checking rows, a staff member counts 7 teens.","After checking, how many does the staff member guess are adults?","After checking, the staff member guesses there are 24 adults.","After checking, the staff member guesses there are 18 adults.","After checking, the staff member guesses there are 20 adults.","After checking, the staff member guesses there are 15 adults.","B","These reasons all describe a shared failure in mapping vague quantifiers to numbers: the model treats terms like “most,” “almost no,” “few,” and “some” as fixed, often extreme values instead of flexible ranges. It overweights explicit numerals and simple subtraction, collapses multi-category or probabilistic setups into binary splits, and ignores narrative timing, implicit comparisons, and the requirement that minority categories remain small-but-nonzero. Humans, by contrast, integrate all constraints—totals, verbal hedges, expectations, and sampling uncertainty—yielding arithmetically consistent yet pragmatically moderate distributions where majority terms are strong but not maximized and “almost none” still leaves a remainder."
"4","110","During a school field day, 22 students signed up for events. Ms. Lin says, ""Most chose the relay, some chose the long jump, and almost no one chose the high jump."" After checking the clipboard, Aaron notices that only 5 students chose the long jump.","After Aaron checks, how many students does he guess chose the relay?","After checking, Aaron guesses that 17 students chose the relay.","After checking, Aaron guesses that 21 students chose the relay.","After checking, Aaron guesses that 15 students chose the relay.","After checking, Aaron guesses that 19 students chose the relay.","C","These reasons all describe a shared failure in mapping vague quantifiers to numbers: the model treats terms like “most,” “almost no,” “few,” and “some” as fixed, often extreme values instead of flexible ranges. It overweights explicit numerals and simple subtraction, collapses multi-category or probabilistic setups into binary splits, and ignores narrative timing, implicit comparisons, and the requirement that minority categories remain small-but-nonzero. Humans, by contrast, integrate all constraints—totals, verbal hedges, expectations, and sampling uncertainty—yielding arithmetically consistent yet pragmatically moderate distributions where majority terms are strong but not maximized and “almost none” still leaves a remainder."
"4","111","In the art room, there are 18 markers in a tub. The volunteer says most are blue, a few are green, and almost none are red. After counting, Mei finds that only 4 are green.","How many does Mei guess are blue after counting?","After counting, Mei guesses there are 14 blue markers.","After counting, Mei guesses there are 12 blue markers.","After counting, Mei guesses there are 16 blue markers.","After counting, Mei guesses there are 4 blue markers.","B","These reasons all describe a shared failure in mapping vague quantifiers to numbers: the model treats terms like “most,” “almost no,” “few,” and “some” as fixed, often extreme values instead of flexible ranges. It overweights explicit numerals and simple subtraction, collapses multi-category or probabilistic setups into binary splits, and ignores narrative timing, implicit comparisons, and the requirement that minority categories remain small-but-nonzero. Humans, by contrast, integrate all constraints—totals, verbal hedges, expectations, and sampling uncertainty—yielding arithmetically consistent yet pragmatically moderate distributions where majority terms are strong but not maximized and “almost none” still leaves a remainder."
"4","112","A neighborhood group placed an order for 50 takeaway meals. The coordinator tells everyone that most are rice bowls, some are noodles, and very few are salads. Later, the coordinator sees on the order sheet that only 12 are noodles.","How many does the coordinator guess are rice bowls after looking at the sheet?","After looking, the coordinator guesses there are 38 rice bowls.","After looking, the coordinator guesses there are 35 rice bowls.","After looking, the coordinator guesses there are 49 rice bowls.","After looking, the coordinator guesses there are 12 rice bowls.","B","These reasons all describe a shared failure in mapping vague quantifiers to numbers: the model treats terms like “most,” “almost no,” “few,” and “some” as fixed, often extreme values instead of flexible ranges. It overweights explicit numerals and simple subtraction, collapses multi-category or probabilistic setups into binary splits, and ignores narrative timing, implicit comparisons, and the requirement that minority categories remain small-but-nonzero. Humans, by contrast, integrate all constraints—totals, verbal hedges, expectations, and sampling uncertainty—yielding arithmetically consistent yet pragmatically moderate distributions where majority terms are strong but not maximized and “almost none” still leaves a remainder."
"4","113","At the library returns desk, 27 items were dropped off. The clerk says most are books, some are DVDs, and a handful are CDs. After sorting, Nora notes that only 6 are DVDs.","After sorting, how many does Nora guess are books?","After sorting, Nora guesses there are 20 books.","After sorting, Nora guesses there are 16 books.","After sorting, Nora guesses there are 21 books.","After sorting, Nora guesses there are 26 books.","B","These reasons all describe a shared failure in mapping vague quantifiers to numbers: the model treats terms like “most,” “almost no,” “few,” and “some” as fixed, often extreme values instead of flexible ranges. It overweights explicit numerals and simple subtraction, collapses multi-category or probabilistic setups into binary splits, and ignores narrative timing, implicit comparisons, and the requirement that minority categories remain small-but-nonzero. Humans, by contrast, integrate all constraints—totals, verbal hedges, expectations, and sampling uncertainty—yielding arithmetically consistent yet pragmatically moderate distributions where majority terms are strong but not maximized and “almost none” still leaves a remainder."
"4","114","During a morning bird count in the park, 36 birds were observed. The guide mentions that most are sparrows, some are pigeons, and almost none are crows. After tallying, Jin counts that only 9 are pigeons.","After tallying, how many does Jin guess are sparrows?","After tallying, Jin guesses there are 29 sparrows.","After tallying, Jin guesses there are 25 sparrows.","After tallying, Jin guesses there are 27 sparrows.","After tallying, Jin guesses there are 31 sparrows.","B","These reasons all describe a shared failure in mapping vague quantifiers to numbers: the model treats terms like “most,” “almost no,” “few,” and “some” as fixed, often extreme values instead of flexible ranges. It overweights explicit numerals and simple subtraction, collapses multi-category or probabilistic setups into binary splits, and ignores narrative timing, implicit comparisons, and the requirement that minority categories remain small-but-nonzero. Humans, by contrast, integrate all constraints—totals, verbal hedges, expectations, and sampling uncertainty—yielding arithmetically consistent yet pragmatically moderate distributions where majority terms are strong but not maximized and “almost none” still leaves a remainder."
"4","115","In a small office snack poll of 12 employees, the organizer says most prefer cookies, a small number prefer fruit, and almost none prefer chips. After collecting the forms, Liam sees that only 3 chose fruit.","After collecting the forms, how many does Liam guess prefer cookies?","After collecting, Liam guesses that 9 prefer cookies.","After collecting, Liam guesses that 10 prefer cookies.","After collecting, Liam guesses that 7 prefer cookies.","After collecting, Liam guesses that 11 prefer cookies.","C","These reasons all describe a shared failure in mapping vague quantifiers to numbers: the model treats terms like “most,” “almost no,” “few,” and “some” as fixed, often extreme values instead of flexible ranges. It overweights explicit numerals and simple subtraction, collapses multi-category or probabilistic setups into binary splits, and ignores narrative timing, implicit comparisons, and the requirement that minority categories remain small-but-nonzero. Humans, by contrast, integrate all constraints—totals, verbal hedges, expectations, and sampling uncertainty—yielding arithmetically consistent yet pragmatically moderate distributions where majority terms are strong but not maximized and “almost none” still leaves a remainder."
"4","116","In a science class, there are 28 rock samples on the table. The teacher says most are type A, some are type B, and very few are type C. After labeling, Mira sees that only 8 are type B.","After labeling, how many does Mira guess are type A?","After labeling, Mira guesses there are 20 type A samples.","After labeling, Mira guesses there are 18 type A samples.","After labeling, Mira guesses there are 26 type A samples.","After labeling, Mira guesses there are 8 type A samples.","B","These reasons all describe a shared failure in mapping vague quantifiers to numbers: the model treats terms like “most,” “almost no,” “few,” and “some” as fixed, often extreme values instead of flexible ranges. It overweights explicit numerals and simple subtraction, collapses multi-category or probabilistic setups into binary splits, and ignores narrative timing, implicit comparisons, and the requirement that minority categories remain small-but-nonzero. Humans, by contrast, integrate all constraints—totals, verbal hedges, expectations, and sampling uncertainty—yielding arithmetically consistent yet pragmatically moderate distributions where majority terms are strong but not maximized and “almost none” still leaves a remainder."
"4","117","At a farmer's market stall, 33 fruit baskets were sold today. The vendor explains that most were apples, a few were pears, and almost none were plums. After checking receipts, Sam finds that only 6 were pears.","After checking, how many does Sam guess were apple baskets?","After checking, Sam guesses there were 25 apple baskets.","After checking, Sam guesses there were 27 apple baskets.","After checking, Sam guesses there were 31 apple baskets.","After checking, Sam guesses there were 33 apple baskets.","A","These reasons all describe a shared failure in mapping vague quantifiers to numbers: the model treats terms like “most,” “almost no,” “few,” and “some” as fixed, often extreme values instead of flexible ranges. It overweights explicit numerals and simple subtraction, collapses multi-category or probabilistic setups into binary splits, and ignores narrative timing, implicit comparisons, and the requirement that minority categories remain small-but-nonzero. Humans, by contrast, integrate all constraints—totals, verbal hedges, expectations, and sampling uncertainty—yielding arithmetically consistent yet pragmatically moderate distributions where majority terms are strong but not maximized and “almost none” still leaves a remainder."
"4","118","A community workshop has 16 participants. The organizer says the majority opted for coding, some for design, and very few for testing. After check-in, Dana confirms that only 4 chose design.","After check-in, how many does Dana guess chose coding?","After check-in, Dana guesses that 12 chose coding.","After check-in, Dana guesses that 10 chose coding.","After check-in, Dana guesses that 9 chose coding.","After check-in, Dana guesses that 14 chose coding.","B","These reasons all describe a shared failure in mapping vague quantifiers to numbers: the model treats terms like “most,” “almost no,” “few,” and “some” as fixed, often extreme values instead of flexible ranges. It overweights explicit numerals and simple subtraction, collapses multi-category or probabilistic setups into binary splits, and ignores narrative timing, implicit comparisons, and the requirement that minority categories remain small-but-nonzero. Humans, by contrast, integrate all constraints—totals, verbal hedges, expectations, and sampling uncertainty—yielding arithmetically consistent yet pragmatically moderate distributions where majority terms are strong but not maximized and “almost none” still leaves a remainder."
"4","119","In a museum display case, there are 24 artifacts. The curator says most are pottery, some are tools, and almost none are jewelry. After a quick inventory, the curator notes that only 5 are tools.","After the inventory, how many does the curator guess are pottery?","After the inventory, the curator guesses there are 21 pottery pieces.","After the inventory, the curator guesses there are 19 pottery pieces.","After the inventory, the curator guesses there are 17 pottery pieces.","After the inventory, the curator guesses there are 23 pottery pieces.","C","These reasons all describe a shared failure in mapping vague quantifiers to numbers: the model treats terms like “most,” “almost no,” “few,” and “some” as fixed, often extreme values instead of flexible ranges. It overweights explicit numerals and simple subtraction, collapses multi-category or probabilistic setups into binary splits, and ignores narrative timing, implicit comparisons, and the requirement that minority categories remain small-but-nonzero. Humans, by contrast, integrate all constraints—totals, verbal hedges, expectations, and sampling uncertainty—yielding arithmetically consistent yet pragmatically moderate distributions where majority terms are strong but not maximized and “almost none” still leaves a remainder."
