"cluster_id","question_index","story","question","option_a","option_b","option_c","option_d","correct_answer","cluster_summary"
"4","0","At a summer camp cafeteria, there are 40 campers choosing lunch. The counselor explains that most campers choose rice bowls, some choose noodles, and almost no one chooses salad. Later, the counselor counts and sees that 7 campers chose noodles.","After observing, how many campers does the counselor guess chose rice bowls?","After observing, the counselor guesses that 33 campers chose rice bowls.","After observing, the counselor guesses that 31 campers chose rice bowls.","After observing, the counselor guesses that 26 campers chose rice bowls.","After observing, the counselor guesses that 39 campers chose rice bowls.","B","These reasons all describe a shared failure in mapping vague quantifiers to numbers: the model treats terms like “most,” “almost no,” “few,” and “some” as fixed, often extreme values instead of flexible ranges. It overweights explicit numerals and simple subtraction, collapses multi-category or probabilistic setups into binary splits, and ignores narrative timing, implicit comparisons, and the requirement that minority categories remain small-but-nonzero. Humans, by contrast, integrate all constraints—totals, verbal hedges, expectations, and sampling uncertainty—yielding arithmetically consistent yet pragmatically moderate distributions where majority terms are strong but not maximized and “almost none” still leaves a remainder."
"4","1","A toy store has 22 new items on a display. Staff tell customers that most are puzzles, a small number are board games, and very few are stuffed animals. After checking, a clerk notes that 5 are board games.","After checking, how many do customers guess are puzzles?","After checking, customers guess there are 17 puzzles.","After checking, customers guess there are 20 puzzles.","After checking, customers guess there are 15 puzzles.","After checking, customers guess there are 12 puzzles.","C","These reasons all describe a shared failure in mapping vague quantifiers to numbers: the model treats terms like “most,” “almost no,” “few,” and “some” as fixed, often extreme values instead of flexible ranges. It overweights explicit numerals and simple subtraction, collapses multi-category or probabilistic setups into binary splits, and ignores narrative timing, implicit comparisons, and the requirement that minority categories remain small-but-nonzero. Humans, by contrast, integrate all constraints—totals, verbal hedges, expectations, and sampling uncertainty—yielding arithmetically consistent yet pragmatically moderate distributions where majority terms are strong but not maximized and “almost none” still leaves a remainder."
"4","2","The office snack drawer contains 18 items. Coworkers say that most are cookies, some are crackers, and almost none are dried fruit. When someone counts, they find only 4 are crackers.","After counting, how many do they guess are cookies?","After counting, they guess there are 14 cookies.","After counting, they guess there are 12 cookies.","After counting, they guess there are 18 cookies.","After counting, they guess there are 9 cookies.","B","These reasons all describe a shared failure in mapping vague quantifiers to numbers: the model treats terms like “most,” “almost no,” “few,” and “some” as fixed, often extreme values instead of flexible ranges. It overweights explicit numerals and simple subtraction, collapses multi-category or probabilistic setups into binary splits, and ignores narrative timing, implicit comparisons, and the requirement that minority categories remain small-but-nonzero. Humans, by contrast, integrate all constraints—totals, verbal hedges, expectations, and sampling uncertainty—yielding arithmetically consistent yet pragmatically moderate distributions where majority terms are strong but not maximized and “almost none” still leaves a remainder."
"4","3","At a film night with 28 attendees, preferences are polled. Organizers report that the majority favor action films, a small portion prefer comedies, and just a handful want documentaries. Later, the tally shows only 6 prefer comedies.","After the tally, how many do organizers guess favor action films?","After the tally, organizers guess that 22 favor action films.","After the tally, organizers guess that 25 favor action films.","After the tally, organizers guess that 19 favor action films.","After the tally, organizers guess that 14 favor action films.","C","These reasons all describe a shared failure in mapping vague quantifiers to numbers: the model treats terms like “most,” “almost no,” “few,” and “some” as fixed, often extreme values instead of flexible ranges. It overweights explicit numerals and simple subtraction, collapses multi-category or probabilistic setups into binary splits, and ignores narrative timing, implicit comparisons, and the requirement that minority categories remain small-but-nonzero. Humans, by contrast, integrate all constraints—totals, verbal hedges, expectations, and sampling uncertainty—yielding arithmetically consistent yet pragmatically moderate distributions where majority terms are strong but not maximized and “almost none” still leaves a remainder."
"4","4","A school science fair has 25 exhibits. Teachers say most are experiments, some are posters, and very few are models. After setup, the student committee sees that 7 are posters.","After setup, how many does the committee guess are experiments?","After setup, the committee guesses that 18 exhibits are experiments.","After setup, the committee guesses that 16 exhibits are experiments.","After setup, the committee guesses that 24 exhibits are experiments.","After setup, the committee guesses that 12 exhibits are experiments.","B","These reasons all describe a shared failure in mapping vague quantifiers to numbers: the model treats terms like “most,” “almost no,” “few,” and “some” as fixed, often extreme values instead of flexible ranges. It overweights explicit numerals and simple subtraction, collapses multi-category or probabilistic setups into binary splits, and ignores narrative timing, implicit comparisons, and the requirement that minority categories remain small-but-nonzero. Humans, by contrast, integrate all constraints—totals, verbal hedges, expectations, and sampling uncertainty—yielding arithmetically consistent yet pragmatically moderate distributions where majority terms are strong but not maximized and “almost none” still leaves a remainder."
"4","5","At a farmers' market booth there are 32 baskets of fruit. The vendor explains that most baskets contain apples, a minority contain pears, and almost none contain plums. After sorting, the vendor counts 9 baskets of pears.","After sorting, how many baskets does the vendor guess contain apples?","After sorting, the vendor guesses that 23 baskets contain apples.","After sorting, the vendor guesses that 30 baskets contain apples.","After sorting, the vendor guesses that 21 baskets contain apples.","After sorting, the vendor guesses that 17 baskets contain apples.","C","These reasons all describe a shared failure in mapping vague quantifiers to numbers: the model treats terms like “most,” “almost no,” “few,” and “some” as fixed, often extreme values instead of flexible ranges. It overweights explicit numerals and simple subtraction, collapses multi-category or probabilistic setups into binary splits, and ignores narrative timing, implicit comparisons, and the requirement that minority categories remain small-but-nonzero. Humans, by contrast, integrate all constraints—totals, verbal hedges, expectations, and sampling uncertainty—yielding arithmetically consistent yet pragmatically moderate distributions where majority terms are strong but not maximized and “almost none” still leaves a remainder."
"4","6","A coding club showcases 20 student projects. The club announces that most are apps, some are websites, and very few are games. After a review, they find that 5 are websites.","After the review, how many do members guess are apps?","After the review, members guess there are 15 apps.","After the review, members guess there are 13 apps.","After the review, members guess there are 18 apps.","After the review, members guess there are 10 apps.","B","These reasons all describe a shared failure in mapping vague quantifiers to numbers: the model treats terms like “most,” “almost no,” “few,” and “some” as fixed, often extreme values instead of flexible ranges. It overweights explicit numerals and simple subtraction, collapses multi-category or probabilistic setups into binary splits, and ignores narrative timing, implicit comparisons, and the requirement that minority categories remain small-but-nonzero. Humans, by contrast, integrate all constraints—totals, verbal hedges, expectations, and sampling uncertainty—yielding arithmetically consistent yet pragmatically moderate distributions where majority terms are strong but not maximized and “almost none” still leaves a remainder."
"4","7","In a community garden, 36 plots are planted this season. Gardeners say most plots are vegetables, some are flowers, and almost none are herbs. After a quick check, they count 8 plots of flowers.","After the check, how many plots do they guess are vegetables?","After the check, they guess there are 28 plots of vegetables.","After the check, they guess there are 34 plots of vegetables.","After the check, they guess there are 26 plots of vegetables.","After the check, they guess there are 20 plots of vegetables.","C","These reasons all describe a shared failure in mapping vague quantifiers to numbers: the model treats terms like “most,” “almost no,” “few,” and “some” as fixed, often extreme values instead of flexible ranges. It overweights explicit numerals and simple subtraction, collapses multi-category or probabilistic setups into binary splits, and ignores narrative timing, implicit comparisons, and the requirement that minority categories remain small-but-nonzero. Humans, by contrast, integrate all constraints—totals, verbal hedges, expectations, and sampling uncertainty—yielding arithmetically consistent yet pragmatically moderate distributions where majority terms are strong but not maximized and “almost none” still leaves a remainder."
"4","8","A teacher organizes a shelf with 27 reading materials. She tells students that most are chapter books, a small part are reference guides, and very few are comics. After labeling, she finds that 6 are reference guides.","After labeling, how many do students guess are chapter books?","After labeling, students guess there are 21 chapter books.","After labeling, students guess there are 19 chapter books.","After labeling, students guess there are 26 chapter books.","After labeling, students guess there are 14 chapter books.","B","These reasons all describe a shared failure in mapping vague quantifiers to numbers: the model treats terms like “most,” “almost no,” “few,” and “some” as fixed, often extreme values instead of flexible ranges. It overweights explicit numerals and simple subtraction, collapses multi-category or probabilistic setups into binary splits, and ignores narrative timing, implicit comparisons, and the requirement that minority categories remain small-but-nonzero. Humans, by contrast, integrate all constraints—totals, verbal hedges, expectations, and sampling uncertainty—yielding arithmetically consistent yet pragmatically moderate distributions where majority terms are strong but not maximized and “almost none” still leaves a remainder."
"4","9","After a museum tour, there are 30 souvenir purchases by a class. The chaperone notes that most students buy keychains, some buy postcards, and almost none buy magnets. When receipts are checked, 8 purchases are postcards.","After checking receipts, how many do the chaperone guess are keychains?","After checking receipts, the chaperone guesses there are 22 keychains.","After checking receipts, the chaperone guesses there are 20 keychains.","After checking receipts, the chaperone guesses there are 29 keychains.","After checking receipts, the chaperone guesses there are 16 keychains.","B","These reasons all describe a shared failure in mapping vague quantifiers to numbers: the model treats terms like “most,” “almost no,” “few,” and “some” as fixed, often extreme values instead of flexible ranges. It overweights explicit numerals and simple subtraction, collapses multi-category or probabilistic setups into binary splits, and ignores narrative timing, implicit comparisons, and the requirement that minority categories remain small-but-nonzero. Humans, by contrast, integrate all constraints—totals, verbal hedges, expectations, and sampling uncertainty—yielding arithmetically consistent yet pragmatically moderate distributions where majority terms are strong but not maximized and “almost none” still leaves a remainder."
"4","10","In the school cafeteria, there are 22 packed lunches prepared for a club trip. The nutritionist tells the group, ""Most are sandwiches, some are rice bowls, but almost none are salads."" The students peek into the containers and notice that only 6 are rice bowls.","After looking, how many do the students guess are sandwiches?","After looking, the students guess there are 16 sandwiches.","After looking, the students guess there are 20 sandwiches.","After looking, the students guess there are 14 sandwiches.","After looking, the students guess there are 13 sandwiches.","C","These reasons all describe a shared failure in mapping vague quantifiers to numbers: the model treats terms like “most,” “almost no,” “few,” and “some” as fixed, often extreme values instead of flexible ranges. It overweights explicit numerals and simple subtraction, collapses multi-category or probabilistic setups into binary splits, and ignores narrative timing, implicit comparisons, and the requirement that minority categories remain small-but-nonzero. Humans, by contrast, integrate all constraints—totals, verbal hedges, expectations, and sampling uncertainty—yielding arithmetically consistent yet pragmatically moderate distributions where majority terms are strong but not maximized and “almost none” still leaves a remainder."
"4","11","A neighborhood theater printed 28 tickets for a special day. The organizer announces, ""Most are for the evening show, a few are for the matinee, and very few are for the late-night screening."" Later, a volunteer checks and finds that only 7 are matinee tickets.","After the volunteer checks, how many do they guess are evening show tickets?","After checking, they guess there are 21 evening show tickets.","After checking, they guess there are 19 evening show tickets.","After checking, they guess there are 27 evening show tickets.","After checking, they guess there are 17 evening show tickets.","B","These reasons all describe a shared failure in mapping vague quantifiers to numbers: the model treats terms like “most,” “almost no,” “few,” and “some” as fixed, often extreme values instead of flexible ranges. It overweights explicit numerals and simple subtraction, collapses multi-category or probabilistic setups into binary splits, and ignores narrative timing, implicit comparisons, and the requirement that minority categories remain small-but-nonzero. Humans, by contrast, integrate all constraints—totals, verbal hedges, expectations, and sampling uncertainty—yielding arithmetically consistent yet pragmatically moderate distributions where majority terms are strong but not maximized and “almost none” still leaves a remainder."
"4","12","A community garden has 18 planted plots. The coordinator explains, ""Most are tomatoes, some are peppers, and a few are herbs."" When volunteers tally labels, they find that 5 plots are peppers.","After tallying, how many do the volunteers guess are tomato plots?","After tallying, the volunteers guess there are 10 tomato plots.","After tallying, the volunteers guess there are 13 tomato plots.","After tallying, the volunteers guess there are 11 tomato plots.","After tallying, the volunteers guess there are 9 tomato plots.","A","These reasons all describe a shared failure in mapping vague quantifiers to numbers: the model treats terms like “most,” “almost no,” “few,” and “some” as fixed, often extreme values instead of flexible ranges. It overweights explicit numerals and simple subtraction, collapses multi-category or probabilistic setups into binary splits, and ignores narrative timing, implicit comparisons, and the requirement that minority categories remain small-but-nonzero. Humans, by contrast, integrate all constraints—totals, verbal hedges, expectations, and sampling uncertainty—yielding arithmetically consistent yet pragmatically moderate distributions where majority terms are strong but not maximized and “almost none” still leaves a remainder."
"4","13","An office snack box contains 25 items. The office manager says, ""Most are cookies, a small part are chips, and very few are fruit bars."" A coworker counts and finds that 6 items are chips.","After the coworker counts, how many do they guess are cookies?","After counting, they guess there are 22 cookies.","After counting, they guess there are 19 cookies.","After counting, they guess there are 15 cookies.","After counting, they guess there are 17 cookies.","D","These reasons all describe a shared failure in mapping vague quantifiers to numbers: the model treats terms like “most,” “almost no,” “few,” and “some” as fixed, often extreme values instead of flexible ranges. It overweights explicit numerals and simple subtraction, collapses multi-category or probabilistic setups into binary splits, and ignores narrative timing, implicit comparisons, and the requirement that minority categories remain small-but-nonzero. Humans, by contrast, integrate all constraints—totals, verbal hedges, expectations, and sampling uncertainty—yielding arithmetically consistent yet pragmatically moderate distributions where majority terms are strong but not maximized and “almost none” still leaves a remainder."
"4","14","A charity drive logs 30 pledges. The coordinator says, ""Most people donate online, some donate by phone, and almost no one mails a check."" Later, the team sees that 8 pledges came by phone.","After checking, how many do the team guess are online donations?","After checking, the team guesses there are 20 online donations.","After checking, the team guesses there are 29 online donations.","After checking, the team guesses there are 22 online donations.","After checking, the team guesses there are 18 online donations.","A","These reasons all describe a shared failure in mapping vague quantifiers to numbers: the model treats terms like “most,” “almost no,” “few,” and “some” as fixed, often extreme values instead of flexible ranges. It overweights explicit numerals and simple subtraction, collapses multi-category or probabilistic setups into binary splits, and ignores narrative timing, implicit comparisons, and the requirement that minority categories remain small-but-nonzero. Humans, by contrast, integrate all constraints—totals, verbal hedges, expectations, and sampling uncertainty—yielding arithmetically consistent yet pragmatically moderate distributions where majority terms are strong but not maximized and “almost none” still leaves a remainder."
"4","15","At a school science fair, there are 16 posters. A teacher mentions, ""Most are experiments, a few are models, and very few are surveys."" When students walk through, they note that 4 are models.","After the walkthrough, how many do the students guess are experiment posters?","After the walkthrough, the students guess there are 12 experiment posters.","After the walkthrough, the students guess there are 10 experiment posters.","After the walkthrough, the students guess there are 15 experiment posters.","After the walkthrough, the students guess there are 8 experiment posters.","B","These reasons all describe a shared failure in mapping vague quantifiers to numbers: the model treats terms like “most,” “almost no,” “few,” and “some” as fixed, often extreme values instead of flexible ranges. It overweights explicit numerals and simple subtraction, collapses multi-category or probabilistic setups into binary splits, and ignores narrative timing, implicit comparisons, and the requirement that minority categories remain small-but-nonzero. Humans, by contrast, integrate all constraints—totals, verbal hedges, expectations, and sampling uncertainty—yielding arithmetically consistent yet pragmatically moderate distributions where majority terms are strong but not maximized and “almost none” still leaves a remainder."
"4","16","A campus shuttle leaves the dorm with 24 passengers. The driver tells a helper, ""Most get off at the Main Gate, some at the Library, and almost none at the Stadium."" At the stops, the helper counts that 5 people get off at the Library.","After counting at the Library, how many does the helper guess will get off at the Main Gate?","After counting, the helper guesses 19 will get off at the Main Gate.","After counting, the helper guesses 22 will get off at the Main Gate.","After counting, the helper guesses 17 will get off at the Main Gate.","After counting, the helper guesses 15 will get off at the Main Gate.","C","These reasons all describe a shared failure in mapping vague quantifiers to numbers: the model treats terms like “most,” “almost no,” “few,” and “some” as fixed, often extreme values instead of flexible ranges. It overweights explicit numerals and simple subtraction, collapses multi-category or probabilistic setups into binary splits, and ignores narrative timing, implicit comparisons, and the requirement that minority categories remain small-but-nonzero. Humans, by contrast, integrate all constraints—totals, verbal hedges, expectations, and sampling uncertainty—yielding arithmetically consistent yet pragmatically moderate distributions where majority terms are strong but not maximized and “almost none” still leaves a remainder."
"4","17","In a small game tournament with 21 players, the organizer says, ""Most chose warriors, a small part chose mages, and hardly any chose archers."" When registrations are reviewed, it turns out that 6 chose mages.","After reviewing, how many does the organizer guess chose warriors?","After reviewing, the organizer guesses 15 chose warriors.","After reviewing, the organizer guesses 13 chose warriors.","After reviewing, the organizer guesses 20 chose warriors.","After reviewing, the organizer guesses 11 chose warriors.","B","These reasons all describe a shared failure in mapping vague quantifiers to numbers: the model treats terms like “most,” “almost no,” “few,” and “some” as fixed, often extreme values instead of flexible ranges. It overweights explicit numerals and simple subtraction, collapses multi-category or probabilistic setups into binary splits, and ignores narrative timing, implicit comparisons, and the requirement that minority categories remain small-but-nonzero. Humans, by contrast, integrate all constraints—totals, verbal hedges, expectations, and sampling uncertainty—yielding arithmetically consistent yet pragmatically moderate distributions where majority terms are strong but not maximized and “almost none” still leaves a remainder."
"4","18","For a family reunion, 14 desserts are set out. The host explains, ""Most are cakes, some are pies, and very few are puddings."" After setting the table, someone notices that 4 are pies.","After noticing, how many do they guess are cakes?","After noticing, they guess there are 10 cakes.","After noticing, they guess there are 12 cakes.","After noticing, they guess there are 8 cakes.","After noticing, they guess there are 6 cakes.","C","These reasons all describe a shared failure in mapping vague quantifiers to numbers: the model treats terms like “most,” “almost no,” “few,” and “some” as fixed, often extreme values instead of flexible ranges. It overweights explicit numerals and simple subtraction, collapses multi-category or probabilistic setups into binary splits, and ignores narrative timing, implicit comparisons, and the requirement that minority categories remain small-but-nonzero. Humans, by contrast, integrate all constraints—totals, verbal hedges, expectations, and sampling uncertainty—yielding arithmetically consistent yet pragmatically moderate distributions where majority terms are strong but not maximized and “almost none” still leaves a remainder."
"4","19","At the city library, 26 items are returned in one hour. A librarian comments, ""Most are adult books, a small number are children's books, and very few are DVDs."" When sorting starts, they see that 6 are children's books.","After sorting starts, how many do the librarians guess are adult books?","After sorting, they guess there are 20 adult books.","After sorting, they guess there are 24 adult books.","After sorting, they guess there are 16 adult books.","After sorting, they guess there are 18 adult books.","D","These reasons all describe a shared failure in mapping vague quantifiers to numbers: the model treats terms like “most,” “almost no,” “few,” and “some” as fixed, often extreme values instead of flexible ranges. It overweights explicit numerals and simple subtraction, collapses multi-category or probabilistic setups into binary splits, and ignores narrative timing, implicit comparisons, and the requirement that minority categories remain small-but-nonzero. Humans, by contrast, integrate all constraints—totals, verbal hedges, expectations, and sampling uncertainty—yielding arithmetically consistent yet pragmatically moderate distributions where majority terms are strong but not maximized and “almost none” still leaves a remainder."
"4","20","At a school art showcase, there are 28 entries. The art teacher tells the volunteers, ""Most are paintings, some are sculptures, and almost none are collages."" Later, a volunteer counts and sees that 7 are sculptures.","After the volunteer checks, how many do they guess are paintings?","After checking, the volunteer guesses that 21 are paintings.","After checking, the volunteer guesses that 26 are paintings.","After checking, the volunteer guesses that 19 are paintings.","After checking, the volunteer guesses that 17 are paintings.","C","These reasons all describe a shared failure in mapping vague quantifiers to numbers: the model treats terms like “most,” “almost no,” “few,” and “some” as fixed, often extreme values instead of flexible ranges. It overweights explicit numerals and simple subtraction, collapses multi-category or probabilistic setups into binary splits, and ignores narrative timing, implicit comparisons, and the requirement that minority categories remain small-but-nonzero. Humans, by contrast, integrate all constraints—totals, verbal hedges, expectations, and sampling uncertainty—yielding arithmetically consistent yet pragmatically moderate distributions where majority terms are strong but not maximized and “almost none” still leaves a remainder."
"4","21","At the farmers' market, a booth has 22 fruit baskets. The vendor says, ""Most are apples, a small part are pears, and very few are plums."" A customer counts and finds that 6 baskets are pears.","After the customer counts, how many do they guess are apples?","After counting, the customer guesses there are 14 apple baskets.","After counting, the customer guesses there are 20 apple baskets.","After counting, the customer guesses there are 16 apple baskets.","After counting, the customer guesses there are 12 apple baskets.","A","These reasons all describe a shared failure in mapping vague quantifiers to numbers: the model treats terms like “most,” “almost no,” “few,” and “some” as fixed, often extreme values instead of flexible ranges. It overweights explicit numerals and simple subtraction, collapses multi-category or probabilistic setups into binary splits, and ignores narrative timing, implicit comparisons, and the requirement that minority categories remain small-but-nonzero. Humans, by contrast, integrate all constraints—totals, verbal hedges, expectations, and sampling uncertainty—yielding arithmetically consistent yet pragmatically moderate distributions where majority terms are strong but not maximized and “almost none” still leaves a remainder."
"4","22","At a tech conference, there are 35 talks scheduled. The organizer announces, ""Most talks are about AI, some are about cloud services, and almost none are about hardware."" Later, a participant notes that 9 talks are about cloud services.","After the participant notes this, how many do they guess are AI talks?","After noting, the participant guesses that 30 talks are about AI.","After noting, the participant guesses that 26 talks are about AI.","After noting, the participant guesses that 23 talks are about AI.","After noting, the participant guesses that 24 talks are about AI.","D","These reasons all describe a shared failure in mapping vague quantifiers to numbers: the model treats terms like “most,” “almost no,” “few,” and “some” as fixed, often extreme values instead of flexible ranges. It overweights explicit numerals and simple subtraction, collapses multi-category or probabilistic setups into binary splits, and ignores narrative timing, implicit comparisons, and the requirement that minority categories remain small-but-nonzero. Humans, by contrast, integrate all constraints—totals, verbal hedges, expectations, and sampling uncertainty—yielding arithmetically consistent yet pragmatically moderate distributions where majority terms are strong but not maximized and “almost none” still leaves a remainder."
"4","23","A city survey interviews 16 commuters. The surveyor says, ""Most take the subway, some take buses, and hardly any bike."" After tallying, the assistant finds that 5 commuters take buses.","After the assistant tallies, how many do they guess take the subway?","After tallying, the assistant guesses that 12 commuters take the subway.","After tallying, the assistant guesses that 9 commuters take the subway.","After tallying, the assistant guesses that 15 commuters take the subway.","After tallying, the assistant guesses that 8 commuters take the subway.","B","These reasons all describe a shared failure in mapping vague quantifiers to numbers: the model treats terms like “most,” “almost no,” “few,” and “some” as fixed, often extreme values instead of flexible ranges. It overweights explicit numerals and simple subtraction, collapses multi-category or probabilistic setups into binary splits, and ignores narrative timing, implicit comparisons, and the requirement that minority categories remain small-but-nonzero. Humans, by contrast, integrate all constraints—totals, verbal hedges, expectations, and sampling uncertainty—yielding arithmetically consistent yet pragmatically moderate distributions where majority terms are strong but not maximized and “almost none” still leaves a remainder."
"4","24","A charity drive records 27 donations. The coordinator explains, ""Most donors gave cash, some donated clothing, and very few brought books."" Later, a volunteer counts 8 clothing donations.","After the volunteer counts, how many do they guess are cash donations?","After counting, the volunteer guesses there are 24 cash donations.","After counting, the volunteer guesses there are 19 cash donations.","After counting, the volunteer guesses there are 17 cash donations.","After counting, the volunteer guesses there are 15 cash donations.","C","These reasons all describe a shared failure in mapping vague quantifiers to numbers: the model treats terms like “most,” “almost no,” “few,” and “some” as fixed, often extreme values instead of flexible ranges. It overweights explicit numerals and simple subtraction, collapses multi-category or probabilistic setups into binary splits, and ignores narrative timing, implicit comparisons, and the requirement that minority categories remain small-but-nonzero. Humans, by contrast, integrate all constraints—totals, verbal hedges, expectations, and sampling uncertainty—yielding arithmetically consistent yet pragmatically moderate distributions where majority terms are strong but not maximized and “almost none” still leaves a remainder."
"4","25","In a language club of 20 students, the mentor says, ""Most chose French, some chose Spanish, and almost none chose German."" After sign-ups, a student notes that 6 chose Spanish.","After the student notes this, how many do they guess chose French?","After noting, the student guesses that 16 chose French.","After noting, the student guesses that 12 chose French.","After noting, the student guesses that 14 chose French.","After noting, the student guesses that 10 chose French.","B","These reasons all describe a shared failure in mapping vague quantifiers to numbers: the model treats terms like “most,” “almost no,” “few,” and “some” as fixed, often extreme values instead of flexible ranges. It overweights explicit numerals and simple subtraction, collapses multi-category or probabilistic setups into binary splits, and ignores narrative timing, implicit comparisons, and the requirement that minority categories remain small-but-nonzero. Humans, by contrast, integrate all constraints—totals, verbal hedges, expectations, and sampling uncertainty—yielding arithmetically consistent yet pragmatically moderate distributions where majority terms are strong but not maximized and “almost none” still leaves a remainder."
"4","26","On a hospital ward with 32 patients, the head nurse says, ""Most are recovering, some are under observation, and almost none are critical."" A resident checks and finds that 7 are under observation.","After the resident checks, how many do they guess are recovering?","After checking, the resident guesses that 28 are recovering.","After checking, the resident guesses that 23 are recovering.","After checking, the resident guesses that 25 are recovering.","After checking, the resident guesses that 20 are recovering.","B","These reasons all describe a shared failure in mapping vague quantifiers to numbers: the model treats terms like “most,” “almost no,” “few,” and “some” as fixed, often extreme values instead of flexible ranges. It overweights explicit numerals and simple subtraction, collapses multi-category or probabilistic setups into binary splits, and ignores narrative timing, implicit comparisons, and the requirement that minority categories remain small-but-nonzero. Humans, by contrast, integrate all constraints—totals, verbal hedges, expectations, and sampling uncertainty—yielding arithmetically consistent yet pragmatically moderate distributions where majority terms are strong but not maximized and “almost none” still leaves a remainder."
"4","27","An online course has 18 assignment submissions. The instructor tells TAs, ""Most were on time, a few were late, and almost none are missing."" A TA later confirms that 4 submissions were late.","After the TA confirms this, how many do they guess were on time?","After confirming, the TA guesses that 16 submissions were on time.","After confirming, the TA guesses that 12 submissions were on time.","After confirming, the TA guesses that 14 submissions were on time.","After confirming, the TA guesses that 9 submissions were on time.","B","These reasons all describe a shared failure in mapping vague quantifiers to numbers: the model treats terms like “most,” “almost no,” “few,” and “some” as fixed, often extreme values instead of flexible ranges. It overweights explicit numerals and simple subtraction, collapses multi-category or probabilistic setups into binary splits, and ignores narrative timing, implicit comparisons, and the requirement that minority categories remain small-but-nonzero. Humans, by contrast, integrate all constraints—totals, verbal hedges, expectations, and sampling uncertainty—yielding arithmetically consistent yet pragmatically moderate distributions where majority terms are strong but not maximized and “almost none” still leaves a remainder."
"4","28","At a museum, 24 visitors choose exhibits. The guide says, ""Most went to the modern art hall, some to the ancient art hall, and very few to the sculpture garden."" Later, an attendant notes that 7 visited the ancient art hall.","After the attendant notes this, how many do they guess went to the modern art hall?","After noting, the attendant guesses that 20 went to the modern art hall.","After noting, the attendant guesses that 15 went to the modern art hall.","After noting, the attendant guesses that 17 went to the modern art hall.","After noting, the attendant guesses that 13 went to the modern art hall.","B","These reasons all describe a shared failure in mapping vague quantifiers to numbers: the model treats terms like “most,” “almost no,” “few,” and “some” as fixed, often extreme values instead of flexible ranges. It overweights explicit numerals and simple subtraction, collapses multi-category or probabilistic setups into binary splits, and ignores narrative timing, implicit comparisons, and the requirement that minority categories remain small-but-nonzero. Humans, by contrast, integrate all constraints—totals, verbal hedges, expectations, and sampling uncertainty—yielding arithmetically consistent yet pragmatically moderate distributions where majority terms are strong but not maximized and “almost none” still leaves a remainder."
"4","29","In a neighborhood with 26 pets listed for a vet check, the receptionist says, ""Most are dogs, some are cats, and almost none are birds."" After sorting the forms, they see that 8 are cats.","After sorting the forms, how many do they guess are dogs?","After sorting, they guess that 22 are dogs.","After sorting, they guess that 16 are dogs.","After sorting, they guess that 18 are dogs.","After sorting, they guess that 14 are dogs.","B","These reasons all describe a shared failure in mapping vague quantifiers to numbers: the model treats terms like “most,” “almost no,” “few,” and “some” as fixed, often extreme values instead of flexible ranges. It overweights explicit numerals and simple subtraction, collapses multi-category or probabilistic setups into binary splits, and ignores narrative timing, implicit comparisons, and the requirement that minority categories remain small-but-nonzero. Humans, by contrast, integrate all constraints—totals, verbal hedges, expectations, and sampling uncertainty—yielding arithmetically consistent yet pragmatically moderate distributions where majority terms are strong but not maximized and “almost none” still leaves a remainder."
"4","30","An art class has 28 paintings on display. The teacher mentions that most are landscapes, some are portraits, and almost none are abstract works. A student walks around and counts exactly 5 portraits.","After the student looks around, how many do they guess are landscapes?","After looking around, they guess there are 23 landscapes.","After looking around, they guess there are 27 landscapes.","After looking around, they guess there are 21 landscapes.","After looking around, they guess there are 19 landscapes.","C","These reasons all describe a shared failure in mapping vague quantifiers to numbers: the model treats terms like “most,” “almost no,” “few,” and “some” as fixed, often extreme values instead of flexible ranges. It overweights explicit numerals and simple subtraction, collapses multi-category or probabilistic setups into binary splits, and ignores narrative timing, implicit comparisons, and the requirement that minority categories remain small-but-nonzero. Humans, by contrast, integrate all constraints—totals, verbal hedges, expectations, and sampling uncertainty—yielding arithmetically consistent yet pragmatically moderate distributions where majority terms are strong but not maximized and “almost none” still leaves a remainder."
"4","31","A town hall collected 22 survey responses. Organizers said most respondents support the proposal, a few oppose it, and almost none are undecided. Later, they tally and find that 6 responses oppose the proposal.","After the tally, how many do they guess support the proposal?","After the tally, they guess 16 support the proposal.","After the tally, they guess 15 support the proposal.","After the tally, they guess 14 support the proposal.","After the tally, they guess 6 support the proposal.","C","These reasons all describe a shared failure in mapping vague quantifiers to numbers: the model treats terms like “most,” “almost no,” “few,” and “some” as fixed, often extreme values instead of flexible ranges. It overweights explicit numerals and simple subtraction, collapses multi-category or probabilistic setups into binary splits, and ignores narrative timing, implicit comparisons, and the requirement that minority categories remain small-but-nonzero. Humans, by contrast, integrate all constraints—totals, verbal hedges, expectations, and sampling uncertainty—yielding arithmetically consistent yet pragmatically moderate distributions where majority terms are strong but not maximized and “almost none” still leaves a remainder."
"4","32","A hiking group brought 25 jackets. The leader says most are rain jackets, a small part are windbreakers, and almost none are down coats. Someone checks and finds 7 windbreakers.","After checking, how many do they guess are rain jackets?","After checking, they guess there are 18 rain jackets.","After checking, they guess there are 16 rain jackets.","After checking, they guess there are 23 rain jackets.","After checking, they guess there are 7 rain jackets.","B","These reasons all describe a shared failure in mapping vague quantifiers to numbers: the model treats terms like “most,” “almost no,” “few,” and “some” as fixed, often extreme values instead of flexible ranges. It overweights explicit numerals and simple subtraction, collapses multi-category or probabilistic setups into binary splits, and ignores narrative timing, implicit comparisons, and the requirement that minority categories remain small-but-nonzero. Humans, by contrast, integrate all constraints—totals, verbal hedges, expectations, and sampling uncertainty—yielding arithmetically consistent yet pragmatically moderate distributions where majority terms are strong but not maximized and “almost none” still leaves a remainder."
"4","33","A book club has 20 members choosing genres for the next month. The organizer says most prefer mysteries, some prefer science fiction, and almost no one prefers poetry. A quick poll shows 5 chose science fiction.","After the quick poll, how many do they guess prefer mysteries?","After the poll, they guess 15 prefer mysteries.","After the poll, they guess 19 prefer mysteries.","After the poll, they guess 13 prefer mysteries.","After the poll, they guess 5 prefer mysteries.","C","These reasons all describe a shared failure in mapping vague quantifiers to numbers: the model treats terms like “most,” “almost no,” “few,” and “some” as fixed, often extreme values instead of flexible ranges. It overweights explicit numerals and simple subtraction, collapses multi-category or probabilistic setups into binary splits, and ignores narrative timing, implicit comparisons, and the requirement that minority categories remain small-but-nonzero. Humans, by contrast, integrate all constraints—totals, verbal hedges, expectations, and sampling uncertainty—yielding arithmetically consistent yet pragmatically moderate distributions where majority terms are strong but not maximized and “almost none” still leaves a remainder."
"4","34","An animal shelter currently has 32 animals. Staff say most are dogs, a few are cats, and almost none are rabbits. A visitor counts and finds that 8 are cats.","After counting, how many do they guess are dogs?","After counting, they guess there are 23 dogs.","After counting, they guess there are 24 dogs.","After counting, they guess there are 22 dogs.","After counting, they guess there are 30 dogs.","C","These reasons all describe a shared failure in mapping vague quantifiers to numbers: the model treats terms like “most,” “almost no,” “few,” and “some” as fixed, often extreme values instead of flexible ranges. It overweights explicit numerals and simple subtraction, collapses multi-category or probabilistic setups into binary splits, and ignores narrative timing, implicit comparisons, and the requirement that minority categories remain small-but-nonzero. Humans, by contrast, integrate all constraints—totals, verbal hedges, expectations, and sampling uncertainty—yielding arithmetically consistent yet pragmatically moderate distributions where majority terms are strong but not maximized and “almost none” still leaves a remainder."
"4","35","At a school science fair, there are 27 projects. A teacher says the bulk are experiments, some are models, and very few are posters. A student tallies and finds 6 models.","After tallying, how many do they guess are experiments?","After tallying, they guess there are 24 experiments.","After tallying, they guess there are 21 experiments.","After tallying, they guess there are 19 experiments.","After tallying, they guess there are 26 experiments.","C","These reasons all describe a shared failure in mapping vague quantifiers to numbers: the model treats terms like “most,” “almost no,” “few,” and “some” as fixed, often extreme values instead of flexible ranges. It overweights explicit numerals and simple subtraction, collapses multi-category or probabilistic setups into binary splits, and ignores narrative timing, implicit comparisons, and the requirement that minority categories remain small-but-nonzero. Humans, by contrast, integrate all constraints—totals, verbal hedges, expectations, and sampling uncertainty—yielding arithmetically consistent yet pragmatically moderate distributions where majority terms are strong but not maximized and “almost none” still leaves a remainder."
"4","36","A city bus has 24 riders from a tour group. The guide mentions that most will get off downtown, some at the stadium, and nearly none at the museum. When the bus stops, they note that 5 get off at the stadium.","After noting the stadium stop, how many do they guess will get off downtown?","After noting, they guess 19 will get off downtown.","After noting, they guess 17 will get off downtown.","After noting, they guess 23 will get off downtown.","After noting, they guess 5 will get off downtown.","B","These reasons all describe a shared failure in mapping vague quantifiers to numbers: the model treats terms like “most,” “almost no,” “few,” and “some” as fixed, often extreme values instead of flexible ranges. It overweights explicit numerals and simple subtraction, collapses multi-category or probabilistic setups into binary splits, and ignores narrative timing, implicit comparisons, and the requirement that minority categories remain small-but-nonzero. Humans, by contrast, integrate all constraints—totals, verbal hedges, expectations, and sampling uncertainty—yielding arithmetically consistent yet pragmatically moderate distributions where majority terms are strong but not maximized and “almost none” still leaves a remainder."
"4","37","An office ordered 40 coffees for a meeting. The organizer says most are lattes, a small portion are americanos, and almost none are cappuccinos. The barista checks and finds 9 americanos.","After checking, how many do they guess are lattes?","After checking, they guess there are 31 lattes.","After checking, they guess there are 29 lattes.","After checking, they guess there are 38 lattes.","After checking, they guess there are 9 lattes.","B","These reasons all describe a shared failure in mapping vague quantifiers to numbers: the model treats terms like “most,” “almost no,” “few,” and “some” as fixed, often extreme values instead of flexible ranges. It overweights explicit numerals and simple subtraction, collapses multi-category or probabilistic setups into binary splits, and ignores narrative timing, implicit comparisons, and the requirement that minority categories remain small-but-nonzero. Humans, by contrast, integrate all constraints—totals, verbal hedges, expectations, and sampling uncertainty—yielding arithmetically consistent yet pragmatically moderate distributions where majority terms are strong but not maximized and “almost none” still leaves a remainder."
"4","38","A charity drive recorded 26 donations. Organizers say most are from individuals, some are from companies, and very few are anonymous. The records show that 6 donations came from companies.","After reviewing records, how many do they guess are from individuals?","After reviewing, they guess 20 are from individuals.","After reviewing, they guess 18 are from individuals.","After reviewing, they guess 25 are from individuals.","After reviewing, they guess 6 are from individuals.","B","These reasons all describe a shared failure in mapping vague quantifiers to numbers: the model treats terms like “most,” “almost no,” “few,” and “some” as fixed, often extreme values instead of flexible ranges. It overweights explicit numerals and simple subtraction, collapses multi-category or probabilistic setups into binary splits, and ignores narrative timing, implicit comparisons, and the requirement that minority categories remain small-but-nonzero. Humans, by contrast, integrate all constraints—totals, verbal hedges, expectations, and sampling uncertainty—yielding arithmetically consistent yet pragmatically moderate distributions where majority terms are strong but not maximized and “almost none” still leaves a remainder."
"4","39","A tour group checked 30 bags onto a carousel. The guide says most are suitcases, some are backpacks, and almost none are duffel bags. A traveler looks and counts 7 backpacks.","After looking, how many do they guess are suitcases?","After looking, they guess there are 23 suitcases.","After looking, they guess there are 22 suitcases.","After looking, they guess there are 21 suitcases.","After looking, they guess there are 29 suitcases.","C","These reasons all describe a shared failure in mapping vague quantifiers to numbers: the model treats terms like “most,” “almost no,” “few,” and “some” as fixed, often extreme values instead of flexible ranges. It overweights explicit numerals and simple subtraction, collapses multi-category or probabilistic setups into binary splits, and ignores narrative timing, implicit comparisons, and the requirement that minority categories remain small-but-nonzero. Humans, by contrast, integrate all constraints—totals, verbal hedges, expectations, and sampling uncertainty—yielding arithmetically consistent yet pragmatically moderate distributions where majority terms are strong but not maximized and “almost none” still leaves a remainder."
"4","40","In a coworking space, the manager orders 24 lunches for a workshop. She tells the group: ""Most people picked rice bowls, some chose noodles, and almost no one picked salads."" During distribution, Leo checks the trays and notices only 5 are noodles.","After Leo observes, how many does he guess are rice bowls?","After observing, Leo guesses there are 18 rice bowls.","After observing, Leo guesses there are 19 rice bowls.","After observing, Leo guesses there are 16 rice bowls.","After observing, Leo guesses there are 22 rice bowls.","A","These reasons all describe a shared failure in mapping vague quantifiers to numbers: the model treats terms like “most,” “almost no,” “few,” and “some” as fixed, often extreme values instead of flexible ranges. It overweights explicit numerals and simple subtraction, collapses multi-category or probabilistic setups into binary splits, and ignores narrative timing, implicit comparisons, and the requirement that minority categories remain small-but-nonzero. Humans, by contrast, integrate all constraints—totals, verbal hedges, expectations, and sampling uncertainty—yielding arithmetically consistent yet pragmatically moderate distributions where majority terms are strong but not maximized and “almost none” still leaves a remainder."
"4","41","A science club prepares 22 experiment kits for an outreach event. The leader says, ""Most are chemistry kits, a few are physics kits, and almost none are biology kits."" A member counts and finds that 4 are physics kits.","After the member counts, how many does the group guess are chemistry kits?","After counting, they guess there are 17 chemistry kits.","After counting, they guess there are 18 chemistry kits.","After counting, they guess there are 15 chemistry kits.","After counting, they guess there are 20 chemistry kits.","A","These reasons all describe a shared failure in mapping vague quantifiers to numbers: the model treats terms like “most,” “almost no,” “few,” and “some” as fixed, often extreme values instead of flexible ranges. It overweights explicit numerals and simple subtraction, collapses multi-category or probabilistic setups into binary splits, and ignores narrative timing, implicit comparisons, and the requirement that minority categories remain small-but-nonzero. Humans, by contrast, integrate all constraints—totals, verbal hedges, expectations, and sampling uncertainty—yielding arithmetically consistent yet pragmatically moderate distributions where majority terms are strong but not maximized and “almost none” still leaves a remainder."
"4","42","A community drive collects 30 donated items. The organizer tells volunteers, ""Most are clothes, some are books, and very few are toys."" Later, the volunteers tally and find that 7 items are books.","After the tally, how many do volunteers guess are clothes?","After tallying, they guess there are 23 clothes items.","After tallying, they guess there are 22 clothes items.","After tallying, they guess there are 18 clothes items.","After tallying, they guess there are 25 clothes items.","B","These reasons all describe a shared failure in mapping vague quantifiers to numbers: the model treats terms like “most,” “almost no,” “few,” and “some” as fixed, often extreme values instead of flexible ranges. It overweights explicit numerals and simple subtraction, collapses multi-category or probabilistic setups into binary splits, and ignores narrative timing, implicit comparisons, and the requirement that minority categories remain small-but-nonzero. Humans, by contrast, integrate all constraints—totals, verbal hedges, expectations, and sampling uncertainty—yielding arithmetically consistent yet pragmatically moderate distributions where majority terms are strong but not maximized and “almost none” still leaves a remainder."
"4","43","For a neighborhood party, there are 18 plates of snacks. The host explains, ""Most plates are sandwiches, a few are fruit, and almost none are cookies."" When setting the table, Mia sees that 4 plates are fruit.","After Mia observes, how many does she guess are sandwich plates?","After observing, Mia guesses there are 14 sandwich plates.","After observing, Mia guesses there are 12 sandwich plates.","After observing, Mia guesses there are 10 sandwich plates.","After observing, Mia guesses there are 16 sandwich plates.","B","These reasons all describe a shared failure in mapping vague quantifiers to numbers: the model treats terms like “most,” “almost no,” “few,” and “some” as fixed, often extreme values instead of flexible ranges. It overweights explicit numerals and simple subtraction, collapses multi-category or probabilistic setups into binary splits, and ignores narrative timing, implicit comparisons, and the requirement that minority categories remain small-but-nonzero. Humans, by contrast, integrate all constraints—totals, verbal hedges, expectations, and sampling uncertainty—yielding arithmetically consistent yet pragmatically moderate distributions where majority terms are strong but not maximized and “almost none” still leaves a remainder."
"4","44","An art class displays 16 student drawings. The teacher tells visitors, ""Most are in color, some are black-and-white, and very few are unfinished."" As people look around, one student counts that 5 are black-and-white.","After the student counts, how many do they guess are color drawings?","After counting, they guess there are 13 color drawings.","After counting, they guess there are 10 color drawings.","After counting, they guess there are 12 color drawings.","After counting, they guess there are 8 color drawings.","B","These reasons all describe a shared failure in mapping vague quantifiers to numbers: the model treats terms like “most,” “almost no,” “few,” and “some” as fixed, often extreme values instead of flexible ranges. It overweights explicit numerals and simple subtraction, collapses multi-category or probabilistic setups into binary splits, and ignores narrative timing, implicit comparisons, and the requirement that minority categories remain small-but-nonzero. Humans, by contrast, integrate all constraints—totals, verbal hedges, expectations, and sampling uncertainty—yielding arithmetically consistent yet pragmatically moderate distributions where majority terms are strong but not maximized and “almost none” still leaves a remainder."
"4","45","A company surveys 26 employees about work preferences. HR reports, ""Most prefer remote work, some prefer hybrid, and almost none prefer full-time office."" Later, HR notes that 6 employees chose hybrid.","After noting the hybrid count, how many does HR guess prefer remote work?","After noting, HR guesses 20 prefer remote work.","After noting, HR guesses 19 prefer remote work.","After noting, HR guesses 17 prefer remote work.","After noting, HR guesses 22 prefer remote work.","B","These reasons all describe a shared failure in mapping vague quantifiers to numbers: the model treats terms like “most,” “almost no,” “few,” and “some” as fixed, often extreme values instead of flexible ranges. It overweights explicit numerals and simple subtraction, collapses multi-category or probabilistic setups into binary splits, and ignores narrative timing, implicit comparisons, and the requirement that minority categories remain small-but-nonzero. Humans, by contrast, integrate all constraints—totals, verbal hedges, expectations, and sampling uncertainty—yielding arithmetically consistent yet pragmatically moderate distributions where majority terms are strong but not maximized and “almost none” still leaves a remainder."
"4","46","A small animal shelter has 21 animals ready for adoption. The staff tells visitors, ""Most are cats, some are dogs, and very few are rabbits."" A volunteer checks the records and sees that 6 are dogs.","After the check, how many do visitors guess are cats?","After checking, visitors guess there are 15 cats.","After checking, visitors guess there are 14 cats.","After checking, visitors guess there are 12 cats.","After checking, visitors guess there are 18 cats.","B","These reasons all describe a shared failure in mapping vague quantifiers to numbers: the model treats terms like “most,” “almost no,” “few,” and “some” as fixed, often extreme values instead of flexible ranges. It overweights explicit numerals and simple subtraction, collapses multi-category or probabilistic setups into binary splits, and ignores narrative timing, implicit comparisons, and the requirement that minority categories remain small-but-nonzero. Humans, by contrast, integrate all constraints—totals, verbal hedges, expectations, and sampling uncertainty—yielding arithmetically consistent yet pragmatically moderate distributions where majority terms are strong but not maximized and “almost none” still leaves a remainder."
"4","47","A city poll records 32 residents' opinions on a proposal. The pollster announces, ""Most support Plan A, some support Plan B, and almost none are undecided."" Later, the pollster tallies that 7 support Plan B.","After the tally, how many does the pollster guess support Plan A?","After tallying, the pollster guesses 25 support Plan A.","After tallying, the pollster guesses 24 support Plan A.","After tallying, the pollster guesses 20 support Plan A.","After tallying, the pollster guesses 27 support Plan A.","B","These reasons all describe a shared failure in mapping vague quantifiers to numbers: the model treats terms like “most,” “almost no,” “few,” and “some” as fixed, often extreme values instead of flexible ranges. It overweights explicit numerals and simple subtraction, collapses multi-category or probabilistic setups into binary splits, and ignores narrative timing, implicit comparisons, and the requirement that minority categories remain small-but-nonzero. Humans, by contrast, integrate all constraints—totals, verbal hedges, expectations, and sampling uncertainty—yielding arithmetically consistent yet pragmatically moderate distributions where majority terms are strong but not maximized and “almost none” still leaves a remainder."
"4","48","At a summer camp, 19 campers pick afternoon activities. The counselor tells parents, ""Most chose swimming, a few chose hiking, and almost none chose crafts."" Later, the counselor confirms that 4 campers chose hiking.","After confirming, how many does the counselor guess chose swimming?","After confirming, the counselor guesses 15 chose swimming.","After confirming, the counselor guesses 14 chose swimming.","After confirming, the counselor guesses 12 chose swimming.","After confirming, the counselor guesses 17 chose swimming.","B","These reasons all describe a shared failure in mapping vague quantifiers to numbers: the model treats terms like “most,” “almost no,” “few,” and “some” as fixed, often extreme values instead of flexible ranges. It overweights explicit numerals and simple subtraction, collapses multi-category or probabilistic setups into binary splits, and ignores narrative timing, implicit comparisons, and the requirement that minority categories remain small-but-nonzero. Humans, by contrast, integrate all constraints—totals, verbal hedges, expectations, and sampling uncertainty—yielding arithmetically consistent yet pragmatically moderate distributions where majority terms are strong but not maximized and “almost none” still leaves a remainder."
"4","49","A bakery sold 27 items in the morning. The cashier remarks, ""Most were breads, some were pastries, and very few were cookies."" When she checks the register, she sees that 8 were pastries.","After checking, how many does she guess were breads?","After checking, she guesses 19 were breads.","After checking, she guesses 18 were breads.","After checking, she guesses 15 were breads.","After checking, she guesses 22 were breads.","B","These reasons all describe a shared failure in mapping vague quantifiers to numbers: the model treats terms like “most,” “almost no,” “few,” and “some” as fixed, often extreme values instead of flexible ranges. It overweights explicit numerals and simple subtraction, collapses multi-category or probabilistic setups into binary splits, and ignores narrative timing, implicit comparisons, and the requirement that minority categories remain small-but-nonzero. Humans, by contrast, integrate all constraints—totals, verbal hedges, expectations, and sampling uncertainty—yielding arithmetically consistent yet pragmatically moderate distributions where majority terms are strong but not maximized and “almost none” still leaves a remainder."
"4","50","On a weekday morning, a subway car has 25 passengers. The conductor tells a volunteer counter, ""Most are commuting adults, some are students, and almost no one is a tourist this early."" The volunteer looks around and counts only 6 students.","After counting, how many does the volunteer guess are adults?","After counting, the volunteer guesses there are 19 adults.","After counting, the volunteer guesses there are 17 adults.","After counting, the volunteer guesses there are 22 adults.","After counting, the volunteer guesses there are 24 adults.","B","These reasons all describe a shared failure in mapping vague quantifiers to numbers: the model treats terms like “most,” “almost no,” “few,” and “some” as fixed, often extreme values instead of flexible ranges. It overweights explicit numerals and simple subtraction, collapses multi-category or probabilistic setups into binary splits, and ignores narrative timing, implicit comparisons, and the requirement that minority categories remain small-but-nonzero. Humans, by contrast, integrate all constraints—totals, verbal hedges, expectations, and sampling uncertainty—yielding arithmetically consistent yet pragmatically moderate distributions where majority terms are strong but not maximized and “almost none” still leaves a remainder."
"4","51","In an office snack drawer, there are 18 items. The office manager tells an intern, ""Most are cookies, a small part are chips, and very few are candies."" After peeking inside, the intern finds there are exactly 4 bags of chips.","After peeking, how many does the intern guess are cookies?","After peeking, the intern guesses there are 14 cookies.","After peeking, the intern guesses there are 12 cookies.","After peeking, the intern guesses there are 16 cookies.","After peeking, the intern guesses there are 17 cookies.","B","These reasons all describe a shared failure in mapping vague quantifiers to numbers: the model treats terms like “most,” “almost no,” “few,” and “some” as fixed, often extreme values instead of flexible ranges. It overweights explicit numerals and simple subtraction, collapses multi-category or probabilistic setups into binary splits, and ignores narrative timing, implicit comparisons, and the requirement that minority categories remain small-but-nonzero. Humans, by contrast, integrate all constraints—totals, verbal hedges, expectations, and sampling uncertainty—yielding arithmetically consistent yet pragmatically moderate distributions where majority terms are strong but not maximized and “almost none” still leaves a remainder."
"4","52","At a trailhead, a hiking meetup has 32 attendees. The organizer says, ""Most brought backpacks, some brought sling bags, and almost none showed up with suitcases."" One participant looks around and notices 7 people with sling bags.","After looking, how many does the participant guess brought backpacks?","After looking, the participant guesses 25 brought backpacks.","After looking, the participant guesses 30 brought backpacks.","After looking, the participant guesses 23 brought backpacks.","After looking, the participant guesses 28 brought backpacks.","C","These reasons all describe a shared failure in mapping vague quantifiers to numbers: the model treats terms like “most,” “almost no,” “few,” and “some” as fixed, often extreme values instead of flexible ranges. It overweights explicit numerals and simple subtraction, collapses multi-category or probabilistic setups into binary splits, and ignores narrative timing, implicit comparisons, and the requirement that minority categories remain small-but-nonzero. Humans, by contrast, integrate all constraints—totals, verbal hedges, expectations, and sampling uncertainty—yielding arithmetically consistent yet pragmatically moderate distributions where majority terms are strong but not maximized and “almost none” still leaves a remainder."
"4","53","In a studio showcase, there are 20 student pieces. The teacher explains, ""Most are paintings, a few are sculptures, and almost none are digital prints."" After a quick tally, the class finds there are 5 sculptures.","After the tally, how many do they guess are paintings?","After the tally, they guess there are 13 paintings.","After the tally, they guess there are 15 paintings.","After the tally, they guess there are 18 paintings.","After the tally, they guess there are 19 paintings.","A","These reasons all describe a shared failure in mapping vague quantifiers to numbers: the model treats terms like “most,” “almost no,” “few,” and “some” as fixed, often extreme values instead of flexible ranges. It overweights explicit numerals and simple subtraction, collapses multi-category or probabilistic setups into binary splits, and ignores narrative timing, implicit comparisons, and the requirement that minority categories remain small-but-nonzero. Humans, by contrast, integrate all constraints—totals, verbal hedges, expectations, and sampling uncertainty—yielding arithmetically consistent yet pragmatically moderate distributions where majority terms are strong but not maximized and “almost none” still leaves a remainder."
"4","54","A neighborhood chat lists 27 pets in the building. The admin summarizes, ""Most are dogs, some are cats, and very few are rabbits."" Later, a resident tallies and confirms 8 are cats.","After tallying, how many does the resident guess are dogs?","After tallying, the resident guesses there are 22 dogs.","After tallying, the resident guesses there are 19 dogs.","After tallying, the resident guesses there are 21 dogs.","After tallying, the resident guesses there are 17 dogs.","D","These reasons all describe a shared failure in mapping vague quantifiers to numbers: the model treats terms like “most,” “almost no,” “few,” and “some” as fixed, often extreme values instead of flexible ranges. It overweights explicit numerals and simple subtraction, collapses multi-category or probabilistic setups into binary splits, and ignores narrative timing, implicit comparisons, and the requirement that minority categories remain small-but-nonzero. Humans, by contrast, integrate all constraints—totals, verbal hedges, expectations, and sampling uncertainty—yielding arithmetically consistent yet pragmatically moderate distributions where majority terms are strong but not maximized and “almost none” still leaves a remainder."
"4","55","A language club has 22 sign-ups. The coordinator notes, ""Most chose Spanish, a small number chose French, and almost none selected German."" A volunteer checks the list and sees 5 chose French.","After checking, how many does the volunteer guess chose Spanish?","After checking, the volunteer guesses 20 chose Spanish.","After checking, the volunteer guesses 17 chose Spanish.","After checking, the volunteer guesses 15 chose Spanish.","After checking, the volunteer guesses 21 chose Spanish.","C","These reasons all describe a shared failure in mapping vague quantifiers to numbers: the model treats terms like “most,” “almost no,” “few,” and “some” as fixed, often extreme values instead of flexible ranges. It overweights explicit numerals and simple subtraction, collapses multi-category or probabilistic setups into binary splits, and ignores narrative timing, implicit comparisons, and the requirement that minority categories remain small-but-nonzero. Humans, by contrast, integrate all constraints—totals, verbal hedges, expectations, and sampling uncertainty—yielding arithmetically consistent yet pragmatically moderate distributions where majority terms are strong but not maximized and “almost none” still leaves a remainder."
"4","56","At a weekend farmers market, there are 30 vendor stalls. The flyer says, ""Most sell vegetables, some sell fruit, and almost none sell flowers."" A shopper maps the stalls and counts 9 fruit sellers.","After mapping, how many does the shopper guess sell vegetables?","After mapping, the shopper guesses 28 sell vegetables.","After mapping, the shopper guesses 21 sell vegetables.","After mapping, the shopper guesses 26 sell vegetables.","After mapping, the shopper guesses 19 sell vegetables.","D","These reasons all describe a shared failure in mapping vague quantifiers to numbers: the model treats terms like “most,” “almost no,” “few,” and “some” as fixed, often extreme values instead of flexible ranges. It overweights explicit numerals and simple subtraction, collapses multi-category or probabilistic setups into binary splits, and ignores narrative timing, implicit comparisons, and the requirement that minority categories remain small-but-nonzero. Humans, by contrast, integrate all constraints—totals, verbal hedges, expectations, and sampling uncertainty—yielding arithmetically consistent yet pragmatically moderate distributions where majority terms are strong but not maximized and “almost none” still leaves a remainder."
"4","57","Inside a board game box, there are 16 tokens. A friend says, ""Most are blue, a few are red, and very few are green."" After sorting, they find 3 red tokens.","After sorting, how many do they guess are blue tokens?","After sorting, they guess there are 14 blue tokens.","After sorting, they guess there are 11 blue tokens.","After sorting, they guess there are 13 blue tokens.","After sorting, they guess there are 15 blue tokens.","B","These reasons all describe a shared failure in mapping vague quantifiers to numbers: the model treats terms like “most,” “almost no,” “few,” and “some” as fixed, often extreme values instead of flexible ranges. It overweights explicit numerals and simple subtraction, collapses multi-category or probabilistic setups into binary splits, and ignores narrative timing, implicit comparisons, and the requirement that minority categories remain small-but-nonzero. Humans, by contrast, integrate all constraints—totals, verbal hedges, expectations, and sampling uncertainty—yielding arithmetically consistent yet pragmatically moderate distributions where majority terms are strong but not maximized and “almost none” still leaves a remainder."
"4","58","A charity event log shows 24 donations. The organizer explains, ""Most were online transfers, some were cash, and almost none were checks."" The accountant reviews the records and counts 6 cash donations.","After reviewing, how many does the accountant guess were online transfers?","After reviewing, the accountant guesses there were 16 online transfers.","After reviewing, the accountant guesses there were 18 online transfers.","After reviewing, the accountant guesses there were 20 online transfers.","After reviewing, the accountant guesses there were 22 online transfers.","A","These reasons all describe a shared failure in mapping vague quantifiers to numbers: the model treats terms like “most,” “almost no,” “few,” and “some” as fixed, often extreme values instead of flexible ranges. It overweights explicit numerals and simple subtraction, collapses multi-category or probabilistic setups into binary splits, and ignores narrative timing, implicit comparisons, and the requirement that minority categories remain small-but-nonzero. Humans, by contrast, integrate all constraints—totals, verbal hedges, expectations, and sampling uncertainty—yielding arithmetically consistent yet pragmatically moderate distributions where majority terms are strong but not maximized and “almost none” still leaves a remainder."
"4","59","At a campus rack, there are 28 bicycles. A guide remarks, ""Most are mountain bikes, a small part are road bikes, and very few are folding bikes."" A student counts and spots 7 road bikes.","After counting, how many does the student guess are mountain bikes?","After counting, the student guesses there are 19 mountain bikes.","After counting, the student guesses there are 21 mountain bikes.","After counting, the student guesses there are 24 mountain bikes.","After counting, the student guesses there are 26 mountain bikes.","A","These reasons all describe a shared failure in mapping vague quantifiers to numbers: the model treats terms like “most,” “almost no,” “few,” and “some” as fixed, often extreme values instead of flexible ranges. It overweights explicit numerals and simple subtraction, collapses multi-category or probabilistic setups into binary splits, and ignores narrative timing, implicit comparisons, and the requirement that minority categories remain small-but-nonzero. Humans, by contrast, integrate all constraints—totals, verbal hedges, expectations, and sampling uncertainty—yielding arithmetically consistent yet pragmatically moderate distributions where majority terms are strong but not maximized and “almost none” still leaves a remainder."
"4","60","In a weekend art fair, a class displays 28 paintings. The teacher tells Mira, ""Most are landscapes, some are portraits, and almost none are abstracts."" Mira counts and sees exactly 6 portraits.","After Mira counts, how many does she guess are landscapes?","After counting, Mira guesses that 23 are landscapes.","After counting, Mira guesses that 26 are landscapes.","After counting, Mira guesses that 20 are landscapes.","After counting, Mira guesses that 18 are landscapes.","C","These reasons all describe a shared failure in mapping vague quantifiers to numbers: the model treats terms like “most,” “almost no,” “few,” and “some” as fixed, often extreme values instead of flexible ranges. It overweights explicit numerals and simple subtraction, collapses multi-category or probabilistic setups into binary splits, and ignores narrative timing, implicit comparisons, and the requirement that minority categories remain small-but-nonzero. Humans, by contrast, integrate all constraints—totals, verbal hedges, expectations, and sampling uncertainty—yielding arithmetically consistent yet pragmatically moderate distributions where majority terms are strong but not maximized and “almost none” still leaves a remainder."
"4","61","In the office snack cupboard there are 40 items. The manager tells Leo, ""The majority are fruit, a handful are chips, and a few are cookies."" Leo later tallies and finds there are exactly 5 bags of chips.","After Leo tallies, how many does he guess are fruit?","After tallying, Leo guesses that 35 are fruit.","After tallying, Leo guesses that 32 are fruit.","After tallying, Leo guesses that 28 are fruit.","After tallying, Leo guesses that 39 are fruit.","B","These reasons all describe a shared failure in mapping vague quantifiers to numbers: the model treats terms like “most,” “almost no,” “few,” and “some” as fixed, often extreme values instead of flexible ranges. It overweights explicit numerals and simple subtraction, collapses multi-category or probabilistic setups into binary splits, and ignores narrative timing, implicit comparisons, and the requirement that minority categories remain small-but-nonzero. Humans, by contrast, integrate all constraints—totals, verbal hedges, expectations, and sampling uncertainty—yielding arithmetically consistent yet pragmatically moderate distributions where majority terms are strong but not maximized and “almost none” still leaves a remainder."
"4","62","At the community library drop box, 22 items were returned today. The volunteer tells Rina, ""Most are books, some are DVDs, and hardly any are CDs."" Rina sorts them and notes that exactly 7 are DVDs.","After sorting, how many does Rina guess are books?","After sorting, Rina guesses that 20 are books.","After sorting, Rina guesses that 10 are books.","After sorting, Rina guesses that 15 are books.","After sorting, Rina guesses that 13 are books.","D","These reasons all describe a shared failure in mapping vague quantifiers to numbers: the model treats terms like “most,” “almost no,” “few,” and “some” as fixed, often extreme values instead of flexible ranges. It overweights explicit numerals and simple subtraction, collapses multi-category or probabilistic setups into binary splits, and ignores narrative timing, implicit comparisons, and the requirement that minority categories remain small-but-nonzero. Humans, by contrast, integrate all constraints—totals, verbal hedges, expectations, and sampling uncertainty—yielding arithmetically consistent yet pragmatically moderate distributions where majority terms are strong but not maximized and “almost none” still leaves a remainder."
"4","63","On a group hike, there are 18 participants. The leader tells Sam, ""Most are wearing boots, some are in sneakers, and almost no one is in sandals."" Sam counts and finds exactly 5 people in sneakers.","After counting, how many does Sam guess are wearing boots?","After counting, Sam guesses that 12 are wearing boots.","After counting, Sam guesses that 17 are wearing boots.","After counting, Sam guesses that 10 are wearing boots.","After counting, Sam guesses that 14 are wearing boots.","A","These reasons all describe a shared failure in mapping vague quantifiers to numbers: the model treats terms like “most,” “almost no,” “few,” and “some” as fixed, often extreme values instead of flexible ranges. It overweights explicit numerals and simple subtraction, collapses multi-category or probabilistic setups into binary splits, and ignores narrative timing, implicit comparisons, and the requirement that minority categories remain small-but-nonzero. Humans, by contrast, integrate all constraints—totals, verbal hedges, expectations, and sampling uncertainty—yielding arithmetically consistent yet pragmatically moderate distributions where majority terms are strong but not maximized and “almost none” still leaves a remainder."
"4","64","At a small conference, there are 25 scheduled sessions. The organizer tells Jia, ""The majority are research talks, a small part are workshops, and very few are keynotes."" Jia later notices there are exactly 6 workshops.","After noticing, how many does Jia guess are research talks?","After noticing, Jia guesses that 19 are research talks.","After noticing, Jia guesses that 12 are research talks.","After noticing, Jia guesses that 17 are research talks.","After noticing, Jia guesses that 22 are research talks.","C","These reasons all describe a shared failure in mapping vague quantifiers to numbers: the model treats terms like “most,” “almost no,” “few,” and “some” as fixed, often extreme values instead of flexible ranges. It overweights explicit numerals and simple subtraction, collapses multi-category or probabilistic setups into binary splits, and ignores narrative timing, implicit comparisons, and the requirement that minority categories remain small-but-nonzero. Humans, by contrast, integrate all constraints—totals, verbal hedges, expectations, and sampling uncertainty—yielding arithmetically consistent yet pragmatically moderate distributions where majority terms are strong but not maximized and “almost none” still leaves a remainder."
"4","65","At the weekend market there are 16 stalls. The coordinator tells Ana, ""Most sell produce, some sell flowers, and almost none sell crafts."" Ana walks around and counts exactly 4 flower stalls.","After counting, how many does Ana guess sell produce?","After counting, Ana guesses that 15 stalls sell produce.","After counting, Ana guesses that 8 stalls sell produce.","After counting, Ana guesses that 12 stalls sell produce.","After counting, Ana guesses that 11 stalls sell produce.","D","These reasons all describe a shared failure in mapping vague quantifiers to numbers: the model treats terms like “most,” “almost no,” “few,” and “some” as fixed, often extreme values instead of flexible ranges. It overweights explicit numerals and simple subtraction, collapses multi-category or probabilistic setups into binary splits, and ignores narrative timing, implicit comparisons, and the requirement that minority categories remain small-but-nonzero. Humans, by contrast, integrate all constraints—totals, verbal hedges, expectations, and sampling uncertainty—yielding arithmetically consistent yet pragmatically moderate distributions where majority terms are strong but not maximized and “almost none” still leaves a remainder."
"4","66","At game night there are 12 players. The host tells Noor, ""A majority chose card games, a few chose board games, and almost none chose puzzles."" Noor checks and sees exactly 3 chose board games.","After checking, how many does Noor guess chose card games?","After checking, Noor guesses that 8 chose card games.","After checking, Noor guesses that 9 chose card games.","After checking, Noor guesses that 11 chose card games.","After checking, Noor guesses that 6 chose card games.","A","These reasons all describe a shared failure in mapping vague quantifiers to numbers: the model treats terms like “most,” “almost no,” “few,” and “some” as fixed, often extreme values instead of flexible ranges. It overweights explicit numerals and simple subtraction, collapses multi-category or probabilistic setups into binary splits, and ignores narrative timing, implicit comparisons, and the requirement that minority categories remain small-but-nonzero. Humans, by contrast, integrate all constraints—totals, verbal hedges, expectations, and sampling uncertainty—yielding arithmetically consistent yet pragmatically moderate distributions where majority terms are strong but not maximized and “almost none” still leaves a remainder."
"4","67","During a charity drive, 50 donations arrive. The coordinator tells Luis, ""Most are clothing, some are books, and very few are toys."" Luis logs them and records exactly 12 book donations.","After logging, how many does Luis guess are clothing donations?","After logging, Luis guesses that 38 are clothing donations.","After logging, Luis guesses that 49 are clothing donations.","After logging, Luis guesses that 35 are clothing donations.","After logging, Luis guesses that 30 are clothing donations.","C","These reasons all describe a shared failure in mapping vague quantifiers to numbers: the model treats terms like “most,” “almost no,” “few,” and “some” as fixed, often extreme values instead of flexible ranges. It overweights explicit numerals and simple subtraction, collapses multi-category or probabilistic setups into binary splits, and ignores narrative timing, implicit comparisons, and the requirement that minority categories remain small-but-nonzero. Humans, by contrast, integrate all constraints—totals, verbal hedges, expectations, and sampling uncertainty—yielding arithmetically consistent yet pragmatically moderate distributions where majority terms are strong but not maximized and “almost none” still leaves a remainder."
"4","68","At the district science fair, there are 27 projects. The coordinator tells Priya, ""Most are individual entries, some are team entries, and hardly any are cross-school collaborations."" Priya checks the list and finds exactly 8 team entries.","After checking, how many does Priya guess are individual entries?","After checking, Priya guesses that 19 are individual entries.","After checking, Priya guesses that 17 are individual entries.","After checking, Priya guesses that 24 are individual entries.","After checking, Priya guesses that 26 are individual entries.","B","These reasons all describe a shared failure in mapping vague quantifiers to numbers: the model treats terms like “most,” “almost no,” “few,” and “some” as fixed, often extreme values instead of flexible ranges. It overweights explicit numerals and simple subtraction, collapses multi-category or probabilistic setups into binary splits, and ignores narrative timing, implicit comparisons, and the requirement that minority categories remain small-but-nonzero. Humans, by contrast, integrate all constraints—totals, verbal hedges, expectations, and sampling uncertainty—yielding arithmetically consistent yet pragmatically moderate distributions where majority terms are strong but not maximized and “almost none” still leaves a remainder."
"4","69","At a small eatery, there are 21 lunch orders. The server tells Hao, ""Most customers ordered noodles, some ordered rice dishes, and almost no one ordered salads."" Hao checks tickets and sees exactly 6 rice orders.","After checking, how many does Hao guess are noodle orders?","After checking, Hao guesses that 18 are noodle orders.","After checking, Hao guesses that 10 are noodle orders.","After checking, Hao guesses that 15 are noodle orders.","After checking, Hao guesses that 13 are noodle orders.","D","These reasons all describe a shared failure in mapping vague quantifiers to numbers: the model treats terms like “most,” “almost no,” “few,” and “some” as fixed, often extreme values instead of flexible ranges. It overweights explicit numerals and simple subtraction, collapses multi-category or probabilistic setups into binary splits, and ignores narrative timing, implicit comparisons, and the requirement that minority categories remain small-but-nonzero. Humans, by contrast, integrate all constraints—totals, verbal hedges, expectations, and sampling uncertainty—yielding arithmetically consistent yet pragmatically moderate distributions where majority terms are strong but not maximized and “almost none” still leaves a remainder."
"4","70","At a school charity bake sale, Lina tells Ben, ""We prepared 22 boxes of treats; most are cupcakes, some are cookies, and almost no boxes are muffins."" Ben watches the table for a while and finds that only 6 boxes are cookies.","After observing, how many boxes does Ben guess are cupcakes?","After observing, Ben guesses that 16 boxes are cupcakes.","After observing, Ben guesses that 14 boxes are cupcakes.","After observing, Ben guesses that 18 boxes are cupcakes.","After observing, Ben guesses that 12 boxes are cupcakes.","B","These reasons all describe a shared failure in mapping vague quantifiers to numbers: the model treats terms like “most,” “almost no,” “few,” and “some” as fixed, often extreme values instead of flexible ranges. It overweights explicit numerals and simple subtraction, collapses multi-category or probabilistic setups into binary splits, and ignores narrative timing, implicit comparisons, and the requirement that minority categories remain small-but-nonzero. Humans, by contrast, integrate all constraints—totals, verbal hedges, expectations, and sampling uncertainty—yielding arithmetically consistent yet pragmatically moderate distributions where majority terms are strong but not maximized and “almost none” still leaves a remainder."
"4","71","At a wildlife photo exhibit with 16 photos, the curator tells visitors, ""Most are bird photos, a small part are mammals, and very few are reptiles."" A visitor later counts and notices that only 3 photos are mammals.","After counting, how many photos does the visitor guess are birds?","After counting, the visitor guesses that 13 photos are birds.","After counting, the visitor guesses that 11 photos are birds.","After counting, the visitor guesses that 15 photos are birds.","After counting, the visitor guesses that 9 photos are birds.","B","These reasons all describe a shared failure in mapping vague quantifiers to numbers: the model treats terms like “most,” “almost no,” “few,” and “some” as fixed, often extreme values instead of flexible ranges. It overweights explicit numerals and simple subtraction, collapses multi-category or probabilistic setups into binary splits, and ignores narrative timing, implicit comparisons, and the requirement that minority categories remain small-but-nonzero. Humans, by contrast, integrate all constraints—totals, verbal hedges, expectations, and sampling uncertainty—yielding arithmetically consistent yet pragmatically moderate distributions where majority terms are strong but not maximized and “almost none” still leaves a remainder."
"4","72","On a tour bus with 28 passengers, the guide announces, ""Most are commuters, some are tourists, and almost no one is a student."" A volunteer checks the signup sheet and sees that only 7 passengers are tourists.","After checking, how many passengers does the volunteer guess are commuters?","After checking, the volunteer guesses that 21 passengers are commuters.","After checking, the volunteer guesses that 19 passengers are commuters.","After checking, the volunteer guesses that 24 passengers are commuters.","After checking, the volunteer guesses that 14 passengers are commuters.","B","These reasons all describe a shared failure in mapping vague quantifiers to numbers: the model treats terms like “most,” “almost no,” “few,” and “some” as fixed, often extreme values instead of flexible ranges. It overweights explicit numerals and simple subtraction, collapses multi-category or probabilistic setups into binary splits, and ignores narrative timing, implicit comparisons, and the requirement that minority categories remain small-but-nonzero. Humans, by contrast, integrate all constraints—totals, verbal hedges, expectations, and sampling uncertainty—yielding arithmetically consistent yet pragmatically moderate distributions where majority terms are strong but not maximized and “almost none” still leaves a remainder."
"4","73","A librarian receives 25 returned items and says, ""Most are books, a few are DVDs, and almost none are CDs."" A patron looks over the cart and finds that only 5 items are DVDs.","After looking, how many items does the patron guess are books?","After looking, the patron guesses that 20 items are books.","After looking, the patron guesses that 18 items are books.","After looking, the patron guesses that 23 items are books.","After looking, the patron guesses that 14 items are books.","B","These reasons all describe a shared failure in mapping vague quantifiers to numbers: the model treats terms like “most,” “almost no,” “few,” and “some” as fixed, often extreme values instead of flexible ranges. It overweights explicit numerals and simple subtraction, collapses multi-category or probabilistic setups into binary splits, and ignores narrative timing, implicit comparisons, and the requirement that minority categories remain small-but-nonzero. Humans, by contrast, integrate all constraints—totals, verbal hedges, expectations, and sampling uncertainty—yielding arithmetically consistent yet pragmatically moderate distributions where majority terms are strong but not maximized and “almost none” still leaves a remainder."
"4","74","At a weekend hackathon with 20 teams, the organizer announces, ""Most teams built apps, some built websites, and very few built hardware prototypes."" A judge later notes that only 6 teams built websites.","After noting the websites, how many teams does the judge guess built apps?","After noting, the judge guesses that 14 teams built apps.","After noting, the judge guesses that 12 teams built apps.","After noting, the judge guesses that 16 teams built apps.","After noting, the judge guesses that 10 teams built apps.","B","These reasons all describe a shared failure in mapping vague quantifiers to numbers: the model treats terms like “most,” “almost no,” “few,” and “some” as fixed, often extreme values instead of flexible ranges. It overweights explicit numerals and simple subtraction, collapses multi-category or probabilistic setups into binary splits, and ignores narrative timing, implicit comparisons, and the requirement that minority categories remain small-but-nonzero. Humans, by contrast, integrate all constraints—totals, verbal hedges, expectations, and sampling uncertainty—yielding arithmetically consistent yet pragmatically moderate distributions where majority terms are strong but not maximized and “almost none” still leaves a remainder."
"4","75","At a farmer's market stall, a vendor says, ""We sold 18 baskets today; most are vegetable baskets, a small part are fruit-only, and almost none are bakery-only."" A shopper checks the tally and sees that only 4 baskets were fruit-only.","After checking, how many baskets does the shopper guess were vegetable baskets?","After checking, the shopper guesses that 14 baskets were vegetable baskets.","After checking, the shopper guesses that 12 baskets were vegetable baskets.","After checking, the shopper guesses that 16 baskets were vegetable baskets.","After checking, the shopper guesses that 9 baskets were vegetable baskets.","B","These reasons all describe a shared failure in mapping vague quantifiers to numbers: the model treats terms like “most,” “almost no,” “few,” and “some” as fixed, often extreme values instead of flexible ranges. It overweights explicit numerals and simple subtraction, collapses multi-category or probabilistic setups into binary splits, and ignores narrative timing, implicit comparisons, and the requirement that minority categories remain small-but-nonzero. Humans, by contrast, integrate all constraints—totals, verbal hedges, expectations, and sampling uncertainty—yielding arithmetically consistent yet pragmatically moderate distributions where majority terms are strong but not maximized and “almost none” still leaves a remainder."
"4","76","A teacher summarizes 15 student votes for movie night: ""Most chose Movie A, some chose Movie B, and very few chose Movie C."" After sorting, a student helper finds that only 4 votes are for Movie B.","After sorting, how many votes does the helper guess are for Movie A?","After sorting, the helper guesses that 11 votes are for Movie A.","After sorting, the helper guesses that 9 votes are for Movie A.","After sorting, the helper guesses that 12 votes are for Movie A.","After sorting, the helper guesses that 7 votes are for Movie A.","B","These reasons all describe a shared failure in mapping vague quantifiers to numbers: the model treats terms like “most,” “almost no,” “few,” and “some” as fixed, often extreme values instead of flexible ranges. It overweights explicit numerals and simple subtraction, collapses multi-category or probabilistic setups into binary splits, and ignores narrative timing, implicit comparisons, and the requirement that minority categories remain small-but-nonzero. Humans, by contrast, integrate all constraints—totals, verbal hedges, expectations, and sampling uncertainty—yielding arithmetically consistent yet pragmatically moderate distributions where majority terms are strong but not maximized and “almost none” still leaves a remainder."
"4","77","In an art class showcase of 33 pieces, the instructor says, ""Most are paintings, a small number are sculptures, and almost none are collages."" A student counts and notices that only 6 pieces are sculptures.","After counting, how many pieces does the student guess are paintings?","After counting, the student guesses that 27 pieces are paintings.","After counting, the student guesses that 25 pieces are paintings.","After counting, the student guesses that 29 pieces are paintings.","After counting, the student guesses that 21 pieces are paintings.","B","These reasons all describe a shared failure in mapping vague quantifiers to numbers: the model treats terms like “most,” “almost no,” “few,” and “some” as fixed, often extreme values instead of flexible ranges. It overweights explicit numerals and simple subtraction, collapses multi-category or probabilistic setups into binary splits, and ignores narrative timing, implicit comparisons, and the requirement that minority categories remain small-but-nonzero. Humans, by contrast, integrate all constraints—totals, verbal hedges, expectations, and sampling uncertainty—yielding arithmetically consistent yet pragmatically moderate distributions where majority terms are strong but not maximized and “almost none” still leaves a remainder."
"4","78","At a shipping department with 40 orders, the manager says, ""Most are standard shipping, some are express, and very few are overnight."" A clerk later verifies that only 9 orders are express.","After verification, how many orders does the clerk guess are standard?","After verification, the clerk guesses that 31 orders are standard.","After verification, the clerk guesses that 29 orders are standard.","After verification, the clerk guesses that 34 orders are standard.","After verification, the clerk guesses that 24 orders are standard.","B","These reasons all describe a shared failure in mapping vague quantifiers to numbers: the model treats terms like “most,” “almost no,” “few,” and “some” as fixed, often extreme values instead of flexible ranges. It overweights explicit numerals and simple subtraction, collapses multi-category or probabilistic setups into binary splits, and ignores narrative timing, implicit comparisons, and the requirement that minority categories remain small-but-nonzero. Humans, by contrast, integrate all constraints—totals, verbal hedges, expectations, and sampling uncertainty—yielding arithmetically consistent yet pragmatically moderate distributions where majority terms are strong but not maximized and “almost none” still leaves a remainder."
"4","79","At a chess club meetup with 14 participants choosing game formats, the organizer says, ""Most are playing standard, a few are playing blitz, and almost none are playing blindfold."" A coach looks around and sees that only 3 participants are playing blitz.","After looking, how many participants does the coach guess are playing standard?","After looking, the coach guesses that 11 participants are playing standard.","After looking, the coach guesses that 10 participants are playing standard.","After looking, the coach guesses that 12 participants are playing standard.","After looking, the coach guesses that 8 participants are playing standard.","B","These reasons all describe a shared failure in mapping vague quantifiers to numbers: the model treats terms like “most,” “almost no,” “few,” and “some” as fixed, often extreme values instead of flexible ranges. It overweights explicit numerals and simple subtraction, collapses multi-category or probabilistic setups into binary splits, and ignores narrative timing, implicit comparisons, and the requirement that minority categories remain small-but-nonzero. Humans, by contrast, integrate all constraints—totals, verbal hedges, expectations, and sampling uncertainty—yielding arithmetically consistent yet pragmatically moderate distributions where majority terms are strong but not maximized and “almost none” still leaves a remainder."
