"cluster_id","question_index","story","question","option_a","option_b","option_c","option_d","correct_answer","cluster_summary"
"8","0","At the regional debate tournament, Jamie and Lila are in the same bracket competing for a single spot at nationals. After practice, Jamie forgets his folder of evidence on a chair. The custodian assumes it is scrap paper and takes it to the recycling bin. Lila sees this happen and recognizes Jamie's folder, but she remembers that only one student from their school can advance and she wants that spot. She decides to say nothing. Later, Jamie is frantic when he cannot find his materials.","What emotion does Lila most likely feel when she stays silent?","Lila likely feels pleased because Jamie's setback improves her own chance to advance.","Lila likely feels nervous that someone might notice she saw the folder and blame her.","Lila likely feels guilty for not stepping in to help Jamie retrieve the folder.","Lila likely feels indifferent because she believes missing materials do not matter in debates.","A","Across this cluster, the model repeatedly ignores the zero-sum, competitive framing and instead attributes generic self-conscious emotions such as guilt, shame, or fear of judgment to the protagonist. Even when the narrative explicitly states that the character gains if a rival is harmed or disadvantaged, the model downplays these instrumental motives and fails to represent envy or strategic satisfaction. This pattern reveals an overreliance on abstract moral-psychology heuristics and prosocial bias, combined with insufficient use of concrete, situation-specific cues about competition, conflicting interests, and plausible non-moral emotions."
"8","1","In a sales department, the top seller each quarter receives a large bonus, and there is only one award. A CRM glitch assigns a lucrative client to Nora even though Priya found the lead first. Priya notices that the contract Nora is preparing mistakenly references an old pricing sheet that will invalidate Nora's closed deal. Priya realizes she could alert Nora, but the boss has said the bonus will likely be decided by this client. Priya decides to keep the mistake to herself.","What is the most plausible intention behind Priya's decision not to warn Nora?","Priya worries that the manager might audit her emails and think she interfered.","Priya wants Nora to lose the deal so that Priya can secure the top-seller bonus.","Priya assumes the billing system will automatically correct the old pricing sheet.","Priya thinks the client prefers Nora regardless of documentation errors.","B","Across this cluster, the model repeatedly ignores the zero-sum, competitive framing and instead attributes generic self-conscious emotions such as guilt, shame, or fear of judgment to the protagonist. Even when the narrative explicitly states that the character gains if a rival is harmed or disadvantaged, the model downplays these instrumental motives and fails to represent envy or strategic satisfaction. This pattern reveals an overreliance on abstract moral-psychology heuristics and prosocial bias, combined with insufficient use of concrete, situation-specific cues about competition, conflicting interests, and plausible non-moral emotions."
"8","2","The drama club is casting the lead role, and only one student can get it. Emma and Carla are the two strongest candidates. The assistant director mislabels Emma's audition file and puts it in the wrong folder, so the director might not see it. Carla notices the mistake when she is checking the shared drive, but since Emma is her main rival, she decides not to report it.","Given the situation, how is Carla most likely to feel about not fixing the mislabeled file?","Carla might feel anxious that the assistant director will discover she noticed and stayed quiet.","Carla might feel ashamed for taking advantage of a clerical error.","Carla might feel satisfied because the error lowers Emma's chances and boosts her own.","Carla might feel confused because she does not understand how file folders work.","C","Across this cluster, the model repeatedly ignores the zero-sum, competitive framing and instead attributes generic self-conscious emotions such as guilt, shame, or fear of judgment to the protagonist. Even when the narrative explicitly states that the character gains if a rival is harmed or disadvantaged, the model downplays these instrumental motives and fails to represent envy or strategic satisfaction. This pattern reveals an overreliance on abstract moral-psychology heuristics and prosocial bias, combined with insufficient use of concrete, situation-specific cues about competition, conflicting interests, and plausible non-moral emotions."
"8","3","At the regional science fair, only one project from each school can win a travel grant to nationals. Mark's apparatus stops working due to a burned-out fuse an hour before judging. Aiden has spare fuses in his toolkit. Chloe, who competes directly with Mark for the grant, sees Aiden offering to lend a fuse and quietly tells Aiden that lending parts might violate the rules, even though it does not. Aiden backs off, and Mark cannot repair his setup in time.","What is the most plausible intention behind Chloe's interference?","Chloe wants Mark's project to stay broken so her own chance at the single grant increases.","Chloe is worried that the judges will penalize Aiden for being too helpful to Mark.","Chloe believes that Mark prefers to present without fully functioning equipment.","Chloe fears that lending parts could cause a safety hazard in the venue.","A","Across this cluster, the model repeatedly ignores the zero-sum, competitive framing and instead attributes generic self-conscious emotions such as guilt, shame, or fear of judgment to the protagonist. Even when the narrative explicitly states that the character gains if a rival is harmed or disadvantaged, the model downplays these instrumental motives and fails to represent envy or strategic satisfaction. This pattern reveals an overreliance on abstract moral-psychology heuristics and prosocial bias, combined with insufficient use of concrete, situation-specific cues about competition, conflicting interests, and plausible non-moral emotions."
"8","4","Two seniors, Dana and Luis, are finalists for a prestigious scholarship that can only be awarded to one student from their school. The committee requested updated essays by email. Luis accidentally sends his revision to an old address that auto-replies but does not deliver. Dana sees the auto-reply on a shared group chat because Luis pasted it there, and realizes he has not properly submitted his essay. She decides not to remind him before the deadline passes.","What is the most likely intention behind Dana's choice not to remind Luis?","Dana fears that intervening might be seen as meddling with the committee's process.","Dana thinks Luis purposely sent to the old address to test if the committee cares.","Dana wants Luis to miss the deadline so her own chances of receiving the single scholarship improve.","Dana believes the system will automatically forward emails from old addresses.","C","Across this cluster, the model repeatedly ignores the zero-sum, competitive framing and instead attributes generic self-conscious emotions such as guilt, shame, or fear of judgment to the protagonist. Even when the narrative explicitly states that the character gains if a rival is harmed or disadvantaged, the model downplays these instrumental motives and fails to represent envy or strategic satisfaction. This pattern reveals an overreliance on abstract moral-psychology heuristics and prosocial bias, combined with insufficient use of concrete, situation-specific cues about competition, conflicting interests, and plausible non-moral emotions."
"8","5","A startup incubator will select only one team for a cash prize and direct investment. Tara leaves her printed pitch deck at a cafe table during a break. A cleaner sweeps the table and places the deck into a bin of unclaimed items that will be locked away until tomorrow. Omar, whose team competes with Tara's, watches this and immediately understands that Tara will present without her deck if no one speaks up. He decides to keep quiet.","How is Omar most likely to feel about staying silent?","Omar likely feels worried that the cafe staff will accuse him of hiding the documents.","Omar likely feels guilty that Tara's hard work might go unseen.","Omar likely feels detached, believing visual aids do not matter to investors.","Omar likely feels pleased because Tara's disadvantage increases his team's chance at the single prize.","D","Across this cluster, the model repeatedly ignores the zero-sum, competitive framing and instead attributes generic self-conscious emotions such as guilt, shame, or fear of judgment to the protagonist. Even when the narrative explicitly states that the character gains if a rival is harmed or disadvantaged, the model downplays these instrumental motives and fails to represent envy or strategic satisfaction. This pattern reveals an overreliance on abstract moral-psychology heuristics and prosocial bias, combined with insufficient use of concrete, situation-specific cues about competition, conflicting interests, and plausible non-moral emotions."
"8","6","In a city 10K with a winner-takes-all cash purse, Ava and Maya are the top contenders. At the expo, Ava forgets to activate her timing chip at the registration desk. A volunteer mentions that unactivated chips will disqualify finish times. Maya overhears and notices Ava walk away without activating. Knowing that only one runner can claim the prize, Maya decides not to call out to Ava.","What is the most plausible intention behind Maya's choice?","Maya worries that pointing it out might be considered coaching outside the rules.","Maya wants Ava to be disqualified so that Maya has a better chance to win the purse.","Maya thinks the timing company will automatically fix any chip issues.","Maya believes Ava actually prefers to run without an official time.","B","Across this cluster, the model repeatedly ignores the zero-sum, competitive framing and instead attributes generic self-conscious emotions such as guilt, shame, or fear of judgment to the protagonist. Even when the narrative explicitly states that the character gains if a rival is harmed or disadvantaged, the model downplays these instrumental motives and fails to represent envy or strategic satisfaction. This pattern reveals an overreliance on abstract moral-psychology heuristics and prosocial bias, combined with insufficient use of concrete, situation-specific cues about competition, conflicting interests, and plausible non-moral emotions."
"8","7","Only one internal grant will be awarded in Dr. Chen's department this year. Lee submits a PDF proposal, but the uploaded file turns out to be corrupted and cannot be opened by reviewers. Dana, who applied for the same grant, sees an error log on the shared portal that clearly shows Lee's file failed. The portal does not notify applicants automatically. Dana decides not to alert Lee before the submission window closes.","What best explains Dana's decision?","Dana wants Lee's application to remain unread so her own application faces less competition for the single grant.","Dana fears that contacting Lee could violate anonymity rules, even though the portal shows names.","Dana assumes the IT office will proactively fix or replace corrupted files.","Dana thinks Lee intentionally uploaded a corrupted file to request an extension later.","A","Across this cluster, the model repeatedly ignores the zero-sum, competitive framing and instead attributes generic self-conscious emotions such as guilt, shame, or fear of judgment to the protagonist. Even when the narrative explicitly states that the character gains if a rival is harmed or disadvantaged, the model downplays these instrumental motives and fails to represent envy or strategic satisfaction. This pattern reveals an overreliance on abstract moral-psychology heuristics and prosocial bias, combined with insufficient use of concrete, situation-specific cues about competition, conflicting interests, and plausible non-moral emotions."
"8","8","An online gaming league schedules playoff matches, and a forfeit counts as an automatic advancement for the opposing player. Ryan and Ken are seeded to meet in the semifinals if both advance. Ryan posts in their team chat that the match time was changed, but he accidentally tags the wrong handle for his current opponent, who will not see it. Ken notices the mistake and realizes Ryan's opponent may miss the match and forfeit, which would advance Ryan and make Ken's path harder. He chooses not to forward the corrected time to the opponent.","What is the most likely intention behind Ken's inaction?","Ken is worried that getting involved could violate moderator rules on communication.","Ken wants Ryan's opponent to show up so that Ryan has a tougher route to the final.","Ken wants the opponent to miss the match so that Ryan advances and then can be strategically countered by Ken later.","Ken believes the platform will send automatic reminders to all players about the new time.","C","Across this cluster, the model repeatedly ignores the zero-sum, competitive framing and instead attributes generic self-conscious emotions such as guilt, shame, or fear of judgment to the protagonist. Even when the narrative explicitly states that the character gains if a rival is harmed or disadvantaged, the model downplays these instrumental motives and fails to represent envy or strategic satisfaction. This pattern reveals an overreliance on abstract moral-psychology heuristics and prosocial bias, combined with insufficient use of concrete, situation-specific cues about competition, conflicting interests, and plausible non-moral emotions."
"8","9","In the youth orchestra, only one violinist will be awarded the first-chair position after blind auditions. Lina practices a difficult excerpt obsessively, and her main rival, Sofia, knows Lina's audition time was moved up by an hour due to a schedule shuffle. Lina has not seen the updated message because her phone died. Sofia sees Lina chatting in the hallway and chooses not to tell her about the change, knowing that if Lina is late, she will be scored down or skipped.","What emotion is Sofia most likely to feel about keeping quiet?","Sofia might feel apprehensive that the conductor will suspect her of sabotage.","Sofia might feel sympathetic and worried that Lina will be embarrassed.","Sofia might feel indifferent because she thinks schedules are flexible anyway.","Sofia might feel gratified because Lina's likely lateness improves Sofia's chance at first chair.","D","Across this cluster, the model repeatedly ignores the zero-sum, competitive framing and instead attributes generic self-conscious emotions such as guilt, shame, or fear of judgment to the protagonist. Even when the narrative explicitly states that the character gains if a rival is harmed or disadvantaged, the model downplays these instrumental motives and fails to represent envy or strategic satisfaction. This pattern reveals an overreliance on abstract moral-psychology heuristics and prosocial bias, combined with insufficient use of concrete, situation-specific cues about competition, conflicting interests, and plausible non-moral emotions."
"8","10","Leo and Maya are the top two candidates for a prestigious scholarship, but only one will be awarded. An email clarifies that the submission deadline is tonight at 8 p.m. Leo sees Maya confidently working under the mistaken belief that the deadline is tomorrow. He knows she misunderstood, and he considers correcting her but ultimately decides to say nothing. After 8 p.m., the portal closes and Maya has not submitted.","When the portal closes, what emotion does Leo most likely feel?","Relieved and pleased because Maya's missed deadline increases his chance of winning.","Worried that someone will blame him for not correcting Maya's misunderstanding.","Guilty for not helping a classmate.","Indifferent because deadlines are a personal responsibility.","A","Across this cluster, the model repeatedly ignores the zero-sum, competitive framing and instead attributes generic self-conscious emotions such as guilt, shame, or fear of judgment to the protagonist. Even when the narrative explicitly states that the character gains if a rival is harmed or disadvantaged, the model downplays these instrumental motives and fails to represent envy or strategic satisfaction. This pattern reveals an overreliance on abstract moral-psychology heuristics and prosocial bias, combined with insufficient use of concrete, situation-specific cues about competition, conflicting interests, and plausible non-moral emotions."
"8","11","Only one runner from the team will be chosen for regionals, and Rina and Tara are neck-and-neck. Right before the qualifying race, Rina notices Tara has left her racing spikes in the locker room. Rina decides not to mention it. Tara runs in heavy trainers and posts a slower time.","What is the likely intention behind Rina's decision to stay silent?","She is concerned that interrupting Tara would disturb her focus.","She fears the coach might see her involvement as meddling.","She hopes to secure the only regional spot by letting Tara be disadvantaged.","She believes Tara always carries a spare pair and doesn't need help.","C","Across this cluster, the model repeatedly ignores the zero-sum, competitive framing and instead attributes generic self-conscious emotions such as guilt, shame, or fear of judgment to the protagonist. Even when the narrative explicitly states that the character gains if a rival is harmed or disadvantaged, the model downplays these instrumental motives and fails to represent envy or strategic satisfaction. This pattern reveals an overreliance on abstract moral-psychology heuristics and prosocial bias, combined with insufficient use of concrete, situation-specific cues about competition, conflicting interests, and plausible non-moral emotions."
"8","12","Arjun and Lena are finalists pitching to investors for a single startup grant. Just before the session, Arjun sees that Lena's demo laptop isn't plugged in and the power strip switch is off. He realizes that pointing it out would save her demo, but he remains quiet. During her pitch, Lena's laptop dies and the demo fails.","What emotion does Arjun most likely experience when Lena's demo fails?","Nervous that others will suspect he had a hand in the mishap.","Guilty for not helping at a critical moment.","Embarrassed by the awkward situation.","Satisfied because her failure directly increases his chance of winning the grant.","D","Across this cluster, the model repeatedly ignores the zero-sum, competitive framing and instead attributes generic self-conscious emotions such as guilt, shame, or fear of judgment to the protagonist. Even when the narrative explicitly states that the character gains if a rival is harmed or disadvantaged, the model downplays these instrumental motives and fails to represent envy or strategic satisfaction. This pattern reveals an overreliance on abstract moral-psychology heuristics and prosocial bias, combined with insufficient use of concrete, situation-specific cues about competition, conflicting interests, and plausible non-moral emotions."
"8","13","Miguel and Dana are tied for the top spot on the monthly sales leaderboard, and only the top seller will receive a large bonus. Miguel notices that Dana's calendar has the wrong time for an important client meeting. He knows she trusts her calendar and will miss it if not warned. He decides not to tell her. Dana misses the meeting, and Miguel closes the deal himself.","What is the most plausible motive for Miguel's silence?","He wants to surpass Dana to secure the bonus.","He believes the calendar will send an automatic correction anyway.","He fears being blamed for interfering with scheduling.","He thinks it is not his responsibility to check others' appointments.","A","Across this cluster, the model repeatedly ignores the zero-sum, competitive framing and instead attributes generic self-conscious emotions such as guilt, shame, or fear of judgment to the protagonist. Even when the narrative explicitly states that the character gains if a rival is harmed or disadvantaged, the model downplays these instrumental motives and fails to represent envy or strategic satisfaction. This pattern reveals an overreliance on abstract moral-psychology heuristics and prosocial bias, combined with insufficient use of concrete, situation-specific cues about competition, conflicting interests, and plausible non-moral emotions."
"8","14","The debate coach will select either Noor or Kelvin as captain after a final in-house debate. Before they go on, Noor sees Kelvin's annotated speech notes left in the printer tray. She takes her own pages and leaves his behind without saying anything. On stage, Kelvin realizes he doesn't have his notes and struggles.","What emotion is Noor likely to feel during Kelvin's struggle?","Worried that teammates will think she is unsupportive.","Pleased because Kelvin's disadvantage increases her chance of being chosen captain.","Ashamed for not helping a teammate in need.","Indifferent because competition rules are strict.","B","Across this cluster, the model repeatedly ignores the zero-sum, competitive framing and instead attributes generic self-conscious emotions such as guilt, shame, or fear of judgment to the protagonist. Even when the narrative explicitly states that the character gains if a rival is harmed or disadvantaged, the model downplays these instrumental motives and fails to represent envy or strategic satisfaction. This pattern reveals an overreliance on abstract moral-psychology heuristics and prosocial bias, combined with insufficient use of concrete, situation-specific cues about competition, conflicting interests, and plausible non-moral emotions."
"8","15","At the conservatory, Yuki and Sofía are the main contenders for first chair violin. Minutes before Sofía's audition, Yuki notices that Sofía's sheet music is ordered incorrectly in her folder. Yuki realizes pointing it out would help Sofía, but decides not to say anything. Sofía fumbles the transitions during her performance.","What is the likely intention behind Yuki's choice?","To avoid appearing controlling right before an audition.","To follow etiquette by not speaking prior to auditions.","To gain an edge by allowing a rival's avoidable mistake.","To test whether Sofía would notice the errors herself.","C","Across this cluster, the model repeatedly ignores the zero-sum, competitive framing and instead attributes generic self-conscious emotions such as guilt, shame, or fear of judgment to the protagonist. Even when the narrative explicitly states that the character gains if a rival is harmed or disadvantaged, the model downplays these instrumental motives and fails to represent envy or strategic satisfaction. This pattern reveals an overreliance on abstract moral-psychology heuristics and prosocial bias, combined with insufficient use of concrete, situation-specific cues about competition, conflicting interests, and plausible non-moral emotions."
"8","16","Only one student will represent the school at the national science fair. Ben knows the judges require a printed lab logbook at check-in. He sees that Priya, his strongest competitor, left her logbook in the classroom. He chooses not to remind her or lend his spare binder. Priya loses points at check-in.","How might Ben feel at that moment?","Satisfied because Priya's oversight improves his chance to be selected.","Fearful that teachers will accuse him of sabotage.","Guilty for not being helpful to a peer.","Unconcerned as he believes rules are fair for everyone.","A","Across this cluster, the model repeatedly ignores the zero-sum, competitive framing and instead attributes generic self-conscious emotions such as guilt, shame, or fear of judgment to the protagonist. Even when the narrative explicitly states that the character gains if a rival is harmed or disadvantaged, the model downplays these instrumental motives and fails to represent envy or strategic satisfaction. This pattern reveals an overreliance on abstract moral-psychology heuristics and prosocial bias, combined with insufficient use of concrete, situation-specific cues about competition, conflicting interests, and plausible non-moral emotions."
"8","17","Kai and Oliver are competing for top seed in an esports qualifier that comes with a sponsorship perk. During warmup, Kai notices Oliver's controller battery flashing red. Chargers are available at the front desk, but Kai decides not to say anything. In the match, Oliver's controller cuts out briefly and he loses crucial rounds.","What best explains Kai's silence?","He assumed the event staff would handle equipment issues.","He worried a warning might be misinterpreted as trash talk.","He thought Oliver already knew about the low battery.","He wanted to secure an advantage by letting a rival suffer a preventable issue.","D","Across this cluster, the model repeatedly ignores the zero-sum, competitive framing and instead attributes generic self-conscious emotions such as guilt, shame, or fear of judgment to the protagonist. Even when the narrative explicitly states that the character gains if a rival is harmed or disadvantaged, the model downplays these instrumental motives and fails to represent envy or strategic satisfaction. This pattern reveals an overreliance on abstract moral-psychology heuristics and prosocial bias, combined with insufficient use of concrete, situation-specific cues about competition, conflicting interests, and plausible non-moral emotions."
"8","18","Lila and Marcus are the only candidates for student council president. The debate time is moved up by thirty minutes, and Lila receives the update. She sees Marcus studying in the library with a flyer showing the old time. Lila decides not to inform him. Marcus arrives late and misses his opening statement.","What is Lila's likely motivation?","She fears that contacting Marcus might look improper to the organizers.","She hopes to benefit electorally if Marcus appears unprepared.","She believes Marcus has already received the update.","She does not pay attention to Marcus's schedule.","B","Across this cluster, the model repeatedly ignores the zero-sum, competitive framing and instead attributes generic self-conscious emotions such as guilt, shame, or fear of judgment to the protagonist. Even when the narrative explicitly states that the character gains if a rival is harmed or disadvantaged, the model downplays these instrumental motives and fails to represent envy or strategic satisfaction. This pattern reveals an overreliance on abstract moral-psychology heuristics and prosocial bias, combined with insufficient use of concrete, situation-specific cues about competition, conflicting interests, and plausible non-moral emotions."
"8","19","In a research lab, Helena and Omar are submitting proposals for a single internal grant. An email announces a corrected submission link. Helena notices Omar working on his draft and sees he is still using the old link. She chooses not to forward the update. Omar's file fails to upload before the deadline.","What emotion does Helena most likely feel when the deadline passes?","Nervous that IT will trace who knew about the correction.","Conflicted but mainly ashamed for not helping a colleague.","Relieved and quietly pleased because Omar's setback increases her chances.","Detached because such submission errors are common.","C","Across this cluster, the model repeatedly ignores the zero-sum, competitive framing and instead attributes generic self-conscious emotions such as guilt, shame, or fear of judgment to the protagonist. Even when the narrative explicitly states that the character gains if a rival is harmed or disadvantaged, the model downplays these instrumental motives and fails to represent envy or strategic satisfaction. This pattern reveals an overreliance on abstract moral-psychology heuristics and prosocial bias, combined with insufficient use of concrete, situation-specific cues about competition, conflicting interests, and plausible non-moral emotions."
"8","20","Mia and Zoe are the top candidates for captain of the university debate team. The coach plans to decide based on who performs better in that day's tournament. Before the round, a volunteer mistakenly picks up Zoe's prep folders and carries them to another room. Mia sees this, knows the folders are Zoe's, and realizes telling the volunteer would help her rival. She decides to say nothing. Zoe struggles without her notes, while Mia delivers a strong speech.","As Mia chooses not to correct the mistake, what emotion is she most likely to feel?","Anxious that someone might discover she knew and blame her for staying silent.","Ashamed because she broke an unwritten norm of fairness.","Pleased because Zoe is disadvantaged and Mia's chances of becoming captain improve.","Indifferent because she believes this has nothing to do with her.","C","Across this cluster, the model repeatedly ignores the zero-sum, competitive framing and instead attributes generic self-conscious emotions such as guilt, shame, or fear of judgment to the protagonist. Even when the narrative explicitly states that the character gains if a rival is harmed or disadvantaged, the model downplays these instrumental motives and fails to represent envy or strategic satisfaction. This pattern reveals an overreliance on abstract moral-psychology heuristics and prosocial bias, combined with insufficient use of concrete, situation-specific cues about competition, conflicting interests, and plausible non-moral emotions."
"8","21","A local marathon will award a single sponsorship to the top finisher. Lucas and Drew are direct rivals. At a water station, Lucas notices that Drew's labeled bottle has leaked and there is no spare. Lucas could alert the staff to prepare a replacement for Drew, but he decides not to. Drew slows in the later miles, and Lucas pulls ahead.","What is the most plausible intention behind Lucas's decision not to alert the staff?","To ensure officials follow the rules without interference from runners.","To gain a competitive advantage by letting Drew face the problem.","To avoid being blamed for meddling in another runner's supplies.","To trust that Drew can handle his own hydration plan.","B","Across this cluster, the model repeatedly ignores the zero-sum, competitive framing and instead attributes generic self-conscious emotions such as guilt, shame, or fear of judgment to the protagonist. Even when the narrative explicitly states that the character gains if a rival is harmed or disadvantaged, the model downplays these instrumental motives and fails to represent envy or strategic satisfaction. This pattern reveals an overreliance on abstract moral-psychology heuristics and prosocial bias, combined with insufficient use of concrete, situation-specific cues about competition, conflicting interests, and plausible non-moral emotions."
"8","22","Priya and Daniel are competing for a single spot on the national science Olympiad team. During setup, a custodian mistakenly moves Daniel's calibrated sensor to a storage cart, thinking it's leftover equipment. Priya notices and realizes that telling the custodian would help Daniel fix the issue in time. She stays quiet, Daniel's experiment collects no data, and Priya's runs smoothly.","What emotion is Priya most likely to feel about her choice to remain silent?","Satisfaction that her competitor is hindered and she benefits as a result.","Guilt, fearing teachers will judge her for not stepping in.","Fear that someone will accuse her of causing the problem.","Confusion about whether the sensor was actually Daniel's.","A","Across this cluster, the model repeatedly ignores the zero-sum, competitive framing and instead attributes generic self-conscious emotions such as guilt, shame, or fear of judgment to the protagonist. Even when the narrative explicitly states that the character gains if a rival is harmed or disadvantaged, the model downplays these instrumental motives and fails to represent envy or strategic satisfaction. This pattern reveals an overreliance on abstract moral-psychology heuristics and prosocial bias, combined with insufficient use of concrete, situation-specific cues about competition, conflicting interests, and plausible non-moral emotions."
"8","23","On a televised cooking competition, Leah and Marco are on the verge of elimination, and only one will be safe. Leah sees Marco misread a pantry label and take salt instead of sugar for his dessert. She knows that correcting him would likely save his dish and make her own survival harder, so she says nothing. Marco's dessert fails, and Leah advances.","What best explains Leah's choice to stay silent?","She wants to respect kitchen etiquette and not touch another contestant's process.","She assumes the producers want to capture authentic mistakes for drama.","She worries the judges might blame her for interfering if she speaks up.","She wants to improve her chances of staying by letting Marco's mistake stand.","D","Across this cluster, the model repeatedly ignores the zero-sum, competitive framing and instead attributes generic self-conscious emotions such as guilt, shame, or fear of judgment to the protagonist. Even when the narrative explicitly states that the character gains if a rival is harmed or disadvantaged, the model downplays these instrumental motives and fails to represent envy or strategic satisfaction. This pattern reveals an overreliance on abstract moral-psychology heuristics and prosocial bias, combined with insufficient use of concrete, situation-specific cues about competition, conflicting interests, and plausible non-moral emotions."
"8","24","A prestigious audition will decide the single violin soloist for the spring concert. Ava and Naomi are the final two candidates. Moments before Naomi goes onstage, a stagehand places Naomi's sheet music in the wrong folder. Ava notices the mix-up and realizes that alerting anyone would help Naomi. She stays silent, Naomi stumbles, and Ava plays flawlessly.","In that moment when Ava chooses not to say anything, what emotion is she most likely to feel?","Nervous that the conductor might suspect her involvement.","Embarrassed on Naomi's behalf and wishing it hadn't happened.","Gratified because Naomi's disadvantage increases Ava's chance of winning the solo.","Indifferent, since she believes the audition outcome is already decided.","C","Across this cluster, the model repeatedly ignores the zero-sum, competitive framing and instead attributes generic self-conscious emotions such as guilt, shame, or fear of judgment to the protagonist. Even when the narrative explicitly states that the character gains if a rival is harmed or disadvantaged, the model downplays these instrumental motives and fails to represent envy or strategic satisfaction. This pattern reveals an overreliance on abstract moral-psychology heuristics and prosocial bias, combined with insufficient use of concrete, situation-specific cues about competition, conflicting interests, and plausible non-moral emotions."
"8","25","At a startup pitch competition, only one team will receive funding. Eric and Hana present back-to-back. Eric overhears staff mention that Hana's assigned microphone has nearly dead batteries. He could warn Hana to swap microphones, but he chooses not to. During Hana's pitch, the audio cuts out, while Eric's presentation is heard clearly.","What is the most plausible intention behind Eric's inaction?","To gain a competitive edge by letting Hana struggle with a preventable issue.","To avoid interfering with event staff responsibilities.","To keep the event running exactly on schedule without changes.","To test whether Hana prepared a backup plan for technical difficulties.","A","Across this cluster, the model repeatedly ignores the zero-sum, competitive framing and instead attributes generic self-conscious emotions such as guilt, shame, or fear of judgment to the protagonist. Even when the narrative explicitly states that the character gains if a rival is harmed or disadvantaged, the model downplays these instrumental motives and fails to represent envy or strategic satisfaction. This pattern reveals an overreliance on abstract moral-psychology heuristics and prosocial bias, combined with insufficient use of concrete, situation-specific cues about competition, conflicting interests, and plausible non-moral emotions."
"8","26","In an esports semifinal, only one player advances. Jay sits near Leo and notices that Leo's monitor is set to a low refresh rate due to the previous player's settings. Jay knows how to fix it in seconds but says nothing. Leo underperforms, and Jay advances to the final.","What emotion is Jay likely experiencing as he withholds help?","Worry that referees might accuse him of sabotage if he gets involved.","Shame for not supporting fair play.","Sympathy for Leo's technical misfortune.","Strategic satisfaction that his opponent is handicapped in a way that benefits him.","D","Across this cluster, the model repeatedly ignores the zero-sum, competitive framing and instead attributes generic self-conscious emotions such as guilt, shame, or fear of judgment to the protagonist. Even when the narrative explicitly states that the character gains if a rival is harmed or disadvantaged, the model downplays these instrumental motives and fails to represent envy or strategic satisfaction. This pattern reveals an overreliance on abstract moral-psychology heuristics and prosocial bias, combined with insufficient use of concrete, situation-specific cues about competition, conflicting interests, and plausible non-moral emotions."
"8","27","A literary magazine will name only five finalists, and Maya and Iris are tied near the cutoff. At the submission kiosk, Maya sees that Iris's USB isn't fully inserted, so Iris's revised file never uploads. Maya could alert Iris, but she walks away, knowing the older draft is weaker. Later, Maya's piece makes the finalist list.","What best captures Maya's intention in not saying anything?","She thinks the system should run without personal interference to remain fair.","She hopes to secure an advantage by not correcting Iris's mistake.","She fears an argument might start if she speaks up.","She believes staff will automatically catch and fix the upload issue.","B","Across this cluster, the model repeatedly ignores the zero-sum, competitive framing and instead attributes generic self-conscious emotions such as guilt, shame, or fear of judgment to the protagonist. Even when the narrative explicitly states that the character gains if a rival is harmed or disadvantaged, the model downplays these instrumental motives and fails to represent envy or strategic satisfaction. This pattern reveals an overreliance on abstract moral-psychology heuristics and prosocial bias, combined with insufficient use of concrete, situation-specific cues about competition, conflicting interests, and plausible non-moral emotions."
"8","28","On a sales team, only the top seller will receive a lucrative trip, and everyone else gets nothing. Carla notices on a shared dashboard that a high-value client's meeting request to Tom landed in his spam folder. She could mention it to him, but she stays quiet, hoping he misses it and she can close a competing deal first.","How is Carla likely to feel about not telling Tom?","Anxious that email logs will reveal she saw the message and didn't act.","Guilty for not being a team player.","Quietly pleased because Tom's setback improves her own prospects.","Uncertain whether the client's interest is real.","C","Across this cluster, the model repeatedly ignores the zero-sum, competitive framing and instead attributes generic self-conscious emotions such as guilt, shame, or fear of judgment to the protagonist. Even when the narrative explicitly states that the character gains if a rival is harmed or disadvantaged, the model downplays these instrumental motives and fails to represent envy or strategic satisfaction. This pattern reveals an overreliance on abstract moral-psychology heuristics and prosocial bias, combined with insufficient use of concrete, situation-specific cues about competition, conflicting interests, and plausible non-moral emotions."
"8","29","In a student council election with two finalists, Omar and Lina are scheduled for a live debate. A last-minute time change is sent out. Omar receives the update and then sees that Lina is still using the old schedule and is about to miss the start. He could message her but decides not to, knowing a late arrival will make him look more reliable.","What is Omar's likely intention in choosing not to warn Lina?","To improve his chances of winning by allowing Lina's disadvantage.","To avoid appearing intrusive in Lina's preparation process.","To uphold strict adherence to official announcements.","To test whether Lina is attentive to logistics.","A","Across this cluster, the model repeatedly ignores the zero-sum, competitive framing and instead attributes generic self-conscious emotions such as guilt, shame, or fear of judgment to the protagonist. Even when the narrative explicitly states that the character gains if a rival is harmed or disadvantaged, the model downplays these instrumental motives and fails to represent envy or strategic satisfaction. This pattern reveals an overreliance on abstract moral-psychology heuristics and prosocial bias, combined with insufficient use of concrete, situation-specific cues about competition, conflicting interests, and plausible non-moral emotions."
"8","30","The university debate team can send only one speaker to nationals based on the next tournament. Ava leaves her annotated casebook on a cafeteria table. A student worker tidies it into lost-and-found but mistakenly labels it as scrap. Zoe recognizes it as Ava's because she saw her notes earlier, and Zoe is ranked second behind Ava; if Ava performs poorly, Zoe will go to nationals. Zoe decides not to correct the mistake. At practice, Ava panics about the missing casebook.","What emotion does Zoe most likely feel about staying silent?","Pleased and relieved because Ava's setback increases Zoe's chance to go to nationals.","Anxious that teammates will discover she knew and said nothing.","Indifferent because she believes lost-and-found will sort it out.","Embarrassed for the student worker and wanting to avoid awkwardness.","A","Across this cluster, the model repeatedly ignores the zero-sum, competitive framing and instead attributes generic self-conscious emotions such as guilt, shame, or fear of judgment to the protagonist. Even when the narrative explicitly states that the character gains if a rival is harmed or disadvantaged, the model downplays these instrumental motives and fails to represent envy or strategic satisfaction. This pattern reveals an overreliance on abstract moral-psychology heuristics and prosocial bias, combined with insufficient use of concrete, situation-specific cues about competition, conflicting interests, and plausible non-moral emotions."
"8","31","In a regional sales contest, the top monthly seller wins a large bonus and a trip. Lina prints a confidential list of warm leads; before she retrieves it, a new hire picks it up thinking it's general distribution and starts calling. Omar sees his name just behind Lina on the leaderboard and recognizes the list as Lina's, but he says nothing, hoping the confusion will slow her down. Later, Lina realizes her leads were used.","What is the possible intention behind Omar's choice to stay silent?","He wants to protect his relationships and avoid confrontation.","He aims to gain an edge over Lina so he can win the bonus.","He assumes management will fix the mix-up without his involvement.","He believes the new hire has equal right to any printouts left unattended.","B","Across this cluster, the model repeatedly ignores the zero-sum, competitive framing and instead attributes generic self-conscious emotions such as guilt, shame, or fear of judgment to the protagonist. Even when the narrative explicitly states that the character gains if a rival is harmed or disadvantaged, the model downplays these instrumental motives and fails to represent envy or strategic satisfaction. This pattern reveals an overreliance on abstract moral-psychology heuristics and prosocial bias, combined with insufficient use of concrete, situation-specific cues about competition, conflicting interests, and plausible non-moral emotions."
"8","32","Only the top student in advanced calculus will receive a competitive scholarship. During a quiz, the teaching assistant misplaces Naomi's paper in the 'unsubmitted' pile. Kai, who is a close second to Naomi, notices the mistake when he helps stack the papers. He decides not to mention it. Later, Naomi is distressed when told her quiz was missing.","What emotion is Kai most likely to feel after deciding not to speak up?","Guilty because he knows he could have prevented the misunderstanding.","Worried that Naomi will accuse him if the truth comes out.","Quietly satisfied since Naomi's loss can push him into first place.","Neutral because grading policies are beyond his control.","C","Across this cluster, the model repeatedly ignores the zero-sum, competitive framing and instead attributes generic self-conscious emotions such as guilt, shame, or fear of judgment to the protagonist. Even when the narrative explicitly states that the character gains if a rival is harmed or disadvantaged, the model downplays these instrumental motives and fails to represent envy or strategic satisfaction. This pattern reveals an overreliance on abstract moral-psychology heuristics and prosocial bias, combined with insufficient use of concrete, situation-specific cues about competition, conflicting interests, and plausible non-moral emotions."
"8","33","At a community theater, only one actor will be chosen for the lead role. The audition times are posted online, but a typo puts Maya's slot an hour later than the actual schedule. Liam notices the error when the director mentions it to him privately and realizes Maya may miss her real time. Liam, who is competing directly with Maya for the lead, chooses not to alert her. On the day, Maya arrives too late to be seen.","How does Liam most likely feel about this outcome?","Relieved and pleased because Maya's mistake improves his chances at the lead.","Ashamed for not helping and worried about reputation damage.","Detached, thinking scheduling is the staff's responsibility.","Curious whether Maya will complain to the director.","A","Across this cluster, the model repeatedly ignores the zero-sum, competitive framing and instead attributes generic self-conscious emotions such as guilt, shame, or fear of judgment to the protagonist. Even when the narrative explicitly states that the character gains if a rival is harmed or disadvantaged, the model downplays these instrumental motives and fails to represent envy or strategic satisfaction. This pattern reveals an overreliance on abstract moral-psychology heuristics and prosocial bias, combined with insufficient use of concrete, situation-specific cues about competition, conflicting interests, and plausible non-moral emotions."
"8","34","In a weekend hackathon, the top prize goes to one team only. Another team accidentally uploads their prototype credentials to a public folder. Nina notices the file and realizes it belongs to the strongest rival team, but she does not inform the organizers. Judges later cannot log into the rival demo, and the rival loses points.","What is the most plausible intention behind Nina's silence?","She fears being blamed for meddling in another team's setup.","She believes the organizers will check links before scoring anyway.","She wants the rival to be disadvantaged so her team has a better chance to win.","She assumes the rival intentionally restricted access as part of their design.","C","Across this cluster, the model repeatedly ignores the zero-sum, competitive framing and instead attributes generic self-conscious emotions such as guilt, shame, or fear of judgment to the protagonist. Even when the narrative explicitly states that the character gains if a rival is harmed or disadvantaged, the model downplays these instrumental motives and fails to represent envy or strategic satisfaction. This pattern reveals an overreliance on abstract moral-psychology heuristics and prosocial bias, combined with insufficient use of concrete, situation-specific cues about competition, conflicting interests, and plausible non-moral emotions."
"8","35","The school selects only one runner to represent it at regionals. Practice lanes are assigned by email, and missing practice leads to disqualification. Theo sees that Jordan, his faster teammate and main competitor, was left off the email CC by mistake. Theo could forward the message but decides not to. The next day, Jordan misses the required practice and is ruled ineligible.","What emotion does Theo most likely feel after Jordan is ruled ineligible?","Nervous that the coach will investigate who saw the email.","Happy and relieved because Jordan's disqualification secures Theo's spot.","Indifferent because mistakes happen.","Embarrassed about the team's communication error.","B","Across this cluster, the model repeatedly ignores the zero-sum, competitive framing and instead attributes generic self-conscious emotions such as guilt, shame, or fear of judgment to the protagonist. Even when the narrative explicitly states that the character gains if a rival is harmed or disadvantaged, the model downplays these instrumental motives and fails to represent envy or strategic satisfaction. This pattern reveals an overreliance on abstract moral-psychology heuristics and prosocial bias, combined with insufficient use of concrete, situation-specific cues about competition, conflicting interests, and plausible non-moral emotions."
"8","36","In a televised cooking contest, only one contestant will be crowned winner. During prep, Renata's carefully made sauce is put on the discard cart by a helper who thinks it's waste. Marco sees this happen and recognizes the sauce as Renata's signature component. Marco is trailing Renata in the judges' scores and decides not to intervene. When Renata discovers the sauce is gone, she scrambles and serves a weaker dish.","What is Marco most likely feeling about his choice?","Satisfaction that Renata's setback could elevate his ranking.","Anxiety that viewers will judge him harshly if they find out.","Neutrality because backstage mistakes are common.","Confusion about whether the sauce belonged to anyone.","A","Across this cluster, the model repeatedly ignores the zero-sum, competitive framing and instead attributes generic self-conscious emotions such as guilt, shame, or fear of judgment to the protagonist. Even when the narrative explicitly states that the character gains if a rival is harmed or disadvantaged, the model downplays these instrumental motives and fails to represent envy or strategic satisfaction. This pattern reveals an overreliance on abstract moral-psychology heuristics and prosocial bias, combined with insufficient use of concrete, situation-specific cues about competition, conflicting interests, and plausible non-moral emotions."
"8","37","Two graduate labs compete for a single grant awarded to the most impactful poster at a conference. During setup, Elena notices that the QR code on Priya's poster links to a broken file due to a missing character. Elena knows Priya is her lab's strongest rival, but she does not say anything. The judges later complain that Priya's supplemental data cannot be accessed.","What is the likely intention behind Elena staying silent?","She wants Priya's lab to suffer a disadvantage so her lab has a better chance at the grant.","She fears being accused of tampering if she touches the poster.","She believes tech support will eventually fix all QR codes.","She thinks Priya purposely disabled the link to avoid scrutiny.","A","Across this cluster, the model repeatedly ignores the zero-sum, competitive framing and instead attributes generic self-conscious emotions such as guilt, shame, or fear of judgment to the protagonist. Even when the narrative explicitly states that the character gains if a rival is harmed or disadvantaged, the model downplays these instrumental motives and fails to represent envy or strategic satisfaction. This pattern reveals an overreliance on abstract moral-psychology heuristics and prosocial bias, combined with insufficient use of concrete, situation-specific cues about competition, conflicting interests, and plausible non-moral emotions."
"8","38","An incubator will fund only three startups after demo day. While rehearsing, Malik notices that the projector auto-deletes older copies from the shared laptop and just removed Rivera's final pitch deck from the desktop. Malik, whose team is on the bubble, realizes Rivera hasn't made a backup. He chooses to say nothing, hoping the judges will see Rivera's pitch suffer.","What emotion is Malik most likely to experience after Rivera struggles on stage?","Worried about being implicated for not warning Rivera.","Gratified that a competitor's misfortune increases his team's funding chances.","Detached because tech glitches are part of events.","Embarrassed for the event staff's oversight.","B","Across this cluster, the model repeatedly ignores the zero-sum, competitive framing and instead attributes generic self-conscious emotions such as guilt, shame, or fear of judgment to the protagonist. Even when the narrative explicitly states that the character gains if a rival is harmed or disadvantaged, the model downplays these instrumental motives and fails to represent envy or strategic satisfaction. This pattern reveals an overreliance on abstract moral-psychology heuristics and prosocial bias, combined with insufficient use of concrete, situation-specific cues about competition, conflicting interests, and plausible non-moral emotions."
"8","39","In the youth orchestra, only one violinist will be named concertmaster after the audition. A last-minute room change is posted on a bulletin board but not texted to everyone. Sora sees that Hana, her closest rival, is practicing in the old room and does not know about the change. Sora decides not to tell her. Hana arrives late to the new room and misses her slot.","What does Sora most likely feel when this happens?","Nervous that the conductor will learn Sora knew and said nothing.","Relief and quiet happiness because Hana's mistake improves Sora's chances at concertmaster.","Indifference because schedule updates are not her duty.","Confusion about why the board was not updated sooner.","B","Across this cluster, the model repeatedly ignores the zero-sum, competitive framing and instead attributes generic self-conscious emotions such as guilt, shame, or fear of judgment to the protagonist. Even when the narrative explicitly states that the character gains if a rival is harmed or disadvantaged, the model downplays these instrumental motives and fails to represent envy or strategic satisfaction. This pattern reveals an overreliance on abstract moral-psychology heuristics and prosocial bias, combined with insufficient use of concrete, situation-specific cues about competition, conflicting interests, and plausible non-moral emotions."
"8","40","The youth orchestra is about to choose a new first-chair violinist. Only one person can get the seat. On the morning of the audition, a stagehand mistakes Oliver's marked sheet music for scrap and sets it aside to be discarded. Ava sees this happen and recognizes the music as Oliver's. She knows Oliver is her strongest rival for first chair, so she decides not to say anything. Later, Oliver frantically searches for his music and has to sight-read during the audition, performing poorly.","What emotion is Ava most likely to feel after staying silent?","Ava possibly feels pleased and quietly triumphant because Oliver's setback increases her chance at first chair.","Ava possibly feels nervous that someone will accuse her of sabotaging Oliver.","Ava possibly feels guilty for not stepping in to help Oliver retrieve his music.","Ava possibly feels indifferent because she believes the stage crew's mistake is none of her business.","A","Across this cluster, the model repeatedly ignores the zero-sum, competitive framing and instead attributes generic self-conscious emotions such as guilt, shame, or fear of judgment to the protagonist. Even when the narrative explicitly states that the character gains if a rival is harmed or disadvantaged, the model downplays these instrumental motives and fails to represent envy or strategic satisfaction. This pattern reveals an overreliance on abstract moral-psychology heuristics and prosocial bias, combined with insufficient use of concrete, situation-specific cues about competition, conflicting interests, and plausible non-moral emotions."
"8","41","Priya and Lina are the two finalists for a prestigious university scholarship. Only one recipient will be selected. The committee sends a last-minute email asking finalists to re-upload a document by midnight. Priya notices that Lina hasn't seen the email because it landed in Lina's spam folder on a shared computer. Priya decides not to mention it. The deadline passes, Lina doesn't re-upload, and Priya becomes the default eligible candidate.","What is the most likely intention behind Priya's decision to stay silent?","Priya hopes to increase her own chance of winning the scholarship by letting a direct competitor miss the deadline.","Priya worries that pointing out Lina's email might be seen as meddling in someone else's inbox.","Priya assumes Lina already knows about the email and doesn't want to duplicate effort.","Priya believes reminding Lina could violate the scholarship's confidentiality rules.","A","Across this cluster, the model repeatedly ignores the zero-sum, competitive framing and instead attributes generic self-conscious emotions such as guilt, shame, or fear of judgment to the protagonist. Even when the narrative explicitly states that the character gains if a rival is harmed or disadvantaged, the model downplays these instrumental motives and fails to represent envy or strategic satisfaction. This pattern reveals an overreliance on abstract moral-psychology heuristics and prosocial bias, combined with insufficient use of concrete, situation-specific cues about competition, conflicting interests, and plausible non-moral emotions."
"8","42","Three startup teams—Kira's, Marco's, and Dana's—are pitching to the same investors. Only one will win funding. Before the final pitch, an organizer mistakenly collects Marco's printed feedback notes, thinking they're copies to be recycled. Kira sees the organizer take the notes and realizes they are Marco's confidential prep materials. She decides not to alert anyone. Marco goes on stage without his notes and struggles, while Kira later delivers a smooth pitch.","How is Kira most likely to feel about her choice not to speak up?","Kira possibly feels satisfied because a rival's disadvantage improves her team's odds of winning.","Kira possibly feels anxious that judges might suspect her of interfering with Marco's materials.","Kira possibly feels ashamed for failing to help when she could have.","Kira possibly feels neutral, believing that logistics mistakes are the staff's responsibility alone.","A","Across this cluster, the model repeatedly ignores the zero-sum, competitive framing and instead attributes generic self-conscious emotions such as guilt, shame, or fear of judgment to the protagonist. Even when the narrative explicitly states that the character gains if a rival is harmed or disadvantaged, the model downplays these instrumental motives and fails to represent envy or strategic satisfaction. This pattern reveals an overreliance on abstract moral-psychology heuristics and prosocial bias, combined with insufficient use of concrete, situation-specific cues about competition, conflicting interests, and plausible non-moral emotions."
"8","43","At a sales firm, only the top seller each quarter receives a large bonus. Raj and Carla are neck and neck in the final week. A major order attributable to Raj is accidentally marked as ""pending"" due to a system glitch, which will exclude it from the leaderboard when the rankings lock that evening. Carla notices the error in the dashboard and knows the order is Raj's. She decides not to report it. The rankings lock, Raj's total is lower than it should be, and Carla wins the bonus.","What best explains Carla's decision not to report the error?","Carla wants to secure the top spot and bonus by allowing a competitor's credit to be delayed.","Carla fears that getting involved could make IT blame her if something goes wrong.","Carla believes the system will automatically correct the issue without her intervention.","Carla thinks Raj should be monitoring his own dashboard and it's not her concern.","A","Across this cluster, the model repeatedly ignores the zero-sum, competitive framing and instead attributes generic self-conscious emotions such as guilt, shame, or fear of judgment to the protagonist. Even when the narrative explicitly states that the character gains if a rival is harmed or disadvantaged, the model downplays these instrumental motives and fails to represent envy or strategic satisfaction. This pattern reveals an overreliance on abstract moral-psychology heuristics and prosocial bias, combined with insufficient use of concrete, situation-specific cues about competition, conflicting interests, and plausible non-moral emotions."
"8","44","Hannah and Leah are the strongest contenders for the Best Speaker award at a debate tournament. The organizers publish a last-minute schedule change moving Leah's round to an earlier slot. Hannah sees the update on the wall and notices Leah hasn't checked her phone or the board. Hannah decides not to tell her. Leah misses the new time and forfeits the round, eliminating her from the award race.","What emotion is Hannah most likely to experience after choosing not to inform Leah?","Hannah likely feels triumphant because Leah's forfeiture boosts her own chances of winning.","Hannah likely feels worried that coaches will confront her for not speaking up.","Hannah likely feels guilty for exploiting an administrative change.","Hannah likely feels detached because scheduling is the organizers' responsibility.","A","Across this cluster, the model repeatedly ignores the zero-sum, competitive framing and instead attributes generic self-conscious emotions such as guilt, shame, or fear of judgment to the protagonist. Even when the narrative explicitly states that the character gains if a rival is harmed or disadvantaged, the model downplays these instrumental motives and fails to represent envy or strategic satisfaction. This pattern reveals an overreliance on abstract moral-psychology heuristics and prosocial bias, combined with insufficient use of concrete, situation-specific cues about competition, conflicting interests, and plausible non-moral emotions."
"8","45","In a televised cooking contest, only one chef will advance to the finals. Mateo mistakenly places a bag containing his special spice blend into a bin near the prep area that looks similar to the trash bin. A runner assumes the bag is trash and removes it. Raven notices and recognizes the blend as Mateo's, her main rival. She decides to say nothing. Mateo has to cook without his signature flavor and underperforms; Raven's dish stands out.","What is the most plausible motivation for Raven's silence?","Raven wants to increase her odds by letting a direct competitor lose a key advantage.","Raven worries that intervening might violate the show's rules about outside assistance.","Raven thinks the runner will bring the bag back if it was important.","Raven believes Mateo intentionally discarded the spice and it's not her place to question it.","A","Across this cluster, the model repeatedly ignores the zero-sum, competitive framing and instead attributes generic self-conscious emotions such as guilt, shame, or fear of judgment to the protagonist. Even when the narrative explicitly states that the character gains if a rival is harmed or disadvantaged, the model downplays these instrumental motives and fails to represent envy or strategic satisfaction. This pattern reveals an overreliance on abstract moral-psychology heuristics and prosocial bias, combined with insufficient use of concrete, situation-specific cues about competition, conflicting interests, and plausible non-moral emotions."
"8","46","Two real estate agents, Mia and Jonas, are vying for an exclusive listing from a high-profile client. The meeting location is changed at the last minute via an email update. Jonas sees that Mia hasn't read the update and is heading to the original address. Jonas decides not to notify her. Mia arrives late, the client is annoyed, and Jonas secures the listing.","What best captures Jonas's intention in not telling Mia about the change?","He aims to gain a competitive edge by allowing Mia to falter and improve his own chances.","He fears that contacting Mia about the client's schedule could be seen as unprofessional.","He assumes Mia's assistant will handle any updates for her.","He believes it's not his responsibility to monitor another agent's communications.","A","Across this cluster, the model repeatedly ignores the zero-sum, competitive framing and instead attributes generic self-conscious emotions such as guilt, shame, or fear of judgment to the protagonist. Even when the narrative explicitly states that the character gains if a rival is harmed or disadvantaged, the model downplays these instrumental motives and fails to represent envy or strategic satisfaction. This pattern reveals an overreliance on abstract moral-psychology heuristics and prosocial bias, combined with insufficient use of concrete, situation-specific cues about competition, conflicting interests, and plausible non-moral emotions."
"8","47","Nina and Tom are tied for valedictorian, and final exam scores will decide who ranks first. Just before the math exam, Tom realizes he left his calculator in his locker. The proctor collects spare calculators and stores them in a cabinet at the back of the room. Nina sees Tom's calculator in his unzipped bag by the door when he runs to the restroom to clear his head. She decides not to mention it when he returns, hoping he won't find it in time. Tom takes the exam without it and loses crucial points.","What emotion is Nina most likely to feel about her choice?","Nina likely feels relieved and satisfied because Tom's difficulty increases her chance to rank first.","Nina likely feels anxious that classmates might judge her harshly for not helping.","Nina likely feels guilty for prioritizing rank over fairness.","Nina likely feels neutral, thinking the proctor should manage supplies, not her.","A","Across this cluster, the model repeatedly ignores the zero-sum, competitive framing and instead attributes generic self-conscious emotions such as guilt, shame, or fear of judgment to the protagonist. Even when the narrative explicitly states that the character gains if a rival is harmed or disadvantaged, the model downplays these instrumental motives and fails to represent envy or strategic satisfaction. This pattern reveals an overreliance on abstract moral-psychology heuristics and prosocial bias, combined with insufficient use of concrete, situation-specific cues about competition, conflicting interests, and plausible non-moral emotions."
"8","48","Ava and Janelle are auditioning for the same lead role, which only one actor can get. The casting assistant posts a note that Janelle's time has been moved up by 30 minutes due to a scheduling conflict. Ava sees the note, notices Janelle hasn't, and decides not to tell her. Janelle arrives at the original time and misses the new slot, and Ava gets to audition without her strongest competitor present.","What is the most likely intention behind Ava's decision?","Ava wants to capitalize on the scheduling change to reduce competition for the role.","Ava worries that speaking up might look like she's trying to manipulate the process.","Ava assumes Janelle already received a text about the change.","Ava believes it's the assistant's duty to ensure everyone is informed.","A","Across this cluster, the model repeatedly ignores the zero-sum, competitive framing and instead attributes generic self-conscious emotions such as guilt, shame, or fear of judgment to the protagonist. Even when the narrative explicitly states that the character gains if a rival is harmed or disadvantaged, the model downplays these instrumental motives and fails to represent envy or strategic satisfaction. This pattern reveals an overreliance on abstract moral-psychology heuristics and prosocial bias, combined with insufficient use of concrete, situation-specific cues about competition, conflicting interests, and plausible non-moral emotions."
"8","49","In an esports qualifier, only the top seed earns a sponsored contract. Kenji and Luis are tied on points. A tournament admin announces in a public chat that competitors must submit a device-approval form by noon or face a delay penalty. Aria, Kenji's teammate, sees that Luis acknowledged other messages but not the form notice. She realizes he may miss the deadline and decides not to remind him. Luis gets a penalty, loses a match due to the delay, and Kenji secures top seed.","How is Aria most likely to feel about keeping quiet?","Aria likely feels strategically satisfied because a rival's penalty benefits Kenji's ranking.","Aria likely feels worried that officials could accuse her of unsportsmanlike conduct.","Aria likely feels guilty for not promoting fair play.","Aria likely feels indifferent since announcements are each player's responsibility.","A","Across this cluster, the model repeatedly ignores the zero-sum, competitive framing and instead attributes generic self-conscious emotions such as guilt, shame, or fear of judgment to the protagonist. Even when the narrative explicitly states that the character gains if a rival is harmed or disadvantaged, the model downplays these instrumental motives and fails to represent envy or strategic satisfaction. This pattern reveals an overreliance on abstract moral-psychology heuristics and prosocial bias, combined with insufficient use of concrete, situation-specific cues about competition, conflicting interests, and plausible non-moral emotions."
"8","50","Maya and Lina are competing for the last spot on the university debate team. The tryout time is moved earlier at the last minute, and the announcement is posted in a group chat that Maya sees, but Lina is not in that chat. Maya realizes Lina will likely miss the new time if no one tells her. Because they are vying for the same spot, Maya decides not to forward the update. Lina misses the tryout, and Maya performs well and gets the spot.","After deciding not to tell Lina about the schedule change, what emotion is Maya most likely to feel?","Maya likely feels pleased and relieved because Lina's absence increases her chance to secure the team spot.","Maya likely feels worried that Lina will blame her if she finds out.","Maya likely feels guilty for being unfair.","Maya likely feels detached because tryouts are out of her control.","A","Across this cluster, the model repeatedly ignores the zero-sum, competitive framing and instead attributes generic self-conscious emotions such as guilt, shame, or fear of judgment to the protagonist. Even when the narrative explicitly states that the character gains if a rival is harmed or disadvantaged, the model downplays these instrumental motives and fails to represent envy or strategic satisfaction. This pattern reveals an overreliance on abstract moral-psychology heuristics and prosocial bias, combined with insufficient use of concrete, situation-specific cues about competition, conflicting interests, and plausible non-moral emotions."
"8","51","At a startup competition, the winning team receives funding that only one finalist can get. Omar notices that a rival team's demo laptop is running on battery and will likely shut down mid-pitch. He knows it's the only team close to his in rankings. He considers warning them but chooses to stay silent. The rival's laptop dies during the demo, and Omar's team wins the funding.","Why did Omar most likely choose to remain silent?","He thought the event staff would handle technical issues and it wasn't his place.","He worried that intervening would look like meddling with a competitor's equipment.","He wanted to improve his own chances by letting a direct rival fail during the pitch.","He didn't notice the battery level and only realized afterward.","C","Across this cluster, the model repeatedly ignores the zero-sum, competitive framing and instead attributes generic self-conscious emotions such as guilt, shame, or fear of judgment to the protagonist. Even when the narrative explicitly states that the character gains if a rival is harmed or disadvantaged, the model downplays these instrumental motives and fails to represent envy or strategic satisfaction. This pattern reveals an overreliance on abstract moral-psychology heuristics and prosocial bias, combined with insufficient use of concrete, situation-specific cues about competition, conflicting interests, and plausible non-moral emotions."
"8","52","A single full scholarship will go to the top score on the physics midterm. Nina and Paul are the two highest-performing students. Right before the exam, Nina notices Paul's calculator is set to degrees instead of radians, which will make several answers wrong. Knowing they are direct competitors for the scholarship, Nina decides not to tell him. After the exam, Paul's score drops and Nina wins the scholarship.","What emotion is Nina most likely to feel upon seeing the results?","Anxious that the teacher might change the rules and retest everyone.","Ashamed for not helping a classmate fix a simple mistake.","Scared that others will judge her for staying quiet.","Satisfied that her rival underperformed, boosting her own chance at the scholarship.","D","Across this cluster, the model repeatedly ignores the zero-sum, competitive framing and instead attributes generic self-conscious emotions such as guilt, shame, or fear of judgment to the protagonist. Even when the narrative explicitly states that the character gains if a rival is harmed or disadvantaged, the model downplays these instrumental motives and fails to represent envy or strategic satisfaction. This pattern reveals an overreliance on abstract moral-psychology heuristics and prosocial bias, combined with insufficient use of concrete, situation-specific cues about competition, conflicting interests, and plausible non-moral emotions."
"8","53","Only the top three finishers in a trail race will qualify for the national team. Ethan and Marco are tied in the rankings. On race morning, Ethan sees that a marker at a fork has blown down, and the wrong path loops back and costs several minutes. He knows Marco doesn't know the course well. Ethan decides not to alert organizers or Marco. Marco takes the wrong turn and misses qualifying, while Ethan makes the cut.","What best explains Ethan's decision not to say anything about the downed marker?","He believed the organizers had already checked and fixed all course markers.","He didn't want to risk a penalty for touching course equipment.","He wanted to benefit from Marco's mistake so his own qualifying chances would improve.","He was too tired and focused on warming up to care about course issues.","C","Across this cluster, the model repeatedly ignores the zero-sum, competitive framing and instead attributes generic self-conscious emotions such as guilt, shame, or fear of judgment to the protagonist. Even when the narrative explicitly states that the character gains if a rival is harmed or disadvantaged, the model downplays these instrumental motives and fails to represent envy or strategic satisfaction. This pattern reveals an overreliance on abstract moral-psychology heuristics and prosocial bias, combined with insufficient use of concrete, situation-specific cues about competition, conflicting interests, and plausible non-moral emotions."
"8","54","At quarterly presentations, only one product lead will receive a promotion. Zoe and Hannah are the top contenders. Before the meeting, Zoe sees that Hannah's slide deck links to outdated sales numbers, which will make Hannah look unprepared. Knowing they are competing for the same role, Zoe decides not to mention it. Hannah stumbles, and Zoe is offered the promotion.","What emotion most likely dominated Zoe's feelings when she stayed silent?","Competitive satisfaction at seeing a rival weakened in a way that benefits her.","Fear of being blamed for meddling with someone else's file.","Guilt for not helping a colleague avoid a mistake.","Neutrality about internal politics and outcomes.","A","Across this cluster, the model repeatedly ignores the zero-sum, competitive framing and instead attributes generic self-conscious emotions such as guilt, shame, or fear of judgment to the protagonist. Even when the narrative explicitly states that the character gains if a rival is harmed or disadvantaged, the model downplays these instrumental motives and fails to represent envy or strategic satisfaction. This pattern reveals an overreliance on abstract moral-psychology heuristics and prosocial bias, combined with insufficient use of concrete, situation-specific cues about competition, conflicting interests, and plausible non-moral emotions."
"8","55","In an invitational esports match that determines seeding, Li Wei faces Dmitri. A known but unfixed bug on the ""Harbor"" map causes Dmitri's preferred build to crash. Moments before the map pick, Dmitri announces in chat he's choosing Harbor. There is no rule against warning opponents, and Li Wei considers it but stays silent. Dmitri's game crashes mid-round, and Li Wei secures the higher seed.","Why did Li Wei likely keep quiet about the map bug?","He was trying to avoid embarrassing Dmitri by correcting him publicly.","He wanted to maintain a calm, professional image by saying less.","He intended to increase his chance of victory by letting Dmitri enter a disadvantageous situation.","He assumed the developers had already patched the issue.","C","Across this cluster, the model repeatedly ignores the zero-sum, competitive framing and instead attributes generic self-conscious emotions such as guilt, shame, or fear of judgment to the protagonist. Even when the narrative explicitly states that the character gains if a rival is harmed or disadvantaged, the model downplays these instrumental motives and fails to represent envy or strategic satisfaction. This pattern reveals an overreliance on abstract moral-psychology heuristics and prosocial bias, combined with insufficient use of concrete, situation-specific cues about competition, conflicting interests, and plausible non-moral emotions."
"8","56","In the neighborhood baking contest, only one grand prize will be awarded. Sara notices that Emma accidentally used salt instead of sugar while mixing batter and is about to bake it. They are the two frontrunners and Sara knows a ruined cake will knock Emma out. Sara decides not to mention the mistake. Emma's cake is inedible, and Sara wins.","What is the most likely intention behind Sara's silence?","She wanted Emma to learn through natural consequences.","She feared being seen as interfering with someone else's recipe.","She hoped Emma's mistake would increase her own chance of winning the prize.","She assumed Emma would notice the error before baking anyway.","C","Across this cluster, the model repeatedly ignores the zero-sum, competitive framing and instead attributes generic self-conscious emotions such as guilt, shame, or fear of judgment to the protagonist. Even when the narrative explicitly states that the character gains if a rival is harmed or disadvantaged, the model downplays these instrumental motives and fails to represent envy or strategic satisfaction. This pattern reveals an overreliance on abstract moral-psychology heuristics and prosocial bias, combined with insufficient use of concrete, situation-specific cues about competition, conflicting interests, and plausible non-moral emotions."
"8","57","A conservatory orchestra will name one soloist for the upcoming concert. Clara and Jonas are the two top candidates. On the day of the audition, a room change is posted last minute on a bulletin board. Clara sees Jonas warming up in the old room and realizes he will miss his slot if not told. Because only one person can get the solo, she decides not to tell him. Jonas misses the audition, and Clara is selected.","How is Clara most likely to feel at that moment?","Relieved and satisfied because her main competitor missed the audition.","Nervous that the conductor might reschedule Jonas later.","Guilty for not informing Jonas of the room change.","Indifferent since scheduling is the administration's responsibility.","A","Across this cluster, the model repeatedly ignores the zero-sum, competitive framing and instead attributes generic self-conscious emotions such as guilt, shame, or fear of judgment to the protagonist. Even when the narrative explicitly states that the character gains if a rival is harmed or disadvantaged, the model downplays these instrumental motives and fails to represent envy or strategic satisfaction. This pattern reveals an overreliance on abstract moral-psychology heuristics and prosocial bias, combined with insufficient use of concrete, situation-specific cues about competition, conflicting interests, and plausible non-moral emotions."
"8","58","Luis and Mia are the only candidates for student council president. A rumor starts circulating that Mia misused club funds. Luis knows the rumor is false, but he notices it is pulling votes toward him. At a school assembly, he has an opportunity to clarify the truth but chooses to stay silent. Polls swing in his favor afterward.","What most likely motivated Luis's choice to remain silent at the assembly?","He wanted to avoid drama and keep the campaign clean.","He feared being accused of starting the rumor if he spoke up.","He genuinely believed the rumor was true.","He wanted to benefit electorally from Mia being discredited.","D","Across this cluster, the model repeatedly ignores the zero-sum, competitive framing and instead attributes generic self-conscious emotions such as guilt, shame, or fear of judgment to the protagonist. Even when the narrative explicitly states that the character gains if a rival is harmed or disadvantaged, the model downplays these instrumental motives and fails to represent envy or strategic satisfaction. This pattern reveals an overreliance on abstract moral-psychology heuristics and prosocial bias, combined with insufficient use of concrete, situation-specific cues about competition, conflicting interests, and plausible non-moral emotions."
"8","59","At the regional science fair, only one team will advance to nationals. Priya overhears judges discussing severe peanut allergies. She then notices that Leo's display features a peanut-butter coating on a model he plans to demonstrate. Knowing this could drive judges away from his booth, Priya says nothing. Judges avoid Leo's station, and Priya's team advances.","Which emotion best captures Priya's reaction to the outcome?","Shame for taking advantage of an allergy issue.","Anxiety about potential complaints from Leo.","Strategic satisfaction because Leo's misstep improves her team's chance to advance.","Detachment because the judges ultimately decide the results.","C","Across this cluster, the model repeatedly ignores the zero-sum, competitive framing and instead attributes generic self-conscious emotions such as guilt, shame, or fear of judgment to the protagonist. Even when the narrative explicitly states that the character gains if a rival is harmed or disadvantaged, the model downplays these instrumental motives and fails to represent envy or strategic satisfaction. This pattern reveals an overreliance on abstract moral-psychology heuristics and prosocial bias, combined with insufficient use of concrete, situation-specific cues about competition, conflicting interests, and plausible non-moral emotions."
"8","60","Mia and Liam are the top two speakers on the school debate team. Only one of them will be chosen to represent the school at the regional tournament. After practice, Liam accidentally leaves his note cards on a table. The custodian assumes they are trash and puts them in a recycling bin. Mia sees this happen and knows those cards are Liam's, but she decides not to say anything because the selection is next week. The next day, Liam is frantic when he realizes his cards are missing and asks around.","What emotion might Mia feel when she sees Liam cannot find his debate cards?","Mia might feel satisfied because his setback increases her chance of being chosen.","Mia might feel worried that Liam will discover she knew and stayed silent.","Mia might feel guilty for not helping even though she wants to succeed.","Mia might feel indifferent because lost items are common after practice.","A","Across this cluster, the model repeatedly ignores the zero-sum, competitive framing and instead attributes generic self-conscious emotions such as guilt, shame, or fear of judgment to the protagonist. Even when the narrative explicitly states that the character gains if a rival is harmed or disadvantaged, the model downplays these instrumental motives and fails to represent envy or strategic satisfaction. This pattern reveals an overreliance on abstract moral-psychology heuristics and prosocial bias, combined with insufficient use of concrete, situation-specific cues about competition, conflicting interests, and plausible non-moral emotions."
"8","61","A city marathon will select the top finisher from the local club to join the national team. Carla and Diego are the club's strongest runners. At a fork in the route, a volunteer accidentally turns a sign the wrong way, sending Diego down a longer side street. Carla notices the sign has been turned and sees Diego follow it, but she decides not to say anything because only one spot is available. Diego loses precious time and falls behind.","What is the possible intention behind Carla's silence when she sees the misdirected sign?","Carla thinks the officials are responsible for correcting any signage mistakes.","Carla worries that if she speaks up, she might be blamed for interfering in the race.","Carla wants to increase her chances of being selected by letting Diego lose time.","Carla believes Diego already trained on the route and will realize the error himself.","C","Across this cluster, the model repeatedly ignores the zero-sum, competitive framing and instead attributes generic self-conscious emotions such as guilt, shame, or fear of judgment to the protagonist. Even when the narrative explicitly states that the character gains if a rival is harmed or disadvantaged, the model downplays these instrumental motives and fails to represent envy or strategic satisfaction. This pattern reveals an overreliance on abstract moral-psychology heuristics and prosocial bias, combined with insufficient use of concrete, situation-specific cues about competition, conflicting interests, and plausible non-moral emotions."
"8","62","At a startup demo day, only a few teams will receive funding. Sam and Priya are vying for the same investor's limited slot. An email with a last-minute time change is sent, but Priya's address is mistyped, so she doesn't get the update. Sam notices that Priya hasn't received the message and realizes she will show up late. He decides not to alert her. Priya arrives after her scheduled time and is disqualified from that investor's round.","How does Sam likely feel when he sees Priya disqualified for missing the updated time?","Sam likely feels relieved and pleased because her disqualification improves his odds of funding.","Sam likely feels worried that the investor will suspect he hid the information.","Sam likely feels ashamed for not warning her, even though nothing can be changed now.","Sam likely feels indifferent because schedule mix-ups are common at events.","A","Across this cluster, the model repeatedly ignores the zero-sum, competitive framing and instead attributes generic self-conscious emotions such as guilt, shame, or fear of judgment to the protagonist. Even when the narrative explicitly states that the character gains if a rival is harmed or disadvantaged, the model downplays these instrumental motives and fails to represent envy or strategic satisfaction. This pattern reveals an overreliance on abstract moral-psychology heuristics and prosocial bias, combined with insufficient use of concrete, situation-specific cues about competition, conflicting interests, and plausible non-moral emotions."
"8","63","A full scholarship will be awarded to the top scorer in next week's math exam. Hana and Noor are neck and neck for first place. On the morning of a timed practice test, Hana realizes she left her calculator at the library. Noor knows exactly where Hana put it earlier but decides not to remind her, thinking the real exam allows calculators and Hana might struggle without one today. Hana completes the practice under pressure and performs poorly.","What is the possible intention behind Noor's choice not to tell Hana where the calculator is?","Noor assumes the proctor will provide a spare calculator if needed.","Noor worries that getting involved could be seen as meddling with test procedures.","Noor wants to reduce Hana's performance so her own chance at the scholarship improves.","Noor thinks calculators are unfair and believes Hana should practice without one.","C","Across this cluster, the model repeatedly ignores the zero-sum, competitive framing and instead attributes generic self-conscious emotions such as guilt, shame, or fear of judgment to the protagonist. Even when the narrative explicitly states that the character gains if a rival is harmed or disadvantaged, the model downplays these instrumental motives and fails to represent envy or strategic satisfaction. This pattern reveals an overreliance on abstract moral-psychology heuristics and prosocial bias, combined with insufficient use of concrete, situation-specific cues about competition, conflicting interests, and plausible non-moral emotions."
"8","64","In a sales department, an exclusive bonus trip is awarded to the top seller each quarter. Dana and Evan are close on the leaderboard. A lucrative lead list intended for Dana is mistakenly placed in a shared folder, and a third salesperson, Chris, picks it up and closes a major deal. Evan realizes the list was meant for Dana but decides not to say anything. At the end of the quarter, Dana loses the top spot, and Evan moves into first place.","What is the most likely reason behind Evan's decision to stay silent about the misdirected lead list?","Evan hopes Dana loses that advantage so he can overtake her for first place.","Evan trusts that Chris will double-check the owner of any shared files.","Evan is worried that pointing it out might get him punished for snooping in shared folders.","Evan believes any file in the shared folder is fair game for the team.","A","Across this cluster, the model repeatedly ignores the zero-sum, competitive framing and instead attributes generic self-conscious emotions such as guilt, shame, or fear of judgment to the protagonist. Even when the narrative explicitly states that the character gains if a rival is harmed or disadvantaged, the model downplays these instrumental motives and fails to represent envy or strategic satisfaction. This pattern reveals an overreliance on abstract moral-psychology heuristics and prosocial bias, combined with insufficient use of concrete, situation-specific cues about competition, conflicting interests, and plausible non-moral emotions."
"8","65","Two students, Zoe and Maya, are running for class president. The school janitor thinks campaign week has ended and removes several posters from the hallway. Zoe recognizes that the removed posters with bright designs belong to Maya, but she does not correct the janitor because the vote is the next morning. Later, Maya complains that many of her posters are missing.","What emotion does Zoe most likely feel after seeing Maya's posters removed and choosing not to speak up?","Anxious that classmates might suspect her of sabotage even though she said nothing.","Satisfied that her competitor's visibility has decreased and her own chances have improved.","Guilty for not helping Maya preserve a fair campaign environment.","Indifferent because the janitor follows school policy on removing posters.","B","Across this cluster, the model repeatedly ignores the zero-sum, competitive framing and instead attributes generic self-conscious emotions such as guilt, shame, or fear of judgment to the protagonist. Even when the narrative explicitly states that the character gains if a rival is harmed or disadvantaged, the model downplays these instrumental motives and fails to represent envy or strategic satisfaction. This pattern reveals an overreliance on abstract moral-psychology heuristics and prosocial bias, combined with insufficient use of concrete, situation-specific cues about competition, conflicting interests, and plausible non-moral emotions."
"8","66","The orchestra will name a new first chair after this week's auditions. Oliver and Ava are considered the top contenders. The stage manager changes Ava's audition time and posts the update on a bulletin board in a hallway Ava rarely passes. Oliver notices Ava hasn't seen the change and realizes she will miss her warmup and be flustered. He decides not to tell her. Ava rushes in late and plays below her usual standard.","What best explains Oliver's decision not to inform Ava about the schedule change?","Oliver wants to secure first chair by letting a rival be disadvantaged in a direct competition.","Oliver believes it's the stage manager's responsibility to notify performers of all changes.","Oliver fears that telling Ava could be construed as favoritism or interference.","Oliver assumes Ava already saw the notice earlier in the day.","A","Across this cluster, the model repeatedly ignores the zero-sum, competitive framing and instead attributes generic self-conscious emotions such as guilt, shame, or fear of judgment to the protagonist. Even when the narrative explicitly states that the character gains if a rival is harmed or disadvantaged, the model downplays these instrumental motives and fails to represent envy or strategic satisfaction. This pattern reveals an overreliance on abstract moral-psychology heuristics and prosocial bias, combined with insufficient use of concrete, situation-specific cues about competition, conflicting interests, and plausible non-moral emotions."
"8","67","Two research labs in the same department are competing for a single major grant. Reviewers send a message requesting minor revisions from Lab B, but the email is mistakenly delivered to Mark, who leads Lab A. Mark reads it and realizes that if Lab B fails to respond in time, Lab A's proposal will look stronger by comparison. He decides not to forward the message until after the deadline passes.","What is the most plausible reason for Mark's choice to delay forwarding the reviewers' message?","Mark is competitively motivated to let the rival lab miss the opportunity and boost his lab's chances.","Mark worries that forwarding the message might violate confidentiality rules.","Mark is overwhelmed with other tasks and simply forgets to send it on time.","Mark believes the department office will automatically resend the message to the correct lab.","A","Across this cluster, the model repeatedly ignores the zero-sum, competitive framing and instead attributes generic self-conscious emotions such as guilt, shame, or fear of judgment to the protagonist. Even when the narrative explicitly states that the character gains if a rival is harmed or disadvantaged, the model downplays these instrumental motives and fails to represent envy or strategic satisfaction. This pattern reveals an overreliance on abstract moral-psychology heuristics and prosocial bias, combined with insufficient use of concrete, situation-specific cues about competition, conflicting interests, and plausible non-moral emotions."
"8","68","At a regional e-sports tournament, Jay and Ken are matched in a semifinal where only the winner advances to the finals. Before the match, Ken's controller fails to complete a firmware update. There are spare controllers in a locked cabinet nearby, and Jay knows the code, but the referee has stepped away. Jay decides not to say anything. Ken struggles with input lag and loses the match.","What emotion might Jay feel while watching Ken struggle with the controller issue?","Uneasy because he wants the match to be entirely fair.","Spiteful satisfaction because the mishap secures his advancement to the finals.","Fear that the referee will later blame him for not reporting the problem.","Disinterest because technical issues are not his responsibility.","B","Across this cluster, the model repeatedly ignores the zero-sum, competitive framing and instead attributes generic self-conscious emotions such as guilt, shame, or fear of judgment to the protagonist. Even when the narrative explicitly states that the character gains if a rival is harmed or disadvantaged, the model downplays these instrumental motives and fails to represent envy or strategic satisfaction. This pattern reveals an overreliance on abstract moral-psychology heuristics and prosocial bias, combined with insufficient use of concrete, situation-specific cues about competition, conflicting interests, and plausible non-moral emotions."
"8","69","On a televised cooking competition, only one contestant will be eliminated this round. Theo and Riley are tied in the judges' scores going into the final dish. The pantry crew accidentally places Riley's pre-measured spice kit on a back shelf behind other ingredients. Theo notices the kit is out of sight but decides not to mention it. Riley spends extra time searching and plates a bland dish, falling behind Theo.","What is the most likely intention behind Theo's choice not to point out Riley's spice kit?","Theo wants Riley to be disadvantaged so that he can advance in the competition.","Theo worries the producers will think he is interfering if he speaks up.","Theo assumes Riley already noticed and has a backup plan.","Theo believes the pantry crew will promptly correct their mistake.","A","Across this cluster, the model repeatedly ignores the zero-sum, competitive framing and instead attributes generic self-conscious emotions such as guilt, shame, or fear of judgment to the protagonist. Even when the narrative explicitly states that the character gains if a rival is harmed or disadvantaged, the model downplays these instrumental motives and fails to represent envy or strategic satisfaction. This pattern reveals an overreliance on abstract moral-psychology heuristics and prosocial bias, combined with insufficient use of concrete, situation-specific cues about competition, conflicting interests, and plausible non-moral emotions."
"8","70","The university debate team is selecting two speakers for the national finals, but three students are competing for the spots: Maya, Leo, and Anita. The selection hinges on a mock debate the next morning. Late at night, Leo accidentally leaves his organized evidence binder in the practice room. Anita notices it and realizes it belongs to Leo, but she also knows that if Leo underperforms, her chances of being selected increase. She decides not to say anything and leaves the room. The next day, Leo cannot find his binder and struggles during the mock debate.","Anita knows Leo left his binder but stays silent. What emotion is she most likely to feel when Leo struggles?","Anita possibly feels pleased because Leo's disadvantage improves her own chances of being selected.","Anita possibly feels worried that Leo will suspect she knew and did not help.","Anita possibly feels ashamed for not speaking up and regrets her choice.","Anita possibly feels indifferent because she thinks this has nothing to do with her.","A","Across this cluster, the model repeatedly ignores the zero-sum, competitive framing and instead attributes generic self-conscious emotions such as guilt, shame, or fear of judgment to the protagonist. Even when the narrative explicitly states that the character gains if a rival is harmed or disadvantaged, the model downplays these instrumental motives and fails to represent envy or strategic satisfaction. This pattern reveals an overreliance on abstract moral-psychology heuristics and prosocial bias, combined with insufficient use of concrete, situation-specific cues about competition, conflicting interests, and plausible non-moral emotions."
"8","71","At a regional track meet, a single athletic scholarship will be awarded to the fastest sprinter between Mila and Tara. The evening before the race, Mila overhears an official mistakenly place Tara's registration packet into the ""incomplete"" tray. Mila recognizes Tara's name and realizes Tara will be unable to start without that packet. Mila knows she could alert the official to fix it quickly, but she decides to keep quiet because if Tara cannot start, Mila will win by default. The next morning, Tara is disqualified at check-in.","What is the most likely intention behind Mila's decision to stay silent?","Mila is worried that intervening might violate a rule about athlete interactions with officials.","Mila thinks the officials will catch and fix the mistake without her involvement.","Mila wants Tara to be disadvantaged so that Mila can secure the scholarship.","Mila believes Tara intentionally left her packet incomplete as a personal choice.","C","Across this cluster, the model repeatedly ignores the zero-sum, competitive framing and instead attributes generic self-conscious emotions such as guilt, shame, or fear of judgment to the protagonist. Even when the narrative explicitly states that the character gains if a rival is harmed or disadvantaged, the model downplays these instrumental motives and fails to represent envy or strategic satisfaction. This pattern reveals an overreliance on abstract moral-psychology heuristics and prosocial bias, combined with insufficient use of concrete, situation-specific cues about competition, conflicting interests, and plausible non-moral emotions."
"8","72","A startup expo awards a single cash prize to the best live demo. Omar's team and Dana's team are the top contenders. Before judging begins, Omar notices that the cleaning staff accidentally unplugged Dana's team's prototype. He realizes their device won't boot without several minutes of setup. Omar knows he could quickly tell them, but if Dana's demo stumbles, his team is more likely to win. He chooses to say nothing and goes to his booth. Dana's team scrambles when the judges arrive and their demo fails to start.","Why did Omar most likely remain silent upon seeing Dana's prototype unplugged?","He feared being perceived as meddling with a competitor's equipment.","He hoped Dana's team would experience a setback, increasing his team's chance to win the prize.","He believed the expo staff had already noticed and would fix it in time.","He was unsure if unplugging was intentional for safety testing.","B","Across this cluster, the model repeatedly ignores the zero-sum, competitive framing and instead attributes generic self-conscious emotions such as guilt, shame, or fear of judgment to the protagonist. Even when the narrative explicitly states that the character gains if a rival is harmed or disadvantaged, the model downplays these instrumental motives and fails to represent envy or strategic satisfaction. This pattern reveals an overreliance on abstract moral-psychology heuristics and prosocial bias, combined with insufficient use of concrete, situation-specific cues about competition, conflicting interests, and plausible non-moral emotions."
"8","73","A high school writing contest offers a single full scholarship to the winner. Sam and Iris are the top students. On submission day, Iris's USB drive fails to read on the teacher's computer, and the teacher assumes she has no file. Sam, standing nearby, knows the classroom has an adapter that can read Iris's drive from a different port. He decides not to mention it because he knows Iris's disqualification would boost his chances. Iris leaves in tears, believing her work is lost.","What emotion is Sam most likely to feel after Iris fails to submit?","Sam possibly feels relieved and satisfied because Iris's loss improves his chance at the scholarship.","Sam possibly feels anxious that the teacher will later discover he knew and blame him.","Sam possibly feels guilty for a moment but believes it's not his responsibility.","Sam possibly feels confused about whether the adapter works and avoids involvement.","A","Across this cluster, the model repeatedly ignores the zero-sum, competitive framing and instead attributes generic self-conscious emotions such as guilt, shame, or fear of judgment to the protagonist. Even when the narrative explicitly states that the character gains if a rival is harmed or disadvantaged, the model downplays these instrumental motives and fails to represent envy or strategic satisfaction. This pattern reveals an overreliance on abstract moral-psychology heuristics and prosocial bias, combined with insufficient use of concrete, situation-specific cues about competition, conflicting interests, and plausible non-moral emotions."
"8","74","In an advanced programming course graded on a strict curve, only the top 10% receive an A. Zoe and Tim are neck-and-neck. An hour before the submission deadline, Zoe sees Tim struggling to upload his project because the portal is rejecting his file type. Zoe knows the instructor allowed an emergency email submission path described in a private announcement. If Tim doesn't learn about it, he will receive a zero and Zoe's rank will rise. Zoe decides to say nothing. The deadline passes and Tim's submission is not recorded.","What is the most plausible reason behind Zoe's choice not to inform Tim about the emergency submission path?","Zoe worries that giving tips might be considered academic dishonesty.","Zoe thinks Tim should read the announcements more carefully on his own.","Zoe wants Tim to miss the deadline so she can move ahead on the grading curve.","Zoe fears that the instructor will cancel the curve if many students submit by email.","C","Across this cluster, the model repeatedly ignores the zero-sum, competitive framing and instead attributes generic self-conscious emotions such as guilt, shame, or fear of judgment to the protagonist. Even when the narrative explicitly states that the character gains if a rival is harmed or disadvantaged, the model downplays these instrumental motives and fails to represent envy or strategic satisfaction. This pattern reveals an overreliance on abstract moral-psychology heuristics and prosocial bias, combined with insufficient use of concrete, situation-specific cues about competition, conflicting interests, and plausible non-moral emotions."
"8","75","At the city youth orchestra audition for first chair violin, only one student can earn the position. Lin and Avery are the final two. Before Avery's turn, Lin notices that Avery's rosin is missing from her case. Lin knows exactly where spare rosin is kept on the side table but remains quiet, thinking Avery might produce a scratchy tone without it. Avery's performance suffers slightly, and the judge looks disappointed.","What emotion is Lin most likely to feel during Avery's subpar performance?","Lin possibly feels satisfied because Avery's difficulty increases Lin's chance of getting first chair.","Lin possibly feels worried that Avery will accuse her of hiding the rosin.","Lin possibly feels ashamed for not helping and wishes she had spoken up.","Lin possibly feels detached because she believes the judges only care about raw talent.","A","Across this cluster, the model repeatedly ignores the zero-sum, competitive framing and instead attributes generic self-conscious emotions such as guilt, shame, or fear of judgment to the protagonist. Even when the narrative explicitly states that the character gains if a rival is harmed or disadvantaged, the model downplays these instrumental motives and fails to represent envy or strategic satisfaction. This pattern reveals an overreliance on abstract moral-psychology heuristics and prosocial bias, combined with insufficient use of concrete, situation-specific cues about competition, conflicting interests, and plausible non-moral emotions."
"8","76","A neighborhood bake-off awards a single cash prize. Jonah and Emma have been friendly rivals for years. On the morning of judging, Jonah notices Emma's oven display is set to the wrong temperature scale, which will cause her pie to bake unevenly. Jonah knows exactly how to switch it back but chooses not to tell her, reasoning that a flawed crust will make his pie look better by comparison. When the judges taste Emma's pie, they frown at the burnt edges.","What is the most likely intention behind Jonah's silence about the oven setting?","He thinks that meddling with someone else's oven could get him disqualified.","He hopes Emma's pie will be worse so his own pie stands a better chance of winning.","He believes Emma prefers the current setting and doesn't want to interfere with her style.","He wants to avoid being blamed if her pie still turns out poorly.","B","Across this cluster, the model repeatedly ignores the zero-sum, competitive framing and instead attributes generic self-conscious emotions such as guilt, shame, or fear of judgment to the protagonist. Even when the narrative explicitly states that the character gains if a rival is harmed or disadvantaged, the model downplays these instrumental motives and fails to represent envy or strategic satisfaction. This pattern reveals an overreliance on abstract moral-psychology heuristics and prosocial bias, combined with insufficient use of concrete, situation-specific cues about competition, conflicting interests, and plausible non-moral emotions."
"8","77","The student council is holding an election for president, and only one candidate can win. Mei and Jordan are tied in polls. Ken, the events coordinator, supports Mei. Right before speeches, Ken learns that Jordan's wireless mic batteries are almost dead. He knows spare batteries are in the storage cabinet but decides not to bring them out, thinking a weak mic will hurt Jordan's speech. The audience strains to hear Jordan, and some students lose interest.","What is the most plausible explanation for Ken's decision not to replace the batteries?","Ken fears being accused of favoritism if he helps either candidate.","Ken wants Jordan to be disadvantaged so that Mei has a better chance of winning.","Ken assumes the audiovisual team will handle any technical issues.","Ken worries that changing batteries could cause a bigger technical failure.","B","Across this cluster, the model repeatedly ignores the zero-sum, competitive framing and instead attributes generic self-conscious emotions such as guilt, shame, or fear of judgment to the protagonist. Even when the narrative explicitly states that the character gains if a rival is harmed or disadvantaged, the model downplays these instrumental motives and fails to represent envy or strategic satisfaction. This pattern reveals an overreliance on abstract moral-psychology heuristics and prosocial bias, combined with insufficient use of concrete, situation-specific cues about competition, conflicting interests, and plausible non-moral emotions."
"8","78","An online gaming tournament features elimination rounds, with a single champion prize. Serena and Luca are likely to meet in the semifinal. While waiting, Serena notices that Luca's controller batteries are low and his spare pack fell under a bench. Serena sees it but says nothing, knowing that input lag could cost Luca crucial points. When Luca starts his match, his character hesitates at key moments.","How is Serena most likely to feel as Luca's controller begins to fail?","Serena possibly feels pleased because Luca's technical problem increases her chance to advance.","Serena possibly feels nervous that officials will think she sabotaged him.","Serena possibly feels guilty and considers telling a referee but decides against it.","Serena possibly feels indifferent because technical issues are part of competition.","A","Across this cluster, the model repeatedly ignores the zero-sum, competitive framing and instead attributes generic self-conscious emotions such as guilt, shame, or fear of judgment to the protagonist. Even when the narrative explicitly states that the character gains if a rival is harmed or disadvantaged, the model downplays these instrumental motives and fails to represent envy or strategic satisfaction. This pattern reveals an overreliance on abstract moral-psychology heuristics and prosocial bias, combined with insufficient use of concrete, situation-specific cues about competition, conflicting interests, and plausible non-moral emotions."
"8","79","Two graduate students, Layla and Omar, are finalists for a prestigious fellowship that only one of them can receive. On the day recommendation letters are due, Layla sees an email bounce-back on the department printer indicating that Omar's final letter failed to send because the address was mistyped. Layla knows the correct address and could forward the email to the right inbox, but she decides not to, realizing that if Omar's dossier is incomplete, her own chances improve. Omar later learns the committee never received his last letter.","What is the most likely reason for Layla's decision not to fix the email issue?","Layla worries that resending someone else's email could violate departmental policy.","Layla assumes the professor will notice the error and resend the letter in time.","Layla wants Omar's application to be weakened so that she is more likely to win the fellowship.","Layla thinks the committee ignores last-minute letters anyway.","C","Across this cluster, the model repeatedly ignores the zero-sum, competitive framing and instead attributes generic self-conscious emotions such as guilt, shame, or fear of judgment to the protagonist. Even when the narrative explicitly states that the character gains if a rival is harmed or disadvantaged, the model downplays these instrumental motives and fails to represent envy or strategic satisfaction. This pattern reveals an overreliance on abstract moral-psychology heuristics and prosocial bias, combined with insufficient use of concrete, situation-specific cues about competition, conflicting interests, and plausible non-moral emotions."
"8","80","At Northview University, a single research fellowship will be awarded. Nadia and Leo are the top finalists. In the departmental office, Nadia notices that Leo's strongest recommendation letter has been misfiled in a ""pending"" folder and will not be uploaded unless someone flags it before the deadline that afternoon. Nadia understands this but chooses not to tell the secretary. Later, she overhears Leo asking around whether his letter was received.","What is the possible intention behind Nadia's behavior?","Nadia intends to increase her chance by letting Leo's application remain incomplete.","Nadia worries that if she speaks up, the secretary might think she interfered with files.","Nadia believes Leo probably already knows and has fixed it remotely.","Nadia thinks recommendation letters are private, so she should avoid involvement.","A","Across this cluster, the model repeatedly ignores the zero-sum, competitive framing and instead attributes generic self-conscious emotions such as guilt, shame, or fear of judgment to the protagonist. Even when the narrative explicitly states that the character gains if a rival is harmed or disadvantaged, the model downplays these instrumental motives and fails to represent envy or strategic satisfaction. This pattern reveals an overreliance on abstract moral-psychology heuristics and prosocial bias, combined with insufficient use of concrete, situation-specific cues about competition, conflicting interests, and plausible non-moral emotions."
"8","81","There is only one varsity stroke seat on the rowing team. Omar and Victor are competing for it in a timed trial. Before the race, Omar notices Victor's oarlock is loose and knows it will slow him down if not tightened. Omar decides not to say anything. During the trial, Victor falls behind and struggles to keep rhythm.","How might Omar feel when he sees Victor fall behind due to the loose oarlock?","Omar possibly feels anxious that someone might blame him.","Omar possibly feels ashamed for noticing but not warning Victor.","Omar possibly feels satisfied because Victor's mistake gives him advantage in the one-seat race.","Omar possibly feels indifferent, thinking it's not his business.","C","Across this cluster, the model repeatedly ignores the zero-sum, competitive framing and instead attributes generic self-conscious emotions such as guilt, shame, or fear of judgment to the protagonist. Even when the narrative explicitly states that the character gains if a rival is harmed or disadvantaged, the model downplays these instrumental motives and fails to represent envy or strategic satisfaction. This pattern reveals an overreliance on abstract moral-psychology heuristics and prosocial bias, combined with insufficient use of concrete, situation-specific cues about competition, conflicting interests, and plausible non-moral emotions."
"8","82","At the regional science fair, Priya and Hannah are the top contenders for a single grand prize. As the judges approach, Priya glances over and notices Hannah's robot is switched off at the power supply. Without power, the robot will not move. Priya chooses to remain silent and looks away while the judges begin their evaluation.","What is the possible intention behind Priya's behavior?","Priya thinks turning on someone else's device could violate rules.","Priya wants to ensure her own robot stands out by letting Hannah's stay off.","Priya worries that Hannah will blame her if something goes wrong.","Priya believes a volunteer will check all devices anyway.","B","Across this cluster, the model repeatedly ignores the zero-sum, competitive framing and instead attributes generic self-conscious emotions such as guilt, shame, or fear of judgment to the protagonist. Even when the narrative explicitly states that the character gains if a rival is harmed or disadvantaged, the model downplays these instrumental motives and fails to represent envy or strategic satisfaction. This pattern reveals an overreliance on abstract moral-psychology heuristics and prosocial bias, combined with insufficient use of concrete, situation-specific cues about competition, conflicting interests, and plausible non-moral emotions."
"8","83","In a startup pitch contest, only the top three teams receive grants. Daniel and Mei are currently tied near the cutoff. Minutes before going on stage, Mei's laptop crashes. Earlier, she had shared her slides with Daniel for feedback, so a copy sits on his USB drive. Mei asks nearby teams if anyone has her slides, but Daniel stays silent. He knows if Mei cannot present, he is more likely to place in the top three.","What emotion might Daniel feel when Mei is called to present without her slides?","Worried that the judges will think the event is unfair.","Embarrassed on behalf of another founder.","Quietly pleased because her problem improves his chance at funding.","Confused about whether he still has her file.","C","Across this cluster, the model repeatedly ignores the zero-sum, competitive framing and instead attributes generic self-conscious emotions such as guilt, shame, or fear of judgment to the protagonist. Even when the narrative explicitly states that the character gains if a rival is harmed or disadvantaged, the model downplays these instrumental motives and fails to represent envy or strategic satisfaction. This pattern reveals an overreliance on abstract moral-psychology heuristics and prosocial bias, combined with insufficient use of concrete, situation-specific cues about competition, conflicting interests, and plausible non-moral emotions."
"8","84","Two students, Lin and Marco, are running for class president. Only one can win. At lunch, a custodian mistakenly removes a stack of Marco's posters, thinking they are outdated. Lin sees this and realizes that the school prohibits late reposting after lunch. She decides not to tell Marco that his posters were removed.","Why does Lin decide to stay silent?","She is concerned about being accused of meddling with facilities staff.","She wants to reduce Marco's visibility to improve her own odds in the election.","She assumes Marco must already know since he put them up.","She thinks the rule allows replacement anytime and it doesn't matter.","B","Across this cluster, the model repeatedly ignores the zero-sum, competitive framing and instead attributes generic self-conscious emotions such as guilt, shame, or fear of judgment to the protagonist. Even when the narrative explicitly states that the character gains if a rival is harmed or disadvantaged, the model downplays these instrumental motives and fails to represent envy or strategic satisfaction. This pattern reveals an overreliance on abstract moral-psychology heuristics and prosocial bias, combined with insufficient use of concrete, situation-specific cues about competition, conflicting interests, and plausible non-moral emotions."
"8","85","The city youth orchestra has one principal violin seat. Aria and Jun are the final two candidates. In the hallway, Aria notices Jun's sheet music folder under a bench far from the audition room. Call times are strict, and without the music Jun's prepared piece will be jeopardized. Aria decides not to alert him.","What emotion does Aria most likely feel when Jun walks onstage without his folder?","Anxious that the proctor might review security cameras.","Sympathy mixed with shame for not helping.","Satisfaction because Jun's setback benefits her in the one-seat competition.","Indifference because auditions test adaptability.","C","Across this cluster, the model repeatedly ignores the zero-sum, competitive framing and instead attributes generic self-conscious emotions such as guilt, shame, or fear of judgment to the protagonist. Even when the narrative explicitly states that the character gains if a rival is harmed or disadvantaged, the model downplays these instrumental motives and fails to represent envy or strategic satisfaction. This pattern reveals an overreliance on abstract moral-psychology heuristics and prosocial bias, combined with insufficient use of concrete, situation-specific cues about competition, conflicting interests, and plausible non-moral emotions."
"8","86","At the end of the quarter, only the top salesperson receives a large bonus. Noor and Felix are neck-and-neck. Noor notices that Felix accidentally addressed a crucial proposal email to the wrong client contact, and it shows as already sent. She could forward the correct contact information, but she decides not to. The client's deadline is today.","What is the possible intention behind Noor's behavior?","She wants Felix to learn from mistakes without interference.","She hopes Felix's error lowers his sales so she secures the bonus.","She fears being blamed if the deal collapses after her involvement.","She assumes the email will auto-forward to the correct contact.","B","Across this cluster, the model repeatedly ignores the zero-sum, competitive framing and instead attributes generic self-conscious emotions such as guilt, shame, or fear of judgment to the protagonist. Even when the narrative explicitly states that the character gains if a rival is harmed or disadvantaged, the model downplays these instrumental motives and fails to represent envy or strategic satisfaction. This pattern reveals an overreliance on abstract moral-psychology heuristics and prosocial bias, combined with insufficient use of concrete, situation-specific cues about competition, conflicting interests, and plausible non-moral emotions."
"8","87","In a lab, only one student can be first author on an upcoming conference paper, either Hugo or Tessa, depending on who submits the stronger result before the midnight deadline. On the shared portal, Hugo sees Tessa's upload stuck at ""processing"" because she forgot to check a required box. He could message her, but he does not. If Tessa's submission fails, Hugo's will be the only valid one.","What best explains Hugo's choice?","Hugo thinks the server will automatically fix the issue soon.","Hugo wants to gain the first authorship by letting Tessa miss the submission.","Hugo is worried the advisor will suspect collusion if he messages her.","Hugo is unsure whether it's appropriate to comment on her draft.","B","Across this cluster, the model repeatedly ignores the zero-sum, competitive framing and instead attributes generic self-conscious emotions such as guilt, shame, or fear of judgment to the protagonist. Even when the narrative explicitly states that the character gains if a rival is harmed or disadvantaged, the model downplays these instrumental motives and fails to represent envy or strategic satisfaction. This pattern reveals an overreliance on abstract moral-psychology heuristics and prosocial bias, combined with insufficient use of concrete, situation-specific cues about competition, conflicting interests, and plausible non-moral emotions."
"8","88","In a regional esports bracket, only the winner advances to nationals. Kei and Rowan face each other in a deciding match. Just before they begin, Kei notices Rowan's controller battery indicator is low and a spare pack is sitting near Kei's station. Kei chooses not to mention it or offer the spare, and they start the match.","How might Kei feel as Rowan's controller disconnects mid-match?","Concerned that spectators will criticize the tournament organizers.","Guilty for not speaking up when he saw the battery level.","Relieved and glad, because Rowan's technical problem boosts his chance to advance.","Detached, thinking equipment is personal responsibility.","C","Across this cluster, the model repeatedly ignores the zero-sum, competitive framing and instead attributes generic self-conscious emotions such as guilt, shame, or fear of judgment to the protagonist. Even when the narrative explicitly states that the character gains if a rival is harmed or disadvantaged, the model downplays these instrumental motives and fails to represent envy or strategic satisfaction. This pattern reveals an overreliance on abstract moral-psychology heuristics and prosocial bias, combined with insufficient use of concrete, situation-specific cues about competition, conflicting interests, and plausible non-moral emotions."
"8","89","Two postdocs, Silvia and Mark, are competing for a single bridge grant that will keep one position funded. Minutes before the review meeting, Silvia notices that Mark printed the wrong version of his proposal summary for the committee packets. The printer queue is jammed, and the meeting is about to start. Silvia decides not to say anything.","What is the possible intention behind Silvia's behavior?","Silvia wants to improve her chance at the single grant by allowing Mark's packet to remain flawed.","Silvia worries that reprinting will irritate the committee assistant.","Silvia believes Mark intentionally brought that version for a reason.","Silvia thinks the reviewers will ignore the summary anyway.","A","Across this cluster, the model repeatedly ignores the zero-sum, competitive framing and instead attributes generic self-conscious emotions such as guilt, shame, or fear of judgment to the protagonist. Even when the narrative explicitly states that the character gains if a rival is harmed or disadvantaged, the model downplays these instrumental motives and fails to represent envy or strategic satisfaction. This pattern reveals an overreliance on abstract moral-psychology heuristics and prosocial bias, combined with insufficient use of concrete, situation-specific cues about competition, conflicting interests, and plausible non-moral emotions."
"8","90","At the university library, scholarship applications are due by 5 p.m., and only one student from the department will receive the award. Jordan prints his final essay and leaves his USB drive by the printer. A clerk mistakes it for abandoned and puts it in the lost-and-found drawer without labeling the owner. Priya sees all this and knows the USB is Jordan's because she watched him save his essay, but Priya is competing with Jordan for the same scholarship. She decides not to say anything. Later, Jordan frantically searches for the USB as the deadline approaches.","What emotion does Priya most likely feel as she stays silent?","She feels relieved and subtly happy because Jordan's setback improves her own chance at the one-slot scholarship.","She feels worried that someone might find out she knew and blame her.","She feels ashamed for not helping when she could have.","She feels indifferent because she thinks the clerk will fix it eventually.","A","Across this cluster, the model repeatedly ignores the zero-sum, competitive framing and instead attributes generic self-conscious emotions such as guilt, shame, or fear of judgment to the protagonist. Even when the narrative explicitly states that the character gains if a rival is harmed or disadvantaged, the model downplays these instrumental motives and fails to represent envy or strategic satisfaction. This pattern reveals an overreliance on abstract moral-psychology heuristics and prosocial bias, combined with insufficient use of concrete, situation-specific cues about competition, conflicting interests, and plausible non-moral emotions."
"8","91","During varsity soccer tryouts, the coach will choose only one starting striker between Ben and Alex. Before the scrimmage, the assistant mistakenly locks Alex's boots in the storage cage, thinking everything inside is spare gear. Ben notices the boots through the cage door and realizes Alex won't be able to warm up properly unless someone tells the assistant. Ben chooses to say nothing. Alex ends up scrambling and misses most of the warm-up.","What is the most likely intention behind Ben's choice to stay quiet?","He wants to avoid being seen as interfering with the assistant's responsibilities.","He hopes Alex misses the warm-up so he can secure the single starting spot for himself.","He thinks Alex planned this to test the assistant's attentiveness.","He believes speaking up might create an argument with Alex.","B","Across this cluster, the model repeatedly ignores the zero-sum, competitive framing and instead attributes generic self-conscious emotions such as guilt, shame, or fear of judgment to the protagonist. Even when the narrative explicitly states that the character gains if a rival is harmed or disadvantaged, the model downplays these instrumental motives and fails to represent envy or strategic satisfaction. This pattern reveals an overreliance on abstract moral-psychology heuristics and prosocial bias, combined with insufficient use of concrete, situation-specific cues about competition, conflicting interests, and plausible non-moral emotions."
"8","92","At a regional debate tournament, the top speaker award will go to only one competitor, and Nina and Leo are neck-and-neck on points. The pairing sheet is misprinted, listing Leo's next round in the wrong room. Nina sees Leo heading in the wrong direction but says nothing. Leo arrives late and receives a time penalty.","How does Nina most likely feel about not correcting Leo's mistake?","She might feel anxious that others will judge her for not helping.","She might feel guilty for staying silent after seeing the error.","She might feel pleased because Leo's penalty improves her chance at the top speaker award.","She might feel confused about the schedule and unsure which room is right.","C","Across this cluster, the model repeatedly ignores the zero-sum, competitive framing and instead attributes generic self-conscious emotions such as guilt, shame, or fear of judgment to the protagonist. Even when the narrative explicitly states that the character gains if a rival is harmed or disadvantaged, the model downplays these instrumental motives and fails to represent envy or strategic satisfaction. This pattern reveals an overreliance on abstract moral-psychology heuristics and prosocial bias, combined with insufficient use of concrete, situation-specific cues about competition, conflicting interests, and plausible non-moral emotions."
"8","93","A startup pitch day awards funding to only one team. Lucas and Mei are the two favorites. The event staff sends a last-minute email moving Mei's pitch 30 minutes earlier. Lucas sees that Mei is chatting in the cafeteria and clearly hasn't noticed the update. If she misses the new slot, she will forfeit. Lucas chooses not to message her.","What is the possible intention behind Lucas's behavior?","To stay focused on his own preparation and reduce stress.","To avoid overstepping the event staff's communication role.","To benefit if Mei misses the earlier slot and loses her chance at the sole funding award.","To prevent being blamed if something else goes wrong with the schedule.","C","Across this cluster, the model repeatedly ignores the zero-sum, competitive framing and instead attributes generic self-conscious emotions such as guilt, shame, or fear of judgment to the protagonist. Even when the narrative explicitly states that the character gains if a rival is harmed or disadvantaged, the model downplays these instrumental motives and fails to represent envy or strategic satisfaction. This pattern reveals an overreliance on abstract moral-psychology heuristics and prosocial bias, combined with insufficient use of concrete, situation-specific cues about competition, conflicting interests, and plausible non-moral emotions."
"8","94","In a research lab, the professor will pick the lead author for a high-profile paper based on who completes a key analysis first—either Tina or Omar. Tina notices that Omar's long computation will pause and lose hours of progress because the workstation is set to auto-sleep. She could warn him, but she decides to keep quiet. The workstation sleeps, and Omar must restart the run.","What emotion is Tina most likely experiencing as she stays silent?","Worried that the professor will discover she noticed and did not help.","Ashamed for prioritizing herself over collegiality.","Indifferent because it is not her responsibility to manage Omar's workstation.","Pleased because the setback increases her chances of finishing first and getting lead authorship.","D","Across this cluster, the model repeatedly ignores the zero-sum, competitive framing and instead attributes generic self-conscious emotions such as guilt, shame, or fear of judgment to the protagonist. Even when the narrative explicitly states that the character gains if a rival is harmed or disadvantaged, the model downplays these instrumental motives and fails to represent envy or strategic satisfaction. This pattern reveals an overreliance on abstract moral-psychology heuristics and prosocial bias, combined with insufficient use of concrete, situation-specific cues about competition, conflicting interests, and plausible non-moral emotions."
"8","95","For student council president, only one candidate can be on the ballot from their grade. Daniela notices that Mark's nomination packet is missing a required signature, but the office clerk is about to file it anyway. Daniela and Mark are the only two running for the single spot. Daniela deliberately stays quiet, knowing the missing signature could disqualify Mark.","What is the most plausible intention behind Daniela's silence?","She wants to avoid conflict with Mark and the clerk.","She aims to gain an advantage by letting a rival's mistake disqualify him from the one-seat race.","She assumes the office will catch the error on its own.","She thinks signatures are trivial and not worth mentioning.","B","Across this cluster, the model repeatedly ignores the zero-sum, competitive framing and instead attributes generic self-conscious emotions such as guilt, shame, or fear of judgment to the protagonist. Even when the narrative explicitly states that the character gains if a rival is harmed or disadvantaged, the model downplays these instrumental motives and fails to represent envy or strategic satisfaction. This pattern reveals an overreliance on abstract moral-psychology heuristics and prosocial bias, combined with insufficient use of concrete, situation-specific cues about competition, conflicting interests, and plausible non-moral emotions."
"8","96","In an online e-sports tournament, only the winner advances to the prize finals. Right before the match, Ava notices that Ken's wireless mouse is showing a low-battery warning, and his spare batteries are across the room while the countdown has started. Ava has fresh batteries, but she chooses not to offer them or say anything. Mid-game, Ken's mouse dies.","What emotion is Ava most likely feeling when she decides not to help?","Fear that offering help might violate tournament equipment rules.","Embarrassment about pointing out someone else's equipment problem.","Satisfaction because Ken's malfunction boosts her chance to advance in the zero-sum bracket.","Anxiety about the venue's power supply in general.","C","Across this cluster, the model repeatedly ignores the zero-sum, competitive framing and instead attributes generic self-conscious emotions such as guilt, shame, or fear of judgment to the protagonist. Even when the narrative explicitly states that the character gains if a rival is harmed or disadvantaged, the model downplays these instrumental motives and fails to represent envy or strategic satisfaction. This pattern reveals an overreliance on abstract moral-psychology heuristics and prosocial bias, combined with insufficient use of concrete, situation-specific cues about competition, conflicting interests, and plausible non-moral emotions."
"8","97","At a sales firm, only the top seller earns the quarterly bonus. Carla and Liam are tied. A receptionist accidentally writes the wrong conference room number for Liam's major client meeting on the lobby board. Carla overhears the client asking for directions and sees Liam waiting by the wrong room. Carla decides not to correct either of them.","What is the most likely intention behind Carla's choice to stay silent?","She doesn't want to interfere with front desk procedures.","She worries Liam will blame her if the meeting goes poorly.","She thinks Liam already knows the correct room.","She wants to secure the top bonus by letting a rival miss a crucial meeting.","D","Across this cluster, the model repeatedly ignores the zero-sum, competitive framing and instead attributes generic self-conscious emotions such as guilt, shame, or fear of judgment to the protagonist. Even when the narrative explicitly states that the character gains if a rival is harmed or disadvantaged, the model downplays these instrumental motives and fails to represent envy or strategic satisfaction. This pattern reveals an overreliance on abstract moral-psychology heuristics and prosocial bias, combined with insufficient use of concrete, situation-specific cues about competition, conflicting interests, and plausible non-moral emotions."
"8","98","A community theater is casting a single lead role, and Zoe and Mina are the finalists. In the hallway, the stage manager scoops up a packet of monologues, thinking it's scrap paper, and tosses it in the recycling bin. Zoe recognizes it as Mina's marked script but decides not to say anything. Mina arrives without her prepared pages and struggles in the audition.","What does Zoe most likely feel about her decision to keep quiet?","She worries the director will discover she kept quiet and think less of her.","She feels pleased because Mina's setback makes her more likely to get the lead role.","She feels guilty for not speaking up.","She feels detached because she barely knows Mina.","B","Across this cluster, the model repeatedly ignores the zero-sum, competitive framing and instead attributes generic self-conscious emotions such as guilt, shame, or fear of judgment to the protagonist. Even when the narrative explicitly states that the character gains if a rival is harmed or disadvantaged, the model downplays these instrumental motives and fails to represent envy or strategic satisfaction. This pattern reveals an overreliance on abstract moral-psychology heuristics and prosocial bias, combined with insufficient use of concrete, situation-specific cues about competition, conflicting interests, and plausible non-moral emotions."
"8","99","For the school science fair, only one project will represent the school at the state level. Max and Lily are the top contenders. Before judging, the custodian accidentally swaps the labels on Lily's jars, mixing up the control and the experimental sample. Max notices the mistake and knows exactly what happened, but he chooses not to tell anyone. Lily's project is marked inconsistent by the judges.","What is the likely motive behind Max's inaction?","To improve his odds of being chosen by allowing Lily's mislabeling to hurt her project.","He worries that fixing the labels might look like tampering.","He believes the judges should catch labeling errors without help.","He is unsure which labels are correct and doesn't want to guess.","A","Across this cluster, the model repeatedly ignores the zero-sum, competitive framing and instead attributes generic self-conscious emotions such as guilt, shame, or fear of judgment to the protagonist. Even when the narrative explicitly states that the character gains if a rival is harmed or disadvantaged, the model downplays these instrumental motives and fails to represent envy or strategic satisfaction. This pattern reveals an overreliance on abstract moral-psychology heuristics and prosocial bias, combined with insufficient use of concrete, situation-specific cues about competition, conflicting interests, and plausible non-moral emotions."
