"cluster_id","question_index","story","question","option_a","option_b","option_c","option_d","correct_answer","cluster_summary"
"3","0","Alex finds a cubby in the library, the label on the cubby is maps, Alex cannot see what is inside the cubby, Alex opens the cubby and finds a pair of gloves, there are no maps in the cubby, Alex closes the cubby and puts it back in its place, Priya enters the library and sees the cubby.","What should be inside the cubby?","Maps","Gloves","Pens","Magazines","A","Taken together, these reasons portray a model that defaults to salience- and template-based heuristics—classic false-belief scripts, label‑equals‑contents, last‑mentioned item, or literal similes—instead of flexibly tracking the narrative. It repeatedly misidentifies whose perspective is relevant, collapses distinctions between reality and multiple nested belief states, and neglects how agents’ knowledge changes with perception or world constraints, so it often answers from an omniscient or naïve observer rather than the targeted character. Across many items, lingering linguistic and pragmatic ambiguities mean the model’s reality‑tracking, conservative, or literal interpretations are sometimes partially defensible against rubric expectations."
"3","1","Mateo finds a jar in the kitchen pantry, the label on the jar is sugar, Mateo cannot see what is inside the jar, Mateo opens the jar and finds rice, there is no sugar inside the jar, Mateo closes the jar and puts it back in its place, Lin enters the pantry and sees the jar.","What should be inside the jar?","Salt","Sugar","Rice","Tea","B","Taken together, these reasons portray a model that defaults to salience- and template-based heuristics—classic false-belief scripts, label‑equals‑contents, last‑mentioned item, or literal similes—instead of flexibly tracking the narrative. It repeatedly misidentifies whose perspective is relevant, collapses distinctions between reality and multiple nested belief states, and neglects how agents’ knowledge changes with perception or world constraints, so it often answers from an omniscient or naïve observer rather than the targeted character. Across many items, lingering linguistic and pragmatic ambiguities mean the model’s reality‑tracking, conservative, or literal interpretations are sometimes partially defensible against rubric expectations."
"3","2","Fatima finds a locker in the gym hallway, the label on the locker is sports balls, Fatima cannot see what is inside the locker, Fatima opens the locker and finds textbooks, there are no sports balls in the locker, Fatima closes the locker and leaves it where it was, Omar enters the hallway and sees the locker.","What should be inside the locker?","Sports balls","Textbooks","Paints","Coats","A","Taken together, these reasons portray a model that defaults to salience- and template-based heuristics—classic false-belief scripts, label‑equals‑contents, last‑mentioned item, or literal similes—instead of flexibly tracking the narrative. It repeatedly misidentifies whose perspective is relevant, collapses distinctions between reality and multiple nested belief states, and neglects how agents’ knowledge changes with perception or world constraints, so it often answers from an omniscient or naïve observer rather than the targeted character. Across many items, lingering linguistic and pragmatic ambiguities mean the model’s reality‑tracking, conservative, or literal interpretations are sometimes partially defensible against rubric expectations."
"3","3","Hana finds a briefcase in the conference room, the label on the briefcase is contracts, Hana cannot see what is inside the briefcase, Hana opens the briefcase and finds a scarf, there are no contracts in the briefcase, Hana closes the briefcase and puts it back in its place, Yuri enters the room and sees the briefcase.","What should be inside the briefcase?","Scarf","Contracts","Umbrella","Charger","B","Taken together, these reasons portray a model that defaults to salience- and template-based heuristics—classic false-belief scripts, label‑equals‑contents, last‑mentioned item, or literal similes—instead of flexibly tracking the narrative. It repeatedly misidentifies whose perspective is relevant, collapses distinctions between reality and multiple nested belief states, and neglects how agents’ knowledge changes with perception or world constraints, so it often answers from an omniscient or naïve observer rather than the targeted character. Across many items, lingering linguistic and pragmatic ambiguities mean the model’s reality‑tracking, conservative, or literal interpretations are sometimes partially defensible against rubric expectations."
"3","4","Sara finds a small wooden box in the garden shed, the label on the box is seeds, Sara cannot see what is inside the box, Sara opens the box and finds a handful of nails, there are no seeds in the box, Sara closes the box and puts it back in its place, Ben enters the shed and sees the box.","What should be inside the box?","Seeds","Nails","Rope","Gloves","A","Taken together, these reasons portray a model that defaults to salience- and template-based heuristics—classic false-belief scripts, label‑equals‑contents, last‑mentioned item, or literal similes—instead of flexibly tracking the narrative. It repeatedly misidentifies whose perspective is relevant, collapses distinctions between reality and multiple nested belief states, and neglects how agents’ knowledge changes with perception or world constraints, so it often answers from an omniscient or naïve observer rather than the targeted character. Across many items, lingering linguistic and pragmatic ambiguities mean the model’s reality‑tracking, conservative, or literal interpretations are sometimes partially defensible against rubric expectations."
"3","5","Jin finds a brown bottle in the bathroom cabinet, the label on the bottle is aspirin, Jin cannot see what is inside the bottle, Jin opens the bottle and finds coins, there is no aspirin inside the bottle, Jin closes the bottle and puts it back in its place, Mei enters the bathroom and sees the bottle.","What should be inside the bottle?","Cotton swabs","Coins","Aspirin","Bandages","C","Taken together, these reasons portray a model that defaults to salience- and template-based heuristics—classic false-belief scripts, label‑equals‑contents, last‑mentioned item, or literal similes—instead of flexibly tracking the narrative. It repeatedly misidentifies whose perspective is relevant, collapses distinctions between reality and multiple nested belief states, and neglects how agents’ knowledge changes with perception or world constraints, so it often answers from an omniscient or naïve observer rather than the targeted character. Across many items, lingering linguistic and pragmatic ambiguities mean the model’s reality‑tracking, conservative, or literal interpretations are sometimes partially defensible against rubric expectations."
"3","6","Noah finds a large envelope on the classroom desk, the label on the envelope is homework, Noah cannot see what is inside the envelope, Noah opens the envelope and finds a postcard, there is no homework in the envelope, Noah closes the envelope and leaves it in place, Aisha enters the classroom and sees the envelope.","What should be inside the envelope?","Homework","Postcard","Stickers","Coupons","A","Taken together, these reasons portray a model that defaults to salience- and template-based heuristics—classic false-belief scripts, label‑equals‑contents, last‑mentioned item, or literal similes—instead of flexibly tracking the narrative. It repeatedly misidentifies whose perspective is relevant, collapses distinctions between reality and multiple nested belief states, and neglects how agents’ knowledge changes with perception or world constraints, so it often answers from an omniscient or naïve observer rather than the targeted character. Across many items, lingering linguistic and pragmatic ambiguities mean the model’s reality‑tracking, conservative, or literal interpretations are sometimes partially defensible against rubric expectations."
"3","7","Liu finds an opaque container in the office refrigerator, the label on the container is milk, Liu cannot see what is inside the container, Liu opens the container and finds soup, there is no milk inside the container, Liu closes the container and puts it back in its place, Rosa enters the kitchen and sees the container.","What should be inside the container?","Milk","Soup","Juice","Yogurt","A","Taken together, these reasons portray a model that defaults to salience- and template-based heuristics—classic false-belief scripts, label‑equals‑contents, last‑mentioned item, or literal similes—instead of flexibly tracking the narrative. It repeatedly misidentifies whose perspective is relevant, collapses distinctions between reality and multiple nested belief states, and neglects how agents’ knowledge changes with perception or world constraints, so it often answers from an omniscient or naïve observer rather than the targeted character. Across many items, lingering linguistic and pragmatic ambiguities mean the model’s reality‑tracking, conservative, or literal interpretations are sometimes partially defensible against rubric expectations."
"3","8","Ethan finds a folder on the shared computer desktop, the label on the folder is music, Ethan cannot see what is inside the folder, Ethan opens the folder and finds photos, there is no music in the folder, Ethan closes the folder and leaves it where it was, Maya logs in and sees the folder.","What should be inside the folder?","Music","Photos","Videos","Notes","A","Taken together, these reasons portray a model that defaults to salience- and template-based heuristics—classic false-belief scripts, label‑equals‑contents, last‑mentioned item, or literal similes—instead of flexibly tracking the narrative. It repeatedly misidentifies whose perspective is relevant, collapses distinctions between reality and multiple nested belief states, and neglects how agents’ knowledge changes with perception or world constraints, so it often answers from an omniscient or naïve observer rather than the targeted character. Across many items, lingering linguistic and pragmatic ambiguities mean the model’s reality‑tracking, conservative, or literal interpretations are sometimes partially defensible against rubric expectations."
"3","9","Carlos finds a shipping crate in the museum storage room, the label on the crate is statues, Carlos cannot see what is inside the crate, Carlos opens the crate and finds books, there are no statues in the crate, Carlos closes the crate and puts it back in its place, Lila enters the storage room and sees the crate.","What should be inside the crate?","Statues","Books","Paintings","Lamps","A","Taken together, these reasons portray a model that defaults to salience- and template-based heuristics—classic false-belief scripts, label‑equals‑contents, last‑mentioned item, or literal similes—instead of flexibly tracking the narrative. It repeatedly misidentifies whose perspective is relevant, collapses distinctions between reality and multiple nested belief states, and neglects how agents’ knowledge changes with perception or world constraints, so it often answers from an omniscient or naïve observer rather than the targeted character. Across many items, lingering linguistic and pragmatic ambiguities mean the model’s reality‑tracking, conservative, or literal interpretations are sometimes partially defensible against rubric expectations."
"3","10","Mei finds a jar in the kitchen pantry, the label on the jar is sugar, Mei cannot see what is inside the jar, Mei opens the jar and finds rice, there is no sugar inside the jar, Mei closes the jar and puts it back in its place, Jun enters the kitchen and sees the jar.","What should be inside the jar?","Sugar","Rice","Tea","Salt","A","Taken together, these reasons portray a model that defaults to salience- and template-based heuristics—classic false-belief scripts, label‑equals‑contents, last‑mentioned item, or literal similes—instead of flexibly tracking the narrative. It repeatedly misidentifies whose perspective is relevant, collapses distinctions between reality and multiple nested belief states, and neglects how agents’ knowledge changes with perception or world constraints, so it often answers from an omniscient or naïve observer rather than the targeted character. Across many items, lingering linguistic and pragmatic ambiguities mean the model’s reality‑tracking, conservative, or literal interpretations are sometimes partially defensible against rubric expectations."
"3","11","Omar finds a folder in the office cabinet, the label on the folder is invoices, Omar cannot see what is inside the folder, Omar opens the folder and finds photos, there are no invoices in the folder, Omar closes the folder and puts it back in its place, Lina enters the office and sees the folder.","What should be inside the folder?","Maps","Invoices","Photos","Coupons","B","Taken together, these reasons portray a model that defaults to salience- and template-based heuristics—classic false-belief scripts, label‑equals‑contents, last‑mentioned item, or literal similes—instead of flexibly tracking the narrative. It repeatedly misidentifies whose perspective is relevant, collapses distinctions between reality and multiple nested belief states, and neglects how agents’ knowledge changes with perception or world constraints, so it often answers from an omniscient or naïve observer rather than the targeted character. Across many items, lingering linguistic and pragmatic ambiguities mean the model’s reality‑tracking, conservative, or literal interpretations are sometimes partially defensible against rubric expectations."
"3","12","Arturo finds a toolbox in the garage, the label on the toolbox is wrenches, Arturo cannot see what is inside the toolbox, Arturo opens the toolbox and finds a paintbrush, there are no wrenches inside the toolbox, Arturo closes the toolbox and puts it back in its place, Hana enters the garage and sees the toolbox.","What should be inside the toolbox?","Paintbrush","Rope","Wrenches","Nails","C","Taken together, these reasons portray a model that defaults to salience- and template-based heuristics—classic false-belief scripts, label‑equals‑contents, last‑mentioned item, or literal similes—instead of flexibly tracking the narrative. It repeatedly misidentifies whose perspective is relevant, collapses distinctions between reality and multiple nested belief states, and neglects how agents’ knowledge changes with perception or world constraints, so it often answers from an omniscient or naïve observer rather than the targeted character. Across many items, lingering linguistic and pragmatic ambiguities mean the model’s reality‑tracking, conservative, or literal interpretations are sometimes partially defensible against rubric expectations."
"3","13","Priya finds a storage bin in the library, the label on the bin is maps, Priya cannot see what is inside the bin, Priya opens the bin and finds a dictionary, there are no maps inside the bin, Priya closes the bin and puts it back in its place, Ken enters the library and sees the bin.","What should be inside the bin?","Dictionary","Posters","Pens","Maps","D","Taken together, these reasons portray a model that defaults to salience- and template-based heuristics—classic false-belief scripts, label‑equals‑contents, last‑mentioned item, or literal similes—instead of flexibly tracking the narrative. It repeatedly misidentifies whose perspective is relevant, collapses distinctions between reality and multiple nested belief states, and neglects how agents’ knowledge changes with perception or world constraints, so it often answers from an omniscient or naïve observer rather than the targeted character. Across many items, lingering linguistic and pragmatic ambiguities mean the model’s reality‑tracking, conservative, or literal interpretations are sometimes partially defensible against rubric expectations."
"3","14","Sofia finds a crisper drawer in the refrigerator, the label on the drawer is apples, Sofia cannot see what is inside the drawer, Sofia opens the drawer and finds lettuce, there are no apples inside the drawer, Sofia closes the drawer and puts it back in its place, Blake enters the kitchen and sees the drawer.","What should be inside the drawer?","Cheese","Lettuce","Apples","Grapes","C","Taken together, these reasons portray a model that defaults to salience- and template-based heuristics—classic false-belief scripts, label‑equals‑contents, last‑mentioned item, or literal similes—instead of flexibly tracking the narrative. It repeatedly misidentifies whose perspective is relevant, collapses distinctions between reality and multiple nested belief states, and neglects how agents’ knowledge changes with perception or world constraints, so it often answers from an omniscient or naïve observer rather than the targeted character. Across many items, lingering linguistic and pragmatic ambiguities mean the model’s reality‑tracking, conservative, or literal interpretations are sometimes partially defensible against rubric expectations."
"3","15","Nina finds a cubby in the classroom, the label on the cubby is markers, Nina cannot see what is inside the cubby, Nina opens the cubby and finds a glue stick, there are no markers inside the cubby, Nina closes the cubby and puts it back in its place, Leo enters the classroom and sees the cubby.","What should be inside the cubby?","Markers","Eraser","Glue stick","Ruler","A","Taken together, these reasons portray a model that defaults to salience- and template-based heuristics—classic false-belief scripts, label‑equals‑contents, last‑mentioned item, or literal similes—instead of flexibly tracking the narrative. It repeatedly misidentifies whose perspective is relevant, collapses distinctions between reality and multiple nested belief states, and neglects how agents’ knowledge changes with perception or world constraints, so it often answers from an omniscient or naïve observer rather than the targeted character. Across many items, lingering linguistic and pragmatic ambiguities mean the model’s reality‑tracking, conservative, or literal interpretations are sometimes partially defensible against rubric expectations."
"3","16","Daria finds a shipping crate in the warehouse, the label on the crate is books, Daria cannot see what is inside the crate, Daria opens the crate and finds a blanket, there are no books inside the crate, Daria closes the crate and puts it back in its place, Marco enters the warehouse and sees the crate.","What should be inside the crate?","Shoes","Blanket","Plates","Books","D","Taken together, these reasons portray a model that defaults to salience- and template-based heuristics—classic false-belief scripts, label‑equals‑contents, last‑mentioned item, or literal similes—instead of flexibly tracking the narrative. It repeatedly misidentifies whose perspective is relevant, collapses distinctions between reality and multiple nested belief states, and neglects how agents’ knowledge changes with perception or world constraints, so it often answers from an omniscient or naïve observer rather than the targeted character. Across many items, lingering linguistic and pragmatic ambiguities mean the model’s reality‑tracking, conservative, or literal interpretations are sometimes partially defensible against rubric expectations."
"3","17","Hadi finds a small bottle in the bathroom cabinet, the label on the bottle is vitamins, Hadi cannot see what is inside the bottle, Hadi opens the bottle and finds coins, there are no vitamins inside the bottle, Hadi closes the bottle and puts it back in its place, Tia enters the bathroom and sees the bottle.","What should be inside the bottle?","Coins","Vitamins","Buttons","Seeds","B","Taken together, these reasons portray a model that defaults to salience- and template-based heuristics—classic false-belief scripts, label‑equals‑contents, last‑mentioned item, or literal similes—instead of flexibly tracking the narrative. It repeatedly misidentifies whose perspective is relevant, collapses distinctions between reality and multiple nested belief states, and neglects how agents’ knowledge changes with perception or world constraints, so it often answers from an omniscient or naïve observer rather than the targeted character. Across many items, lingering linguistic and pragmatic ambiguities mean the model’s reality‑tracking, conservative, or literal interpretations are sometimes partially defensible against rubric expectations."
"3","18","Caleb finds an instrument case in the music room, the label on the case is flute, Caleb cannot see what is inside the case, Caleb opens the case and finds a drumstick, there is no flute inside the case, Caleb closes the case and puts it back in its place, Mira enters the music room and sees the case.","What should be inside the case?","Microphone","Drumstick","Flute","Violin","C","Taken together, these reasons portray a model that defaults to salience- and template-based heuristics—classic false-belief scripts, label‑equals‑contents, last‑mentioned item, or literal similes—instead of flexibly tracking the narrative. It repeatedly misidentifies whose perspective is relevant, collapses distinctions between reality and multiple nested belief states, and neglects how agents’ knowledge changes with perception or world constraints, so it often answers from an omniscient or naïve observer rather than the targeted character. Across many items, lingering linguistic and pragmatic ambiguities mean the model’s reality‑tracking, conservative, or literal interpretations are sometimes partially defensible against rubric expectations."
"3","19","Yara finds a plastic bin in the garden shed, the label on the bin is soil, Yara cannot see what is inside the bin, Yara opens the bin and finds birdseed, there is no soil inside the bin, Yara closes the bin and puts it back in its place, Theo enters the shed and sees the bin.","What should be inside the bin?","Fertilizer","Birdseed","Pebbles","Soil","D","Taken together, these reasons portray a model that defaults to salience- and template-based heuristics—classic false-belief scripts, label‑equals‑contents, last‑mentioned item, or literal similes—instead of flexibly tracking the narrative. It repeatedly misidentifies whose perspective is relevant, collapses distinctions between reality and multiple nested belief states, and neglects how agents’ knowledge changes with perception or world constraints, so it often answers from an omniscient or naïve observer rather than the targeted character. Across many items, lingering linguistic and pragmatic ambiguities mean the model’s reality‑tracking, conservative, or literal interpretations are sometimes partially defensible against rubric expectations."
"3","20","Lin finds a jar in the pantry, the label on the jar is sugar, Lin cannot see what is inside the jar, Lin opens the jar and finds rice, there is no sugar inside the jar, Lin closes the jar and puts it back in its place, Mei enters the pantry and sees the jar.","What should be inside the jar?","Sugar","Rice","Flour","Coffee","A","Taken together, these reasons portray a model that defaults to salience- and template-based heuristics—classic false-belief scripts, label‑equals‑contents, last‑mentioned item, or literal similes—instead of flexibly tracking the narrative. It repeatedly misidentifies whose perspective is relevant, collapses distinctions between reality and multiple nested belief states, and neglects how agents’ knowledge changes with perception or world constraints, so it often answers from an omniscient or naïve observer rather than the targeted character. Across many items, lingering linguistic and pragmatic ambiguities mean the model’s reality‑tracking, conservative, or literal interpretations are sometimes partially defensible against rubric expectations."
"3","21","Hao finds a shoebox in the closet, the label on the shoebox is socks, Hao cannot see what is inside the shoebox, Hao opens the shoebox and finds a camera, there are no socks inside the shoebox, Hao closes the shoebox and puts it back in its place, Yan enters the closet and sees the shoebox.","What should be inside the shoebox?","Scarf","Socks","Camera","Tape","B","Taken together, these reasons portray a model that defaults to salience- and template-based heuristics—classic false-belief scripts, label‑equals‑contents, last‑mentioned item, or literal similes—instead of flexibly tracking the narrative. It repeatedly misidentifies whose perspective is relevant, collapses distinctions between reality and multiple nested belief states, and neglects how agents’ knowledge changes with perception or world constraints, so it often answers from an omniscient or naïve observer rather than the targeted character. Across many items, lingering linguistic and pragmatic ambiguities mean the model’s reality‑tracking, conservative, or literal interpretations are sometimes partially defensible against rubric expectations."
"3","22","Sara finds a folder in the office, the label on the folder is invoices, Sara cannot see what is inside the folder, Sara opens the folder and finds birthday cards, there are no invoices in the folder, Sara closes the folder and puts it back in its place, Tom enters the office and sees the folder.","What should be inside the folder?","Calendars","Envelopes","Invoices","Birthday cards","C","Taken together, these reasons portray a model that defaults to salience- and template-based heuristics—classic false-belief scripts, label‑equals‑contents, last‑mentioned item, or literal similes—instead of flexibly tracking the narrative. It repeatedly misidentifies whose perspective is relevant, collapses distinctions between reality and multiple nested belief states, and neglects how agents’ knowledge changes with perception or world constraints, so it often answers from an omniscient or naïve observer rather than the targeted character. Across many items, lingering linguistic and pragmatic ambiguities mean the model’s reality‑tracking, conservative, or literal interpretations are sometimes partially defensible against rubric expectations."
"3","23","Ming finds a cooler in the garage, the label on the cooler is drinks, Ming cannot see what is inside the cooler, Ming opens the cooler and finds tools, there are no drinks in the cooler, Ming closes the cooler and puts it back in its place, Li enters the garage and sees the cooler.","What should be inside the cooler?","Tools","Towels","Drinks","Maps","C","Taken together, these reasons portray a model that defaults to salience- and template-based heuristics—classic false-belief scripts, label‑equals‑contents, last‑mentioned item, or literal similes—instead of flexibly tracking the narrative. It repeatedly misidentifies whose perspective is relevant, collapses distinctions between reality and multiple nested belief states, and neglects how agents’ knowledge changes with perception or world constraints, so it often answers from an omniscient or naïve observer rather than the targeted character. Across many items, lingering linguistic and pragmatic ambiguities mean the model’s reality‑tracking, conservative, or literal interpretations are sometimes partially defensible against rubric expectations."
"3","24","Aisha finds a lunchbox in the classroom, the label on the lunchbox is sandwiches, Aisha cannot see what is inside the lunchbox, Aisha opens the lunchbox and finds crayons, there are no sandwiches in the lunchbox, Aisha closes the lunchbox and puts it back in its place, Omar enters the classroom and sees the lunchbox.","What should be inside the lunchbox?","Sandwiches","Crayons","Pencils","Napkins","A","Taken together, these reasons portray a model that defaults to salience- and template-based heuristics—classic false-belief scripts, label‑equals‑contents, last‑mentioned item, or literal similes—instead of flexibly tracking the narrative. It repeatedly misidentifies whose perspective is relevant, collapses distinctions between reality and multiple nested belief states, and neglects how agents’ knowledge changes with perception or world constraints, so it often answers from an omniscient or naïve observer rather than the targeted character. Across many items, lingering linguistic and pragmatic ambiguities mean the model’s reality‑tracking, conservative, or literal interpretations are sometimes partially defensible against rubric expectations."
"3","25","Pavel finds a crate in the hallway, the label on the crate is books, Pavel cannot see what is inside the crate, Pavel opens the crate and finds shoes, there are no books in the crate, Pavel closes the crate and puts it back in its place, Nina enters the hallway and sees the crate.","What should be inside the crate?","Books","Shoes","Lamps","Pillows","A","Taken together, these reasons portray a model that defaults to salience- and template-based heuristics—classic false-belief scripts, label‑equals‑contents, last‑mentioned item, or literal similes—instead of flexibly tracking the narrative. It repeatedly misidentifies whose perspective is relevant, collapses distinctions between reality and multiple nested belief states, and neglects how agents’ knowledge changes with perception or world constraints, so it often answers from an omniscient or naïve observer rather than the targeted character. Across many items, lingering linguistic and pragmatic ambiguities mean the model’s reality‑tracking, conservative, or literal interpretations are sometimes partially defensible against rubric expectations."
"3","26","Emi finds a safe in the study, the label on the safe is documents, Emi cannot see what is inside the safe, Emi opens the safe and finds jewelry, there are no documents in the safe, Emi closes the safe and puts it back in its place, Ken enters the study and sees the safe.","What should be inside the safe?","Jewelry","Documents","Coins","Keys","B","Taken together, these reasons portray a model that defaults to salience- and template-based heuristics—classic false-belief scripts, label‑equals‑contents, last‑mentioned item, or literal similes—instead of flexibly tracking the narrative. It repeatedly misidentifies whose perspective is relevant, collapses distinctions between reality and multiple nested belief states, and neglects how agents’ knowledge changes with perception or world constraints, so it often answers from an omniscient or naïve observer rather than the targeted character. Across many items, lingering linguistic and pragmatic ambiguities mean the model’s reality‑tracking, conservative, or literal interpretations are sometimes partially defensible against rubric expectations."
"3","27","Luis finds a suitcase at the station, the label on the suitcase is winter clothes, Luis cannot see what is inside the suitcase, Luis opens the suitcase and finds beach toys, there are no winter clothes in the suitcase, Luis closes the suitcase and puts it back in its place, Marta enters the station and sees the suitcase.","What should be inside the suitcase?","Winter clothes","Beach toys","Umbrellas","Newspapers","A","Taken together, these reasons portray a model that defaults to salience- and template-based heuristics—classic false-belief scripts, label‑equals‑contents, last‑mentioned item, or literal similes—instead of flexibly tracking the narrative. It repeatedly misidentifies whose perspective is relevant, collapses distinctions between reality and multiple nested belief states, and neglects how agents’ knowledge changes with perception or world constraints, so it often answers from an omniscient or naïve observer rather than the targeted character. Across many items, lingering linguistic and pragmatic ambiguities mean the model’s reality‑tracking, conservative, or literal interpretations are sometimes partially defensible against rubric expectations."
"3","28","Jae finds a cabinet in the lab, the label on the cabinet is gloves, Jae cannot see what is inside the cabinet, Jae opens the cabinet and finds beakers, there are no gloves in the cabinet, Jae closes the cabinet and puts it back in its place, Hana enters the lab and sees the cabinet.","What should be inside the cabinet?","Beakers","Gloves","Wires","Funnels","B","Taken together, these reasons portray a model that defaults to salience- and template-based heuristics—classic false-belief scripts, label‑equals‑contents, last‑mentioned item, or literal similes—instead of flexibly tracking the narrative. It repeatedly misidentifies whose perspective is relevant, collapses distinctions between reality and multiple nested belief states, and neglects how agents’ knowledge changes with perception or world constraints, so it often answers from an omniscient or naïve observer rather than the targeted character. Across many items, lingering linguistic and pragmatic ambiguities mean the model’s reality‑tracking, conservative, or literal interpretations are sometimes partially defensible against rubric expectations."
"3","29","Noah finds a toolbox in the shed, the label on the toolbox is wrenches, Noah cannot see what is inside the toolbox, Noah opens the toolbox and finds paintbrushes, there are no wrenches in the toolbox, Noah closes the toolbox and puts it back in its place, Ava enters the shed and sees the toolbox.","What should be inside the toolbox?","Nails","Wrenches","Paintbrushes","Sandpaper","B","Taken together, these reasons portray a model that defaults to salience- and template-based heuristics—classic false-belief scripts, label‑equals‑contents, last‑mentioned item, or literal similes—instead of flexibly tracking the narrative. It repeatedly misidentifies whose perspective is relevant, collapses distinctions between reality and multiple nested belief states, and neglects how agents’ knowledge changes with perception or world constraints, so it often answers from an omniscient or naïve observer rather than the targeted character. Across many items, lingering linguistic and pragmatic ambiguities mean the model’s reality‑tracking, conservative, or literal interpretations are sometimes partially defensible against rubric expectations."
"3","30","Alex finds a jar in the pantry, the label on the jar is sugar, Alex cannot see what is inside the jar, Alex opens the jar and finds rice, there is no sugar in the jar, Alex closes the jar and puts it back in its place, Maya enters the pantry and sees the jar.","What should be inside the jar?","Sugar","Rice","Salt","Tea","A","Taken together, these reasons portray a model that defaults to salience- and template-based heuristics—classic false-belief scripts, label‑equals‑contents, last‑mentioned item, or literal similes—instead of flexibly tracking the narrative. It repeatedly misidentifies whose perspective is relevant, collapses distinctions between reality and multiple nested belief states, and neglects how agents’ knowledge changes with perception or world constraints, so it often answers from an omniscient or naïve observer rather than the targeted character. Across many items, lingering linguistic and pragmatic ambiguities mean the model’s reality‑tracking, conservative, or literal interpretations are sometimes partially defensible against rubric expectations."
"3","31","Diego finds a toolbox in the garage, the label on the toolbox is nails, Diego cannot see what is inside the toolbox, Diego opens the toolbox and finds a tape measure, there are no nails in the toolbox, Diego closes the toolbox and puts it back in its place, Priya enters the garage and sees the toolbox.","What should be inside the toolbox?","Screws","Tape measure","Nails","Bolts","C","Taken together, these reasons portray a model that defaults to salience- and template-based heuristics—classic false-belief scripts, label‑equals‑contents, last‑mentioned item, or literal similes—instead of flexibly tracking the narrative. It repeatedly misidentifies whose perspective is relevant, collapses distinctions between reality and multiple nested belief states, and neglects how agents’ knowledge changes with perception or world constraints, so it often answers from an omniscient or naïve observer rather than the targeted character. Across many items, lingering linguistic and pragmatic ambiguities mean the model’s reality‑tracking, conservative, or literal interpretations are sometimes partially defensible against rubric expectations."
"3","32","Naomi finds a folder in the office, the label on the folder is invoices, Naomi cannot see what is inside the folder, Naomi opens the folder and finds menus, there are no invoices in the folder, Naomi closes the folder and puts it back in its place, Ken enters the office and sees the folder.","What should be inside the folder?","Menus","Invoices","Receipts","Reports","B","Taken together, these reasons portray a model that defaults to salience- and template-based heuristics—classic false-belief scripts, label‑equals‑contents, last‑mentioned item, or literal similes—instead of flexibly tracking the narrative. It repeatedly misidentifies whose perspective is relevant, collapses distinctions between reality and multiple nested belief states, and neglects how agents’ knowledge changes with perception or world constraints, so it often answers from an omniscient or naïve observer rather than the targeted character. Across many items, lingering linguistic and pragmatic ambiguities mean the model’s reality‑tracking, conservative, or literal interpretations are sometimes partially defensible against rubric expectations."
"3","33","Fatima finds a plastic bin in the classroom, the label on the bin is markers, Fatima cannot see what is inside the bin, Fatima opens the bin and finds glue sticks, there are no markers in the bin, Fatima closes the bin and puts it back in its place, Omar enters the classroom and sees the bin.","What should be inside the bin?","Crayons","Glue sticks","Markers","Erasers","C","Taken together, these reasons portray a model that defaults to salience- and template-based heuristics—classic false-belief scripts, label‑equals‑contents, last‑mentioned item, or literal similes—instead of flexibly tracking the narrative. It repeatedly misidentifies whose perspective is relevant, collapses distinctions between reality and multiple nested belief states, and neglects how agents’ knowledge changes with perception or world constraints, so it often answers from an omniscient or naïve observer rather than the targeted character. Across many items, lingering linguistic and pragmatic ambiguities mean the model’s reality‑tracking, conservative, or literal interpretations are sometimes partially defensible against rubric expectations."
"3","34","Lila finds a carton in the library reading room, the label on the carton is maps, Lila cannot see what is inside the carton, Lila opens the carton and finds chess pieces, there are no maps in the carton, Lila closes the carton and puts it back in its place, Victor enters the reading room and sees the carton.","What should be inside the carton?","Maps","Chess pieces","Posters","Notebooks","A","Taken together, these reasons portray a model that defaults to salience- and template-based heuristics—classic false-belief scripts, label‑equals‑contents, last‑mentioned item, or literal similes—instead of flexibly tracking the narrative. It repeatedly misidentifies whose perspective is relevant, collapses distinctions between reality and multiple nested belief states, and neglects how agents’ knowledge changes with perception or world constraints, so it often answers from an omniscient or naïve observer rather than the targeted character. Across many items, lingering linguistic and pragmatic ambiguities mean the model’s reality‑tracking, conservative, or literal interpretations are sometimes partially defensible against rubric expectations."
"3","35","Hannah finds a lidded hamper in the laundry room, the label on the hamper is socks, Hannah cannot see what is inside the hamper, Hannah opens the hamper and finds magazines, there are no socks in the hamper, Hannah closes the hamper and puts it back in its place, Ben enters the laundry room and sees the hamper.","What should be inside the hamper?","Towels","Socks","Magazines","Shoes","B","Taken together, these reasons portray a model that defaults to salience- and template-based heuristics—classic false-belief scripts, label‑equals‑contents, last‑mentioned item, or literal similes—instead of flexibly tracking the narrative. It repeatedly misidentifies whose perspective is relevant, collapses distinctions between reality and multiple nested belief states, and neglects how agents’ knowledge changes with perception or world constraints, so it often answers from an omniscient or naïve observer rather than the targeted character. Across many items, lingering linguistic and pragmatic ambiguities mean the model’s reality‑tracking, conservative, or literal interpretations are sometimes partially defensible against rubric expectations."
"3","36","Igor finds a crate in the garden shed, the label on the crate is fertilizer, Igor cannot see what is inside the crate, Igor opens the crate and finds rope, there is no fertilizer in the crate, Igor closes the crate and puts it back in its place, Mei enters the shed and sees the crate.","What should be inside the crate?","Rope","Fertilizer","Bricks","Seeds","B","Taken together, these reasons portray a model that defaults to salience- and template-based heuristics—classic false-belief scripts, label‑equals‑contents, last‑mentioned item, or literal similes—instead of flexibly tracking the narrative. It repeatedly misidentifies whose perspective is relevant, collapses distinctions between reality and multiple nested belief states, and neglects how agents’ knowledge changes with perception or world constraints, so it often answers from an omniscient or naïve observer rather than the targeted character. Across many items, lingering linguistic and pragmatic ambiguities mean the model’s reality‑tracking, conservative, or literal interpretations are sometimes partially defensible against rubric expectations."
"3","37","Carla finds a jug in the refrigerator, the label on the jug is milk, Carla cannot see what is inside the jug, Carla opens the jug and finds soup, there is no milk in the jug, Carla closes the jug and puts it back in its place, Jonas enters the kitchen and sees the jug.","What should be inside the jug?","Juice","Milk","Soup","Water","B","Taken together, these reasons portray a model that defaults to salience- and template-based heuristics—classic false-belief scripts, label‑equals‑contents, last‑mentioned item, or literal similes—instead of flexibly tracking the narrative. It repeatedly misidentifies whose perspective is relevant, collapses distinctions between reality and multiple nested belief states, and neglects how agents’ knowledge changes with perception or world constraints, so it often answers from an omniscient or naïve observer rather than the targeted character. Across many items, lingering linguistic and pragmatic ambiguities mean the model’s reality‑tracking, conservative, or literal interpretations are sometimes partially defensible against rubric expectations."
"3","38","Sofia finds a storage box in the museum workshop, the label on the box is fragile glass, Sofia cannot see what is inside the box, Sofia opens the box and finds wooden blocks, there is no fragile glass in the box, Sofia closes the box and puts it back in its place, Marcus enters the workshop and sees the box.","What should be inside the box?","Fragile glass","Paintings","Wooden blocks","Clay","A","Taken together, these reasons portray a model that defaults to salience- and template-based heuristics—classic false-belief scripts, label‑equals‑contents, last‑mentioned item, or literal similes—instead of flexibly tracking the narrative. It repeatedly misidentifies whose perspective is relevant, collapses distinctions between reality and multiple nested belief states, and neglects how agents’ knowledge changes with perception or world constraints, so it often answers from an omniscient or naïve observer rather than the targeted character. Across many items, lingering linguistic and pragmatic ambiguities mean the model’s reality‑tracking, conservative, or literal interpretations are sometimes partially defensible against rubric expectations."
"3","39","Talia finds a locker in the gym hallway, the label on the locker is sports equipment, Talia cannot see what is inside the locker, Talia opens the locker and finds board games, there is no sports equipment in the locker, Talia closes the locker and puts it back in its place, Ruben enters the hallway and sees the locker.","What should be inside the locker?","Sports equipment","Board games","Coats","Umbrellas","A","Taken together, these reasons portray a model that defaults to salience- and template-based heuristics—classic false-belief scripts, label‑equals‑contents, last‑mentioned item, or literal similes—instead of flexibly tracking the narrative. It repeatedly misidentifies whose perspective is relevant, collapses distinctions between reality and multiple nested belief states, and neglects how agents’ knowledge changes with perception or world constraints, so it often answers from an omniscient or naïve observer rather than the targeted character. Across many items, lingering linguistic and pragmatic ambiguities mean the model’s reality‑tracking, conservative, or literal interpretations are sometimes partially defensible against rubric expectations."
"3","40","Arjun finds a locker in the gym changing room, the label on the locker is helmets, Arjun cannot see what is inside the locker, Arjun opens the locker and finds skates, there are no helmets in the locker, Arjun closes the locker and puts it back in its place, Mei enters the changing room and sees the locker.","What should be inside the locker?","Helmets","Skates","Towels","Chalk","A","Taken together, these reasons portray a model that defaults to salience- and template-based heuristics—classic false-belief scripts, label‑equals‑contents, last‑mentioned item, or literal similes—instead of flexibly tracking the narrative. It repeatedly misidentifies whose perspective is relevant, collapses distinctions between reality and multiple nested belief states, and neglects how agents’ knowledge changes with perception or world constraints, so it often answers from an omniscient or naïve observer rather than the targeted character. Across many items, lingering linguistic and pragmatic ambiguities mean the model’s reality‑tracking, conservative, or literal interpretations are sometimes partially defensible against rubric expectations."
"3","41","Hana finds a tin in the kitchen pantry, the label on the tin is tea, Hana cannot see what is inside the tin, Hana opens the tin and finds cookies, there is no tea inside the tin, Hana closes the tin and puts it back in its place, Luis enters the kitchen and sees the tin.","What should be inside the tin?","Sugar","Tea","Cookies","Rice","B","Taken together, these reasons portray a model that defaults to salience- and template-based heuristics—classic false-belief scripts, label‑equals‑contents, last‑mentioned item, or literal similes—instead of flexibly tracking the narrative. It repeatedly misidentifies whose perspective is relevant, collapses distinctions between reality and multiple nested belief states, and neglects how agents’ knowledge changes with perception or world constraints, so it often answers from an omniscient or naïve observer rather than the targeted character. Across many items, lingering linguistic and pragmatic ambiguities mean the model’s reality‑tracking, conservative, or literal interpretations are sometimes partially defensible against rubric expectations."
"3","42","Priya finds a file folder in the office, the label on the folder is contracts, Priya cannot see what is inside the folder, Priya opens the folder and finds maps, there are no contracts inside the folder, Priya closes the folder and puts it back in its place, Omar enters the office and sees the folder.","What should be inside the folder?","Reports","Contracts","Maps","Receipts","B","Taken together, these reasons portray a model that defaults to salience- and template-based heuristics—classic false-belief scripts, label‑equals‑contents, last‑mentioned item, or literal similes—instead of flexibly tracking the narrative. It repeatedly misidentifies whose perspective is relevant, collapses distinctions between reality and multiple nested belief states, and neglects how agents’ knowledge changes with perception or world constraints, so it often answers from an omniscient or naïve observer rather than the targeted character. Across many items, lingering linguistic and pragmatic ambiguities mean the model’s reality‑tracking, conservative, or literal interpretations are sometimes partially defensible against rubric expectations."
"3","43","Greta finds a drawer in the garage toolbox, the label on the drawer is screws, Greta cannot see what is inside the drawer, Greta opens the drawer and finds zip ties, there are no screws in the drawer, Greta closes the drawer and puts it back in its place, Ben enters the garage and sees the drawer.","What should be inside the drawer?","Screws","Nails","Zip ties","Bolts","A","Taken together, these reasons portray a model that defaults to salience- and template-based heuristics—classic false-belief scripts, label‑equals‑contents, last‑mentioned item, or literal similes—instead of flexibly tracking the narrative. It repeatedly misidentifies whose perspective is relevant, collapses distinctions between reality and multiple nested belief states, and neglects how agents’ knowledge changes with perception or world constraints, so it often answers from an omniscient or naïve observer rather than the targeted character. Across many items, lingering linguistic and pragmatic ambiguities mean the model’s reality‑tracking, conservative, or literal interpretations are sometimes partially defensible against rubric expectations."
"3","44","Sofia finds a cubby box in the classroom, the label on the box is markers, Sofia cannot see what is inside the box, Sofia opens the box and finds chalk, there are no markers in the box, Sofia closes the box and puts it back in its place, Leo enters the classroom and sees the box.","What should be inside the box?","Chalk","Paper","Markers","Crayons","C","Taken together, these reasons portray a model that defaults to salience- and template-based heuristics—classic false-belief scripts, label‑equals‑contents, last‑mentioned item, or literal similes—instead of flexibly tracking the narrative. It repeatedly misidentifies whose perspective is relevant, collapses distinctions between reality and multiple nested belief states, and neglects how agents’ knowledge changes with perception or world constraints, so it often answers from an omniscient or naïve observer rather than the targeted character. Across many items, lingering linguistic and pragmatic ambiguities mean the model’s reality‑tracking, conservative, or literal interpretations are sometimes partially defensible against rubric expectations."
"3","45","Mr. Chen finds an archive box in the library, the label on the box is photographs, Mr. Chen cannot see what is inside the box, Mr. Chen opens the box and finds newspapers, there are no photographs in the box, Mr. Chen closes the box and puts it back in its place, Alice enters the library and sees the box.","What should be inside the box?","Photographs","Tickets","Newspapers","Postcards","A","Taken together, these reasons portray a model that defaults to salience- and template-based heuristics—classic false-belief scripts, label‑equals‑contents, last‑mentioned item, or literal similes—instead of flexibly tracking the narrative. It repeatedly misidentifies whose perspective is relevant, collapses distinctions between reality and multiple nested belief states, and neglects how agents’ knowledge changes with perception or world constraints, so it often answers from an omniscient or naïve observer rather than the targeted character. Across many items, lingering linguistic and pragmatic ambiguities mean the model’s reality‑tracking, conservative, or literal interpretations are sometimes partially defensible against rubric expectations."
"3","46","Diego finds a crate in the garden shed, the label on the crate is fertilizer, Diego cannot see what is inside the crate, Diego opens the crate and finds paint cans, there is no fertilizer inside the crate, Diego closes the crate and puts it back in its place, Nora enters the shed and sees the crate.","What should be inside the crate?","Fertilizer","Paint cans","Hoses","Pots","A","Taken together, these reasons portray a model that defaults to salience- and template-based heuristics—classic false-belief scripts, label‑equals‑contents, last‑mentioned item, or literal similes—instead of flexibly tracking the narrative. It repeatedly misidentifies whose perspective is relevant, collapses distinctions between reality and multiple nested belief states, and neglects how agents’ knowledge changes with perception or world constraints, so it often answers from an omniscient or naïve observer rather than the targeted character. Across many items, lingering linguistic and pragmatic ambiguities mean the model’s reality‑tracking, conservative, or literal interpretations are sometimes partially defensible against rubric expectations."
"3","47","Tarek finds a cooler at the campsite, the label on the cooler is drinks, Tarek cannot see what is inside the cooler, Tarek opens the cooler and finds batteries, there are no drinks in the cooler, Tarek closes the cooler and puts it back in its place, Yuki returns to the campsite and sees the cooler.","What should be inside the cooler?","Ice","Drinks","Batteries","Fruit","B","Taken together, these reasons portray a model that defaults to salience- and template-based heuristics—classic false-belief scripts, label‑equals‑contents, last‑mentioned item, or literal similes—instead of flexibly tracking the narrative. It repeatedly misidentifies whose perspective is relevant, collapses distinctions between reality and multiple nested belief states, and neglects how agents’ knowledge changes with perception or world constraints, so it often answers from an omniscient or naïve observer rather than the targeted character. Across many items, lingering linguistic and pragmatic ambiguities mean the model’s reality‑tracking, conservative, or literal interpretations are sometimes partially defensible against rubric expectations."
"3","48","Elena finds a jar in the art studio, the label on the jar is brushes, Elena cannot see what is inside the jar, Elena opens the jar and finds pencils, there are no brushes in the jar, Elena closes the jar and puts it back in its place, Marco enters the studio and sees the jar.","What should be inside the jar?","Scissors","String","Pencils","Brushes","D","Taken together, these reasons portray a model that defaults to salience- and template-based heuristics—classic false-belief scripts, label‑equals‑contents, last‑mentioned item, or literal similes—instead of flexibly tracking the narrative. It repeatedly misidentifies whose perspective is relevant, collapses distinctions between reality and multiple nested belief states, and neglects how agents’ knowledge changes with perception or world constraints, so it often answers from an omniscient or naïve observer rather than the targeted character. Across many items, lingering linguistic and pragmatic ambiguities mean the model’s reality‑tracking, conservative, or literal interpretations are sometimes partially defensible against rubric expectations."
"3","49","Dr. Patel finds a cabinet in the science lab, the label on the cabinet is gloves, Dr. Patel cannot see what is inside the cabinet, Dr. Patel opens the cabinet and finds beakers, there are no gloves in the cabinet, Dr. Patel closes the cabinet and puts it back in its place, Nina enters the lab and sees the cabinet.","What should be inside the cabinet?","Goggles","Beakers","Masks","Gloves","D","Taken together, these reasons portray a model that defaults to salience- and template-based heuristics—classic false-belief scripts, label‑equals‑contents, last‑mentioned item, or literal similes—instead of flexibly tracking the narrative. It repeatedly misidentifies whose perspective is relevant, collapses distinctions between reality and multiple nested belief states, and neglects how agents’ knowledge changes with perception or world constraints, so it often answers from an omniscient or naïve observer rather than the targeted character. Across many items, lingering linguistic and pragmatic ambiguities mean the model’s reality‑tracking, conservative, or literal interpretations are sometimes partially defensible against rubric expectations."
"3","50","Mei finds a jar in the kitchen, the label on the jar is tea, Mei cannot see what is inside the jar, Mei opens the jar and finds rice, there is no tea inside the jar, Mei closes the jar and puts it back in its place, Jun enters the kitchen and sees the jar.","What should be inside the jar?","Tea","Rice","Salt","Coins","A","Taken together, these reasons portray a model that defaults to salience- and template-based heuristics—classic false-belief scripts, label‑equals‑contents, last‑mentioned item, or literal similes—instead of flexibly tracking the narrative. It repeatedly misidentifies whose perspective is relevant, collapses distinctions between reality and multiple nested belief states, and neglects how agents’ knowledge changes with perception or world constraints, so it often answers from an omniscient or naïve observer rather than the targeted character. Across many items, lingering linguistic and pragmatic ambiguities mean the model’s reality‑tracking, conservative, or literal interpretations are sometimes partially defensible against rubric expectations."
"3","51","Anna finds a storage crate in the museum hallway, the label on the crate is posters, Anna cannot see what is inside the crate, Anna opens the crate and finds umbrellas, there are no posters inside the crate, Anna closes the crate and slides it back under the table, Ben enters the hallway and sees the crate.","What should be inside the crate?","Umbrellas","Ropes","Posters","Frames","C","Taken together, these reasons portray a model that defaults to salience- and template-based heuristics—classic false-belief scripts, label‑equals‑contents, last‑mentioned item, or literal similes—instead of flexibly tracking the narrative. It repeatedly misidentifies whose perspective is relevant, collapses distinctions between reality and multiple nested belief states, and neglects how agents’ knowledge changes with perception or world constraints, so it often answers from an omniscient or naïve observer rather than the targeted character. Across many items, lingering linguistic and pragmatic ambiguities mean the model’s reality‑tracking, conservative, or literal interpretations are sometimes partially defensible against rubric expectations."
"3","52","Chen finds a folder in the office, the label on the folder is invoices, Chen cannot see what is inside the folder, Chen opens the folder and finds photos, there are no invoices inside the folder, Chen closes the folder and puts it back in the cabinet, Li enters the office and sees the folder.","What should be inside the folder?","Photos","Memos","Stamps","Invoices","D","Taken together, these reasons portray a model that defaults to salience- and template-based heuristics—classic false-belief scripts, label‑equals‑contents, last‑mentioned item, or literal similes—instead of flexibly tracking the narrative. It repeatedly misidentifies whose perspective is relevant, collapses distinctions between reality and multiple nested belief states, and neglects how agents’ knowledge changes with perception or world constraints, so it often answers from an omniscient or naïve observer rather than the targeted character. Across many items, lingering linguistic and pragmatic ambiguities mean the model’s reality‑tracking, conservative, or literal interpretations are sometimes partially defensible against rubric expectations."
"3","53","Nora finds a toolbox drawer in the garage, the label on the drawer is screws, Nora cannot see what is inside the drawer, Nora opens the drawer and finds a tape measure, there are no screws inside the drawer, Nora closes the drawer and slides it back, Omar enters the garage and sees the drawer.","What should be inside the drawer?","Tape measure","Screws","Nails","Sandpaper","B","Taken together, these reasons portray a model that defaults to salience- and template-based heuristics—classic false-belief scripts, label‑equals‑contents, last‑mentioned item, or literal similes—instead of flexibly tracking the narrative. It repeatedly misidentifies whose perspective is relevant, collapses distinctions between reality and multiple nested belief states, and neglects how agents’ knowledge changes with perception or world constraints, so it often answers from an omniscient or naïve observer rather than the targeted character. Across many items, lingering linguistic and pragmatic ambiguities mean the model’s reality‑tracking, conservative, or literal interpretations are sometimes partially defensible against rubric expectations."
"3","54","Ms. Patel finds a plastic bin in the classroom, the label on the bin is markers, Ms. Patel cannot see what is inside the bin, Ms. Patel opens the bin and finds erasers, there are no markers inside the bin, Ms. Patel closes the bin and returns it to the shelf, Leo enters the classroom and sees the bin.","What should be inside the bin?","Erasers","Crayons","Markers","Rulers","C","Taken together, these reasons portray a model that defaults to salience- and template-based heuristics—classic false-belief scripts, label‑equals‑contents, last‑mentioned item, or literal similes—instead of flexibly tracking the narrative. It repeatedly misidentifies whose perspective is relevant, collapses distinctions between reality and multiple nested belief states, and neglects how agents’ knowledge changes with perception or world constraints, so it often answers from an omniscient or naïve observer rather than the targeted character. Across many items, lingering linguistic and pragmatic ambiguities mean the model’s reality‑tracking, conservative, or literal interpretations are sometimes partially defensible against rubric expectations."
"3","55","Alex finds a cooler in the basement, the label on the cooler is soda, Alex cannot see what is inside the cooler, Alex opens the cooler and finds apples, there is no soda inside the cooler, Alex closes the cooler and pushes it back, Jamie enters the basement and sees the cooler.","What should be inside the cooler?","Apples","Ice","Water","Soda","D","Taken together, these reasons portray a model that defaults to salience- and template-based heuristics—classic false-belief scripts, label‑equals‑contents, last‑mentioned item, or literal similes—instead of flexibly tracking the narrative. It repeatedly misidentifies whose perspective is relevant, collapses distinctions between reality and multiple nested belief states, and neglects how agents’ knowledge changes with perception or world constraints, so it often answers from an omniscient or naïve observer rather than the targeted character. Across many items, lingering linguistic and pragmatic ambiguities mean the model’s reality‑tracking, conservative, or literal interpretations are sometimes partially defensible against rubric expectations."
"3","56","Priya finds a cardboard box in the garden shed, the label on the box is seeds, Priya cannot see what is inside the box, Priya opens the box and finds gloves, there are no seeds inside the box, Priya closes the box and places it on the shelf, Ravi enters the shed and sees the box.","What should be inside the box?","Rope","Seeds","Gloves","Pots","B","Taken together, these reasons portray a model that defaults to salience- and template-based heuristics—classic false-belief scripts, label‑equals‑contents, last‑mentioned item, or literal similes—instead of flexibly tracking the narrative. It repeatedly misidentifies whose perspective is relevant, collapses distinctions between reality and multiple nested belief states, and neglects how agents’ knowledge changes with perception or world constraints, so it often answers from an omniscient or naïve observer rather than the targeted character. Across many items, lingering linguistic and pragmatic ambiguities mean the model’s reality‑tracking, conservative, or literal interpretations are sometimes partially defensible against rubric expectations."
"3","57","Dana finds an envelope in the mailroom, the label on the envelope is tickets, Dana cannot see what is inside the envelope, Dana opens the envelope and finds brochures, there are no tickets inside the envelope, Dana reseals the envelope and puts it back in the mail tray, Evan enters the mailroom and sees the envelope.","What should be inside the envelope?","Brochures","Invitations","Stickers","Tickets","D","Taken together, these reasons portray a model that defaults to salience- and template-based heuristics—classic false-belief scripts, label‑equals‑contents, last‑mentioned item, or literal similes—instead of flexibly tracking the narrative. It repeatedly misidentifies whose perspective is relevant, collapses distinctions between reality and multiple nested belief states, and neglects how agents’ knowledge changes with perception or world constraints, so it often answers from an omniscient or naïve observer rather than the targeted character. Across many items, lingering linguistic and pragmatic ambiguities mean the model’s reality‑tracking, conservative, or literal interpretations are sometimes partially defensible against rubric expectations."
"3","58","Marco finds a long tube in the art studio, the label on the tube is blueprints, Marco cannot see what is inside the tube, Marco opens the tube and finds a scarf, there are no blueprints inside the tube, Marco closes the tube and leans it against the wall, Mia enters the studio and sees the tube.","What should be inside the tube?","Scarf","Blueprints","Paints","Paper clips","B","Taken together, these reasons portray a model that defaults to salience- and template-based heuristics—classic false-belief scripts, label‑equals‑contents, last‑mentioned item, or literal similes—instead of flexibly tracking the narrative. It repeatedly misidentifies whose perspective is relevant, collapses distinctions between reality and multiple nested belief states, and neglects how agents’ knowledge changes with perception or world constraints, so it often answers from an omniscient or naïve observer rather than the targeted character. Across many items, lingering linguistic and pragmatic ambiguities mean the model’s reality‑tracking, conservative, or literal interpretations are sometimes partially defensible against rubric expectations."
"3","59","Sam finds a clear container in the pantry, the label on the container is flour, Sam cannot see what is inside the container because it is opaque, Sam opens the container and finds pasta, there is no flour inside the container, Sam closes the container and puts it back, Pat enters the pantry and sees the container.","What should be inside the container?","Pasta","Flour","Sugar","Lentils","B","Taken together, these reasons portray a model that defaults to salience- and template-based heuristics—classic false-belief scripts, label‑equals‑contents, last‑mentioned item, or literal similes—instead of flexibly tracking the narrative. It repeatedly misidentifies whose perspective is relevant, collapses distinctions between reality and multiple nested belief states, and neglects how agents’ knowledge changes with perception or world constraints, so it often answers from an omniscient or naïve observer rather than the targeted character. Across many items, lingering linguistic and pragmatic ambiguities mean the model’s reality‑tracking, conservative, or literal interpretations are sometimes partially defensible against rubric expectations."
"3","60","Lena finds a toolbox in the garage, the label on the toolbox is wrenches, Lena cannot see what is inside the toolbox, Lena opens the toolbox and finds a paintbrush, there are no wrenches in the toolbox, Lena closes the toolbox and puts it back in its place, Marco enters the garage and sees the toolbox.","What should be inside the toolbox?","Rope","Wrenches","Paintbrush","Nails","B","Taken together, these reasons portray a model that defaults to salience- and template-based heuristics—classic false-belief scripts, label‑equals‑contents, last‑mentioned item, or literal similes—instead of flexibly tracking the narrative. It repeatedly misidentifies whose perspective is relevant, collapses distinctions between reality and multiple nested belief states, and neglects how agents’ knowledge changes with perception or world constraints, so it often answers from an omniscient or naïve observer rather than the targeted character. Across many items, lingering linguistic and pragmatic ambiguities mean the model’s reality‑tracking, conservative, or literal interpretations are sometimes partially defensible against rubric expectations."
"3","61","Maya finds a binder in the school library, the label on the binder is maps, Maya cannot see what is inside the binder, Maya opens the binder and finds stickers, there are no maps in the binder, Maya closes the binder and puts it back in its place, Jorge enters the library and sees the binder.","What should be inside the binder?","Maps","Stickers","Erasers","Markers","A","Taken together, these reasons portray a model that defaults to salience- and template-based heuristics—classic false-belief scripts, label‑equals‑contents, last‑mentioned item, or literal similes—instead of flexibly tracking the narrative. It repeatedly misidentifies whose perspective is relevant, collapses distinctions between reality and multiple nested belief states, and neglects how agents’ knowledge changes with perception or world constraints, so it often answers from an omniscient or naïve observer rather than the targeted character. Across many items, lingering linguistic and pragmatic ambiguities mean the model’s reality‑tracking, conservative, or literal interpretations are sometimes partially defensible against rubric expectations."
"3","62","Chen finds a glass jar in the kitchen, the label on the jar is sugar, Chen cannot see what is inside the jar, Chen opens the jar and finds salt, there is no sugar in the jar, Chen closes the jar and puts it back in its place, Zara enters the kitchen and sees the jar.","What should be inside the jar?","Rice","Beans","Sugar","Salt","C","Taken together, these reasons portray a model that defaults to salience- and template-based heuristics—classic false-belief scripts, label‑equals‑contents, last‑mentioned item, or literal similes—instead of flexibly tracking the narrative. It repeatedly misidentifies whose perspective is relevant, collapses distinctions between reality and multiple nested belief states, and neglects how agents’ knowledge changes with perception or world constraints, so it often answers from an omniscient or naïve observer rather than the targeted character. Across many items, lingering linguistic and pragmatic ambiguities mean the model’s reality‑tracking, conservative, or literal interpretations are sometimes partially defensible against rubric expectations."
"3","63","Eva finds an envelope in the office, the label on the envelope is contracts, Eva cannot see what is inside the envelope, Eva opens the envelope and finds postcards, there are no contracts in the envelope, Eva closes the envelope and puts it back in its place, Ben enters the office and sees the envelope.","What should be inside the envelope?","Contracts","Postcards","Coins","Tickets","A","Taken together, these reasons portray a model that defaults to salience- and template-based heuristics—classic false-belief scripts, label‑equals‑contents, last‑mentioned item, or literal similes—instead of flexibly tracking the narrative. It repeatedly misidentifies whose perspective is relevant, collapses distinctions between reality and multiple nested belief states, and neglects how agents’ knowledge changes with perception or world constraints, so it often answers from an omniscient or naïve observer rather than the targeted character. Across many items, lingering linguistic and pragmatic ambiguities mean the model’s reality‑tracking, conservative, or literal interpretations are sometimes partially defensible against rubric expectations."
"3","64","Rina finds a plastic container in the lab, the label on the container is gloves, Rina cannot see what is inside the container, Rina opens the container and finds goggles, there are no gloves in the container, Rina closes the container and puts it back in its place, Dana enters the lab and sees the container.","What should be inside the container?","Goggles","Gloves","Tape","Cups","B","Taken together, these reasons portray a model that defaults to salience- and template-based heuristics—classic false-belief scripts, label‑equals‑contents, last‑mentioned item, or literal similes—instead of flexibly tracking the narrative. It repeatedly misidentifies whose perspective is relevant, collapses distinctions between reality and multiple nested belief states, and neglects how agents’ knowledge changes with perception or world constraints, so it often answers from an omniscient or naïve observer rather than the targeted character. Across many items, lingering linguistic and pragmatic ambiguities mean the model’s reality‑tracking, conservative, or literal interpretations are sometimes partially defensible against rubric expectations."
"3","65","Yusuf finds a metal tin in the cabin, the label on the tin is bandages, Yusuf cannot see what is inside the tin, Yusuf opens the tin and finds matches, there are no bandages in the tin, Yusuf closes the tin and puts it back in its place, Noor enters the cabin and sees the tin.","What should be inside the tin?","Matches","Candles","Bandages","Thread","C","Taken together, these reasons portray a model that defaults to salience- and template-based heuristics—classic false-belief scripts, label‑equals‑contents, last‑mentioned item, or literal similes—instead of flexibly tracking the narrative. It repeatedly misidentifies whose perspective is relevant, collapses distinctions between reality and multiple nested belief states, and neglects how agents’ knowledge changes with perception or world constraints, so it often answers from an omniscient or naïve observer rather than the targeted character. Across many items, lingering linguistic and pragmatic ambiguities mean the model’s reality‑tracking, conservative, or literal interpretations are sometimes partially defensible against rubric expectations."
"3","66","Paolo finds a long case in the music room, the label on the case is flutes, Paolo cannot see what is inside the case, Paolo opens the case and finds a tambourine, there are no flutes in the case, Paolo closes the case and puts it back in its place, Lila enters the music room and sees the case.","What should be inside the case?","Flutes","Drumsticks","Tambourine","Sheet music","A","Taken together, these reasons portray a model that defaults to salience- and template-based heuristics—classic false-belief scripts, label‑equals‑contents, last‑mentioned item, or literal similes—instead of flexibly tracking the narrative. It repeatedly misidentifies whose perspective is relevant, collapses distinctions between reality and multiple nested belief states, and neglects how agents’ knowledge changes with perception or world constraints, so it often answers from an omniscient or naïve observer rather than the targeted character. Across many items, lingering linguistic and pragmatic ambiguities mean the model’s reality‑tracking, conservative, or literal interpretations are sometimes partially defensible against rubric expectations."
"3","67","Omar finds a canister in the pantry, the label on the canister is coffee, Omar cannot see what is inside the canister, Omar opens the canister and finds tea, there is no coffee in the canister, Omar closes the canister and puts it back in its place, Hana enters the pantry and sees the canister.","What should be inside the canister?","Tea","Sugar","Coffee","Pepper","C","Taken together, these reasons portray a model that defaults to salience- and template-based heuristics—classic false-belief scripts, label‑equals‑contents, last‑mentioned item, or literal similes—instead of flexibly tracking the narrative. It repeatedly misidentifies whose perspective is relevant, collapses distinctions between reality and multiple nested belief states, and neglects how agents’ knowledge changes with perception or world constraints, so it often answers from an omniscient or naïve observer rather than the targeted character. Across many items, lingering linguistic and pragmatic ambiguities mean the model’s reality‑tracking, conservative, or literal interpretations are sometimes partially defensible against rubric expectations."
"3","68","Victor finds a wooden crate in the warehouse, the label on the crate is tiles, Victor cannot see what is inside the crate, Victor opens the crate and finds bricks, there are no tiles in the crate, Victor closes the crate and puts it back in its place, Mei enters the warehouse and sees the crate.","What should be inside the crate?","Tiles","Bricks","Pipes","Sand","A","Taken together, these reasons portray a model that defaults to salience- and template-based heuristics—classic false-belief scripts, label‑equals‑contents, last‑mentioned item, or literal similes—instead of flexibly tracking the narrative. It repeatedly misidentifies whose perspective is relevant, collapses distinctions between reality and multiple nested belief states, and neglects how agents’ knowledge changes with perception or world constraints, so it often answers from an omniscient or naïve observer rather than the targeted character. Across many items, lingering linguistic and pragmatic ambiguities mean the model’s reality‑tracking, conservative, or literal interpretations are sometimes partially defensible against rubric expectations."
"3","69","Talia finds a drawer in the art studio, the label on the drawer is charcoal, Talia cannot see what is inside the drawer, Talia opens the drawer and finds colored pencils, there is no charcoal in the drawer, Talia closes the drawer and puts it back in its place, Arun enters the studio and sees the drawer.","What should be inside the drawer?","Charcoal","Clay","Colored pencils","Rags","A","Taken together, these reasons portray a model that defaults to salience- and template-based heuristics—classic false-belief scripts, label‑equals‑contents, last‑mentioned item, or literal similes—instead of flexibly tracking the narrative. It repeatedly misidentifies whose perspective is relevant, collapses distinctions between reality and multiple nested belief states, and neglects how agents’ knowledge changes with perception or world constraints, so it often answers from an omniscient or naïve observer rather than the targeted character. Across many items, lingering linguistic and pragmatic ambiguities mean the model’s reality‑tracking, conservative, or literal interpretations are sometimes partially defensible against rubric expectations."
"3","70","Aria finds a shoebox in the attic, the label on the shoebox is photos, Aria cannot see what is inside the shoebox, Aria opens the shoebox and finds a scarf, there are no photos in the shoebox, Aria closes the shoebox and puts it back in its place, Ben enters the attic and sees the shoebox.","What should be inside the shoebox?","Photos","Scarf","Gloves","Coins","A","Taken together, these reasons portray a model that defaults to salience- and template-based heuristics—classic false-belief scripts, label‑equals‑contents, last‑mentioned item, or literal similes—instead of flexibly tracking the narrative. It repeatedly misidentifies whose perspective is relevant, collapses distinctions between reality and multiple nested belief states, and neglects how agents’ knowledge changes with perception or world constraints, so it often answers from an omniscient or naïve observer rather than the targeted character. Across many items, lingering linguistic and pragmatic ambiguities mean the model’s reality‑tracking, conservative, or literal interpretations are sometimes partially defensible against rubric expectations."
"3","71","Jun finds a lunchbox in the fridge, the label on the lunchbox is salad, Jun cannot see what is inside the lunchbox, Jun opens the lunchbox and finds a cake, there is no salad inside the lunchbox, Jun closes the lunchbox and puts it back in its place, Mira enters the kitchen and sees the lunchbox.","What should be inside the lunchbox?","Soup","Cake","Salad","Grapes","C","Taken together, these reasons portray a model that defaults to salience- and template-based heuristics—classic false-belief scripts, label‑equals‑contents, last‑mentioned item, or literal similes—instead of flexibly tracking the narrative. It repeatedly misidentifies whose perspective is relevant, collapses distinctions between reality and multiple nested belief states, and neglects how agents’ knowledge changes with perception or world constraints, so it often answers from an omniscient or naïve observer rather than the targeted character. Across many items, lingering linguistic and pragmatic ambiguities mean the model’s reality‑tracking, conservative, or literal interpretations are sometimes partially defensible against rubric expectations."
"3","72","Priya finds a binder in the office, the label on the binder is invoices, Priya cannot see what is inside the binder, Priya opens the binder and finds sketches, there are no invoices in the binder, Priya closes the binder and puts it back in its place, Leo enters the office and sees the binder.","What should be inside the binder?","Sketches","Invoices","Manuals","Stickers","B","Taken together, these reasons portray a model that defaults to salience- and template-based heuristics—classic false-belief scripts, label‑equals‑contents, last‑mentioned item, or literal similes—instead of flexibly tracking the narrative. It repeatedly misidentifies whose perspective is relevant, collapses distinctions between reality and multiple nested belief states, and neglects how agents’ knowledge changes with perception or world constraints, so it often answers from an omniscient or naïve observer rather than the targeted character. Across many items, lingering linguistic and pragmatic ambiguities mean the model’s reality‑tracking, conservative, or literal interpretations are sometimes partially defensible against rubric expectations."
"3","73","Omar finds a crate in the garage, the label on the crate is tools, Omar cannot see what is inside the crate, Omar opens the crate and finds toys, there are no tools in the crate, Omar closes the crate and puts it back in its place, Nina enters the garage and sees the crate.","What should be inside the crate?","Toys","Clothes","Tools","Books","C","Taken together, these reasons portray a model that defaults to salience- and template-based heuristics—classic false-belief scripts, label‑equals‑contents, last‑mentioned item, or literal similes—instead of flexibly tracking the narrative. It repeatedly misidentifies whose perspective is relevant, collapses distinctions between reality and multiple nested belief states, and neglects how agents’ knowledge changes with perception or world constraints, so it often answers from an omniscient or naïve observer rather than the targeted character. Across many items, lingering linguistic and pragmatic ambiguities mean the model’s reality‑tracking, conservative, or literal interpretations are sometimes partially defensible against rubric expectations."
"3","74","Lila finds a jar in the pantry, the label on the jar is sugar, Lila cannot see what is inside the jar, Lila opens the jar and finds rice, there is no sugar inside the jar, Lila closes the jar and puts it back in its place, Hana enters the pantry and sees the jar.","What should be inside the jar?","Pasta","Rice","Sugar","Flour","C","Taken together, these reasons portray a model that defaults to salience- and template-based heuristics—classic false-belief scripts, label‑equals‑contents, last‑mentioned item, or literal similes—instead of flexibly tracking the narrative. It repeatedly misidentifies whose perspective is relevant, collapses distinctions between reality and multiple nested belief states, and neglects how agents’ knowledge changes with perception or world constraints, so it often answers from an omniscient or naïve observer rather than the targeted character. Across many items, lingering linguistic and pragmatic ambiguities mean the model’s reality‑tracking, conservative, or literal interpretations are sometimes partially defensible against rubric expectations."
"3","75","Mateo finds a file folder on the desk, the label on the folder is tax forms, Mateo cannot see what is inside the folder, Mateo opens the folder and finds travel brochures, there are no tax forms in the folder, Mateo closes the folder and puts it back in its place, Zoe enters the office and sees the folder.","What should be inside the folder?","Travel brochures","Meeting notes","Tax forms","Receipts","C","Taken together, these reasons portray a model that defaults to salience- and template-based heuristics—classic false-belief scripts, label‑equals‑contents, last‑mentioned item, or literal similes—instead of flexibly tracking the narrative. It repeatedly misidentifies whose perspective is relevant, collapses distinctions between reality and multiple nested belief states, and neglects how agents’ knowledge changes with perception or world constraints, so it often answers from an omniscient or naïve observer rather than the targeted character. Across many items, lingering linguistic and pragmatic ambiguities mean the model’s reality‑tracking, conservative, or literal interpretations are sometimes partially defensible against rubric expectations."
"3","76","Ken finds a shipping box in the hallway, the label on the box is books, Ken cannot see what is inside the box, Ken opens the box and finds shoes, there are no books in the box, Ken closes the box and puts it back in its place, Sara enters the hallway and sees the box.","What should be inside the box?","Shoes","Books","Pillows","Cables","B","Taken together, these reasons portray a model that defaults to salience- and template-based heuristics—classic false-belief scripts, label‑equals‑contents, last‑mentioned item, or literal similes—instead of flexibly tracking the narrative. It repeatedly misidentifies whose perspective is relevant, collapses distinctions between reality and multiple nested belief states, and neglects how agents’ knowledge changes with perception or world constraints, so it often answers from an omniscient or naïve observer rather than the targeted character. Across many items, lingering linguistic and pragmatic ambiguities mean the model’s reality‑tracking, conservative, or literal interpretations are sometimes partially defensible against rubric expectations."
"3","77","Hana finds a case in the music room, the label on the case is violin, Hana cannot see what is inside the case, Hana opens the case and finds a flute, there is no violin inside the case, Hana closes the case and puts it back in its place, Yuki enters the music room and sees the case.","What should be inside the case?","Drumsticks","Violin","Flute","Sheet music","B","Taken together, these reasons portray a model that defaults to salience- and template-based heuristics—classic false-belief scripts, label‑equals‑contents, last‑mentioned item, or literal similes—instead of flexibly tracking the narrative. It repeatedly misidentifies whose perspective is relevant, collapses distinctions between reality and multiple nested belief states, and neglects how agents’ knowledge changes with perception or world constraints, so it often answers from an omniscient or naïve observer rather than the targeted character. Across many items, lingering linguistic and pragmatic ambiguities mean the model’s reality‑tracking, conservative, or literal interpretations are sometimes partially defensible against rubric expectations."
"3","78","Hugo finds a safe deposit envelope in the vault, the label on the envelope is keys, Hugo cannot see what is inside the envelope, Hugo opens the envelope and finds passports, there are no keys in the envelope, Hugo seals the envelope and puts it back in its place, Ava enters the vault and sees the envelope.","What should be inside the envelope?","Passports","Receipts","Keys","Photos","C","Taken together, these reasons portray a model that defaults to salience- and template-based heuristics—classic false-belief scripts, label‑equals‑contents, last‑mentioned item, or literal similes—instead of flexibly tracking the narrative. It repeatedly misidentifies whose perspective is relevant, collapses distinctions between reality and multiple nested belief states, and neglects how agents’ knowledge changes with perception or world constraints, so it often answers from an omniscient or naïve observer rather than the targeted character. Across many items, lingering linguistic and pragmatic ambiguities mean the model’s reality‑tracking, conservative, or literal interpretations are sometimes partially defensible against rubric expectations."
"3","79","Sora finds a cooler at the picnic, the label on the cooler is drinks, Sora cannot see what is inside the cooler, Sora opens the cooler and finds sandwiches, there are no drinks in the cooler, Sora closes the cooler and puts it back in its place, Diego arrives at the picnic and sees the cooler.","What should be inside the cooler?","Ice","Sandwiches","Drinks","Plates","C","Taken together, these reasons portray a model that defaults to salience- and template-based heuristics—classic false-belief scripts, label‑equals‑contents, last‑mentioned item, or literal similes—instead of flexibly tracking the narrative. It repeatedly misidentifies whose perspective is relevant, collapses distinctions between reality and multiple nested belief states, and neglects how agents’ knowledge changes with perception or world constraints, so it often answers from an omniscient or naïve observer rather than the targeted character. Across many items, lingering linguistic and pragmatic ambiguities mean the model’s reality‑tracking, conservative, or literal interpretations are sometimes partially defensible against rubric expectations."
"3","80","Lina finds a supply box in the art room, the label on the box is markers, Lina cannot see what is inside the box, Lina opens the box and finds scissors, there are no markers in the box, Lina closes the box and puts it back in its place, Arun enters the art room and sees the box.","What should be inside the box?","Markers","Scissors","Tape","Ruler","A","Taken together, these reasons portray a model that defaults to salience- and template-based heuristics—classic false-belief scripts, label‑equals‑contents, last‑mentioned item, or literal similes—instead of flexibly tracking the narrative. It repeatedly misidentifies whose perspective is relevant, collapses distinctions between reality and multiple nested belief states, and neglects how agents’ knowledge changes with perception or world constraints, so it often answers from an omniscient or naïve observer rather than the targeted character. Across many items, lingering linguistic and pragmatic ambiguities mean the model’s reality‑tracking, conservative, or literal interpretations are sometimes partially defensible against rubric expectations."
"3","81","Mei finds a jar in the kitchen, the label on the jar is sugar, Mei cannot see what is inside the jar, Mei opens the jar and finds rice, there is no sugar in the jar, Mei closes the jar and puts it back on the counter, Diego enters the kitchen and sees the jar.","What should be inside the jar?","Salt","Rice","Sugar","Beans","C","Taken together, these reasons portray a model that defaults to salience- and template-based heuristics—classic false-belief scripts, label‑equals‑contents, last‑mentioned item, or literal similes—instead of flexibly tracking the narrative. It repeatedly misidentifies whose perspective is relevant, collapses distinctions between reality and multiple nested belief states, and neglects how agents’ knowledge changes with perception or world constraints, so it often answers from an omniscient or naïve observer rather than the targeted character. Across many items, lingering linguistic and pragmatic ambiguities mean the model’s reality‑tracking, conservative, or literal interpretations are sometimes partially defensible against rubric expectations."
"3","82","Tom finds a locker in the school gym, the label on the locker is helmets, Tom cannot see what is inside the locker, Tom opens the locker and finds tennis balls, there are no helmets in the locker, Tom closes the locker and leaves it where it was, Hana enters the gym and sees the locker.","What should be inside the locker?","Helmets","Tennis balls","Cones","Nets","A","Taken together, these reasons portray a model that defaults to salience- and template-based heuristics—classic false-belief scripts, label‑equals‑contents, last‑mentioned item, or literal similes—instead of flexibly tracking the narrative. It repeatedly misidentifies whose perspective is relevant, collapses distinctions between reality and multiple nested belief states, and neglects how agents’ knowledge changes with perception or world constraints, so it often answers from an omniscient or naïve observer rather than the targeted character. Across many items, lingering linguistic and pragmatic ambiguities mean the model’s reality‑tracking, conservative, or literal interpretations are sometimes partially defensible against rubric expectations."
"3","83","Yusuf finds an envelope on the hallway table, the label on the envelope is tickets, Yusuf cannot see what is inside the envelope, Yusuf opens the envelope and finds a photo, there are no tickets in the envelope, Yusuf seals the envelope and puts it back, Fatima enters the hallway and sees the envelope.","What should be inside the envelope?","Tickets","Photo","Coins","Note","A","Taken together, these reasons portray a model that defaults to salience- and template-based heuristics—classic false-belief scripts, label‑equals‑contents, last‑mentioned item, or literal similes—instead of flexibly tracking the narrative. It repeatedly misidentifies whose perspective is relevant, collapses distinctions between reality and multiple nested belief states, and neglects how agents’ knowledge changes with perception or world constraints, so it often answers from an omniscient or naïve observer rather than the targeted character. Across many items, lingering linguistic and pragmatic ambiguities mean the model’s reality‑tracking, conservative, or literal interpretations are sometimes partially defensible against rubric expectations."
"3","84","Carla finds a wooden crate in the garage, the label on the crate is apples, Carla cannot see what is inside the crate, Carla opens the crate and finds paint cans, there are no apples in the crate, Carla closes the crate and pushes it back under the shelf, Jae enters the garage and sees the crate.","What should be inside the crate?","Apples","Paint cans","Oranges","Books","A","Taken together, these reasons portray a model that defaults to salience- and template-based heuristics—classic false-belief scripts, label‑equals‑contents, last‑mentioned item, or literal similes—instead of flexibly tracking the narrative. It repeatedly misidentifies whose perspective is relevant, collapses distinctions between reality and multiple nested belief states, and neglects how agents’ knowledge changes with perception or world constraints, so it often answers from an omniscient or naïve observer rather than the targeted character. Across many items, lingering linguistic and pragmatic ambiguities mean the model’s reality‑tracking, conservative, or literal interpretations are sometimes partially defensible against rubric expectations."
"3","85","Noah finds a toolbox on the porch, the label on the toolbox is wrenches, Noah cannot see what is inside the toolbox, Noah opens the toolbox and finds a flashlight, there are no wrenches in the toolbox, Noah closes the toolbox and puts it back by the door, Priya steps onto the porch and sees the toolbox.","What should be inside the toolbox?","Nails","Flashlight","Wrenches","Gloves","C","Taken together, these reasons portray a model that defaults to salience- and template-based heuristics—classic false-belief scripts, label‑equals‑contents, last‑mentioned item, or literal similes—instead of flexibly tracking the narrative. It repeatedly misidentifies whose perspective is relevant, collapses distinctions between reality and multiple nested belief states, and neglects how agents’ knowledge changes with perception or world constraints, so it often answers from an omniscient or naïve observer rather than the targeted character. Across many items, lingering linguistic and pragmatic ambiguities mean the model’s reality‑tracking, conservative, or literal interpretations are sometimes partially defensible against rubric expectations."
"3","86","Omar finds a tin in the pantry, the label on the tin is tea, Omar cannot see what is inside the tin, Omar opens the tin and finds cookies, there is no tea in the tin, Omar closes the tin and puts it back on the shelf, Sofia enters the pantry and sees the tin.","What should be inside the tin?","Tea","Cookies","Pasta","Coffee","A","Taken together, these reasons portray a model that defaults to salience- and template-based heuristics—classic false-belief scripts, label‑equals‑contents, last‑mentioned item, or literal similes—instead of flexibly tracking the narrative. It repeatedly misidentifies whose perspective is relevant, collapses distinctions between reality and multiple nested belief states, and neglects how agents’ knowledge changes with perception or world constraints, so it often answers from an omniscient or naïve observer rather than the targeted character. Across many items, lingering linguistic and pragmatic ambiguities mean the model’s reality‑tracking, conservative, or literal interpretations are sometimes partially defensible against rubric expectations."
"3","87","Nina finds a folder on the computer desktop, the label on the folder is invoices, Nina cannot see what is inside the folder, Nina opens the folder and finds vacation photos, there are no invoices in the folder, Nina closes the folder and returns to work, Leo sits at the computer and sees the folder.","What should be inside the folder?","Invoices","Photos","Songs","Code","A","Taken together, these reasons portray a model that defaults to salience- and template-based heuristics—classic false-belief scripts, label‑equals‑contents, last‑mentioned item, or literal similes—instead of flexibly tracking the narrative. It repeatedly misidentifies whose perspective is relevant, collapses distinctions between reality and multiple nested belief states, and neglects how agents’ knowledge changes with perception or world constraints, so it often answers from an omniscient or naïve observer rather than the targeted character. Across many items, lingering linguistic and pragmatic ambiguities mean the model’s reality‑tracking, conservative, or literal interpretations are sometimes partially defensible against rubric expectations."
"3","88","Ravi finds a medicine bottle in the bathroom cabinet, the label on the bottle is vitamin C, Ravi cannot see what is inside the bottle, Ravi opens the bottle and finds marbles, there is no vitamin C in the bottle, Ravi closes the bottle and puts it back in the cabinet, Elena enters the bathroom and sees the bottle.","What should be inside the bottle?","Vitamin C","Marbles","Buttons","Candy","A","Taken together, these reasons portray a model that defaults to salience- and template-based heuristics—classic false-belief scripts, label‑equals‑contents, last‑mentioned item, or literal similes—instead of flexibly tracking the narrative. It repeatedly misidentifies whose perspective is relevant, collapses distinctions between reality and multiple nested belief states, and neglects how agents’ knowledge changes with perception or world constraints, so it often answers from an omniscient or naïve observer rather than the targeted character. Across many items, lingering linguistic and pragmatic ambiguities mean the model’s reality‑tracking, conservative, or literal interpretations are sometimes partially defensible against rubric expectations."
"3","89","Marta finds a freezer box in the kitchen, the label on the box is ice cream, Marta cannot see what is inside the box, Marta opens the box and finds frozen peas, there is no ice cream in the box, Marta closes the box and slides it back into the freezer, Jonas opens the freezer and sees the box.","What should be inside the box?","Ice cream","Frozen peas","Meat","Dumplings","A","Taken together, these reasons portray a model that defaults to salience- and template-based heuristics—classic false-belief scripts, label‑equals‑contents, last‑mentioned item, or literal similes—instead of flexibly tracking the narrative. It repeatedly misidentifies whose perspective is relevant, collapses distinctions between reality and multiple nested belief states, and neglects how agents’ knowledge changes with perception or world constraints, so it often answers from an omniscient or naïve observer rather than the targeted character. Across many items, lingering linguistic and pragmatic ambiguities mean the model’s reality‑tracking, conservative, or literal interpretations are sometimes partially defensible against rubric expectations."
"3","90","Lina finds a locker in the museum workshop, the label on the locker is brushes, Lina cannot see what is inside the locker, Lina opens the locker and finds a flashlight, there are no brushes in the locker, Lina closes the locker and puts it back in its place, Marco enters the workshop and sees the locker.","What should be inside the locker?","Brushes","Flashlight","Gloves","Tape","A","Taken together, these reasons portray a model that defaults to salience- and template-based heuristics—classic false-belief scripts, label‑equals‑contents, last‑mentioned item, or literal similes—instead of flexibly tracking the narrative. It repeatedly misidentifies whose perspective is relevant, collapses distinctions between reality and multiple nested belief states, and neglects how agents’ knowledge changes with perception or world constraints, so it often answers from an omniscient or naïve observer rather than the targeted character. Across many items, lingering linguistic and pragmatic ambiguities mean the model’s reality‑tracking, conservative, or literal interpretations are sometimes partially defensible against rubric expectations."
"3","91","Wei finds a cabinet in the teachers' lounge, the label on the cabinet is chalk, Wei cannot see what is inside the cabinet, Wei opens the cabinet and finds apples, there is no chalk inside the cabinet, Wei closes the cabinet and puts it back in its place, Ana enters the lounge and sees the cabinet.","What should be inside the cabinet?","Apples","Chalk","Plates","Soap","B","Taken together, these reasons portray a model that defaults to salience- and template-based heuristics—classic false-belief scripts, label‑equals‑contents, last‑mentioned item, or literal similes—instead of flexibly tracking the narrative. It repeatedly misidentifies whose perspective is relevant, collapses distinctions between reality and multiple nested belief states, and neglects how agents’ knowledge changes with perception or world constraints, so it often answers from an omniscient or naïve observer rather than the targeted character. Across many items, lingering linguistic and pragmatic ambiguities mean the model’s reality‑tracking, conservative, or literal interpretations are sometimes partially defensible against rubric expectations."
"3","92","Omar finds a jar in the kitchen, the label on the jar is tea, Omar cannot see what is inside the jar, Omar opens the jar and finds coins, there is no tea inside the jar, Omar closes the jar and puts it back in its place, Sara enters the kitchen and sees the jar.","What should be inside the jar?","Coins","Sugar","Tea","Pepper","C","Taken together, these reasons portray a model that defaults to salience- and template-based heuristics—classic false-belief scripts, label‑equals‑contents, last‑mentioned item, or literal similes—instead of flexibly tracking the narrative. It repeatedly misidentifies whose perspective is relevant, collapses distinctions between reality and multiple nested belief states, and neglects how agents’ knowledge changes with perception or world constraints, so it often answers from an omniscient or naïve observer rather than the targeted character. Across many items, lingering linguistic and pragmatic ambiguities mean the model’s reality‑tracking, conservative, or literal interpretations are sometimes partially defensible against rubric expectations."
"3","93","Noah finds a gym bag in the locker room, the label on the bag is towels, Noah cannot see what is inside the bag, Noah opens the bag and finds a basketball, there are no towels in the bag, Noah closes the bag and puts it back in its place, Mia enters the locker room and sees the bag.","What should be inside the bag?","Basketball","Towels","Water bottle","Sneakers","B","Taken together, these reasons portray a model that defaults to salience- and template-based heuristics—classic false-belief scripts, label‑equals‑contents, last‑mentioned item, or literal similes—instead of flexibly tracking the narrative. It repeatedly misidentifies whose perspective is relevant, collapses distinctions between reality and multiple nested belief states, and neglects how agents’ knowledge changes with perception or world constraints, so it often answers from an omniscient or naïve observer rather than the targeted character. Across many items, lingering linguistic and pragmatic ambiguities mean the model’s reality‑tracking, conservative, or literal interpretations are sometimes partially defensible against rubric expectations."
"3","94","Priya finds a folder in the office, the label on the folder is invoices, Priya cannot see what is inside the folder, Priya opens the folder and finds postcards, there are no invoices in the folder, Priya closes the folder and puts it back in its place, Leo enters the office and sees the folder.","What should be inside the folder?","Postcards","Receipts","Invoices","Stamps","C","Taken together, these reasons portray a model that defaults to salience- and template-based heuristics—classic false-belief scripts, label‑equals‑contents, last‑mentioned item, or literal similes—instead of flexibly tracking the narrative. It repeatedly misidentifies whose perspective is relevant, collapses distinctions between reality and multiple nested belief states, and neglects how agents’ knowledge changes with perception or world constraints, so it often answers from an omniscient or naïve observer rather than the targeted character. Across many items, lingering linguistic and pragmatic ambiguities mean the model’s reality‑tracking, conservative, or literal interpretations are sometimes partially defensible against rubric expectations."
"3","95","Chen finds a crate in the warehouse, the label on the crate is books, Chen cannot see what is inside the crate, Chen opens the crate and finds pillows, there are no books in the crate, Chen closes the crate and puts it back in its place, Nina enters the warehouse and sees the crate.","What should be inside the crate?","Pillows","Ladders","Books","Lamps","C","Taken together, these reasons portray a model that defaults to salience- and template-based heuristics—classic false-belief scripts, label‑equals‑contents, last‑mentioned item, or literal similes—instead of flexibly tracking the narrative. It repeatedly misidentifies whose perspective is relevant, collapses distinctions between reality and multiple nested belief states, and neglects how agents’ knowledge changes with perception or world constraints, so it often answers from an omniscient or naïve observer rather than the targeted character. Across many items, lingering linguistic and pragmatic ambiguities mean the model’s reality‑tracking, conservative, or literal interpretations are sometimes partially defensible against rubric expectations."
"3","96","Tom finds a drawer in the refrigerator, the label on the drawer is vegetables, Tom cannot see what is inside the drawer, Tom opens the drawer and finds soda cans, there are no vegetables in the drawer, Tom closes the drawer and puts it back in its place, Ellie enters the kitchen and sees the drawer.","What should be inside the drawer?","Soda cans","Vegetables","Cheese","Ice","B","Taken together, these reasons portray a model that defaults to salience- and template-based heuristics—classic false-belief scripts, label‑equals‑contents, last‑mentioned item, or literal similes—instead of flexibly tracking the narrative. It repeatedly misidentifies whose perspective is relevant, collapses distinctions between reality and multiple nested belief states, and neglects how agents’ knowledge changes with perception or world constraints, so it often answers from an omniscient or naïve observer rather than the targeted character. Across many items, lingering linguistic and pragmatic ambiguities mean the model’s reality‑tracking, conservative, or literal interpretations are sometimes partially defensible against rubric expectations."
"3","97","Jacob finds a storage bin in the garden shed, the label on the bin is seeds, Jacob cannot see what is inside the bin, Jacob opens the bin and finds nails, there are no seeds in the bin, Jacob closes the bin and puts it back in its place, Rosa enters the shed and sees the bin.","What should be inside the bin?","Soil","Seeds","Nails","Twine","B","Taken together, these reasons portray a model that defaults to salience- and template-based heuristics—classic false-belief scripts, label‑equals‑contents, last‑mentioned item, or literal similes—instead of flexibly tracking the narrative. It repeatedly misidentifies whose perspective is relevant, collapses distinctions between reality and multiple nested belief states, and neglects how agents’ knowledge changes with perception or world constraints, so it often answers from an omniscient or naïve observer rather than the targeted character. Across many items, lingering linguistic and pragmatic ambiguities mean the model’s reality‑tracking, conservative, or literal interpretations are sometimes partially defensible against rubric expectations."
"3","98","Carla finds a mailroom cubby on a shelf, the label on the cubby is outgoing mail, Carla cannot see what is inside the cubby, Carla looks inside and finds cookies, there is no outgoing mail in the cubby, Carla closes the cubby and puts it back in its place, Ben enters the mailroom and sees the cubby.","What should be inside the cubby?","Cookies","Outgoing mail","Magazines","Keys","B","Taken together, these reasons portray a model that defaults to salience- and template-based heuristics—classic false-belief scripts, label‑equals‑contents, last‑mentioned item, or literal similes—instead of flexibly tracking the narrative. It repeatedly misidentifies whose perspective is relevant, collapses distinctions between reality and multiple nested belief states, and neglects how agents’ knowledge changes with perception or world constraints, so it often answers from an omniscient or naïve observer rather than the targeted character. Across many items, lingering linguistic and pragmatic ambiguities mean the model’s reality‑tracking, conservative, or literal interpretations are sometimes partially defensible against rubric expectations."
"3","99","Hugo finds an envelope on a desk, the label on the envelope is rent, Hugo cannot see what is inside the envelope, Hugo opens the envelope and finds concert tickets, there is no rent money inside the envelope, Hugo closes the envelope and puts it back in its place, Alice enters the room and sees the envelope.","What should be inside the envelope?","Rent money","Stamps","Concert tickets","Photos","A","Taken together, these reasons portray a model that defaults to salience- and template-based heuristics—classic false-belief scripts, label‑equals‑contents, last‑mentioned item, or literal similes—instead of flexibly tracking the narrative. It repeatedly misidentifies whose perspective is relevant, collapses distinctions between reality and multiple nested belief states, and neglects how agents’ knowledge changes with perception or world constraints, so it often answers from an omniscient or naïve observer rather than the targeted character. Across many items, lingering linguistic and pragmatic ambiguities mean the model’s reality‑tracking, conservative, or literal interpretations are sometimes partially defensible against rubric expectations."
