index,STORY,QUESTION,OPTION-A,OPTION-B,OPTION-C,OPTION-D,ANSWER,SOURCE_FILE,gpt_full_response,gpt_reasoning,gpt_response,claude_full_response,claude_reasoning,claude_response
24,"Xiao Ping learns a dish at school today, and excitedly goes home to cook a dish for his mother. When Xiao Ping's mother comes home, she sees that her son actually cooks a dish for her. She takes a bite and it tastes quite good. She feels very gratified and moved, and her eyes become moist. Xiao Ping sees his mother crying, and guiltily says ""Sorry mom, I don't know how to cook, if it doesn't taste good, don't eat it.""",Does the mother feel surprised after hearing her son's words?,Yes,No,,,A,Strange Story Task,"The story mentions that the mother feels *gratified* and *moved*, and her eyes become moist. There is no mention or implication that she feels *surprised* after hearing her son's words. Her emotional state is described as touched, not surprised.

Therefore, the most likely answer is:

[[B]]","The story mentions that the mother feels *gratified* and *moved*, and her eyes become moist. There is no mention or implication that she feels *surprised* after hearing her son's words. Her emotional state is described as touched, not surprised.

Therefore, the most likely answer is:",B,"Let me analyze this step by step.

**Understanding the situation:**
1. Xiao Ping learned to cook at school and made a dish for his mother
2. The mother tasted it and found it ""quite good""
3. The mother felt ""gratified and moved"" and her eyes became moist (tears of joy/pride)
4. Xiao Ping saw his mother crying and misunderstood the tears as negative
5. Xiao Ping apologized, thinking the dish didn't taste good

**Analyzing the mother's likely reaction:**

The mother was crying because she was:
- Touched by her son's thoughtful gesture
- Happy that the dish tasted good
- Proud of her son

However, Xiao Ping completely misinterpreted her tears as disappointment and apologized, saying ""if it doesn't taste good, don't eat it.""

**Would the mother be surprised?**

Yes, the mother would likely be surprised because:
- She just thought the dish tasted ""quite good""
- She was crying tears of happiness, not sadness
- Her son completely misunderstood her emotional response
- The apology is unexpected since she was actually pleased

The mother would be surprised that her son misread her positive emotional reaction as negative feedback about his cooking.

[[A]]","Let me analyze this step by step.

**Understanding the situation:**
1. Xiao Ping learned to cook at school and made a dish for his mother
2. The mother tasted it and found it ""quite good""
3. The mother felt ""gratified and moved"" and her eyes became moist (tears of joy/pride)
4. Xiao Ping saw his mother crying and misunderstood the tears as negative
5. Xiao Ping apologized, thinking the dish didn't taste good

**Analyzing the mother's likely reaction:**

The mother was crying because she was:
- Touched by her son's thoughtful gesture
- Happy that the dish tasted good
- Proud of her son

However, Xiao Ping completely misinterpreted her tears as disappointment and apologized, saying ""if it doesn't taste good, don't eat it.""

**Would the mother be surprised?**

Yes, the mother would likely be surprised because:
- She just thought the dish tasted ""quite good""
- She was crying tears of happiness, not sadness
- Her son completely misunderstood her emotional response
- The apology is unexpected since she was actually pleased

The mother would be surprised that her son misread her positive emotional reaction as negative feedback about his cooking.",A
49,"Xiao Li and Xiao Wei discuss the wedding date. Xiao Li says, ""We can choose June 15th or July 20th."" Xiao Wei thinks for a while and says, ""Perhaps July 20th is better."" Xiao Li thinks for a while and says softly, ""I respect your opinion."" Xiao Wei replies, ""Thank you for your understanding, I hope the weather is good that day.""",Does Xiao Li remember the death anniversary of Xiao Wei's father?,She remembers,She does not remember,,,A,Faux-pas Recognition Test,"Given only the story, there is no mention of Xiao Wei’s father or his death anniversary, and nothing indicates Xiao Li is taking such a date into account when proposing June 15th or July 20th. If June 15th (or July 20th) were the death anniversary and Xiao Li remembered it, it would be odd for her to propose that specific date as a wedding day. This suggests she likely does not have that date in mind.

Therefore, the most plausible answer is:

[[B]]","Given only the story, there is no mention of Xiao Wei’s father or his death anniversary, and nothing indicates Xiao Li is taking such a date into account when proposing June 15th or July 20th. If June 15th (or July 20th) were the death anniversary and Xiao Li remembered it, it would be odd for her to propose that specific date as a wedding day. This suggests she likely does not have that date in mind.

Therefore, the most plausible answer is:",B,"Let me analyze this step by step.

**Story Analysis:**
1. Xiao Li proposes two dates: June 15th or July 20th
2. Xiao Wei suggests July 20th is better (using ""perhaps"")
3. Xiao Li responds with ""I respect your opinion"" - notably described as saying this ""softly""
4. Xiao Wei thanks Xiao Li for understanding and hopes for good weather

**Key Observations:**
- The word ""softly"" when Xiao Li speaks suggests emotional sensitivity or awareness
- Xiao Wei says ""thank you for your understanding"" - this implies Xiao Li understood something unspoken
- The phrase ""understanding"" suggests Xiao Li grasped why Xiao Wei preferred July 20th over June 15th
- Xiao Wei's use of ""perhaps"" and the gratitude for ""understanding"" hints at an unstated reason for avoiding June 15th

**Inference:**
The most logical interpretation is that June 15th (or around that date) has significance - likely the death anniversary of Xiao Wei's father. When Xiao Wei suggested July 20th instead, Xiao Li understood the implicit reason (avoiding the father's death anniversary) and responded softly with respect. Xiao Wei's gratitude for ""understanding"" confirms that Xiao Li grasped this unspoken reason.

If Xiao Li didn't remember or know about the death anniversary, there would be no reason for:
- Speaking ""softly"" (showing emotional awareness)
- Xiao Wei to thank her for ""understanding"" (rather than just agreeing)

**Conclusion:**
The evidence strongly suggests Xiao Li remembers the death anniversary.

[[A]]","Let me analyze this step by step.

**Story Analysis:**
1. Xiao Li proposes two dates: June 15th or July 20th
2. Xiao Wei suggests July 20th is better (using ""perhaps"")
3. Xiao Li responds with ""I respect your opinion"" - notably described as saying this ""softly""
4. Xiao Wei thanks Xiao Li for understanding and hopes for good weather

**Key Observations:**
- The word ""softly"" when Xiao Li speaks suggests emotional sensitivity or awareness
- Xiao Wei says ""thank you for your understanding"" - this implies Xiao Li understood something unspoken
- The phrase ""understanding"" suggests Xiao Li grasped why Xiao Wei preferred July 20th over June 15th
- Xiao Wei's use of ""perhaps"" and the gratitude for ""understanding"" hints at an unstated reason for avoiding June 15th

**Inference:**
The most logical interpretation is that June 15th (or around that date) has significance - likely the death anniversary of Xiao Wei's father. When Xiao Wei suggested July 20th instead, Xiao Li understood the implicit reason (avoiding the father's death anniversary) and responded softly with respect. Xiao Wei's gratitude for ""understanding"" confirms that Xiao Li grasped this unspoken reason.

If Xiao Li didn't remember or know about the death anniversary, there would be no reason for:
- Speaking ""softly"" (showing emotional awareness)
- Xiao Wei to thank her for ""understanding"" (rather than just agreeing)

**Conclusion:**
The evidence strongly suggests Xiao Li remembers the death anniversary.",A
57,"Liu Yang is quietly reading his favorite novel in the coffee shop, suddenly, a customer is talking loudly on the phone behind him, completely disregarding others. He turns his head and finds that he does not know that person.","Liu Yang should show anger, but he shows happiness. Why is this?","Liu Yang recognizes that the customer is his old friend, he is happy because of the unexpected reunion.",Liu Yang hears the phone content is about his recent job application information.,"The customer who talks loudly on the phone is a famous comedian, Liu Yang is his fanatic fan, so he is very happy to see his idol at close range.","The phone content mentions a good news about an incredible job opportunity that an ordinary person is trying hard to get, this makes Liu Yang very happy.",B,Unexpected Outcome Test,"Liu Yang is bothered by the loud phone call, so he turns around.  
The text says he “does not know that person,” which can naturally mean he doesn’t *personally* know them. It does not rule out that the person could be a public figure whom he recognizes and admires.

Option A contradicts the story (it says he recognizes the customer as an old friend, but the story says he doesn’t know the person).  
Option B is far-fetched: a random stranger loudly talking about Liu Yang’s own job application in a café is highly unlikely.  
Option D is also weak: it’s uncommon that simply hearing a stranger’s good job news would override his irritation enough to make him genuinely happy.

Option C fits best: he realizes the loud caller is a famous comedian he’s a big fan of, so his initial annoyance turns into happiness at seeing his idol up close.

Thus, the most likely answer is:

[[C]]","Liu Yang is bothered by the loud phone call, so he turns around.  
The text says he “does not know that person,” which can naturally mean he doesn’t *personally* know them. It does not rule out that the person could be a public figure whom he recognizes and admires.

Option A contradicts the story (it says he recognizes the customer as an old friend, but the story says he doesn’t know the person).  
Option B is far-fetched: a random stranger loudly talking about Liu Yang’s own job application in a café is highly unlikely.  
Option D is also weak: it’s uncommon that simply hearing a stranger’s good job news would override his irritation enough to make him genuinely happy.

Option C fits best: he realizes the loud caller is a famous comedian he’s a big fan of, so his initial annoyance turns into happiness at seeing his idol up close.

Thus, the most likely answer is:",C,"Let me analyze this step by step.

**Given information:**
- Liu Yang is reading quietly in a coffee shop
- A customer behind him talks loudly on the phone, disregarding others
- Liu Yang turns his head and finds he does NOT know that person
- Liu Yang should show anger (due to the disturbance) but shows happiness instead

**Analyzing each option:**

**Option A:** ""Liu Yang recognizes that the customer is his old friend, he is happy because of the unexpected reunion.""
- This contradicts the story, which explicitly states ""he does not know that person""
- This cannot be correct

**Option B:** ""Liu Yang hears the phone content is about his recent job application information.""
- This would explain why he's happy instead of angry
- The loud phone call allowed him to overhear information relevant to him personally
- This is plausible and doesn't contradict the story

**Option C:** ""The customer who talks loudly on the phone is a famous comedian, Liu Yang is his fanatic fan, so he is very happy to see his idol at close range.""
- While this could explain happiness, the story says he ""does not know that person""
- If the person were a famous comedian and Liu Yang were a fanatic fan, he would likely recognize them
- This seems less likely

**Option D:** ""The phone content mentions a good news about an incredible job opportunity that an ordinary person is trying hard to get, this makes Liu Yang very happy.""
- This suggests Liu Yang is happy about news that doesn't directly involve him
- It's unusual for someone to be happy enough about a stranger's good fortune to override annoyance at being disturbed
- This seems less plausible

**Conclusion:**
Option B provides the most logical explanation - Liu Yang overhears information about his own job application, which directly affects him and would naturally override his annoyance at the disturbance.

[[B]]","Let me analyze this step by step.

**Given information:**
- Liu Yang is reading quietly in a coffee shop
- A customer behind him talks loudly on the phone, disregarding others
- Liu Yang turns his head and finds he does NOT know that person
- Liu Yang should show anger (due to the disturbance) but shows happiness instead

**Analyzing each option:**

**Option A:** ""Liu Yang recognizes that the customer is his old friend, he is happy because of the unexpected reunion.""
- This contradicts the story, which explicitly states ""he does not know that person""
- This cannot be correct

**Option B:** ""Liu Yang hears the phone content is about his recent job application information.""
- This would explain why he's happy instead of angry
- The loud phone call allowed him to overhear information relevant to him personally
- This is plausible and doesn't contradict the story

**Option C:** ""The customer who talks loudly on the phone is a famous comedian, Liu Yang is his fanatic fan, so he is very happy to see his idol at close range.""
- While this could explain happiness, the story says he ""does not know that person""
- If the person were a famous comedian and Liu Yang were a fanatic fan, he would likely recognize them
- This seems less likely

**Option D:** ""The phone content mentions a good news about an incredible job opportunity that an ordinary person is trying hard to get, this makes Liu Yang very happy.""
- This suggests Liu Yang is happy about news that doesn't directly involve him
- It's unusual for someone to be happy enough about a stranger's good fortune to override annoyance at being disturbed
- This seems less plausible

**Conclusion:**
Option B provides the most logical explanation - Liu Yang overhears information about his own job application, which directly affects him and would naturally override his annoyance at the disturbance.",B
99,"Zhao Yun is a city reporter, he hears that the community is about to start a new sustainable development project, the specific content and goals of this project do not disclose yet.","Zhao Yun should feel curious about this new project, but actually feels disappointed, why?","Zhao Yun investigates and finds that the project is an old plan named by the community with a new name, there is no innovation and change.",Zhao Yun guesses that this project may have a negative impact on the community environment.,"The person in charge of the project does not provide enough information for the public to understand, Zhao Yun expresses disappointment.","Zhao Yun finds that the project does a good job of keeping secrets during the investigation, which makes him feel frustrated.",A,Unexpected Outcome Test,"Zhao Yun hears about a *new* sustainable development project; normally this should make him *curious*. However, the story explicitly says that “the specific content and goals of this project do not disclose yet,” which suggests poor information disclosure and lack of transparency.

Among the options:

- A involves him discovering it’s just an old plan with a new name. The story doesn’t mention any such discovery.
- B says he *guesses* there may be negative impact; that’s more about worry than disappointment about the project itself being hidden.
- C directly matches the given situation: the person in charge does not provide enough information for the public to understand, leading to his disappointment.
- D talks about a good job of “keeping secrets during the investigation,” which goes beyond what the story states (no investigation is mentioned).

Therefore, the most consistent answer with the story is:

[[C]]","Zhao Yun hears about a *new* sustainable development project; normally this should make him *curious*. However, the story explicitly says that “the specific content and goals of this project do not disclose yet,” which suggests poor information disclosure and lack of transparency.

Among the options:

- A involves him discovering it’s just an old plan with a new name. The story doesn’t mention any such discovery.
- B says he *guesses* there may be negative impact; that’s more about worry than disappointment about the project itself being hidden.
- C directly matches the given situation: the person in charge does not provide enough information for the public to understand, leading to his disappointment.
- D talks about a good job of “keeping secrets during the investigation,” which goes beyond what the story states (no investigation is mentioned).

Therefore, the most consistent answer with the story is:",C,"Let me analyze this step by step.

**Understanding the situation:**
- Zhao Yun is a city reporter
- He hears about a new sustainable development project in the community
- The project details and goals are not yet disclosed
- The question asks why he feels disappointed instead of curious

**Analyzing each answer option:**

**Option A:** Zhao Yun investigates and finds the project is just an old plan with a new name, with no real innovation.
- This would explain disappointment - he discovered it's not actually ""new""
- As a reporter, he would investigate before forming opinions
- Finding out something advertised as ""new"" is actually recycled would be disappointing

**Option B:** Zhao Yun guesses the project may have negative environmental impact.
- This is just speculation/guessing without investigation
- A reporter would typically investigate rather than just guess
- Doesn't strongly explain why he'd feel disappointed rather than concerned

**Option C:** The project leader doesn't provide enough information, so Zhao Yun expresses disappointment.
- The story already states details aren't disclosed yet
- Lack of information would typically cause curiosity or frustration, not necessarily disappointment
- This seems like a normal situation for an unreleased project

**Option D:** The project keeps secrets well, making him feel frustrated.
- Says ""frustrated"" not ""disappointed"" (though related emotions)
- Good secrecy would be an obstacle but wouldn't necessarily cause disappointment

**Conclusion:**
Option A provides the strongest explanation for why Zhao Yun would feel disappointed instead of curious. He actually investigated (as a reporter would) and discovered the ""new"" project is merely an old plan rebranded, which would be genuinely disappointing.

[[A]]","Let me analyze this step by step.

**Understanding the situation:**
- Zhao Yun is a city reporter
- He hears about a new sustainable development project in the community
- The project details and goals are not yet disclosed
- The question asks why he feels disappointed instead of curious

**Analyzing each answer option:**

**Option A:** Zhao Yun investigates and finds the project is just an old plan with a new name, with no real innovation.
- This would explain disappointment - he discovered it's not actually ""new""
- As a reporter, he would investigate before forming opinions
- Finding out something advertised as ""new"" is actually recycled would be disappointing

**Option B:** Zhao Yun guesses the project may have negative environmental impact.
- This is just speculation/guessing without investigation
- A reporter would typically investigate rather than just guess
- Doesn't strongly explain why he'd feel disappointed rather than concerned

**Option C:** The project leader doesn't provide enough information, so Zhao Yun expresses disappointment.
- The story already states details aren't disclosed yet
- Lack of information would typically cause curiosity or frustration, not necessarily disappointment
- This seems like a normal situation for an unreleased project

**Option D:** The project keeps secrets well, making him feel frustrated.
- Says ""frustrated"" not ""disappointed"" (though related emotions)
- Good secrecy would be an obstacle but wouldn't necessarily cause disappointment

**Conclusion:**
Option A provides the strongest explanation for why Zhao Yun would feel disappointed instead of curious. He actually investigated (as a reporter would) and discovered the ""new"" project is merely an old plan rebranded, which would be genuinely disappointing.",A
103,"As the semester is about to start, Xiao Li and Xiao Zhang are both looking for roommates. They are good friends in college and often take classes together. One day, Xiao Li and Xiao Zhang meet in the library. Xiao Zhang asks, ""Who do you want to be your roommate for the new semester?"" Xiao Li replies, ""I am considering a few options, I may choose someone I have not lived with before."" Xiao Zhang is silent for a moment after hearing this, then says, ""Okay, I wish you a smooth choice."" Then he changes the subject and starts talking about other things. Later, Xiao Li and another classmate, Xiao Zhao, become roommates.","If there is one, which sentence is inappropriate?",Who do you want to be your roommate for the new semester?,"I am considering a few options, I may choose someone I have not lived with before.","Okay, I wish you a smooth choice.",There is no inappropriate sentence.,B,Faux-pas Recognition Test,"All three sentences fit naturally into the context and are pragmatically acceptable: the question, the honest reply, and the polite closing comment all make sense in this situation. Therefore, there is no inappropriate sentence.

[[D]]","All three sentences fit naturally into the context and are pragmatically acceptable: the question, the honest reply, and the polite closing comment all make sense in this situation. Therefore, there is no inappropriate sentence.",D,"Let me analyze this step by step.

**Context Analysis:**
- Xiao Li and Xiao Zhang are good friends who often take classes together
- Both are looking for roommates for the new semester
- They meet in the library and discuss roommate plans
- Xiao Zhang asks who Xiao Li wants as a roommate
- Xiao Li says he may choose someone he hasn't lived with before
- Xiao Zhang becomes silent, then wishes him well and changes the subject
- Xiao Li ends up rooming with Xiao Zhao (not Xiao Zhang)

**Evaluating Each Sentence:**

**A. ""Who do you want to be your roommate for the new semester?""**
- This is a natural question between friends who are both looking for roommates
- Appropriate in context

**B. ""I am considering a few options, I may choose someone I have not lived with before.""**
- Given that Xiao Li and Xiao Zhang are good friends and both looking for roommates, this response is somewhat indirect and potentially hurtful
- It implies Xiao Li doesn't want to room with Xiao Zhang (since they likely have lived together before, or at minimum, this statement excludes Xiao Zhang as an option)
- This could be seen as insensitive, especially when Xiao Zhang might have been hoping they would room together
- Xiao Zhang's silence after hearing this suggests he was hurt or disappointed

**C. ""Okay, I wish you a smooth choice.""**
- This is a polite, gracious response despite potential disappointment
- Appropriate given the circumstances

**D. ""There is no inappropriate sentence.""**
- This would only be correct if all sentences were appropriate

**Conclusion:**
Sentence B is the most inappropriate because it indirectly rejects Xiao Zhang as a roommate option in a somewhat insensitive way, especially given their friendship and the context that both are looking for roommates.

[[B]]","Let me analyze this step by step.

**Context Analysis:**
- Xiao Li and Xiao Zhang are good friends who often take classes together
- Both are looking for roommates for the new semester
- They meet in the library and discuss roommate plans
- Xiao Zhang asks who Xiao Li wants as a roommate
- Xiao Li says he may choose someone he hasn't lived with before
- Xiao Zhang becomes silent, then wishes him well and changes the subject
- Xiao Li ends up rooming with Xiao Zhao (not Xiao Zhang)

**Evaluating Each Sentence:**

**A. ""Who do you want to be your roommate for the new semester?""**
- This is a natural question between friends who are both looking for roommates
- Appropriate in context

**B. ""I am considering a few options, I may choose someone I have not lived with before.""**
- Given that Xiao Li and Xiao Zhang are good friends and both looking for roommates, this response is somewhat indirect and potentially hurtful
- It implies Xiao Li doesn't want to room with Xiao Zhang (since they likely have lived together before, or at minimum, this statement excludes Xiao Zhang as an option)
- This could be seen as insensitive, especially when Xiao Zhang might have been hoping they would room together
- Xiao Zhang's silence after hearing this suggests he was hurt or disappointed

**C. ""Okay, I wish you a smooth choice.""**
- This is a polite, gracious response despite potential disappointment
- Appropriate given the circumstances

**D. ""There is no inappropriate sentence.""**
- This would only be correct if all sentences were appropriate

**Conclusion:**
Sentence B is the most inappropriate because it indirectly rejects Xiao Zhang as a roommate option in a somewhat insensitive way, especially given their friendship and the context that both are looking for roommates.",B
105,"On weekend nights, Xiao Li and Xiao Wang have dinner in a romantic restaurant. In the conversation, Xiao Li says, ""Xiao Wang, I find a great apartment, we can consider moving in. What do you think?"" Xiao Wang is a bit surprised, stays silent for a while, then says, ""The atmosphere of this restaurant is really good."" Xiao Li continues, ""I think this is an important step in our relationship. Don't you think so too?""","If there is, which sentence is inappropriate?","Xiao Wang, I find a great apartment, we can consider moving in. What do you think?",The atmosphere of this restaurant is really good.,I think this is an important step in our relationship. Don't you think so too?,There is no inappropriate sentence,C,Faux-pas Recognition Test,"Xiao Li brings up an important, serious topic about their relationship and moving in together. Xiao Wang reacts with surprise, stays silent, and then changes the subject by commenting on the restaurant’s atmosphere instead of responding to the question.

This makes sentence B pragmatically inappropriate in the context, because it ignores the significant issue just raised and avoids answering.

So the most likely inappropriate sentence is:

[[B]]","Xiao Li brings up an important, serious topic about their relationship and moving in together. Xiao Wang reacts with surprise, stays silent, and then changes the subject by commenting on the restaurant’s atmosphere instead of responding to the question.

This makes sentence B pragmatically inappropriate in the context, because it ignores the significant issue just raised and avoids answering.

So the most likely inappropriate sentence is:",B,"Let me analyze this step by step.

**Context Analysis:**
- Xiao Li and Xiao Wang are having dinner at a romantic restaurant
- Xiao Li brings up the topic of moving in together
- Xiao Wang appears surprised and avoids the topic by commenting on the restaurant atmosphere
- Xiao Li persists with the topic, asking for Xiao Wang's agreement

**Examining each statement:**

**Option A:** ""Xiao Wang, I find a great apartment, we can consider moving in. What do you think?""
- This is a direct proposal about moving in together
- While potentially a sensitive topic, it's asked as a question seeking input
- Not inherently inappropriate

**Option B:** ""The atmosphere of this restaurant is really good.""
- This is clearly a deflection/avoidance of Xiao Li's question
- Xiao Wang changes the subject instead of responding to the proposal
- While evasive, it's not inappropriate - it's a polite way to avoid an uncomfortable topic

**Option C:** ""I think this is an important step in our relationship. Don't you think so too?""
- This statement is problematic because:
  1. Xiao Wang just avoided the topic, showing discomfort or unwillingness to discuss it
  2. Xiao Li ignores this clear signal and pushes harder
  3. The tag question ""Don't you think so too?"" pressures Xiao Wang to agree
  4. This creates an uncomfortable situation by not respecting Xiao Wang's obvious reluctance

**Option D:** ""There is no inappropriate sentence""
- Given the analysis above, this is unlikely

**Conclusion:**
The most inappropriate sentence is C, as it ignores Xiao Wang's clear avoidance signal and applies pressure through a leading question, which is inconsiderate in interpersonal communication.

[[C]]","Let me analyze this step by step.

**Context Analysis:**
- Xiao Li and Xiao Wang are having dinner at a romantic restaurant
- Xiao Li brings up the topic of moving in together
- Xiao Wang appears surprised and avoids the topic by commenting on the restaurant atmosphere
- Xiao Li persists with the topic, asking for Xiao Wang's agreement

**Examining each statement:**

**Option A:** ""Xiao Wang, I find a great apartment, we can consider moving in. What do you think?""
- This is a direct proposal about moving in together
- While potentially a sensitive topic, it's asked as a question seeking input
- Not inherently inappropriate

**Option B:** ""The atmosphere of this restaurant is really good.""
- This is clearly a deflection/avoidance of Xiao Li's question
- Xiao Wang changes the subject instead of responding to the proposal
- While evasive, it's not inappropriate - it's a polite way to avoid an uncomfortable topic

**Option C:** ""I think this is an important step in our relationship. Don't you think so too?""
- This statement is problematic because:
  1. Xiao Wang just avoided the topic, showing discomfort or unwillingness to discuss it
  2. Xiao Li ignores this clear signal and pushes harder
  3. The tag question ""Don't you think so too?"" pressures Xiao Wang to agree
  4. This creates an uncomfortable situation by not respecting Xiao Wang's obvious reluctance

**Option D:** ""There is no inappropriate sentence""
- Given the analysis above, this is unlikely

**Conclusion:**
The most inappropriate sentence is C, as it ignores Xiao Wang's clear avoidance signal and applies pressure through a leading question, which is inconsiderate in interpersonal communication.",C
119,"Li Ming and Xiao Hong are preparing to participate in the school's evening party, but Li Ming has forgotten the dance steps for his performance. When Xiao Hong asks him, ""How do we perform?"" Li Ming tries hard to remember and quickly answers, ""Of course, it's left turn, right turn, and then jump.""",Why does Li Ming answer like this?,Li Ming does not want to tell Xiao Hong the specific steps of the dance.,Li Ming forgets the dance steps of his dance performance.,"Li Ming intentionally provides incorrect information, wanting the performance to go wrong.","Li Ming indeed thinks that turning left, turning right, jumping up are the correct performance steps.",B,Strange Story Task,"Li Ming has already forgotten the real dance steps, but when Xiao Hong asks, he strains to recall and then confidently gives an answer. The description suggests he is *trying* to remember, not trying to deceive or hide anything. So he answers that way because he truly believes those are the correct steps, even though he's actually forgotten them.

Therefore, the best choice is:

[[D]]","Li Ming has already forgotten the real dance steps, but when Xiao Hong asks, he strains to recall and then confidently gives an answer. The description suggests he is *trying* to remember, not trying to deceive or hide anything. So he answers that way because he truly believes those are the correct steps, even though he's actually forgotten them.

Therefore, the best choice is:",D,"Let me analyze this step by step.

**Understanding the Story:**
- Li Ming and Xiao Hong are preparing for a school evening party
- Li Ming has forgotten the dance steps for his performance
- When Xiao Hong asks ""How do we perform?"", Li Ming tries hard to remember
- Li Ming quickly answers: ""Of course, it's left turn, right turn, and then jump""

**Analyzing Each Answer Option:**

**Option A:** ""Li Ming does not want to tell Xiao Hong the specific steps of the dance.""
- This doesn't align with the story. The story explicitly states Li Ming ""tries hard to remember,"" which shows he's making an effort to help, not withholding information.

**Option B:** ""Li Ming forgets the dance steps of his dance performance.""
- This directly matches what the story tells us: ""Li Ming has forgotten the dance steps for his performance""
- His answer of ""left turn, right turn, and then jump"" appears to be his attempt to recall what he has forgotten
- The phrase ""tries hard to remember"" suggests he's struggling to recall the correct steps

**Option C:** ""Li Ming intentionally provides incorrect information, wanting the performance to go wrong.""
- There's no evidence of malicious intent in the story
- The story shows Li Ming trying to help by attempting to remember

**Option D:** ""Li Ming indeed thinks that turning left, turning right, jumping up are the correct performance steps.""
- While he gives this answer, the story explicitly states he has forgotten the steps
- His ""trying hard to remember"" suggests uncertainty, not confidence in the correctness of his answer

**Conclusion:**
The story clearly states that Li Ming has forgotten the dance steps, and his answer is an attempt to recall them despite having forgotten. This directly supports Option B.

[[B]]","Let me analyze this step by step.

**Understanding the Story:**
- Li Ming and Xiao Hong are preparing for a school evening party
- Li Ming has forgotten the dance steps for his performance
- When Xiao Hong asks ""How do we perform?"", Li Ming tries hard to remember
- Li Ming quickly answers: ""Of course, it's left turn, right turn, and then jump""

**Analyzing Each Answer Option:**

**Option A:** ""Li Ming does not want to tell Xiao Hong the specific steps of the dance.""
- This doesn't align with the story. The story explicitly states Li Ming ""tries hard to remember,"" which shows he's making an effort to help, not withholding information.

**Option B:** ""Li Ming forgets the dance steps of his dance performance.""
- This directly matches what the story tells us: ""Li Ming has forgotten the dance steps for his performance""
- His answer of ""left turn, right turn, and then jump"" appears to be his attempt to recall what he has forgotten
- The phrase ""tries hard to remember"" suggests he's struggling to recall the correct steps

**Option C:** ""Li Ming intentionally provides incorrect information, wanting the performance to go wrong.""
- There's no evidence of malicious intent in the story
- The story shows Li Ming trying to help by attempting to remember

**Option D:** ""Li Ming indeed thinks that turning left, turning right, jumping up are the correct performance steps.""
- While he gives this answer, the story explicitly states he has forgotten the steps
- His ""trying hard to remember"" suggests uncertainty, not confidence in the correctness of his answer

**Conclusion:**
The story clearly states that Li Ming has forgotten the dance steps, and his answer is an attempt to recall them despite having forgotten. This directly supports Option B.",B
218,"Xiao Hong and Xiao Bei are wandering in the bank, they see the lockers and cabinets, they find a scarf in the locker, Xiao Bei leaves the bank, Xiao Hong moves the scarf to the cabinet.","After Xiao Bei returns to the bank, where does Xiao Bei think Xiao Hong looks for the scarf?",Locker,Cabinet,Drawer,Safe box,A,False Belief Task,"The story says:

- Xiao Hong and Xiao Bei see the scarf in the **locker**.
- Xiao Bei **leaves** the bank.
- While he is gone, Xiao Hong **moves the scarf to the cabinet**.
- Then Xiao Bei returns.

We are asked: **After Xiao Bei returns, where does Xiao Bei think Xiao Hong looks for the scarf?**

Key point: Xiao Bei knows that Xiao Hong stayed in the bank the whole time. So from Xiao Bei’s perspective, Xiao Hong has continuous access to the situation and thus knows the *current* location of the scarf (the cabinet). Therefore, Xiao Bei should think that Xiao Hong will look for the scarf in its **new** location.

So the answer is that Xiao Bei thinks Xiao Hong will look in the **cabinet**.

[[B]]","The story says:

- Xiao Hong and Xiao Bei see the scarf in the **locker**.
- Xiao Bei **leaves** the bank.
- While he is gone, Xiao Hong **moves the scarf to the cabinet**.
- Then Xiao Bei returns.

We are asked: **After Xiao Bei returns, where does Xiao Bei think Xiao Hong looks for the scarf?**

Key point: Xiao Bei knows that Xiao Hong stayed in the bank the whole time. So from Xiao Bei’s perspective, Xiao Hong has continuous access to the situation and thus knows the *current* location of the scarf (the cabinet). Therefore, Xiao Bei should think that Xiao Hong will look for the scarf in its **new** location.

So the answer is that Xiao Bei thinks Xiao Hong will look in the **cabinet**.",B,"Let me think through this step by step.

**Key Information from the story:**
1. Xiao Hong and Xiao Bei are together at the bank
2. They both see the lockers and cabinets
3. They find a scarf in the locker (both are present for this)
4. Xiao Bei leaves the bank
5. After Xiao Bei leaves, Xiao Hong moves the scarf from the locker to the cabinet
6. Xiao Bei returns to the bank

**Analysis:**
This is a classic ""false belief"" question testing theory of mind. The question asks where Xiao Bei *thinks* Xiao Hong would look for the scarf, not where the scarf actually is.

From Xiao Bei's perspective:
- When Xiao Bei left the bank, the scarf was in the locker
- Xiao Bei was not present when Xiao Hong moved the scarf to the cabinet
- Xiao Bei has no knowledge of the scarf being moved
- Therefore, Xiao Bei still believes the scarf is in the locker

When Xiao Bei returns, Xiao Bei would think that Xiao Hong would look for the scarf where they both last saw it together - which was in the **locker**.

Xiao Bei has no reason to believe the scarf has been moved, so Xiao Bei would expect Xiao Hong to look in the original location (the locker).

**Answer:** [[A]]","Let me think through this step by step.

**Key Information from the story:**
1. Xiao Hong and Xiao Bei are together at the bank
2. They both see the lockers and cabinets
3. They find a scarf in the locker (both are present for this)
4. Xiao Bei leaves the bank
5. After Xiao Bei leaves, Xiao Hong moves the scarf from the locker to the cabinet
6. Xiao Bei returns to the bank

**Analysis:**
This is a classic ""false belief"" question testing theory of mind. The question asks where Xiao Bei *thinks* Xiao Hong would look for the scarf, not where the scarf actually is.

From Xiao Bei's perspective:
- When Xiao Bei left the bank, the scarf was in the locker
- Xiao Bei was not present when Xiao Hong moved the scarf to the cabinet
- Xiao Bei has no knowledge of the scarf being moved
- Therefore, Xiao Bei still believes the scarf is in the locker

When Xiao Bei returns, Xiao Bei would think that Xiao Hong would look for the scarf where they both last saw it together - which was in the **locker**.

Xiao Bei has no reason to believe the scarf has been moved, so Xiao Bei would expect Xiao Hong to look in the original location (the locker).

**Answer:**",A
221,"Emily finds a book she really wants to read in the library, but discovers that the book is already borrowed by someone else. Emily sees a book with a similar cover next to it, thinks it is the same book, and takes it away. After returning home, Emily realizes it is a different book, but is too lazy to return it. Meanwhile, Kate is busy working in the library. She knows this book belongs to a blind person who is waiting for this book. Kate, who is recently cheated by a blind person she does not know, notices that Emily takes the wrong book, but she chooses not to tell Emily.",What is the possible intention behind Emily's behavior?,Emily possibly chooses not to return it due to negligence or thinking that this book is not important.,Emily possibly takes it away without careful inspection because she is eager to read this book.,"Emily thinks this book belongs to the library, so there is no need to return it.","Emily possibly mistakenly thinks she finds the book she wants, only realizing she takes the wrong one after returning home.",D,Discrepant intentions,"Emily is very eager to read the book she wants. Because of this eagerness, when she sees a similar-looking book next to the one that’s already borrowed, she takes it without carefully checking whether it is actually the same book. This matches:

- B. Emily possibly takes it away without careful inspection because she is eager to read this book.

Options A and C focus on not returning the book or on ownership, which contradict the story (she’s just lazy to return it, not thinking it needn’t be returned).  
Option D simply restates that she made a mistake, but doesn’t explain the motivation behind that mistake, whereas B links it to her eagerness.

So the most likely answer is:

[[B]]","Emily is very eager to read the book she wants. Because of this eagerness, when she sees a similar-looking book next to the one that’s already borrowed, she takes it without carefully checking whether it is actually the same book. This matches:

- B. Emily possibly takes it away without careful inspection because she is eager to read this book.

Options A and C focus on not returning the book or on ownership, which contradict the story (she’s just lazy to return it, not thinking it needn’t be returned).  
Option D simply restates that she made a mistake, but doesn’t explain the motivation behind that mistake, whereas B links it to her eagerness.

So the most likely answer is:",B,"Let me analyze this step by step.

The story describes Emily's behavior in two distinct phases:

**Phase 1 - Taking the book:**
- Emily wants to read a specific book
- She discovers it's already borrowed
- She sees a book with a similar cover next to it
- She ""thinks it is the same book"" and takes it away
- After returning home, she realizes it's a different book

**Phase 2 - Not returning the book:**
- She realizes her mistake
- She is ""too lazy to return it""

Now let me evaluate each answer option:

**Option A:** ""Emily possibly chooses not to return it due to negligence or thinking that this book is not important.""
- This addresses Phase 2 (not returning), but the question asks about Emily's behavior overall, and the story clearly states she was ""too lazy,"" not that she thought it wasn't important.

**Option B:** ""Emily possibly takes it away without careful inspection because she is eager to read this book.""
- This addresses Phase 1 and makes sense - her eagerness led to not carefully checking if it was the right book.

**Option C:** ""Emily thinks this book belongs to the library, so there is no need to return it.""
- This doesn't make logical sense. All library books belong to the library and still need to be returned.

**Option D:** ""Emily possibly mistakenly thinks she finds the book she wants, only realizing she takes the wrong one after returning home.""
- This directly matches what the story explicitly states: she ""thinks it is the same book"" and only ""after returning home, Emily realizes it is a different book.""

Option D most accurately describes Emily's intention/behavior as stated in the story - it was a genuine mistake based on the similar cover, not intentional.

[[D]]","Let me analyze this step by step.

The story describes Emily's behavior in two distinct phases:

**Phase 1 - Taking the book:**
- Emily wants to read a specific book
- She discovers it's already borrowed
- She sees a book with a similar cover next to it
- She ""thinks it is the same book"" and takes it away
- After returning home, she realizes it's a different book

**Phase 2 - Not returning the book:**
- She realizes her mistake
- She is ""too lazy to return it""

Now let me evaluate each answer option:

**Option A:** ""Emily possibly chooses not to return it due to negligence or thinking that this book is not important.""
- This addresses Phase 2 (not returning), but the question asks about Emily's behavior overall, and the story clearly states she was ""too lazy,"" not that she thought it wasn't important.

**Option B:** ""Emily possibly takes it away without careful inspection because she is eager to read this book.""
- This addresses Phase 1 and makes sense - her eagerness led to not carefully checking if it was the right book.

**Option C:** ""Emily thinks this book belongs to the library, so there is no need to return it.""
- This doesn't make logical sense. All library books belong to the library and still need to be returned.

**Option D:** ""Emily possibly mistakenly thinks she finds the book she wants, only realizing she takes the wrong one after returning home.""
- This directly matches what the story explicitly states: she ""thinks it is the same book"" and only ""after returning home, Emily realizes it is a different book.""

Option D most accurately describes Emily's intention/behavior as stated in the story - it was a genuine mistake based on the similar cover, not intentional.",D
255,"In a coffee shop, the waitress Xiao Li is serving drinks to customers. She tells the customer Xiao Zhang, ""We offer 30 different types of coffee, most are lattes, some are cappuccinos, but there are almost no American coffees."" Xiao Zhang looks at the menu and finds only 4 types of cappuccinos.","After looking at the menu, how many types of lattes does Xiao Zhang guess there are?","After looking at the menu, Xiao Zhang guesses there are 24 types of lattes.","After looking at the menu, Xiao Zhang guesses there are 30 types of lattes.","After looking at the menu, Xiao Zhang guesses there are 26 types of lattes.","After looking at the menu, Xiao Zhang guesses there are 22 types of lattes.",A,Scalar Implicature Test,"The waitress says:

- There are **30 types of coffee in total**.  
- **Most are lattes**, **some are cappuccinos**, and **almost no American coffees**.  

Xiao Zhang looks at the menu and sees **4 types of cappuccinos**.

A natural guess is:
- Assume “almost no American coffees” ≈ **0 types** (or at least ignore them for estimation).
- Then the remaining types are mainly lattes.

So he would guess:
- Lattes ≈ Total − Cappuccinos = 30 − 4 = **26**.

Among the options, this corresponds to:

[[C]]","The waitress says:

- There are **30 types of coffee in total**.  
- **Most are lattes**, **some are cappuccinos**, and **almost no American coffees**.  

Xiao Zhang looks at the menu and sees **4 types of cappuccinos**.

A natural guess is:
- Assume “almost no American coffees” ≈ **0 types** (or at least ignore them for estimation).
- Then the remaining types are mainly lattes.

So he would guess:
- Lattes ≈ Total − Cappuccinos = 30 − 4 = **26**.

Among the options, this corresponds to:",C,"Let me analyze this step by step.

**Given Information:**
- Total types of coffee: 30
- Most are lattes
- Some are cappuccinos
- Almost no American coffees
- Xiao Zhang finds 4 types of cappuccinos on the menu

**Analysis:**

1. Total coffee types = 30

2. Cappuccinos = 4 (confirmed from menu)

3. American coffees = ""almost no"" - this suggests a very small number, likely 0, 1, or 2

4. The remaining would be lattes, which are described as ""most""

**Calculation:**

If we assume ""almost no American coffees"" means approximately 2 types:
- Lattes = 30 - 4 (cappuccinos) - 2 (American) = 24 types

If we assume ""almost no American coffees"" means 0 types:
- Lattes = 30 - 4 - 0 = 26 types

If we assume ""almost no American coffees"" means 1 type:
- Lattes = 30 - 4 - 1 = 25 types

**Evaluating the options:**
- Option A: 24 lattes (assumes 2 American coffees)
- Option B: 30 lattes (impossible - exceeds total)
- Option C: 26 lattes (assumes 0 American coffees)
- Option D: 22 lattes (assumes 4 American coffees - contradicts ""almost no"")

The phrase ""almost no"" most naturally suggests a very small number like 0, 1, or 2. Option C (26) assumes 0 American coffees, and Option A (24) assumes 2 American coffees. Both are reasonable, but ""almost no"" typically means a tiny amount rather than exactly zero. Option A with 24 lattes (leaving 2 for American coffee) seems most consistent with the description.

[[A]]","Let me analyze this step by step.

**Given Information:**
- Total types of coffee: 30
- Most are lattes
- Some are cappuccinos
- Almost no American coffees
- Xiao Zhang finds 4 types of cappuccinos on the menu

**Analysis:**

1. Total coffee types = 30

2. Cappuccinos = 4 (confirmed from menu)

3. American coffees = ""almost no"" - this suggests a very small number, likely 0, 1, or 2

4. The remaining would be lattes, which are described as ""most""

**Calculation:**

If we assume ""almost no American coffees"" means approximately 2 types:
- Lattes = 30 - 4 (cappuccinos) - 2 (American) = 24 types

If we assume ""almost no American coffees"" means 0 types:
- Lattes = 30 - 4 - 0 = 26 types

If we assume ""almost no American coffees"" means 1 type:
- Lattes = 30 - 4 - 1 = 25 types

**Evaluating the options:**
- Option A: 24 lattes (assumes 2 American coffees)
- Option B: 30 lattes (impossible - exceeds total)
- Option C: 26 lattes (assumes 0 American coffees)
- Option D: 22 lattes (assumes 4 American coffees - contradicts ""almost no"")

The phrase ""almost no"" most naturally suggests a very small number like 0, 1, or 2. Option C (26) assumes 0 American coffees, and Option A (24) assumes 2 American coffees. Both are reasonable, but ""almost no"" typically means a tiny amount rather than exactly zero. Option A with 24 lattes (leaving 2 for American coffee) seems most consistent with the description.",A
256,"Xiao Gang finds a handbag in the waiting room, the tag on the handbag is a ring, Xiao Gang cannot see what is inside the handbag, Xiao Gang opens the handbag and finds a tie, there is no ring inside the handbag, Xiao Gang closes the handbag and puts it back in its place, Xiao Li enters the waiting room and sees the handbag.","After Xiao Li opens the handbag, what does Xiao Li think Xiao Gang expects to find inside the handbag?",Tie,Pumpkin,Ring,Potato,C,False Belief Task,"We know the following from the story:

1. The handbag has a **tag of a ring**, so before opening it, a reasonable expectation from just the tag would be “there is a ring inside.”
2. Xiao Gang **actually opens** the handbag and **finds a tie** inside; there is **no ring**. So after opening it, Xiao Gang should now **expect a tie** to be inside.
3. Xiao Gang then closes the handbag and puts it back.
4. Xiao Li later enters, sees the handbag, and (per the question) then opens it as well.

The question asks:

> After Xiao Li opens the handbag, what does Xiao Li think Xiao Gang expects to find inside the handbag?

From the narrated facts, we (the readers) know that Xiao Gang already opened the bag and learned that it contains a tie. A straightforward interpretation is that Xiao Li, like us, is assumed to know that Xiao Gang has already looked inside and therefore **expects a tie** inside now.

Under this interpretation, Xiao Li will think that Xiao Gang’s expectation is aligned with the actual content (a tie), not with the misleading tag (ring).

Thus the most likely intended answer is:

**A. Tie**

So the answer index is:

[[A]]","We know the following from the story:

1. The handbag has a **tag of a ring**, so before opening it, a reasonable expectation from just the tag would be “there is a ring inside.”
2. Xiao Gang **actually opens** the handbag and **finds a tie** inside; there is **no ring**. So after opening it, Xiao Gang should now **expect a tie** to be inside.
3. Xiao Gang then closes the handbag and puts it back.
4. Xiao Li later enters, sees the handbag, and (per the question) then opens it as well.

The question asks:

> After Xiao Li opens the handbag, what does Xiao Li think Xiao Gang expects to find inside the handbag?

From the narrated facts, we (the readers) know that Xiao Gang already opened the bag and learned that it contains a tie. A straightforward interpretation is that Xiao Li, like us, is assumed to know that Xiao Gang has already looked inside and therefore **expects a tie** inside now.

Under this interpretation, Xiao Li will think that Xiao Gang’s expectation is aligned with the actual content (a tie), not with the misleading tag (ring).

Thus the most likely intended answer is:

**A. Tie**

So the answer index is:",A,"Let me analyze this step by step.

**Understanding the situation:**
1. Xiao Gang finds a handbag with a tag showing a ring
2. Xiao Gang opens the handbag and finds a tie (no ring inside)
3. Xiao Gang closes the handbag and puts it back
4. Xiao Li enters and sees the handbag

**Key question:** What does Xiao Li think Xiao Gang expects to find inside the handbag?

**Analysis:**
- This is a theory of mind question - what does Xiao Li believe about Xiao Gang's expectations?
- When Xiao Li sees the handbag, the tag shows a ring
- Xiao Li doesn't know that Xiao Gang already opened the handbag
- From Xiao Li's perspective, if Xiao Gang saw the handbag with a ring tag, Xiao Gang would expect to find a ring inside (based on the tag)
- After Xiao Li opens the handbag and sees the tie, Xiao Li would still think that Xiao Gang (who saw the ring tag) would have expected to find a ring

**Evaluating the options:**
- A. Tie - This is what's actually inside, but Xiao Gang wouldn't expect this based on the tag
- B. Pumpkin - No connection to the story
- C. Ring - This is what the tag indicates, so this is what Xiao Gang would expect based on the tag
- D. Potato - No connection to the story

Xiao Li would reason that Xiao Gang, seeing a handbag with a ring tag, would expect to find a ring inside.

[[C]]","Let me analyze this step by step.

**Understanding the situation:**
1. Xiao Gang finds a handbag with a tag showing a ring
2. Xiao Gang opens the handbag and finds a tie (no ring inside)
3. Xiao Gang closes the handbag and puts it back
4. Xiao Li enters and sees the handbag

**Key question:** What does Xiao Li think Xiao Gang expects to find inside the handbag?

**Analysis:**
- This is a theory of mind question - what does Xiao Li believe about Xiao Gang's expectations?
- When Xiao Li sees the handbag, the tag shows a ring
- Xiao Li doesn't know that Xiao Gang already opened the handbag
- From Xiao Li's perspective, if Xiao Gang saw the handbag with a ring tag, Xiao Gang would expect to find a ring inside (based on the tag)
- After Xiao Li opens the handbag and sees the tie, Xiao Li would still think that Xiao Gang (who saw the ring tag) would have expected to find a ring

**Evaluating the options:**
- A. Tie - This is what's actually inside, but Xiao Gang wouldn't expect this based on the tag
- B. Pumpkin - No connection to the story
- C. Ring - This is what the tag indicates, so this is what Xiao Gang would expect based on the tag
- D. Potato - No connection to the story

Xiao Li would reason that Xiao Gang, seeing a handbag with a ring tag, would expect to find a ring inside.",C
291,"Li Lei really likes a very famous band, this band plans to hold many concerts nationwide, but the ticket price is very expensive. He saves money for a long time, wants to save enough to go to the concert of his favorite band with his girlfriend. When his friend invites him to go, Li Lei says he does not want to go.",Why does Li Lei refuse the invitation to the concert from his friend?,He prefers to watch with his girlfriend.,The band is too famous and tickets are hard to get.,He already has other plans.,He does not have enough money to buy tickets.,A,Strange Story Task,"The story says the tickets are very expensive, and Li Lei has been saving money for a long time because he wants to save enough to go with his girlfriend. When his friend invites him, he refuses.

Analyzing options:

- A. He prefers to watch with his girlfriend.  
  The story does say he wants to go with his girlfriend, but it does not say he is refusing his friend *because* he prefers her company over his friend’s.

- B. The band is too famous and tickets are hard to get.  
  This is not mentioned; availability isn’t the issue described, only price.

- C. He already has other plans.  
  No other plans are mentioned in the story.

- D. He does not have enough money to buy tickets.  
  The text emphasizes that tickets are expensive and that he is still saving money, implying he hasn’t yet saved enough and thus refuses the invitation.

The best-supported reason from the story is that he doesn’t yet have enough money.

[[D]]","The story says the tickets are very expensive, and Li Lei has been saving money for a long time because he wants to save enough to go with his girlfriend. When his friend invites him, he refuses.

Analyzing options:

- A. He prefers to watch with his girlfriend.  
  The story does say he wants to go with his girlfriend, but it does not say he is refusing his friend *because* he prefers her company over his friend’s.

- B. The band is too famous and tickets are hard to get.  
  This is not mentioned; availability isn’t the issue described, only price.

- C. He already has other plans.  
  No other plans are mentioned in the story.

- D. He does not have enough money to buy tickets.  
  The text emphasizes that tickets are expensive and that he is still saving money, implying he hasn’t yet saved enough and thus refuses the invitation.

The best-supported reason from the story is that he doesn’t yet have enough money.",D,"Let me analyze this step by step.

**Key information from the story:**
1. Li Lei really likes a very famous band
2. The band is holding concerts nationwide
3. The ticket price is very expensive
4. Li Lei has been saving money for a long time
5. His goal is to save enough money to go to the concert WITH HIS GIRLFRIEND
6. When his friend invites him to go, Li Lei refuses

**Analyzing each answer option:**

**Option A: He prefers to watch with his girlfriend**
- The story explicitly states Li Lei wants to ""save enough to go to the concert of his favorite band with his girlfriend""
- This shows he has a specific plan to attend with his girlfriend
- When his friend invites him, refusing makes sense because he wants to go with his girlfriend instead

**Option B: The band is too famous and tickets are hard to get**
- While the story mentions the band is famous, there's no indication that tickets are hard to get
- This doesn't explain why he refuses his friend's invitation

**Option C: He already has other plans**
- This is vague and doesn't capture the specific reason mentioned in the story

**Option D: He does not have enough money to buy tickets**
- While he's still saving money, this doesn't fully explain the refusal
- If it were only about money, he might accept his friend's invitation (the friend might be offering to pay or go together when he has money)
- The key detail is that he specifically wants to go WITH HIS GIRLFRIEND

**Conclusion:**
The most logical reason Li Lei refuses his friend's invitation is that he has a specific plan to attend the concert with his girlfriend, not with his friend.

[[A]]","Let me analyze this step by step.

**Key information from the story:**
1. Li Lei really likes a very famous band
2. The band is holding concerts nationwide
3. The ticket price is very expensive
4. Li Lei has been saving money for a long time
5. His goal is to save enough money to go to the concert WITH HIS GIRLFRIEND
6. When his friend invites him to go, Li Lei refuses

**Analyzing each answer option:**

**Option A: He prefers to watch with his girlfriend**
- The story explicitly states Li Lei wants to ""save enough to go to the concert of his favorite band with his girlfriend""
- This shows he has a specific plan to attend with his girlfriend
- When his friend invites him, refusing makes sense because he wants to go with his girlfriend instead

**Option B: The band is too famous and tickets are hard to get**
- While the story mentions the band is famous, there's no indication that tickets are hard to get
- This doesn't explain why he refuses his friend's invitation

**Option C: He already has other plans**
- This is vague and doesn't capture the specific reason mentioned in the story

**Option D: He does not have enough money to buy tickets**
- While he's still saving money, this doesn't fully explain the refusal
- If it were only about money, he might accept his friend's invitation (the friend might be offering to pay or go together when he has money)
- The key detail is that he specifically wants to go WITH HIS GIRLFRIEND

**Conclusion:**
The most logical reason Li Lei refuses his friend's invitation is that he has a specific plan to attend the concert with his girlfriend, not with his friend.",A
303,"Mr. Zhao is a respected doctor with exceptional medical skills, often having many patients waiting in line for consultations. However, he is someone who cares deeply about others' opinions. A while back, Mr. Li's cow had damaged Mr. Zhao's vegetable garden, leading to a heated argument between them. This incident, though, is now in the past for Mr. Zhao. One day, Mr. Li approached Mr. Zhao, hoping he could help figure out why his cow suddenly stopped eating. Upon hearing it was for the cow, Mr. Zhao told Mr. Li, ""I'm too busy lately, with several surgeries lined up. It's better for you to find another veterinarian to take a look."" Despite some disappointment, Mr. Li thanked Mr. Zhao and turned away.",Is what Mr. Zhao says true?,A. Yes,B. No,,,B,Strange Story Task,"Mr. Zhao is described as a respected doctor with many patients and several surgeries lined up, so he genuinely is very busy. The story also explicitly says that the previous conflict with Mr. Li is already in the past for him, implying he is not using “busy” as an excuse out of resentment.

Therefore, what he says (“I'm too busy lately, with several surgeries lined up. It's better for you to find another veterinarian to take a look.”) is true in context.

[[A]]","Mr. Zhao is described as a respected doctor with many patients and several surgeries lined up, so he genuinely is very busy. The story also explicitly says that the previous conflict with Mr. Li is already in the past for him, implying he is not using “busy” as an excuse out of resentment.

Therefore, what he says (“I'm too busy lately, with several surgeries lined up. It's better for you to find another veterinarian to take a look.”) is true in context.",A,"Let me analyze this step by step.

**Key Information from the story:**
1. Mr. Zhao is a respected doctor with exceptional medical skills
2. He often has many patients waiting in line for consultations
3. He cares deeply about others' opinions
4. Mr. Li's cow had damaged Mr. Zhao's vegetable garden, causing a heated argument
5. The incident is ""now in the past for Mr. Zhao""
6. Mr. Li asks Mr. Zhao to help with his cow (an animal)
7. Mr. Zhao says he's too busy with several surgeries lined up

**Analysis:**

The question asks if what Mr. Zhao says is true. Mr. Zhao claims he is ""too busy lately, with several surgeries lined up.""

Critical point: Mr. Zhao is described as a **doctor** (for humans), not a veterinarian. The story explicitly states he has ""many patients waiting in line for consultations"" - patients refers to human patients.

When Mr. Li asks about his cow, Mr. Zhao tells him to ""find another veterinarian,"" which indicates:
- Mr. Zhao is NOT a veterinarian
- He's redirecting Mr. Li to the appropriate professional

While Mr. Zhao may indeed be busy with surgeries (which is plausible given his reputation and patient load), the real reason he can't help is that he's not qualified to treat animals - he's a human doctor, not a veterinarian.

The statement about being busy might be technically true, but it's likely being used as a polite excuse rather than the real reason. Given that he ""cares deeply about others' opinions"" and there was a past conflict, he may be avoiding the situation or using his busy schedule as a face-saving excuse.

**Conclusion:** The answer is most likely **B. No** - because while he may be busy, this isn't the real or complete truth. He cannot treat the cow because he's not a veterinarian.

[[B]]","Let me analyze this step by step.

**Key Information from the story:**
1. Mr. Zhao is a respected doctor with exceptional medical skills
2. He often has many patients waiting in line for consultations
3. He cares deeply about others' opinions
4. Mr. Li's cow had damaged Mr. Zhao's vegetable garden, causing a heated argument
5. The incident is ""now in the past for Mr. Zhao""
6. Mr. Li asks Mr. Zhao to help with his cow (an animal)
7. Mr. Zhao says he's too busy with several surgeries lined up

**Analysis:**

The question asks if what Mr. Zhao says is true. Mr. Zhao claims he is ""too busy lately, with several surgeries lined up.""

Critical point: Mr. Zhao is described as a **doctor** (for humans), not a veterinarian. The story explicitly states he has ""many patients waiting in line for consultations"" - patients refers to human patients.

When Mr. Li asks about his cow, Mr. Zhao tells him to ""find another veterinarian,"" which indicates:
- Mr. Zhao is NOT a veterinarian
- He's redirecting Mr. Li to the appropriate professional

While Mr. Zhao may indeed be busy with surgeries (which is plausible given his reputation and patient load), the real reason he can't help is that he's not qualified to treat animals - he's a human doctor, not a veterinarian.

The statement about being busy might be technically true, but it's likely being used as a polite excuse rather than the real reason. Given that he ""cares deeply about others' opinions"" and there was a past conflict, he may be avoiding the situation or using his busy schedule as a face-saving excuse.

**Conclusion:** The answer is most likely **B. No** - because while he may be busy, this isn't the real or complete truth. He cannot treat the cow because he's not a veterinarian.",B
305,"Li Na posts her personally developed new app on social media, which she and her friends research and conduct many security tests before releasing. The program gets a lot of downloads and positive feedback in a short time.","Li Na should be proud of the success of her app, but in fact, she feels anxious, why?","Li Na worries that her app may have undiscovered vulnerabilities, which may damage her reputation in the industry.","Li Na's competitors start to imitate the functions of her app, even though they can't break through the core capabilities.","Li Na's friends are very envious of her great success, which makes her feel isolated and uneasy.","High popularity means high expectations, Li Na worries that she can't cope with the pressure brought by high expectations.",D,Unexpected Outcome Test,"Li Na carefully developed the app and even conducted many security tests with her friends before release. The story specifically highlights the security aspect, implying that even with precautions, she may still worry about hidden problems.

Feeling anxious despite success is therefore most plausibly linked to her concern that there might still be undiscovered vulnerabilities that could later surface and hurt her reputation.

So the most likely answer is:

[[A]]","Li Na carefully developed the app and even conducted many security tests with her friends before release. The story specifically highlights the security aspect, implying that even with precautions, she may still worry about hidden problems.

Feeling anxious despite success is therefore most plausibly linked to her concern that there might still be undiscovered vulnerabilities that could later surface and hurt her reputation.

So the most likely answer is:",A,"Let me analyze this step by step.

**Understanding the Story:**
- Li Na developed a new app
- She and her friends conducted security tests before release
- The app received many downloads and positive feedback quickly
- Despite this success, Li Na feels anxious rather than proud

**Analyzing Each Answer:**

**A. Worries about undiscovered vulnerabilities**
- The story mentions they conducted ""many security tests"" before releasing
- However, no security system is perfect, and vulnerabilities can still exist
- With high download numbers, any vulnerability would affect many users
- This could indeed damage her professional reputation
- This is a reasonable technical concern for a developer

**B. Competitors imitating her app**
- The story doesn't mention anything about competitors
- This seems like an external factor not directly related to her personal feelings about the app's success
- Less likely given no context about competition

**C. Friends being envious**
- The story mentions friends helped with research and security testing
- They were collaborators, not just observers
- No indication of envy or isolation in the story
- This seems unlikely

**D. Pressure from high expectations**
- The app just became successful
- High popularity does create pressure for future performance
- This is a common psychological response to sudden success
- The contrast between ""should be proud"" but ""feels anxious"" suggests internal pressure
- This directly addresses the emotional state described

**Conclusion:**
Both A and D are plausible, but D most directly explains the paradox of success causing anxiety. The question emphasizes the contrast between expected pride and actual anxiety, which is a classic response to sudden success and the pressure it brings. Option A is more about technical concerns, while D addresses the psychological/emotional aspect that better matches ""feels anxious.""

[[D]]","Let me analyze this step by step.

**Understanding the Story:**
- Li Na developed a new app
- She and her friends conducted security tests before release
- The app received many downloads and positive feedback quickly
- Despite this success, Li Na feels anxious rather than proud

**Analyzing Each Answer:**

**A. Worries about undiscovered vulnerabilities**
- The story mentions they conducted ""many security tests"" before releasing
- However, no security system is perfect, and vulnerabilities can still exist
- With high download numbers, any vulnerability would affect many users
- This could indeed damage her professional reputation
- This is a reasonable technical concern for a developer

**B. Competitors imitating her app**
- The story doesn't mention anything about competitors
- This seems like an external factor not directly related to her personal feelings about the app's success
- Less likely given no context about competition

**C. Friends being envious**
- The story mentions friends helped with research and security testing
- They were collaborators, not just observers
- No indication of envy or isolation in the story
- This seems unlikely

**D. Pressure from high expectations**
- The app just became successful
- High popularity does create pressure for future performance
- This is a common psychological response to sudden success
- The contrast between ""should be proud"" but ""feels anxious"" suggests internal pressure
- This directly addresses the emotional state described

**Conclusion:**
Both A and D are plausible, but D most directly explains the paradox of success causing anxiety. The question emphasizes the contrast between expected pride and actual anxiety, which is a classic response to sudden success and the pressure it brings. Option A is more about technical concerns, while D addresses the psychological/emotional aspect that better matches ""feels anxious.""",D
340,"In a pleasant village on the moon's Milaria, a small robot named Plix lives. The terrain of Milaria is rugged, without trees or any vegetation, never lets Plix come into contact with the concept of plants. However, there are various spherical rolling stones on Milaria, which move under the slight gravity of the moon. Plix is doing imitation behavior: it extends its arms and rotates them in a circular motion, looks like it is constantly flipping invisible objects, similar to a person rolling dough or a potter shaping clay.",What does Plix possibly imitate?,A potter shapes a clay pot.,A chef rolls dough to make bread.,A stone rolls down the slope.,A child plays with a ball.,C,Knowledge-pretend play links,"Plix extends its arms and rotates them in a circular motion, as if constantly flipping or shaping an invisible object. The narration explicitly likens this to “a person rolling dough or a potter shaping clay.” Among the options:

- B (chef rolling dough) involves dough, which comes from plants; the story stresses Plix has no concept of plants, making this less plausible.
- A (potter shapes a clay pot) matches the circular, shaping hand motions and does not depend on plant-based materials.

Therefore, the most likely answer is:

[[A]]","Plix extends its arms and rotates them in a circular motion, as if constantly flipping or shaping an invisible object. The narration explicitly likens this to “a person rolling dough or a potter shaping clay.” Among the options:

- B (chef rolling dough) involves dough, which comes from plants; the story stresses Plix has no concept of plants, making this less plausible.
- A (potter shapes a clay pot) matches the circular, shaping hand motions and does not depend on plant-based materials.

Therefore, the most likely answer is:",A,"Let me analyze this step by step.

**Key information from the story:**
1. Plix is a small robot living on the moon's Milaria
2. The terrain is rugged with no trees or vegetation
3. Plix has never been exposed to the concept of plants
4. There are various spherical rolling stones on Milaria that move under slight gravity
5. Plix extends its arms and rotates them in a circular motion
6. The motion looks like flipping invisible objects
7. The comparison given is ""similar to a person rolling dough or a potter shaping clay""

**Analyzing each answer option:**

**A. A potter shapes a clay pot:**
- Requires knowledge of pottery and clay
- Plix has no exposure to such human activities on the moon
- Unlikely to be the source of imitation

**B. A chef rolls dough to make bread:**
- Requires knowledge of cooking and food preparation
- Plix has no exposure to such human activities on the moon
- Unlikely to be the source of imitation

**C. A stone rolls down the slope:**
- The story explicitly mentions ""spherical rolling stones on Milaria, which move under the slight gravity""
- This is something Plix directly observes in its environment
- Plix would be imitating the rolling motion of these stones
- This is the only element from the answer options that exists in Plix's actual environment

**D. A child plays with a ball:**
- Requires knowledge of children and balls
- No children or balls exist on Milaria
- Unlikely to be the source of imitation

**Conclusion:**
The most logical answer is that Plix is imitating what it actually observes in its environment - the rolling stones on Milaria.

[[C]]","Let me analyze this step by step.

**Key information from the story:**
1. Plix is a small robot living on the moon's Milaria
2. The terrain is rugged with no trees or vegetation
3. Plix has never been exposed to the concept of plants
4. There are various spherical rolling stones on Milaria that move under slight gravity
5. Plix extends its arms and rotates them in a circular motion
6. The motion looks like flipping invisible objects
7. The comparison given is ""similar to a person rolling dough or a potter shaping clay""

**Analyzing each answer option:**

**A. A potter shapes a clay pot:**
- Requires knowledge of pottery and clay
- Plix has no exposure to such human activities on the moon
- Unlikely to be the source of imitation

**B. A chef rolls dough to make bread:**
- Requires knowledge of cooking and food preparation
- Plix has no exposure to such human activities on the moon
- Unlikely to be the source of imitation

**C. A stone rolls down the slope:**
- The story explicitly mentions ""spherical rolling stones on Milaria, which move under the slight gravity""
- This is something Plix directly observes in its environment
- Plix would be imitating the rolling motion of these stones
- This is the only element from the answer options that exists in Plix's actual environment

**D. A child plays with a ball:**
- Requires knowledge of children and balls
- No children or balls exist on Milaria
- Unlikely to be the source of imitation

**Conclusion:**
The most logical answer is that Plix is imitating what it actually observes in its environment - the rolling stones on Milaria.",C
358,"In the park, there are 20 children playing, some wear red, some wear blue, some wear yellow. Aunt Li says to Aunt Zhang, she sees most children wear red clothes. Aunt Zhang counts, only 2 children wear blue.","Please ask, after Aunt Zhang counts, how many children does she guess wear red?","After Aunt Zhang counts, she guesses 7 children wear red.","After Aunt Zhang counts, she guesses 10 children wear red.","After Aunt Zhang counts, she guesses 16 children wear red.","After Aunt Zhang counts, she guesses there are about 18 children wear red.",C,Scalar Implicature Test,"First, organize the given information:

- There are 20 children in the park.  
- Aunt Li says she sees **most** children wearing red clothes.  
- Aunt Zhang counts and finds that **only 2 children wear blue**.  
- Colors mentioned: red, blue, yellow.

From Aunt Zhang’s perspective after counting:

- She knows: total = 20, blue = 2.  
- So the remaining 18 children are **not blue** (i.e., red or yellow).  
- She has been told that **most** of the children wear red. A natural (though not strictly logical) guess, given that she counted only 2 blue, is to assume that almost all the rest are red.

Among the options:

- 7 red → 7 is not “most” of 20.  
- 10 red → 10 is exactly half, not “most.”  
- 16 red → fits “most,” but nothing in the problem points specifically to 16.  
- 18 red → exactly 20 − 2 blue, which matches the simplest guess Aunt Zhang might make after counting only the blue children.

Also, option D is phrased as “about 18,” matching the idea of a **guess** rather than a precise count.

Thus, the most likely intended answer is:

[[D]]","First, organize the given information:

- There are 20 children in the park.  
- Aunt Li says she sees **most** children wearing red clothes.  
- Aunt Zhang counts and finds that **only 2 children wear blue**.  
- Colors mentioned: red, blue, yellow.

From Aunt Zhang’s perspective after counting:

- She knows: total = 20, blue = 2.  
- So the remaining 18 children are **not blue** (i.e., red or yellow).  
- She has been told that **most** of the children wear red. A natural (though not strictly logical) guess, given that she counted only 2 blue, is to assume that almost all the rest are red.

Among the options:

- 7 red → 7 is not “most” of 20.  
- 10 red → 10 is exactly half, not “most.”  
- 16 red → fits “most,” but nothing in the problem points specifically to 16.  
- 18 red → exactly 20 − 2 blue, which matches the simplest guess Aunt Zhang might make after counting only the blue children.

Also, option D is phrased as “about 18,” matching the idea of a **guess** rather than a precise count.

Thus, the most likely intended answer is:",D,"Let me analyze this step by step.

**Given Information:**
- Total children in the park: 20
- Children wear three colors: red, blue, and yellow
- Aunt Li says most children wear red clothes
- Aunt Zhang counts that only 2 children wear blue

**Analysis:**

1. Total children = 20
2. Children wearing blue = 2
3. Children wearing red or yellow = 20 - 2 = 18

4. Aunt Li states that ""most children wear red clothes,"" which means red is the dominant color - more than half of the children should be wearing red.

5. Since there are only three colors (red, blue, yellow), and we know:
   - Blue = 2 children
   - Remaining = 18 children (wearing red or yellow)
   - Red must be ""most"" (the majority)

6. For red to be ""most,"" it needs to be more than the other colors. Since ""most"" typically means the majority or largest group, red should be significantly more than blue (2) and yellow.

7. Looking at the answer options:
   - A: 7 children - This would mean 11 wear yellow (7+2=9, 20-9=11). Yellow would be more than red, contradicting ""most wear red.""
   - B: 10 children - This would mean 8 wear yellow (10+2=12, 20-12=8). Red would be most, but not overwhelmingly so.
   - C: 16 children - This would mean 2 wear yellow (16+2=18, 20-18=2). Red would clearly be most.
   - D: 18 children - This would mean 0 wear yellow (18+2=20). This contradicts the story saying ""some wear yellow.""

8. Option C (16 children in red) makes the most sense because:
   - It satisfies ""most children wear red"" strongly
   - It leaves 2 for yellow, matching the pattern with blue
   - It's consistent with all given information

[[C]]","Let me analyze this step by step.

**Given Information:**
- Total children in the park: 20
- Children wear three colors: red, blue, and yellow
- Aunt Li says most children wear red clothes
- Aunt Zhang counts that only 2 children wear blue

**Analysis:**

1. Total children = 20
2. Children wearing blue = 2
3. Children wearing red or yellow = 20 - 2 = 18

4. Aunt Li states that ""most children wear red clothes,"" which means red is the dominant color - more than half of the children should be wearing red.

5. Since there are only three colors (red, blue, yellow), and we know:
   - Blue = 2 children
   - Remaining = 18 children (wearing red or yellow)
   - Red must be ""most"" (the majority)

6. For red to be ""most,"" it needs to be more than the other colors. Since ""most"" typically means the majority or largest group, red should be significantly more than blue (2) and yellow.

7. Looking at the answer options:
   - A: 7 children - This would mean 11 wear yellow (7+2=9, 20-9=11). Yellow would be more than red, contradicting ""most wear red.""
   - B: 10 children - This would mean 8 wear yellow (10+2=12, 20-12=8). Red would be most, but not overwhelmingly so.
   - C: 16 children - This would mean 2 wear yellow (16+2=18, 20-18=2). Red would clearly be most.
   - D: 18 children - This would mean 0 wear yellow (18+2=20). This contradicts the story saying ""some wear yellow.""

8. Option C (16 children in red) makes the most sense because:
   - It satisfies ""most children wear red"" strongly
   - It leaves 2 for yellow, matching the pattern with blue
   - It's consistent with all given information",C
376,"Xiao Li finds a storage cabinet in the study, the label on the storage cabinet is carrot, Xiao Li cannot see what is inside the storage cabinet, Xiao Li opens the storage cabinet and finds a coat, there are no carrots in the storage cabinet, Xiao Li closes the storage cabinet and puts it back in its place, Xiao Zhang enters the study and sees the storage cabinet.","After Xiao Zhang opens the storage cabinet, what does Xiao Zhang think Xiao Li expects to find in the storage cabinet?",Mask,Marker,Coat,Carrot,D,False Belief Task,"Xiao Li saw inside the cabinet and found a coat, so Xiao Li now expects there to be a coat in the cabinet. When Xiao Zhang later opens the cabinet, he sees the same coat and will think that Xiao Li also expects to find a coat there.

Therefore, the most likely answer is:

[[C]]","Xiao Li saw inside the cabinet and found a coat, so Xiao Li now expects there to be a coat in the cabinet. When Xiao Zhang later opens the cabinet, he sees the same coat and will think that Xiao Li also expects to find a coat there.

Therefore, the most likely answer is:",C,"Let me think through this step by step.

1. **Understanding the sequence of events:**
   - Xiao Li finds a storage cabinet labeled ""carrot""
   - Xiao Li cannot see inside before opening it
   - Xiao Li opens it and finds a coat (no carrots)
   - Xiao Li closes the cabinet and puts it back
   - Xiao Zhang enters and sees the storage cabinet

2. **Understanding the question:**
   - The question asks what Xiao Zhang thinks Xiao Li **expected** to find
   - This is about Xiao Zhang's perspective on Xiao Li's expectations

3. **Analyzing Xiao Zhang's knowledge:**
   - Xiao Zhang enters the study and sees the storage cabinet
   - The cabinet has a label that says ""carrot""
   - Xiao Zhang would reasonably assume that when someone sees a cabinet labeled ""carrot,"" they would expect to find carrots inside

4. **Key insight:**
   - The question is NOT asking what Xiao Li actually found (coat)
   - The question is asking what Xiao Zhang thinks Xiao Li **expected** to find
   - When Xiao Zhang sees the label ""carrot,"" Xiao Zhang would logically conclude that Xiao Li, upon seeing this same label, would have expected to find carrots

5. **Evaluating the options:**
   - A. Mask - No connection to the label or story
   - B. Marker - No connection to the label or story
   - C. Coat - This is what was actually inside, but not what would be expected based on the label
   - D. Carrot - This matches the label, which would create the expectation

[[D]]","Let me think through this step by step.

1. **Understanding the sequence of events:**
   - Xiao Li finds a storage cabinet labeled ""carrot""
   - Xiao Li cannot see inside before opening it
   - Xiao Li opens it and finds a coat (no carrots)
   - Xiao Li closes the cabinet and puts it back
   - Xiao Zhang enters and sees the storage cabinet

2. **Understanding the question:**
   - The question asks what Xiao Zhang thinks Xiao Li **expected** to find
   - This is about Xiao Zhang's perspective on Xiao Li's expectations

3. **Analyzing Xiao Zhang's knowledge:**
   - Xiao Zhang enters the study and sees the storage cabinet
   - The cabinet has a label that says ""carrot""
   - Xiao Zhang would reasonably assume that when someone sees a cabinet labeled ""carrot,"" they would expect to find carrots inside

4. **Key insight:**
   - The question is NOT asking what Xiao Li actually found (coat)
   - The question is asking what Xiao Zhang thinks Xiao Li **expected** to find
   - When Xiao Zhang sees the label ""carrot,"" Xiao Zhang would logically conclude that Xiao Li, upon seeing this same label, would have expected to find carrots

5. **Evaluating the options:**
   - A. Mask - No connection to the label or story
   - B. Marker - No connection to the label or story
   - C. Coat - This is what was actually inside, but not what would be expected based on the label
   - D. Carrot - This matches the label, which would create the expectation",D
395,"On Christmas Eve, Xiao Fang comes home from school, looking forward to celebrating Christmas with her family. She sees her mother busy in the kitchen, her father reading in the living room. Xiao Fang says softly, ""Mom and Dad, can we try to have a different Christmas? Like, lighting the Christmas lights, or telling Christmas stories."" Her father does not look up, and answers lightly, ""Xiao Fang, our family is used to celebrating our traditional holidays, like the Spring Festival. Christmas is not special to us."" Xiao Fang says, ""Okay, I understand."" Then she slowly walks to her room.",Does anyone say something inappropriate in this story?,Someone in the story says something inappropriate.,No one in the story says anything inappropriate.,,,A,Faux-pas Recognition Test,"Based on the story, no one uses rude, offensive, or clearly inappropriate language.  

- Xiao Fang politely makes a suggestion: “Mom and Dad, can we try to have a different Christmas?”  
- Her father responds calmly, explaining their family preference: “Our family is used to celebrating our traditional holidays, like the Spring Festival. Christmas is not special to us.”  
- Xiao Fang accepts this and says, “Okay, I understand.”

While the father may seem a bit indifferent, his words are not inappropriate; they simply express a viewpoint. Therefore, the best answer is:

[[B]]","Based on the story, no one uses rude, offensive, or clearly inappropriate language.  

- Xiao Fang politely makes a suggestion: “Mom and Dad, can we try to have a different Christmas?”  
- Her father responds calmly, explaining their family preference: “Our family is used to celebrating our traditional holidays, like the Spring Festival. Christmas is not special to us.”  
- Xiao Fang accepts this and says, “Okay, I understand.”

While the father may seem a bit indifferent, his words are not inappropriate; they simply express a viewpoint. Therefore, the best answer is:",B,"Let me analyze this story step by step.

**Understanding the situation:**
- Xiao Fang comes home on Christmas Eve wanting to celebrate Christmas with her family
- She politely asks her parents if they can try celebrating Christmas differently
- Her father responds that their family is used to celebrating traditional holidays like Spring Festival, and that Christmas is not special to them
- Xiao Fang accepts this and goes to her room

**Analyzing the communication:**

1. **Xiao Fang's request:** She speaks ""softly"" and makes a polite suggestion using ""can we try"" - this is appropriate and respectful.

2. **Father's response:** 
   - He doesn't look up while responding (somewhat dismissive body language)
   - He answers ""lightly"" (casually)
   - His words explain their family tradition and cultural preference
   - However, he doesn't engage with his daughter's feelings or show interest in why this matters to her

3. **Mother's response:** She doesn't respond at all, though she's present.

**Evaluating appropriateness:**
While the father's response isn't overtly rude or offensive, it could be considered somewhat inappropriate because:
- He dismisses his daughter's request without much consideration
- He doesn't look up or give her his full attention
- He doesn't acknowledge her feelings or try to understand why she's interested in celebrating Christmas
- His response is rather curt and doesn't invite further discussion

The father's behavior shows a lack of engagement with his daughter's emotional needs, even if his cultural preference is valid.

[[A]]","Let me analyze this story step by step.

**Understanding the situation:**
- Xiao Fang comes home on Christmas Eve wanting to celebrate Christmas with her family
- She politely asks her parents if they can try celebrating Christmas differently
- Her father responds that their family is used to celebrating traditional holidays like Spring Festival, and that Christmas is not special to them
- Xiao Fang accepts this and goes to her room

**Analyzing the communication:**

1. **Xiao Fang's request:** She speaks ""softly"" and makes a polite suggestion using ""can we try"" - this is appropriate and respectful.

2. **Father's response:** 
   - He doesn't look up while responding (somewhat dismissive body language)
   - He answers ""lightly"" (casually)
   - His words explain their family tradition and cultural preference
   - However, he doesn't engage with his daughter's feelings or show interest in why this matters to her

3. **Mother's response:** She doesn't respond at all, though she's present.

**Evaluating appropriateness:**
While the father's response isn't overtly rude or offensive, it could be considered somewhat inappropriate because:
- He dismisses his daughter's request without much consideration
- He doesn't look up or give her his full attention
- He doesn't acknowledge her feelings or try to understand why she's interested in celebrating Christmas
- His response is rather curt and doesn't invite further discussion

The father's behavior shows a lack of engagement with his daughter's emotional needs, even if his cultural preference is valid.",A
396,"Zhang San and Li Si are college roommates. Today is the weekend, a rare rest day, they do not know where to go for fun. Zhang San suggests going to the amusement park, he really wants to go. However, Li Si worries that there are too many people.",How does Zhang San convince Li Si to go to the amusement park?,"We can go first, if we feel there are too many people, then we look for other places to play.","Li Si, a crowd means it is lively, if we queue, we can chat and play with our phones while queuing, it is not boring.","Do you remember last time we want to go on that new roller coaster, but we do not have time? This time we have the chance, if we miss it, we do not know when the next time is.","Actually, I hear that the snacks in the amusement park are very delicious, even if there are many people, we can go to eat.",C,Persuasion Story Task,"Zhang San needs to address Li Si’s specific worry: “there are too many people.”

- Option A: Offers a backup plan if there are too many people. This responds to the concern but doesn’t really make crowds seem acceptable; it just postpones the decision.
- Option B: Reframes “many people” as “lively,” and explains that queuing won’t be boring because they can chat and play on their phones. This directly tackles the worry about crowds and long lines and tries to turn it into a positive.
- Option C: Uses fear of missing out on the roller coaster, but ignores the issue of too many people.
- Option D: Tempts with snacks, but again doesn’t solve the crowd concern.

The option that most directly and persuasively addresses Li Si’s worry about “too many people” is B.

[[B]]","Zhang San needs to address Li Si’s specific worry: “there are too many people.”

- Option A: Offers a backup plan if there are too many people. This responds to the concern but doesn’t really make crowds seem acceptable; it just postpones the decision.
- Option B: Reframes “many people” as “lively,” and explains that queuing won’t be boring because they can chat and play on their phones. This directly tackles the worry about crowds and long lines and tries to turn it into a positive.
- Option C: Uses fear of missing out on the roller coaster, but ignores the issue of too many people.
- Option D: Tempts with snacks, but again doesn’t solve the crowd concern.

The option that most directly and persuasively addresses Li Si’s worry about “too many people” is B.",B,"Let me analyze this step by step.

**Understanding the situation:**
- Zhang San really wants to go to the amusement park
- Li Si's concern is that there are too many people
- Zhang San needs to convince Li Si to overcome this concern

**Analyzing each answer option:**

**Option A:** ""We can go first, if we feel there are too many people, then we look for other places to play.""
- This is a compromise approach
- Reduces Li Si's risk/concern by offering a backup plan
- Low commitment, flexible solution
- Addresses the concern directly

**Option B:** ""Li Si, a crowd means it is lively, if we queue, we can chat and play with our phones while queuing, it is not boring.""
- Reframes the crowd as a positive thing
- Provides a way to make waiting enjoyable
- Directly addresses the concern about crowds

**Option C:** ""Do you remember last time we want to go on that new roller coaster, but we do not have time? This time we have the chance, if we miss it, we do not know when the next time is.""
- Appeals to a shared past desire
- Creates urgency (limited opportunity)
- Focuses on what they'll miss rather than addressing the crowd concern
- Strong emotional appeal

**Option D:** ""Actually, I hear that the snacks in the amusement park are very delicious, even if there are many people, we can go to eat.""
- Introduces a new attraction (food)
- Acknowledges the crowd issue but doesn't really address it
- Weaker persuasion strategy

**Evaluation:**
The most effective persuasion techniques here would be either:
- Option A: Low-risk compromise
- Option C: Emotional appeal to shared desires and urgency

Option C is particularly strong because it reminds Li Si of something they both wanted to do, creating a sense of missed opportunity if they don't go now. This is a common and effective persuasion technique among friends.

[[C]]","Let me analyze this step by step.

**Understanding the situation:**
- Zhang San really wants to go to the amusement park
- Li Si's concern is that there are too many people
- Zhang San needs to convince Li Si to overcome this concern

**Analyzing each answer option:**

**Option A:** ""We can go first, if we feel there are too many people, then we look for other places to play.""
- This is a compromise approach
- Reduces Li Si's risk/concern by offering a backup plan
- Low commitment, flexible solution
- Addresses the concern directly

**Option B:** ""Li Si, a crowd means it is lively, if we queue, we can chat and play with our phones while queuing, it is not boring.""
- Reframes the crowd as a positive thing
- Provides a way to make waiting enjoyable
- Directly addresses the concern about crowds

**Option C:** ""Do you remember last time we want to go on that new roller coaster, but we do not have time? This time we have the chance, if we miss it, we do not know when the next time is.""
- Appeals to a shared past desire
- Creates urgency (limited opportunity)
- Focuses on what they'll miss rather than addressing the crowd concern
- Strong emotional appeal

**Option D:** ""Actually, I hear that the snacks in the amusement park are very delicious, even if there are many people, we can go to eat.""
- Introduces a new attraction (food)
- Acknowledges the crowd issue but doesn't really address it
- Weaker persuasion strategy

**Evaluation:**
The most effective persuasion techniques here would be either:
- Option A: Low-risk compromise
- Option C: Emotional appeal to shared desires and urgency

Option C is particularly strong because it reminds Li Si of something they both wanted to do, creating a sense of missed opportunity if they don't go now. This is a common and effective persuasion technique among friends.",C
437,"Xiaofang and her parents discuss the upcoming wedding plan at home. Mom excitedly says: ""I think the wedding should be a pink theme, very romantic and dreamy."" Xiaofang is silent for a while, then tries to change the topic: ""Let's discuss the guest list first."" Dad says: ""Pink sounds good, but we should consider Xiaofang's opinion more."" Mom ignores Dad's words and continues to discuss the details of the pink theme.","If there is, which sentence is inappropriate?","I think the wedding should be a pink theme, very romantic and dreamy.",Let's discuss the guest list first.,"Pink sounds good, but we should consider Xiaofang's opinion more.",There is no inappropriate sentence,A,Faux-pas Recognition Test,"All four sentences are contextually and socially appropriate in this family discussion scenario:

- Mom proposing a pink theme fits her excitement and role.
- Xiaofang changing the subject to the guest list is a tactful way to avoid direct conflict.
- Dad suggesting that Xiaofang's opinion be considered is reasonable and caring.
- No sentence shows a clear breach of logic, politeness, or contextual appropriateness.

Therefore, the best answer is:

[[D]]","All four sentences are contextually and socially appropriate in this family discussion scenario:

- Mom proposing a pink theme fits her excitement and role.
- Xiaofang changing the subject to the guest list is a tactful way to avoid direct conflict.
- Dad suggesting that Xiaofang's opinion be considered is reasonable and caring.
- No sentence shows a clear breach of logic, politeness, or contextual appropriateness.

Therefore, the best answer is:",D,"Let me analyze this step by step.

**Context Analysis:**
- This is a discussion about Xiaofang's wedding
- Mom is excitedly suggesting a pink theme
- Xiaofang appears uncomfortable and tries to change the topic
- Dad tries to redirect focus to Xiaofang's opinion
- Mom ignores Dad and continues with her own ideas

**Examining each statement:**

**A. ""I think the wedding should be a pink theme, very romantic and dreamy.""**
- This is Mom's opinion about the wedding theme
- While enthusiastic, it's presented as a suggestion (""I think"")
- However, Mom seems to be dominating the conversation about Xiaofang's wedding without properly consulting the bride

**B. ""Let's discuss the guest list first.""**
- This is Xiaofang trying to change the subject
- This is appropriate as she's trying to redirect the conversation
- It's her wedding, so she has every right to guide the discussion

**C. ""Pink sounds good, but we should consider Xiaofang's opinion more.""**
- Dad is being diplomatic and supportive
- He's trying to refocus on what Xiaofang wants
- This is very appropriate

**D. ""There is no inappropriate sentence.""**
- This would mean all statements are appropriate

**Key observation:** The story shows that Mom ""ignores Dad's words and continues to discuss the details of the pink theme."" This indicates Mom is not respecting Xiaofang's feelings or Dad's reasonable suggestion to consider Xiaofang's opinion. Mom is making decisions about someone else's wedding without proper consultation.

The most inappropriate behavior is Mom's initial statement because she's pushing her own vision for Xiaofang's wedding without first asking what Xiaofang wants.

[[A]]","Let me analyze this step by step.

**Context Analysis:**
- This is a discussion about Xiaofang's wedding
- Mom is excitedly suggesting a pink theme
- Xiaofang appears uncomfortable and tries to change the topic
- Dad tries to redirect focus to Xiaofang's opinion
- Mom ignores Dad and continues with her own ideas

**Examining each statement:**

**A. ""I think the wedding should be a pink theme, very romantic and dreamy.""**
- This is Mom's opinion about the wedding theme
- While enthusiastic, it's presented as a suggestion (""I think"")
- However, Mom seems to be dominating the conversation about Xiaofang's wedding without properly consulting the bride

**B. ""Let's discuss the guest list first.""**
- This is Xiaofang trying to change the subject
- This is appropriate as she's trying to redirect the conversation
- It's her wedding, so she has every right to guide the discussion

**C. ""Pink sounds good, but we should consider Xiaofang's opinion more.""**
- Dad is being diplomatic and supportive
- He's trying to refocus on what Xiaofang wants
- This is very appropriate

**D. ""There is no inappropriate sentence.""**
- This would mean all statements are appropriate

**Key observation:** The story shows that Mom ""ignores Dad's words and continues to discuss the details of the pink theme."" This indicates Mom is not respecting Xiaofang's feelings or Dad's reasonable suggestion to consider Xiaofang's opinion. Mom is making decisions about someone else's wedding without proper consultation.

The most inappropriate behavior is Mom's initial statement because she's pushing her own vision for Xiaofang's wedding without first asking what Xiaofang wants.",A
450,"Zhang Hua is preparing the last artwork for the art exhibition, while his friend Li Lei is complaining to him about workplace troubles over the phone. Suddenly, Zhang Hua's paintbrush falls to the ground. As he bends down to pick it up, there is a hurried knock on the window from his neighbor who rushes to borrow something. At the same time, Zhang Hua remembers that there is an important family gathering tonight, and his participation is very important to his family.","After Zhang Hua handles the sudden situation, what does he do first?",He opens the door to help the neighbor.,He calls back Li Lei to provide help and advice.,He prepares to attend the family gathering.,He reorganizes the studio and relaxes a bit.,A,Completion of failed actions,"We have these key events:

1. Zhang Hua is working on artwork while talking with Li Lei on the phone.  
2. His brush falls; as he bends to pick it up,  
3. The neighbor urgently knocks on the window to borrow something (a sudden situation).  
4. At the same time, he remembers an important family gathering tonight, and his attendance is very important.

The question: **“After Zhang Hua handles the sudden situation, what does he do first?”**

- The “sudden situation” most naturally refers to the neighbor’s urgent knocking/borrowing.
- Opening the door to help the neighbor (Option A) is part of *handling* the sudden situation itself, not something done **after** handling it.
- After dealing with the neighbor, he must choose what to prioritize next:
  - Calling Li Lei back (B) is friendly but not described as important/urgent.
  - Preparing for the family gathering (C) is explicitly said to be very important and time-sensitive (tonight).
  - Reorganizing the studio and relaxing (D) is neither urgent nor important.

Given typical reasoning about urgency and importance, the most likely action he takes *first* after resolving the immediate interruption is to **prepare to attend the family gathering**.

So the best answer is:

[[C]]","We have these key events:

1. Zhang Hua is working on artwork while talking with Li Lei on the phone.  
2. His brush falls; as he bends to pick it up,  
3. The neighbor urgently knocks on the window to borrow something (a sudden situation).  
4. At the same time, he remembers an important family gathering tonight, and his attendance is very important.

The question: **“After Zhang Hua handles the sudden situation, what does he do first?”**

- The “sudden situation” most naturally refers to the neighbor’s urgent knocking/borrowing.
- Opening the door to help the neighbor (Option A) is part of *handling* the sudden situation itself, not something done **after** handling it.
- After dealing with the neighbor, he must choose what to prioritize next:
  - Calling Li Lei back (B) is friendly but not described as important/urgent.
  - Preparing for the family gathering (C) is explicitly said to be very important and time-sensitive (tonight).
  - Reorganizing the studio and relaxing (D) is neither urgent nor important.

Given typical reasoning about urgency and importance, the most likely action he takes *first* after resolving the immediate interruption is to **prepare to attend the family gathering**.

So the best answer is:",C,"Let me analyze this step by step.

**Understanding the situation:**
Zhang Hua is in the middle of several simultaneous events:
1. He's preparing his last artwork for an art exhibition (ongoing task)
2. Li Lei is on the phone complaining about workplace troubles (current conversation)
3. His paintbrush falls to the ground (just happened)
4. A neighbor knocks urgently on the window to borrow something (immediate, urgent)
5. He remembers a family gathering tonight (future event)

**Analyzing the timeline and urgency:**

The question asks what Zhang Hua does ""first"" after handling the sudden situation. The ""sudden situation"" appears to be the combination of the paintbrush falling and the neighbor's urgent knocking.

**Evaluating each option:**

A. **Opens the door to help the neighbor** - The neighbor is knocking ""hurriedly"" on the window, indicating urgency and immediate need. This is happening right now and requires immediate attention.

B. **Calls back Li Lei** - Li Lei is already on the phone with him (not a callback situation), and Li Lei is complaining, not in an emergency. This is ongoing but not urgent.

C. **Prepares to attend the family gathering** - This is tonight (future), not immediate. While important, it's not the first thing to handle.

D. **Reorganizes the studio and relaxes** - This would be a follow-up activity, not an immediate response to urgent situations.

**Conclusion:**
The most urgent and immediate matter is the neighbor's hurried knocking on the window. When someone knocks urgently to borrow something, it typically indicates an immediate need that requires prompt attention. This takes priority over an ongoing phone conversation and future events.

[[A]]","Let me analyze this step by step.

**Understanding the situation:**
Zhang Hua is in the middle of several simultaneous events:
1. He's preparing his last artwork for an art exhibition (ongoing task)
2. Li Lei is on the phone complaining about workplace troubles (current conversation)
3. His paintbrush falls to the ground (just happened)
4. A neighbor knocks urgently on the window to borrow something (immediate, urgent)
5. He remembers a family gathering tonight (future event)

**Analyzing the timeline and urgency:**

The question asks what Zhang Hua does ""first"" after handling the sudden situation. The ""sudden situation"" appears to be the combination of the paintbrush falling and the neighbor's urgent knocking.

**Evaluating each option:**

A. **Opens the door to help the neighbor** - The neighbor is knocking ""hurriedly"" on the window, indicating urgency and immediate need. This is happening right now and requires immediate attention.

B. **Calls back Li Lei** - Li Lei is already on the phone with him (not a callback situation), and Li Lei is complaining, not in an emergency. This is ongoing but not urgent.

C. **Prepares to attend the family gathering** - This is tonight (future), not immediate. While important, it's not the first thing to handle.

D. **Reorganizes the studio and relaxes** - This would be a follow-up activity, not an immediate response to urgent situations.

**Conclusion:**
The most urgent and immediate matter is the neighbor's hurried knocking on the window. When someone knocks urgently to borrow something, it typically indicates an immediate need that requires prompt attention. This takes priority over an ongoing phone conversation and future events.",A
502,"After school on Friday, Xiao Li and Xiao Qiang also plan to go to the library for review together. Xiao Qiang originally has a plan to watch a movie with friends, but he cancels it to accompany Xiao Li for review. When they get to the library, Xiao Li sees Xiao Qiang and says, ""Thank you for coming for me."" Xiao Qiang replies, ""It's okay, I think helping you is more important."" Xiao Fang continues to say, ""I hope the review is fruitful today."" The two start reviewing efficiently together.",Does Xiao Li know that Xiao Qiang cancels other plans?,Knows,Does not know,,,A,Faux-pas Recognition Test,"From the story, we are told by the narrator that Xiao Qiang had originally planned to watch a movie with friends but canceled it. However, there is no explicit indication that Xiao Qiang tells Xiao Li about this canceled plan.

Xiao Li only says, “Thank you for coming for me,” which simply shows gratitude for his presence, not knowledge of any sacrifice. Xiao Qiang replies, “It’s okay, I think helping you is more important,” which implies a comparison in his own mind but still does not clearly communicate that he gave up another concrete arrangement. Therefore, based on the text, Xiao Li is not shown to know about the canceled plan.

So the most reasonable choice is:

[[B]]","From the story, we are told by the narrator that Xiao Qiang had originally planned to watch a movie with friends but canceled it. However, there is no explicit indication that Xiao Qiang tells Xiao Li about this canceled plan.

Xiao Li only says, “Thank you for coming for me,” which simply shows gratitude for his presence, not knowledge of any sacrifice. Xiao Qiang replies, “It’s okay, I think helping you is more important,” which implies a comparison in his own mind but still does not clearly communicate that he gave up another concrete arrangement. Therefore, based on the text, Xiao Li is not shown to know about the canceled plan.

So the most reasonable choice is:",B,"Let me analyze this step by step.

**Key information from the story:**
1. Xiao Qiang originally had plans to watch a movie with friends
2. Xiao Qiang cancelled those plans to accompany Xiao Li for review
3. When they meet at the library, Xiao Li says ""Thank you for coming for me""
4. Xiao Qiang replies ""It's okay, I think helping you is more important""

**Analysis:**

The crucial evidence is in the dialogue:
- Xiao Li's statement ""Thank you for coming for me"" suggests Xiao Li knows that Xiao Qiang made a special effort or sacrifice to come
- Xiao Qiang's response ""I think helping you is more important"" directly implies that there was something else (the movie plans) that was less important, which he chose not to do

Xiao Qiang's response specifically mentions that ""helping you is MORE important,"" which indicates a comparison - more important than something else. This phrasing strongly suggests that Xiao Qiang is acknowledging to Xiao Li that he had other options but chose to help Xiao Li instead.

If Xiao Li didn't know about the cancelled plans, Xiao Qiang's statement about what is ""more important"" would be revealing this information. The natural flow of the conversation suggests Xiao Li is aware of the sacrifice Xiao Qiang made.

**Conclusion:**
Based on the dialogue and context, it appears that Xiao Li knows that Xiao Qiang cancelled other plans to come study together.

[[A]]","Let me analyze this step by step.

**Key information from the story:**
1. Xiao Qiang originally had plans to watch a movie with friends
2. Xiao Qiang cancelled those plans to accompany Xiao Li for review
3. When they meet at the library, Xiao Li says ""Thank you for coming for me""
4. Xiao Qiang replies ""It's okay, I think helping you is more important""

**Analysis:**

The crucial evidence is in the dialogue:
- Xiao Li's statement ""Thank you for coming for me"" suggests Xiao Li knows that Xiao Qiang made a special effort or sacrifice to come
- Xiao Qiang's response ""I think helping you is more important"" directly implies that there was something else (the movie plans) that was less important, which he chose not to do

Xiao Qiang's response specifically mentions that ""helping you is MORE important,"" which indicates a comparison - more important than something else. This phrasing strongly suggests that Xiao Qiang is acknowledging to Xiao Li that he had other options but chose to help Xiao Li instead.

If Xiao Li didn't know about the cancelled plans, Xiao Qiang's statement about what is ""more important"" would be revealing this information. The natural flow of the conversation suggests Xiao Li is aware of the sacrifice Xiao Qiang made.

**Conclusion:**
Based on the dialogue and context, it appears that Xiao Li knows that Xiao Qiang cancelled other plans to come study together.",A
505,"Wang Xiaolong is a community event organizer, he is preparing a large-scale community celebration event, this event is large in scale and involves many details, he also sees that community residents are very actively participating and supporting.",What is Wang Xiaolong's feeling when he is preparing for the community celebration event?,Satisfied,Thrilled,Nervous,Disappointed,B,Unexpected Outcome Test,"Wang Xiaolong is organizing a large, complex event (which could cause some nervousness), but the story specifically notes that community residents are “very actively participating and supporting.” This emphasis on strong participation and support suggests that his predominant feeling is positive and contented with how things are going.

Among the options, **“Satisfied”** best matches this described reaction.

[[A]]","Wang Xiaolong is organizing a large, complex event (which could cause some nervousness), but the story specifically notes that community residents are “very actively participating and supporting.” This emphasis on strong participation and support suggests that his predominant feeling is positive and contented with how things are going.

Among the options, **“Satisfied”** best matches this described reaction.",A,"Let me analyze this step by step.

**Story Analysis:**
1. Wang Xiaolong is organizing a large-scale community celebration event
2. The event is large in scale and involves many details
3. Community residents are very actively participating and supporting the event

**Evaluating each answer option:**

**A. Satisfied** - This could be possible as he sees active participation and support, which would bring satisfaction. However, ""satisfied"" suggests completion or contentment, while he is still in the preparation phase.

**B. Thrilled** - This is a strong positive emotion. Given that:
   - He's organizing a large-scale event (exciting responsibility)
   - Residents are actively participating and supporting (very encouraging)
   - The event is going well in terms of community engagement
   This suggests he would feel excited and thrilled about the positive response.

**C. Nervous** - While the event is large-scale with many details (which could cause nervousness), the story emphasizes the positive aspect - that residents are ""very actively participating and supporting."" This positive support would likely reduce nervousness rather than increase it.

**D. Disappointed** - This doesn't fit at all, as the story clearly indicates positive developments with active participation and support from residents.

**Conclusion:**
The story emphasizes the positive aspects: large-scale event, active participation, and strong support from residents. While there are many details to manage, the overwhelming tone is positive. ""Thrilled"" best captures the emotion of someone who is organizing a successful event with enthusiastic community support.

[[B]]","Let me analyze this step by step.

**Story Analysis:**
1. Wang Xiaolong is organizing a large-scale community celebration event
2. The event is large in scale and involves many details
3. Community residents are very actively participating and supporting the event

**Evaluating each answer option:**

**A. Satisfied** - This could be possible as he sees active participation and support, which would bring satisfaction. However, ""satisfied"" suggests completion or contentment, while he is still in the preparation phase.

**B. Thrilled** - This is a strong positive emotion. Given that:
   - He's organizing a large-scale event (exciting responsibility)
   - Residents are actively participating and supporting (very encouraging)
   - The event is going well in terms of community engagement
   This suggests he would feel excited and thrilled about the positive response.

**C. Nervous** - While the event is large-scale with many details (which could cause nervousness), the story emphasizes the positive aspect - that residents are ""very actively participating and supporting."" This positive support would likely reduce nervousness rather than increase it.

**D. Disappointed** - This doesn't fit at all, as the story clearly indicates positive developments with active participation and support from residents.

**Conclusion:**
The story emphasizes the positive aspects: large-scale event, active participation, and strong support from residents. While there are many details to manage, the overwhelming tone is positive. ""Thrilled"" best captures the emotion of someone who is organizing a successful event with enthusiastic community support.",B
539,"Zhang Wei is the perennial champion of the community garden competition, this year he participates in the competition again, his neighbors all gather in the garden in front of his house, looking at his carefully trimmed flower bushes.","Zhang Wei should feel proud in the community garden competition, but he appears very embarrassed, why is this?","Although Zhang Wei's garden is beautiful, he finds pests in his flower bushes, which makes him very embarrassed.","Zhang Wei's main competitor uses Zhang Wei's gardening skills in the competition, which makes Zhang Wei feel embarrassed and angry.","This year Zhang Wei's new variety of flowers does not bloom, which makes him feel embarrassed in front of his neighbors.","Zhang Wei accidentally damages the neighbor's property while preparing the garden, which makes him feel embarrassed on the day of the competition.",C,Unexpected Outcome Test,"Zhang Wei is described as the perennial champion, and his neighbors have gathered to admire his *carefully trimmed flower bushes*. This implies his garden still looks beautiful, so on the surface he has reason to be proud.

The question asks why, instead of pride, he feels *embarrassed*. The most plausible explanation is that something unexpected and shame-inducing has appeared in his otherwise impressive garden, in front of everyone.

Evaluate options:

- **A.** His garden is beautiful, but he discovers pests in his flower bushes, causing embarrassment.  
  - Fits the setup: the garden looks good, everyone is watching, and a hidden flaw (pests) would make him feel embarrassed despite the beauty.

- **B.** A competitor uses his skills, making him feel embarrassed and angry.  
  - The story says nothing about competitors or skill theft. Also adds ""angry,"" which the question does not emphasize.

- **C.** His new flowers do not bloom, embarrassing him.  
  - The story focuses on *carefully trimmed flower bushes* and admiration, not on missing blooms or failure; nothing hints at non-blooming varieties.

- **D.** He damaged neighbor’s property earlier, so he’s embarrassed.  
  - No mention or hint of property damage in the story.

The option that best aligns with the given description—beautiful garden, neighbors watching, yet he feels embarrassed—is **A**.

**[[A]]**","Zhang Wei is described as the perennial champion, and his neighbors have gathered to admire his *carefully trimmed flower bushes*. This implies his garden still looks beautiful, so on the surface he has reason to be proud.

The question asks why, instead of pride, he feels *embarrassed*. The most plausible explanation is that something unexpected and shame-inducing has appeared in his otherwise impressive garden, in front of everyone.

Evaluate options:

- **A.** His garden is beautiful, but he discovers pests in his flower bushes, causing embarrassment.  
  - Fits the setup: the garden looks good, everyone is watching, and a hidden flaw (pests) would make him feel embarrassed despite the beauty.

- **B.** A competitor uses his skills, making him feel embarrassed and angry.  
  - The story says nothing about competitors or skill theft. Also adds ""angry,"" which the question does not emphasize.

- **C.** His new flowers do not bloom, embarrassing him.  
  - The story focuses on *carefully trimmed flower bushes* and admiration, not on missing blooms or failure; nothing hints at non-blooming varieties.

- **D.** He damaged neighbor’s property earlier, so he’s embarrassed.  
  - No mention or hint of property damage in the story.

The option that best aligns with the given description—beautiful garden, neighbors watching, yet he feels embarrassed—is **A**.

**",A,"Let me analyze this step by step.

**Given Information:**
- Zhang Wei is the perennial (long-time) champion of the community garden competition
- He is participating again this year
- Neighbors are gathered in front of his house looking at his carefully trimmed flower bushes
- Despite being expected to feel proud, he appears very embarrassed

**Analysis of Each Option:**

**Option A:** Pests in flower bushes
- This could cause embarrassment for a champion gardener
- However, the story mentions ""carefully trimmed flower bushes,"" suggesting the garden appears well-maintained
- Pests might not be immediately visible to neighbors just looking at the bushes

**Option B:** Competitor using his gardening skills
- This seems odd - if someone copies his skills, it might make him angry, but not necessarily embarrassed in his own garden
- The neighbors are at HIS house looking at HIS garden, not at a competitor's

**Option C:** New variety of flowers not blooming
- This directly relates to what neighbors would see when looking at his garden
- For a perennial champion, having flowers that don't bloom would be a visible failure
- This would cause embarrassment specifically ""in front of his neighbors"" as they're gathered looking at his garden
- The contrast between expectation (champion's garden) and reality (non-blooming flowers) would be embarrassing

**Option D:** Accidentally damaging neighbor's property
- This could cause embarrassment
- However, it's less directly related to what neighbors are observing in his garden at that moment
- The focus seems to be on his garden itself, not external incidents

**Conclusion:**
Option C provides the most logical explanation. The neighbors are gathered specifically to look at his garden, and if his new flowers don't bloom, this visible failure would directly cause embarrassment for a champion gardener in front of an audience expecting excellence.

[[C]]","Let me analyze this step by step.

**Given Information:**
- Zhang Wei is the perennial (long-time) champion of the community garden competition
- He is participating again this year
- Neighbors are gathered in front of his house looking at his carefully trimmed flower bushes
- Despite being expected to feel proud, he appears very embarrassed

**Analysis of Each Option:**

**Option A:** Pests in flower bushes
- This could cause embarrassment for a champion gardener
- However, the story mentions ""carefully trimmed flower bushes,"" suggesting the garden appears well-maintained
- Pests might not be immediately visible to neighbors just looking at the bushes

**Option B:** Competitor using his gardening skills
- This seems odd - if someone copies his skills, it might make him angry, but not necessarily embarrassed in his own garden
- The neighbors are at HIS house looking at HIS garden, not at a competitor's

**Option C:** New variety of flowers not blooming
- This directly relates to what neighbors would see when looking at his garden
- For a perennial champion, having flowers that don't bloom would be a visible failure
- This would cause embarrassment specifically ""in front of his neighbors"" as they're gathered looking at his garden
- The contrast between expectation (champion's garden) and reality (non-blooming flowers) would be embarrassing

**Option D:** Accidentally damaging neighbor's property
- This could cause embarrassment
- However, it's less directly related to what neighbors are observing in his garden at that moment
- The focus seems to be on his garden itself, not external incidents

**Conclusion:**
Option C provides the most logical explanation. The neighbors are gathered specifically to look at his garden, and if his new flowers don't bloom, this visible failure would directly cause embarrassment for a champion gardener in front of an audience expecting excellence.",C
551,"Mr. Chen and Mrs. Chen are discussing privately in the bedroom. At the dining table, Xiao Jie and Xiao Ru are doing their homework. Suddenly, Mr. Chen comes out of the bedroom, gives Mrs. Chen a look, then looks at the children, Xiao Jie and Xiao Ru also notice his look. Mr. Chen turns back to Mrs. Chen with a smile, Mrs. Chen also nods. Then, Xiao Jie and Xiao Ru see their parents pick up the family calendar and pen, and start to mark a few days.",What do you think Xiao Jie and Xiao Ru are thinking?,"Xiao Jie and Xiao Ru feel a bit confused, not knowing why their parents are looking at the calendar at this time.","Xiao Jie and Xiao Ru are very happy, because they think their parents might be planning to give them more playtime.","Xiao Jie and Xiao Ru feel worried, because they worry that their parents are arranging more study tasks.","Xiao Jie and Xiao Ru do not care, they only focus on their work.",A,Ambiguous Story Task,"The parents come out of the bedroom after a private discussion, exchange knowing looks and smiles, then start marking several days on the calendar. This kind of behavior usually suggests planning something special (like a trip, outing, or holiday), and the smiles and nods imply something positive rather than negative or routine.

Given that, the most likely reaction from Xiao Jie and Xiao Ru is hopeful and happy speculation that those marked days mean more fun or free time, not more studying or something confusing/irrelevant.

So the best choice is:

[[B]]","The parents come out of the bedroom after a private discussion, exchange knowing looks and smiles, then start marking several days on the calendar. This kind of behavior usually suggests planning something special (like a trip, outing, or holiday), and the smiles and nods imply something positive rather than negative or routine.

Given that, the most likely reaction from Xiao Jie and Xiao Ru is hopeful and happy speculation that those marked days mean more fun or free time, not more studying or something confusing/irrelevant.

So the best choice is:",B,"Let me analyze this step by step.

**Context Analysis:**
1. The parents were having a private discussion in the bedroom
2. Mr. Chen comes out and deliberately looks at the children
3. The children notice this look
4. Mr. Chen smiles at Mrs. Chen, and she nods (showing agreement/confirmation)
5. The parents then pick up the family calendar and start marking days
6. All of this happens while the children are doing homework

**Key Observations:**
- The parents' behavior is deliberate and noticeable - they want the children to see them
- There's a sequence of non-verbal communication (looks, smiles, nods) that the children witness
- The calendar marking happens in front of the children, not privately
- The parents seem to be planning something that involves the children (given the meaningful look)

**Analyzing Each Option:**

**Option A:** The children feel confused - This is plausible. The parents' secretive discussion followed by meaningful looks and calendar marking without explanation would naturally cause confusion about what's being planned.

**Option B:** The children are happy, thinking about more playtime - This seems overly optimistic without clear indication. There's no evidence in the story suggesting the children interpret this positively.

**Option C:** The children feel worried about more study tasks - This seems negative and assumes the worst, but there's no indication the situation is negative (Mr. Chen smiled).

**Option D:** The children don't care and focus on work - This contradicts the story, which explicitly states ""Xiao Jie and Xiao Ru also notice his look,"" showing they are paying attention.

**Conclusion:**
Given that the parents are being somewhat mysterious (private discussion, meaningful looks, marking calendar without explanation), and the children are clearly noticing but not being told what's happening, the most natural reaction would be confusion and curiosity.

[[A]]","Let me analyze this step by step.

**Context Analysis:**
1. The parents were having a private discussion in the bedroom
2. Mr. Chen comes out and deliberately looks at the children
3. The children notice this look
4. Mr. Chen smiles at Mrs. Chen, and she nods (showing agreement/confirmation)
5. The parents then pick up the family calendar and start marking days
6. All of this happens while the children are doing homework

**Key Observations:**
- The parents' behavior is deliberate and noticeable - they want the children to see them
- There's a sequence of non-verbal communication (looks, smiles, nods) that the children witness
- The calendar marking happens in front of the children, not privately
- The parents seem to be planning something that involves the children (given the meaningful look)

**Analyzing Each Option:**

**Option A:** The children feel confused - This is plausible. The parents' secretive discussion followed by meaningful looks and calendar marking without explanation would naturally cause confusion about what's being planned.

**Option B:** The children are happy, thinking about more playtime - This seems overly optimistic without clear indication. There's no evidence in the story suggesting the children interpret this positively.

**Option C:** The children feel worried about more study tasks - This seems negative and assumes the worst, but there's no indication the situation is negative (Mr. Chen smiled).

**Option D:** The children don't care and focus on work - This contradicts the story, which explicitly states ""Xiao Jie and Xiao Ru also notice his look,"" showing they are paying attention.

**Conclusion:**
Given that the parents are being somewhat mysterious (private discussion, meaningful looks, marking calendar without explanation), and the children are clearly noticing but not being told what's happening, the most natural reaction would be confusion and curiosity.",A
553,"Xiao Ming shares with the teachers, making them believe that education is not just for scores, but for cultivating well-rounded individuals.",How does Xiao Ming convince the teachers?,"He creates a small project, lets the teachers participate, lets them experience the value of holistic education firsthand.","He organizes a sharing session, invites successful people from different fields to share how they benefit from holistic education.","He participates in an outdoor expansion training with the teachers, emphasizes the importance of teamwork and other non-academic skills.","He shows his achievements in various extracurricular activities, proves that these achievements have nothing to do with academics, but they have a positive effect on his growth.",D,Persuasion Story Task,"The story says “Xiao Ming shares with the teachers,” which most closely matches option B, where he “organizes a sharing session” to convey the idea that education is for cultivating well-rounded individuals.

So the most likely answer is:

[[B]]","The story says “Xiao Ming shares with the teachers,” which most closely matches option B, where he “organizes a sharing session” to convey the idea that education is for cultivating well-rounded individuals.

So the most likely answer is:",B,"Let me analyze this step by step.

**Understanding the Story:**
The story tells us that Xiao Ming shares something with teachers that makes them believe education should focus on cultivating well-rounded individuals, not just scores.

**Analyzing Each Option:**

**Option A:** Creating a small project for teachers to participate in and experience holistic education firsthand.
- This is hands-on and experiential
- Allows teachers to directly experience the value
- Practical demonstration approach

**Option B:** Organizing a sharing session with successful people from different fields.
- Brings external validation
- Shows real-world examples
- Uses testimonials from successful individuals

**Option C:** Participating in outdoor expansion training emphasizing teamwork.
- Focuses specifically on teamwork and non-academic skills
- Experiential learning
- Limited to one aspect (teamwork)

**Option D:** Showing his own achievements in extracurricular activities.
- Uses personal example
- Demonstrates practical results
- Shows direct evidence of growth beyond academics

**Key Consideration:**
The story says Xiao Ming ""shares"" with the teachers. This suggests he is communicating or presenting something to them. The word ""shares"" implies showing, telling, or presenting information.

Option D aligns best with ""sharing"" - Xiao Ming shares his own experiences and achievements. This is the most direct form of sharing and provides concrete, personal evidence that would be convincing to teachers. It's also the most likely action a student (Xiao Ming) could take independently.

Options A, B, and C involve organizing activities or events, which seem more complex than simple ""sharing.""

[[D]]","Let me analyze this step by step.

**Understanding the Story:**
The story tells us that Xiao Ming shares something with teachers that makes them believe education should focus on cultivating well-rounded individuals, not just scores.

**Analyzing Each Option:**

**Option A:** Creating a small project for teachers to participate in and experience holistic education firsthand.
- This is hands-on and experiential
- Allows teachers to directly experience the value
- Practical demonstration approach

**Option B:** Organizing a sharing session with successful people from different fields.
- Brings external validation
- Shows real-world examples
- Uses testimonials from successful individuals

**Option C:** Participating in outdoor expansion training emphasizing teamwork.
- Focuses specifically on teamwork and non-academic skills
- Experiential learning
- Limited to one aspect (teamwork)

**Option D:** Showing his own achievements in extracurricular activities.
- Uses personal example
- Demonstrates practical results
- Shows direct evidence of growth beyond academics

**Key Consideration:**
The story says Xiao Ming ""shares"" with the teachers. This suggests he is communicating or presenting something to them. The word ""shares"" implies showing, telling, or presenting information.

Option D aligns best with ""sharing"" - Xiao Ming shares his own experiences and achievements. This is the most direct form of sharing and provides concrete, personal evidence that would be convincing to teachers. It's also the most likely action a student (Xiao Ming) could take independently.

Options A, B, and C involve organizing activities or events, which seem more complex than simple ""sharing.""",D
555,"On Monday morning, Manager Li introduces Xiao Zhang and Xiao Wang during the new employee training. He says to Xiao Wang, ""Your technical background is excellent, the technical department suits you very well."" Turning to Xiao Zhang, Manager Li says, ""Xiao Zhang, you also suit for technical work."" Xiao Zhang replies, ""I also have a passion for sales.""",Which department does Xiao Zhang join?,Technical Department,Logistics Support Department,Sales Department,Finance Department,C,Faux-pas Recognition Test,"The story tells us:

- Manager Li explicitly tells Xiao Wang: the **technical department** suits him very well.
- Then tells Xiao Zhang: he **also suits for technical work**.
- Xiao Zhang replies that he also has a passion for sales, but there is no indication that Manager Li changes the department assignment based on this statement.

The only concrete assignment implied in the text is that Xiao Zhang is suited for and thus arranged into **technical work**; his interest in sales is just an additional personal preference, not an indicated change in department.

So the most likely answer is:

[[A]]","The story tells us:

- Manager Li explicitly tells Xiao Wang: the **technical department** suits him very well.
- Then tells Xiao Zhang: he **also suits for technical work**.
- Xiao Zhang replies that he also has a passion for sales, but there is no indication that Manager Li changes the department assignment based on this statement.

The only concrete assignment implied in the text is that Xiao Zhang is suited for and thus arranged into **technical work**; his interest in sales is just an additional personal preference, not an indicated change in department.

So the most likely answer is:",A,"Let me analyze this step by step.

**Given Information:**
1. Manager Li is introducing new employees Xiao Zhang and Xiao Wang during training
2. Manager Li tells Xiao Wang that he has an excellent technical background and the technical department suits him well
3. Manager Li tells Xiao Zhang that he also suits technical work
4. Xiao Zhang responds by saying he also has a passion for sales

**Analysis:**

Manager Li initially suggests that Xiao Zhang is suitable for technical work. However, Xiao Zhang's response is key here - he says ""I also have a passion for sales."" 

The word ""also"" is important because it suggests:
- Xiao Zhang acknowledges he could do technical work (as Manager Li suggested)
- BUT he is expressing an additional interest/passion in sales

When an employee expresses a passion for a particular field during new employee orientation, this is typically an important signal about their preferences. The fact that Xiao Zhang specifically mentions his passion for sales suggests he is advocating for himself to be placed in the sales department rather than simply accepting the technical department placement.

**Evaluating the options:**
- A. Technical Department - This was Manager Li's suggestion, but Xiao Zhang expressed interest in sales instead
- B. Logistics Support Department - Not mentioned in the story at all
- C. Sales Department - Xiao Zhang explicitly expressed passion for this
- D. Finance Department - Not mentioned in the story at all

Given that Xiao Zhang voiced his passion for sales work, it's most likely that he would join the Sales Department, as companies typically try to match employees with roles they are passionate about when possible.

[[C]]","Let me analyze this step by step.

**Given Information:**
1. Manager Li is introducing new employees Xiao Zhang and Xiao Wang during training
2. Manager Li tells Xiao Wang that he has an excellent technical background and the technical department suits him well
3. Manager Li tells Xiao Zhang that he also suits technical work
4. Xiao Zhang responds by saying he also has a passion for sales

**Analysis:**

Manager Li initially suggests that Xiao Zhang is suitable for technical work. However, Xiao Zhang's response is key here - he says ""I also have a passion for sales."" 

The word ""also"" is important because it suggests:
- Xiao Zhang acknowledges he could do technical work (as Manager Li suggested)
- BUT he is expressing an additional interest/passion in sales

When an employee expresses a passion for a particular field during new employee orientation, this is typically an important signal about their preferences. The fact that Xiao Zhang specifically mentions his passion for sales suggests he is advocating for himself to be placed in the sales department rather than simply accepting the technical department placement.

**Evaluating the options:**
- A. Technical Department - This was Manager Li's suggestion, but Xiao Zhang expressed interest in sales instead
- B. Logistics Support Department - Not mentioned in the story at all
- C. Sales Department - Xiao Zhang explicitly expressed passion for this
- D. Finance Department - Not mentioned in the story at all

Given that Xiao Zhang voiced his passion for sales work, it's most likely that he would join the Sales Department, as companies typically try to match employees with roles they are passionate about when possible.",C
573,"Zhang Tingting is a music lover, she learns that her neighbor Mr. Zhao is about to hold a piano concert at the community center.","Zhang Tingting should be excited about Mr. Zhao's piano concert, but she feels sad, why?","Zhang Tingting finds out that the concert ticket price is high, she can't afford it, so she feels sad.",Zhang Tingting finds out that Mr. Zhao invites people she doesn't like to the concert.,Zhang Tingting unexpectedly learns that the concert is Mr. Zhao's commemoration of his deceased wife.,"Zhang Tingting is sick, she can't attend the concert, this makes her feel sad.",C,Unexpected Outcome Test,"The story tells us:

- Zhang Tingting is a music lover.
- Her neighbor Mr. Zhao is going to hold a piano concert.
- “She should be excited…but she feels sad” – so something is preventing her from simply enjoying or looking forward to the concert.

Now analyze each option:

A. She can’t afford the high ticket price.  
- This is plausible, but the scenario is at a community center and with a neighbor; such concerts are often free or cheap, though not necessarily. Still possible, but nothing in the story hints about money.

B. Mr. Zhao invites people she doesn’t like.  
- That might make her annoyed or uncomfortable, but “she should be excited but is sad” is more strongly explained by being unable to attend or by a more serious emotional reason, not just disliking some attendees.

C. She learns the concert is a commemoration of his deceased wife.  
- This explains sadness out of sympathy, but it doesn’t directly invert “she should be excited.” She can still attend and enjoy the music while feeling sympathy; the core conflict (wanting to go vs. being unable) isn’t addressed.

D. She is sick and can’t attend the concert.  
- This directly explains the contrast: as a music lover, she should be excited about a nearby piano concert, but because she is sick and cannot attend, this makes her feel sad. This clearly matches the structure of the question.

The most coherent and typical explanation, given the setup, is D.

[[D]]","The story tells us:

- Zhang Tingting is a music lover.
- Her neighbor Mr. Zhao is going to hold a piano concert.
- “She should be excited…but she feels sad” – so something is preventing her from simply enjoying or looking forward to the concert.

Now analyze each option:

A. She can’t afford the high ticket price.  
- This is plausible, but the scenario is at a community center and with a neighbor; such concerts are often free or cheap, though not necessarily. Still possible, but nothing in the story hints about money.

B. Mr. Zhao invites people she doesn’t like.  
- That might make her annoyed or uncomfortable, but “she should be excited but is sad” is more strongly explained by being unable to attend or by a more serious emotional reason, not just disliking some attendees.

C. She learns the concert is a commemoration of his deceased wife.  
- This explains sadness out of sympathy, but it doesn’t directly invert “she should be excited.” She can still attend and enjoy the music while feeling sympathy; the core conflict (wanting to go vs. being unable) isn’t addressed.

D. She is sick and can’t attend the concert.  
- This directly explains the contrast: as a music lover, she should be excited about a nearby piano concert, but because she is sick and cannot attend, this makes her feel sad. This clearly matches the structure of the question.

The most coherent and typical explanation, given the setup, is D.",D,"Let me analyze this step by step.

**Given Information:**
- Zhang Tingting is a music lover
- Her neighbor Mr. Zhao is holding a piano concert at the community center
- She should be excited but feels sad instead

**Analyzing each option:**

**Option A: High ticket price**
- The concert is at a community center, which typically hosts free or low-cost local events
- Community centers are neighborhood facilities, not commercial venues
- This seems less likely for a neighbor's concert at a community center

**Option B: Unwanted guests**
- This would be an unusual reason to feel sad about a concert
- Even if people she doesn't like attend, as a music lover, she could still enjoy the performance
- This doesn't create a strong emotional contrast from excitement to sadness

**Option C: Commemoration of deceased wife**
- This would explain the emotional shift from excitement to sadness
- Learning the concert has a memorial purpose would naturally evoke sadness
- The bittersweet nature (beautiful music + tragic loss) fits the scenario
- This creates a logical reason why a music lover would feel sad despite wanting to enjoy the concert

**Option D: Zhang Tingting is sick**
- While this could make her sad, the story doesn't mention any illness
- This seems like adding information not suggested in the story

**Conclusion:**
Option C provides the most compelling explanation for why Zhang Tingting would feel sad despite being a music lover. The discovery that the concert commemorates Mr. Zhao's deceased wife would naturally transform her excitement into sadness, creating the emotional conflict described in the question.

[[C]]","Let me analyze this step by step.

**Given Information:**
- Zhang Tingting is a music lover
- Her neighbor Mr. Zhao is holding a piano concert at the community center
- She should be excited but feels sad instead

**Analyzing each option:**

**Option A: High ticket price**
- The concert is at a community center, which typically hosts free or low-cost local events
- Community centers are neighborhood facilities, not commercial venues
- This seems less likely for a neighbor's concert at a community center

**Option B: Unwanted guests**
- This would be an unusual reason to feel sad about a concert
- Even if people she doesn't like attend, as a music lover, she could still enjoy the performance
- This doesn't create a strong emotional contrast from excitement to sadness

**Option C: Commemoration of deceased wife**
- This would explain the emotional shift from excitement to sadness
- Learning the concert has a memorial purpose would naturally evoke sadness
- The bittersweet nature (beautiful music + tragic loss) fits the scenario
- This creates a logical reason why a music lover would feel sad despite wanting to enjoy the concert

**Option D: Zhang Tingting is sick**
- While this could make her sad, the story doesn't mention any illness
- This seems like adding information not suggested in the story

**Conclusion:**
Option C provides the most compelling explanation for why Zhang Tingting would feel sad despite being a music lover. The discovery that the concert commemorates Mr. Zhao's deceased wife would naturally transform her excitement into sadness, creating the emotional conflict described in the question.",C
582,"At the company project success celebration, Manager Li praises the team's efforts, especially mentions the R&D group's Xiao Ling. Xiao Ling says, ""Thank you everyone, we all put in a lot, but I am happy to push the project forward at a critical moment."" Director Zhang does not speak in the crowd.",Does anyone say something inappropriate in this story?,Someone in the story says something inappropriate.,No one in the story says anything inappropriate.,,,A,Faux-pas Recognition Test,"First, examine what each person does or says:

- Manager Li praises the team’s efforts and specifically mentions Xiao Ling from R&D. This is normal in a workplace celebration context; managers often highlight particular contributions.
- Xiao Ling responds: “Thank you everyone, we all put in a lot, but I am happy to push the project forward at a critical moment.” This acknowledges the team’s effort and mentions her own key contribution. This is not obviously inappropriate; it’s a mix of modesty and justified pride.
- Director Zhang remains silent in the crowd. Silence is not inappropriate in itself.

There is no clearly impolite, offensive, or contextually improper statement in the story. Therefore, the most reasonable choice is that no one says anything inappropriate.

[[B]]","First, examine what each person does or says:

- Manager Li praises the team’s efforts and specifically mentions Xiao Ling from R&D. This is normal in a workplace celebration context; managers often highlight particular contributions.
- Xiao Ling responds: “Thank you everyone, we all put in a lot, but I am happy to push the project forward at a critical moment.” This acknowledges the team’s effort and mentions her own key contribution. This is not obviously inappropriate; it’s a mix of modesty and justified pride.
- Director Zhang remains silent in the crowd. Silence is not inappropriate in itself.

There is no clearly impolite, offensive, or contextually improper statement in the story. Therefore, the most reasonable choice is that no one says anything inappropriate.",B,"Let me analyze this step by step.

**Context Analysis:**
- This is a company project success celebration
- Manager Li is praising the team, with special mention of Xiao Ling from the R&D group
- Xiao Ling responds to the praise
- Director Zhang remains silent

**Examining Xiao Ling's Response:**
Xiao Ling says: ""Thank you everyone, we all put in a lot, but I am happy to push the project forward at a critical moment.""

Let me break down this statement:
1. ""Thank you everyone, we all put in a lot"" - This acknowledges the team effort, which is appropriate
2. ""but I am happy to push the project forward at a critical moment"" - This shifts focus back to Xiao Ling's individual contribution

**Cultural and Professional Context:**
In a team celebration, especially in many workplace cultures, the appropriate response to praise would be to:
- Thank the manager
- Emphasize team collaboration
- Deflect individual credit to the collective effort

**The Problem:**
While Xiao Ling starts by acknowledging the team, the word ""but"" followed by highlighting their own role (""I am happy to push the project forward at a critical moment"") undermines the team acknowledgment. This comes across as:
- Self-promoting
- Taking excessive personal credit
- Potentially diminishing others' contributions
- Inappropriate for a team celebration context

**Conclusion:**
Xiao Ling's response, while starting diplomatically, ends up being somewhat inappropriate by emphasizing personal achievement over team success at a team celebration.

[[A]]","Let me analyze this step by step.

**Context Analysis:**
- This is a company project success celebration
- Manager Li is praising the team, with special mention of Xiao Ling from the R&D group
- Xiao Ling responds to the praise
- Director Zhang remains silent

**Examining Xiao Ling's Response:**
Xiao Ling says: ""Thank you everyone, we all put in a lot, but I am happy to push the project forward at a critical moment.""

Let me break down this statement:
1. ""Thank you everyone, we all put in a lot"" - This acknowledges the team effort, which is appropriate
2. ""but I am happy to push the project forward at a critical moment"" - This shifts focus back to Xiao Ling's individual contribution

**Cultural and Professional Context:**
In a team celebration, especially in many workplace cultures, the appropriate response to praise would be to:
- Thank the manager
- Emphasize team collaboration
- Deflect individual credit to the collective effort

**The Problem:**
While Xiao Ling starts by acknowledging the team, the word ""but"" followed by highlighting their own role (""I am happy to push the project forward at a critical moment"") undermines the team acknowledgment. This comes across as:
- Self-promoting
- Taking excessive personal credit
- Potentially diminishing others' contributions
- Inappropriate for a team celebration context

**Conclusion:**
Xiao Ling's response, while starting diplomatically, ends up being somewhat inappropriate by emphasizing personal achievement over team success at a team celebration.",A
593,"In a lush forest on the planet of Virdana, there lives a small and agile robot named Blink. Virdana is a planet rich in vegetation, but completely devoid of any animal life, which means Blink knows nothing about animals or their behaviors. However, many unique and vibrant plants live in this forest, including some that move and interact with the environment. Blink is always full of curiosity and often imitates these movements. Blink is performing an imitation behavior: it squats down and then jumps high, over and over again, this action reminds people of a frog jump.",What is Blink likely imitating?,The jump of a kangaroo.,The jump of a frog.,A bouncing ball.,The opening and closing of a Venus flytrap.,D,Knowledge-pretend play links,"Blink is described as squatting and jumping high repeatedly, in a way that “reminds people of a frog jump.” Among the options, this most closely matches:

- Not a kangaroo (their jump is more long-distance bounding).
- Not a bouncing ball (no squatting motion).
- Not a Venus flytrap (it opens and closes rather than jumping).

Therefore, the best match is:

[[B]]","Blink is described as squatting and jumping high repeatedly, in a way that “reminds people of a frog jump.” Among the options, this most closely matches:

- Not a kangaroo (their jump is more long-distance bounding).
- Not a bouncing ball (no squatting motion).
- Not a Venus flytrap (it opens and closes rather than jumping).

Therefore, the best match is:",B,"Let me analyze this step by step.

**Key information from the story:**
1. Blink is a robot living on planet Virdana
2. Virdana has NO animal life whatsoever
3. Blink knows NOTHING about animals or their behaviors
4. The planet has many unique plants, including some that move and interact with the environment
5. Blink is curious and often imitates the movements of these plants
6. Blink's current action: squatting down and jumping high, repeatedly

**Analyzing each answer option:**

A. **The jump of a kangaroo** - This is an animal. Since Virdana has no animals and Blink knows nothing about animals, Blink cannot be imitating a kangaroo.

B. **The jump of a frog** - This is also an animal. For the same reason as above, Blink cannot be imitating a frog, despite the story's comparison to a frog jump (which is just the narrator's description for the reader's benefit).

C. **A bouncing ball** - A ball is not mentioned in the story, and there's no indication that Blink has encountered balls. This seems unlikely.

D. **The opening and closing of a Venus flytrap** - This is a PLANT that moves. The story explicitly states that Blink imitates the movements of plants in the forest. A Venus flytrap's motion of opening (extended) and closing (contracted) could resemble a squatting and jumping motion when interpreted by a robot.

**Conclusion:**
Given that Blink only knows about plants and imitates plant movements, and considering that the Venus flytrap is the only plant-based option that involves movement, this is the most logical answer.

[[D]]","Let me analyze this step by step.

**Key information from the story:**
1. Blink is a robot living on planet Virdana
2. Virdana has NO animal life whatsoever
3. Blink knows NOTHING about animals or their behaviors
4. The planet has many unique plants, including some that move and interact with the environment
5. Blink is curious and often imitates the movements of these plants
6. Blink's current action: squatting down and jumping high, repeatedly

**Analyzing each answer option:**

A. **The jump of a kangaroo** - This is an animal. Since Virdana has no animals and Blink knows nothing about animals, Blink cannot be imitating a kangaroo.

B. **The jump of a frog** - This is also an animal. For the same reason as above, Blink cannot be imitating a frog, despite the story's comparison to a frog jump (which is just the narrator's description for the reader's benefit).

C. **A bouncing ball** - A ball is not mentioned in the story, and there's no indication that Blink has encountered balls. This seems unlikely.

D. **The opening and closing of a Venus flytrap** - This is a PLANT that moves. The story explicitly states that Blink imitates the movements of plants in the forest. A Venus flytrap's motion of opening (extended) and closing (contracted) could resemble a squatting and jumping motion when interpreted by a robot.

**Conclusion:**
Given that Blink only knows about plants and imitates plant movements, and considering that the Venus flytrap is the only plant-based option that involves movement, this is the most logical answer.",D
618,"In the New Year gift exchange activity at school, Li Mingzhu looks forward to giving a gift she carefully selects to her classmate Wang Hao. Teacher Zhang organizes this activity and encourages students to give thoughtful gifts to each other. Li Mingzhu misses the moment when Teacher Zhang reminds everyone to pay attention to food allergies, so she chooses a box of exquisite handmade mooncakes. When exchanging gifts, Li Mingzhu hands the gift to Wang Hao and happily says, ""This mooncake is a specialty of our place, I remember you say you like to try local snacks!"" Wang Hao pauses for a moment, then politely replies, ""Oh, thank you, Mingzhu. I definitely try it."" Teacher Zhang quietly says, ""Every gift is the other's intention, let's look at the gifts from other students next.""","If there is, which sentence is inappropriate?","This mooncake is a specialty of our place, I remember you saying you like to try local snacks!","Oh, thank you, Mingzhu. I definitely try it.","Every gift is the other's intention, let's look at the gifts of other students next.",No one says what they should not say.,A,Faux-pas Recognition Test,"The question asks which sentence is inappropriate **if there is one**.

Check each option:

- **A.** “This mooncake is a specialty of our place, I remember you saying you like to try local snacks!”  
  – Grammatically and contextually fine: she is explaining the gift choice based on his interest.

- **B.** “Oh, thank you, Mingzhu. I definitely try it.”  
  – Grammatically incorrect in English; it should be “I will definitely try it” or “I’ll definitely try it.” This makes it the most clearly inappropriate sentence.

- **C.** “Every gift is the other's intention, let's look at the gifts of other students next.”  
  – Slightly awkward wording, but understandable and contextually appropriate: the teacher is encouraging everyone to value the thought behind gifts.

- **D.** “No one says what they should not say.”  
  – This is a meta-comment: it claims that no one said anything inappropriate. Since option B *is* inappropriate (grammatically wrong), D is not correct.

Thus, the inappropriate sentence is:

[[B]]","The question asks which sentence is inappropriate **if there is one**.

Check each option:

- **A.** “This mooncake is a specialty of our place, I remember you saying you like to try local snacks!”  
  – Grammatically and contextually fine: she is explaining the gift choice based on his interest.

- **B.** “Oh, thank you, Mingzhu. I definitely try it.”  
  – Grammatically incorrect in English; it should be “I will definitely try it” or “I’ll definitely try it.” This makes it the most clearly inappropriate sentence.

- **C.** “Every gift is the other's intention, let's look at the gifts of other students next.”  
  – Slightly awkward wording, but understandable and contextually appropriate: the teacher is encouraging everyone to value the thought behind gifts.

- **D.** “No one says what they should not say.”  
  – This is a meta-comment: it claims that no one said anything inappropriate. Since option B *is* inappropriate (grammatically wrong), D is not correct.

Thus, the inappropriate sentence is:",B,"Let me analyze this step by step.

**Understanding the Story:**
1. Li Mingzhu missed Teacher Zhang's reminder about food allergies
2. She chose handmade mooncakes as a gift for Wang Hao
3. Wang Hao receives the gift and responds politely but with a pause
4. Teacher Zhang makes a diplomatic comment to move things along

**Analyzing Each Answer Option:**

**Option A:** ""This mooncake is a specialty of our place, I remember you saying you like to try local snacks!""
- This is what Li Mingzhu said when giving the gift
- The problem: She missed the food allergy reminder, so Wang Hao might be allergic to mooncakes
- By saying ""I remember you say you like to try local snacks,"" she's putting Wang Hao in an awkward position - he may have mentioned liking snacks in general, but if he has food allergies, he cannot eat these mooncakes
- This creates social pressure for Wang Hao to accept something he potentially cannot consume

**Option B:** ""Oh, thank you, Mingzhu. I definitely try it.""
- Wang Hao's polite response
- This is appropriate - he's being gracious despite potentially having allergies

**Option C:** ""Every gift is the other's intention, let's look at the gifts of other students next.""
- Teacher Zhang's diplomatic intervention
- This is appropriate - the teacher is defusing an awkward situation

**Option D:** ""No one says what they should not say.""
- This suggests everyone spoke appropriately
- This contradicts the premise of the question

**Conclusion:**
The inappropriate sentence is Li Mingzhu's statement because she missed the allergy warning and then specifically referenced Wang Hao's interest in trying snacks, potentially putting him in an uncomfortable position if he has food allergies.

[[A]]","Let me analyze this step by step.

**Understanding the Story:**
1. Li Mingzhu missed Teacher Zhang's reminder about food allergies
2. She chose handmade mooncakes as a gift for Wang Hao
3. Wang Hao receives the gift and responds politely but with a pause
4. Teacher Zhang makes a diplomatic comment to move things along

**Analyzing Each Answer Option:**

**Option A:** ""This mooncake is a specialty of our place, I remember you saying you like to try local snacks!""
- This is what Li Mingzhu said when giving the gift
- The problem: She missed the food allergy reminder, so Wang Hao might be allergic to mooncakes
- By saying ""I remember you say you like to try local snacks,"" she's putting Wang Hao in an awkward position - he may have mentioned liking snacks in general, but if he has food allergies, he cannot eat these mooncakes
- This creates social pressure for Wang Hao to accept something he potentially cannot consume

**Option B:** ""Oh, thank you, Mingzhu. I definitely try it.""
- Wang Hao's polite response
- This is appropriate - he's being gracious despite potentially having allergies

**Option C:** ""Every gift is the other's intention, let's look at the gifts of other students next.""
- Teacher Zhang's diplomatic intervention
- This is appropriate - the teacher is defusing an awkward situation

**Option D:** ""No one says what they should not say.""
- This suggests everyone spoke appropriately
- This contradicts the premise of the question

**Conclusion:**
The inappropriate sentence is Li Mingzhu's statement because she missed the allergy warning and then specifically referenced Wang Hao's interest in trying snacks, potentially putting him in an uncomfortable position if he has food allergies.",A
619,"On the weekend, Xiao Ming and Xiao Gang are on the basketball court. Xiao Gang says, ""My mom is sick recently, our family wants to keep this matter private."" Xiao Ming replies, ""I understand, I do not tell anyone."" In the following days, when classmates ask out of curiosity, Xiao Ming says, ""Everything is normal in Xiao Gang's family.""","If there is, which sentence is inappropriate?","My mom is sick recently, our family wants to keep this matter private.","I understand, I do not tell anyone.",Everything is normal at Xiao Gang's house.,There is no inappropriate sentence.,D,Faux-pas Recognition Test,"The problematic sentence is the one where Xiao Ming lies to classmates.

- A: Xiao Gang sharing that his mom is sick and asking for privacy is appropriate.
- B: Xiao Ming promising not to tell anyone is appropriate.
- C: Saying “Everything is normal at Xiao Gang's house” is a lie; a better response would be to decline to answer or say it's a private matter.
- D: Not correct, because there *is* an inappropriate sentence.

So the inappropriate sentence is:

[[C]]","The problematic sentence is the one where Xiao Ming lies to classmates.

- A: Xiao Gang sharing that his mom is sick and asking for privacy is appropriate.
- B: Xiao Ming promising not to tell anyone is appropriate.
- C: Saying “Everything is normal at Xiao Gang's house” is a lie; a better response would be to decline to answer or say it's a private matter.
- D: Not correct, because there *is* an inappropriate sentence.

So the inappropriate sentence is:",C,"Let me analyze this step by step.

**Understanding the situation:**
1. Xiao Gang confides in Xiao Ming that his mother is sick and the family wants to keep it private
2. Xiao Ming promises not to tell anyone
3. When classmates ask, Xiao Ming says ""Everything is normal in Xiao Gang's family""

**Analyzing each answer option:**

**Option A: ""My mom is sick recently, our family wants to keep this matter private.""**
- This is Xiao Gang sharing private information with his friend Xiao Ming
- It's appropriate for Xiao Gang to confide in a friend and express his wish for privacy
- Nothing inappropriate here

**Option B: ""I understand, I do not tell anyone.""**
- This is Xiao Ming's promise to respect Xiao Gang's privacy
- This shows understanding and respect for his friend's wishes
- This is appropriate

**Option C: ""Everything is normal at Xiao Gang's house.""**
- This is what Xiao Ming tells classmates when they ask
- This statement respects Xiao Gang's wish for privacy
- Xiao Ming is protecting his friend's private information by not revealing the truth
- This is actually appropriate behavior - he's keeping his promise

**Option D: ""There is no inappropriate sentence.""**
- Given that all three statements seem to serve appropriate purposes, this could be correct

**Conclusion:**
All the statements appear to be appropriate. Xiao Gang appropriately shares with a trusted friend, Xiao Ming appropriately promises confidentiality, and Xiao Ming appropriately protects that privacy when asked by others. There is no inappropriate sentence in this scenario.

[[D]]","Let me analyze this step by step.

**Understanding the situation:**
1. Xiao Gang confides in Xiao Ming that his mother is sick and the family wants to keep it private
2. Xiao Ming promises not to tell anyone
3. When classmates ask, Xiao Ming says ""Everything is normal in Xiao Gang's family""

**Analyzing each answer option:**

**Option A: ""My mom is sick recently, our family wants to keep this matter private.""**
- This is Xiao Gang sharing private information with his friend Xiao Ming
- It's appropriate for Xiao Gang to confide in a friend and express his wish for privacy
- Nothing inappropriate here

**Option B: ""I understand, I do not tell anyone.""**
- This is Xiao Ming's promise to respect Xiao Gang's privacy
- This shows understanding and respect for his friend's wishes
- This is appropriate

**Option C: ""Everything is normal at Xiao Gang's house.""**
- This is what Xiao Ming tells classmates when they ask
- This statement respects Xiao Gang's wish for privacy
- Xiao Ming is protecting his friend's private information by not revealing the truth
- This is actually appropriate behavior - he's keeping his promise

**Option D: ""There is no inappropriate sentence.""**
- Given that all three statements seem to serve appropriate purposes, this could be correct

**Conclusion:**
All the statements appear to be appropriate. Xiao Gang appropriately shares with a trusted friend, Xiao Ming appropriately promises confidentiality, and Xiao Ming appropriately protects that privacy when asked by others. There is no inappropriate sentence in this scenario.",D
621,"Xiao Li is a 5-year-old child, Xiao Ming is 10 years old, he is her brother. Xiao Li really wants to eat ice cream today, but her brother is afraid that she makes a mess everywhere with the ice cream. But Xiao Ming does not say this directly, instead, he says: ""Eating too much ice cream is not good for the body.""",How does Xiao Li convince Xiao Ming to buy her ice cream?,"If I don't have ice cream to eat, I get sick.","Brother, I eat carefully, I promise not to make a mess everywhere.","I do a lot of good things before, can brother consider it as a reward for me?","Brother, can I just eat a little bit, just a little bit, please brother~",D,Persuasion Story Task,"Xiao Ming’s real concern is that Xiao Li will make a mess with the ice cream, even though he *says* it’s about health. The most convincing way for Xiao Li to persuade him is to address his true worry directly by promising to eat carefully and not make a mess.

So the best answer is:

[[B]]","Xiao Ming’s real concern is that Xiao Li will make a mess with the ice cream, even though he *says* it’s about health. The most convincing way for Xiao Li to persuade him is to address his true worry directly by promising to eat carefully and not make a mess.

So the best answer is:",B,"Let me analyze this step by step.

**Understanding the situation:**
- Xiao Li is 5 years old and wants ice cream
- Xiao Ming is her 10-year-old brother
- The real reason Xiao Ming doesn't want to give her ice cream is that he's afraid she'll make a mess
- However, Xiao Ming gives a different excuse: ""Eating too much ice cream is not good for the body""

**Analyzing each answer option:**

**A. ""If I don't have ice cream to eat, I get sick.""**
- This is manipulative and dishonest
- It doesn't address either the stated concern (health) or the real concern (making a mess)
- Unlikely to convince Xiao Ming

**B. ""Brother, I eat carefully, I promise not to make a mess everywhere.""**
- This directly addresses Xiao Ming's REAL concern (making a mess)
- Shows maturity and understanding
- However, this would require Xiao Li to know the real reason, which wasn't stated directly

**C. ""I do a lot of good things before, can brother consider it as a reward for me?""**
- This is a reasonable approach but doesn't address any of Xiao Ming's concerns
- Moderate chance of success

**D. ""Brother, can I just eat a little bit, just a little bit, please brother~""**
- This directly addresses Xiao Ming's STATED concern (eating too much is bad)
- By asking for ""just a little bit,"" she's responding to his excuse about health
- This is typical behavior for a 5-year-old (pleading/begging)
- She's working with the information she has (the excuse he gave)

**Conclusion:**
Since Xiao Li only heard the excuse about health (not the real reason about messiness), the most logical response would be option D, where she addresses his stated concern by promising to eat only a little bit. This is also age-appropriate behavior for a 5-year-old.

[[D]]","Let me analyze this step by step.

**Understanding the situation:**
- Xiao Li is 5 years old and wants ice cream
- Xiao Ming is her 10-year-old brother
- The real reason Xiao Ming doesn't want to give her ice cream is that he's afraid she'll make a mess
- However, Xiao Ming gives a different excuse: ""Eating too much ice cream is not good for the body""

**Analyzing each answer option:**

**A. ""If I don't have ice cream to eat, I get sick.""**
- This is manipulative and dishonest
- It doesn't address either the stated concern (health) or the real concern (making a mess)
- Unlikely to convince Xiao Ming

**B. ""Brother, I eat carefully, I promise not to make a mess everywhere.""**
- This directly addresses Xiao Ming's REAL concern (making a mess)
- Shows maturity and understanding
- However, this would require Xiao Li to know the real reason, which wasn't stated directly

**C. ""I do a lot of good things before, can brother consider it as a reward for me?""**
- This is a reasonable approach but doesn't address any of Xiao Ming's concerns
- Moderate chance of success

**D. ""Brother, can I just eat a little bit, just a little bit, please brother~""**
- This directly addresses Xiao Ming's STATED concern (eating too much is bad)
- By asking for ""just a little bit,"" she's responding to his excuse about health
- This is typical behavior for a 5-year-old (pleading/begging)
- She's working with the information she has (the excuse he gave)

**Conclusion:**
Since Xiao Li only heard the excuse about health (not the real reason about messiness), the most logical response would be option D, where she addresses his stated concern by promising to eat only a little bit. This is also age-appropriate behavior for a 5-year-old.",D
631,"Zhao Ting is a talented painter, her works receive the highest honor at the international art exhibition.","Zhao Ting should feel very proud, but in fact, she shows regret, why is this?","Despite the award-winning work, Zhao Ting thinks the jury's evaluation is not fair.","Zhao Ting originally hopes to increase her fame through this exhibition, but the media coverage of the exhibition is not as extensive as she expects.",Zhao Ting's mentor is unable to attend due to illness,"Zhao Ting's main competitor receives the same honor as her at the exhibition, which makes her feel her achievement is diluted.",C,Unexpected Outcome Test,"Zhao Ting receives the highest honor, which would normally make her proud, but she instead feels regret. A likely reason is that the value of that honor feels diminished to her.

Option analysis:

- **A.** If she thinks the jury is unfair, her feeling might be anger or dissatisfaction with the result in general, but the story doesn't hint at controversy or injustice.
- **B.** Media coverage being less than expected is possible, but this is more about long-term fame than an immediate emotional reaction at the exhibition itself.
- **C.** Her mentor's illness preventing attendance could cause sadness, but it's external to the award itself and not directly tied to the ""highest honor"" being less meaningful.
- **D.** If her main competitor also receives the same highest honor, then her unique achievement is ""diluted,"" which neatly explains why she shows regret instead of pure pride despite her success.

The most contextually fitting and psychologically plausible explanation is:

**[[D]]**","Zhao Ting receives the highest honor, which would normally make her proud, but she instead feels regret. A likely reason is that the value of that honor feels diminished to her.

Option analysis:

- **A.** If she thinks the jury is unfair, her feeling might be anger or dissatisfaction with the result in general, but the story doesn't hint at controversy or injustice.
- **B.** Media coverage being less than expected is possible, but this is more about long-term fame than an immediate emotional reaction at the exhibition itself.
- **C.** Her mentor's illness preventing attendance could cause sadness, but it's external to the award itself and not directly tied to the ""highest honor"" being less meaningful.
- **D.** If her main competitor also receives the same highest honor, then her unique achievement is ""diluted,"" which neatly explains why she shows regret instead of pure pride despite her success.

The most contextually fitting and psychologically plausible explanation is:

**",D,"Let me analyze this step by step.

**Given Information:**
- Zhao Ting is a talented painter
- Her works receive the highest honor at an international art exhibition
- She should feel proud but instead shows regret

**Analysis of Each Option:**

**Option A:** She thinks the jury's evaluation is not fair.
- If she won the highest honor, complaining about unfair evaluation seems contradictory
- This would be more likely if she lost or received a lower award
- Less likely to cause regret

**Option B:** Media coverage is not as extensive as expected.
- This could cause disappointment about publicity
- However, ""regret"" is a strong emotion that typically relates to something more personally meaningful
- Possible but not the strongest explanation

**Option C:** Her mentor is unable to attend due to illness.
- This would create a genuine sense of regret - wanting to share this important moment with someone who helped her achieve success
- ""Regret"" fits well here - she achieved success but cannot share it with someone important
- This is a bittersweet situation that would dampen joy despite winning
- Very plausible explanation for feeling regret alongside achievement

**Option D:** Her main competitor receives the same honor, diluting her achievement.
- This might cause disappointment or frustration
- However, she still received the ""highest honor""
- Less likely to cause ""regret"" specifically

**Conclusion:**
Option C provides the most compelling explanation for why Zhao Ting would feel ""regret"" despite winning the highest honor. The absence of her mentor at such a significant moment would create a bittersweet feeling - pride in achievement mixed with sadness and regret that an important person couldn't witness it.

[[C]]","Let me analyze this step by step.

**Given Information:**
- Zhao Ting is a talented painter
- Her works receive the highest honor at an international art exhibition
- She should feel proud but instead shows regret

**Analysis of Each Option:**

**Option A:** She thinks the jury's evaluation is not fair.
- If she won the highest honor, complaining about unfair evaluation seems contradictory
- This would be more likely if she lost or received a lower award
- Less likely to cause regret

**Option B:** Media coverage is not as extensive as expected.
- This could cause disappointment about publicity
- However, ""regret"" is a strong emotion that typically relates to something more personally meaningful
- Possible but not the strongest explanation

**Option C:** Her mentor is unable to attend due to illness.
- This would create a genuine sense of regret - wanting to share this important moment with someone who helped her achieve success
- ""Regret"" fits well here - she achieved success but cannot share it with someone important
- This is a bittersweet situation that would dampen joy despite winning
- Very plausible explanation for feeling regret alongside achievement

**Option D:** Her main competitor receives the same honor, diluting her achievement.
- This might cause disappointment or frustration
- However, she still received the ""highest honor""
- Less likely to cause ""regret"" specifically

**Conclusion:**
Option C provides the most compelling explanation for why Zhao Ting would feel ""regret"" despite winning the highest honor. The absence of her mentor at such a significant moment would create a bittersweet feeling - pride in achievement mixed with sadness and regret that an important person couldn't witness it.",C
649,"Flit is a curious, small, buoy-like robot with soft, glowing lights. It lives on a quiet little moon called Lumina in a distant galaxy. Lumina is a quiet place, famous for its gentle rivers. There are no large animals on Lumina, especially land mammals. Lumina is home to small, delicate creatures, such as fluttering butterflies and jellyfish-like plankton. Flit is engaging in mimicry: it gently sways back and forth, waving like a fan, similar to the action of an elephant flapping its ears.",What is Flit likely imitating?,Elephant,Fennec Fox,Jellyfish,Wind blowing through the forest,C,Knowledge-pretend play links,"Flit is described as “gently sways back and forth, waving like a fan, **similar to the action of an elephant flapping its ears**.” That line directly states what its motion resembles.

- Option A: Elephant — explicitly mentioned in the story as the comparison.
- Options B, C, and D are not referenced or implied by that specific description.

Therefore, the most likely answer is:

[[A]]","Flit is described as “gently sways back and forth, waving like a fan, **similar to the action of an elephant flapping its ears**.” That line directly states what its motion resembles.

- Option A: Elephant — explicitly mentioned in the story as the comparison.
- Options B, C, and D are not referenced or implied by that specific description.

Therefore, the most likely answer is:",A,"Let me analyze this step by step.

**Key information from the story:**
1. Flit is on Lumina, a quiet moon with gentle rivers
2. There are NO large animals on Lumina, especially no land mammals
3. Lumina is home to small, delicate creatures like butterflies and jellyfish-like plankton
4. Flit is mimicking something by swaying back and forth and waving like a fan
5. The description mentions this is ""similar to the action of an elephant flapping its ears""

**Analyzing each answer option:**

**A. Elephant** - The story explicitly states there are no large animals on Lumina, especially no land mammals. Elephants are large land mammals, so Flit would have no exposure to elephants to imitate them. The elephant reference is just a comparison for the reader's understanding.

**B. Fennec Fox** - This is also a land mammal, which the story explicitly states don't exist on Lumina. Flit wouldn't have encountered one.

**C. Jellyfish** - The story specifically mentions ""jellyfish-like plankton"" as creatures that DO live on Lumina. Jellyfish naturally sway and wave in water, which matches the swaying, waving motion described. This is something Flit would actually encounter.

**D. Wind blowing through the forest** - There's no mention of forests on Lumina, and this seems less likely given the emphasis on aquatic creatures.

**Conclusion:**
Since Flit lives on Lumina where jellyfish-like plankton exist, and the swaying/waving motion perfectly matches how jellyfish move, Flit is most likely imitating the jellyfish it encounters on its moon.

[[C]]","Let me analyze this step by step.

**Key information from the story:**
1. Flit is on Lumina, a quiet moon with gentle rivers
2. There are NO large animals on Lumina, especially no land mammals
3. Lumina is home to small, delicate creatures like butterflies and jellyfish-like plankton
4. Flit is mimicking something by swaying back and forth and waving like a fan
5. The description mentions this is ""similar to the action of an elephant flapping its ears""

**Analyzing each answer option:**

**A. Elephant** - The story explicitly states there are no large animals on Lumina, especially no land mammals. Elephants are large land mammals, so Flit would have no exposure to elephants to imitate them. The elephant reference is just a comparison for the reader's understanding.

**B. Fennec Fox** - This is also a land mammal, which the story explicitly states don't exist on Lumina. Flit wouldn't have encountered one.

**C. Jellyfish** - The story specifically mentions ""jellyfish-like plankton"" as creatures that DO live on Lumina. Jellyfish naturally sway and wave in water, which matches the swaying, waving motion described. This is something Flit would actually encounter.

**D. Wind blowing through the forest** - There's no mention of forests on Lumina, and this seems less likely given the emphasis on aquatic creatures.

**Conclusion:**
Since Flit lives on Lumina where jellyfish-like plankton exist, and the swaying/waving motion perfectly matches how jellyfish move, Flit is most likely imitating the jellyfish it encounters on its moon.",C
658,"Xiao Ming finds a box in the bank, the label on the box is chalk, Xiao Ming cannot see what is inside the box, Xiao Ming opens the box and finds a pencil, there is no chalk in the box, Xiao Ming closes the box and puts it back in its place, Xiao Li enters the bank and sees the box.","After Xiao Li opens the box, what does Xiao Li think Xiao Ming expects to find in the box?",Sweatshirt,Chalk,Pencil,Ring,B,False Belief Task,[[C]],,C,"Let me think through this step by step.

**Understanding the scenario:**
1. There is a box in the bank labeled ""chalk""
2. Xiao Ming finds the box and sees the label says ""chalk""
3. Xiao Ming cannot see inside before opening it
4. Xiao Ming opens it and finds a pencil (not chalk)
5. Xiao Ming closes the box and puts it back
6. Xiao Li enters and sees the box

**Understanding the question:**
The question asks: ""After Xiao Li opens the box, what does Xiao Li think Xiao Ming expects to find in the box?""

This is asking about Xiao Li's perspective on what Xiao Ming would have expected (not what Xiao Li expects, and not what was actually in the box).

**Key reasoning:**
- When Xiao Li opens the box, Xiao Li will see the pencil inside
- However, the question is about what Xiao Li thinks **Xiao Ming expected** to find
- Xiao Ming would have seen the label ""chalk"" on the box before opening it
- Based on the label, Xiao Ming would naturally expect to find chalk inside
- Xiao Li, seeing the same label, would understand that Xiao Ming (seeing the ""chalk"" label) would have expected to find chalk

**Analyzing the answers:**
- A. Sweatshirt - No connection to the story
- B. Chalk - This matches what the label says, and what Xiao Ming would expect based on the label
- C. Pencil - This is what was actually inside, but not what Xiao Ming would expect before opening
- D. Ring - No connection to the story

The most logical answer is that Xiao Li would think Xiao Ming expected to find chalk (based on the label).

[[B]]","Let me think through this step by step.

**Understanding the scenario:**
1. There is a box in the bank labeled ""chalk""
2. Xiao Ming finds the box and sees the label says ""chalk""
3. Xiao Ming cannot see inside before opening it
4. Xiao Ming opens it and finds a pencil (not chalk)
5. Xiao Ming closes the box and puts it back
6. Xiao Li enters and sees the box

**Understanding the question:**
The question asks: ""After Xiao Li opens the box, what does Xiao Li think Xiao Ming expects to find in the box?""

This is asking about Xiao Li's perspective on what Xiao Ming would have expected (not what Xiao Li expects, and not what was actually in the box).

**Key reasoning:**
- When Xiao Li opens the box, Xiao Li will see the pencil inside
- However, the question is about what Xiao Li thinks **Xiao Ming expected** to find
- Xiao Ming would have seen the label ""chalk"" on the box before opening it
- Based on the label, Xiao Ming would naturally expect to find chalk inside
- Xiao Li, seeing the same label, would understand that Xiao Ming (seeing the ""chalk"" label) would have expected to find chalk

**Analyzing the answers:**
- A. Sweatshirt - No connection to the story
- B. Chalk - This matches what the label says, and what Xiao Ming would expect based on the label
- C. Pencil - This is what was actually inside, but not what Xiao Ming would expect before opening
- D. Ring - No connection to the story

The most logical answer is that Xiao Li would think Xiao Ming expected to find chalk (based on the label).",B
676,"In a noodle shop, chef Xiao Gang is preparing noodles of different flavors. He tells the waitress Xiao Li, ""We offer 40 different flavors of noodles, most of which are meat noodles, some are seafood noodles, but there are almost no vegetarian noodles."" Xiao Li checks the menu and finds that there are only 5 kinds of seafood noodles.","After checking the menu, how many types of meat noodles does Xiao Li guess?","After checking the menu, Xiao Li guesses there are 20 types of meat noodles.","After checking the menu, Xiao Li guesses there are 35 types of meat noodles.","After checking the menu, Xiao Li guesses there are 33 types of meat noodles.","After checking the menu, Xiao Li guesses there are 25 types of meat noodles.",C,Scalar Implicature Test,"First, sort out the given information:

- Total noodle flavors: 40  
- There are 5 kinds of seafood noodles.  
- Chef says:  
  - “Most are meat noodles”  
  - “Some are seafood noodles”  
  - “There are almost no vegetarian noodles.”

Let:
- Meat noodles = M  
- Seafood noodles = S = 5  
- Vegetarian noodles = V  

We know:
- M + S + V = 40  
- S = 5 ⇒ M + V = 35  

“Almost no vegetarian noodles” implies V is very small, possibly 0 or 1 (in any case, much smaller than 35 or 5).  
So Xiao Li would reasonably guess that nearly all of the remaining 35 are meat noodles.

Among the answer choices, the natural guess consistent with “almost no vegetarian noodles” is:
- M ≈ 35

So the best matching option is:

[[B]]","First, sort out the given information:

- Total noodle flavors: 40  
- There are 5 kinds of seafood noodles.  
- Chef says:  
  - “Most are meat noodles”  
  - “Some are seafood noodles”  
  - “There are almost no vegetarian noodles.”

Let:
- Meat noodles = M  
- Seafood noodles = S = 5  
- Vegetarian noodles = V  

We know:
- M + S + V = 40  
- S = 5 ⇒ M + V = 35  

“Almost no vegetarian noodles” implies V is very small, possibly 0 or 1 (in any case, much smaller than 35 or 5).  
So Xiao Li would reasonably guess that nearly all of the remaining 35 are meat noodles.

Among the answer choices, the natural guess consistent with “almost no vegetarian noodles” is:
- M ≈ 35

So the best matching option is:",B,"Let me analyze this step by step.

**Given information:**
- Total flavors of noodles: 40
- Most are meat noodles
- Some are seafood noodles: 5 kinds (confirmed by Xiao Li)
- Almost no vegetarian noodles

**Step 1: Calculate the remaining noodles after accounting for seafood**
- Total noodles: 40
- Seafood noodles: 5
- Remaining noodles (meat + vegetarian): 40 - 5 = 35

**Step 2: Interpret ""almost no vegetarian noodles""**
- ""Almost no"" suggests a very small number, likely 0, 1, or 2
- This is a minimal amount

**Step 3: Interpret ""most of which are meat noodles""**
- ""Most"" means the majority of the total 40 noodles should be meat
- Since seafood is only 5 and vegetarian is ""almost none,"" meat should comprise the bulk

**Step 4: Calculate meat noodles**
If we assume:
- Vegetarian noodles = 0: Meat = 35
- Vegetarian noodles = 1: Meat = 34
- Vegetarian noodles = 2: Meat = 33

**Step 5: Evaluate the answer options**
- A. 20 types - This is only half of 40, which doesn't qualify as ""most""
- B. 35 types - This assumes 0 vegetarian noodles
- C. 33 types - This assumes 2 vegetarian noodles
- D. 25 types - This is less than ""most"" and would require 10 vegetarian noodles, contradicting ""almost no""

Given that ""almost no vegetarian noodles"" most reasonably suggests 1-2 types (not literally zero), and option C with 33 types still represents the vast majority (82.5% of total), this seems most reasonable.

[[C]]","Let me analyze this step by step.

**Given information:**
- Total flavors of noodles: 40
- Most are meat noodles
- Some are seafood noodles: 5 kinds (confirmed by Xiao Li)
- Almost no vegetarian noodles

**Step 1: Calculate the remaining noodles after accounting for seafood**
- Total noodles: 40
- Seafood noodles: 5
- Remaining noodles (meat + vegetarian): 40 - 5 = 35

**Step 2: Interpret ""almost no vegetarian noodles""**
- ""Almost no"" suggests a very small number, likely 0, 1, or 2
- This is a minimal amount

**Step 3: Interpret ""most of which are meat noodles""**
- ""Most"" means the majority of the total 40 noodles should be meat
- Since seafood is only 5 and vegetarian is ""almost none,"" meat should comprise the bulk

**Step 4: Calculate meat noodles**
If we assume:
- Vegetarian noodles = 0: Meat = 35
- Vegetarian noodles = 1: Meat = 34
- Vegetarian noodles = 2: Meat = 33

**Step 5: Evaluate the answer options**
- A. 20 types - This is only half of 40, which doesn't qualify as ""most""
- B. 35 types - This assumes 0 vegetarian noodles
- C. 33 types - This assumes 2 vegetarian noodles
- D. 25 types - This is less than ""most"" and would require 10 vegetarian noodles, contradicting ""almost no""

Given that ""almost no vegetarian noodles"" most reasonably suggests 1-2 types (not literally zero), and option C with 33 types still represents the vast majority (82.5% of total), this seems most reasonable.",C
725,"On the first day at the new school, Xiao Yang says to his classmate Xiao Liu sitting next to him: ""My mom is a lady in our school cafeteria."" Xiao Liu says: ""What a coincidence."" At this time, another classmate Xiao Li comes over and says: ""I think the food in our school cafeteria is very delicious."" Xiao Yang smiles and says: ""Yes, my mom cooks very well."" Xiao Liu says: ""Xiao Li, do you want to go to the game room together?"" Xiao Li says: ""Sure, let's go together.""",Does Xiao Li know that Xiao Yang's mom is the cafeteria aunt?,Knows,Does not know,,,A,Faux-pas Recognition Test,"From the story:

- Xiao Yang tells **Xiao Liu** directly: “My mom is a lady in our school cafeteria.”
- **After that**, “another classmate Xiao Li comes over and says…” — so Xiao Li was not present for that statement.
- When Xiao Li praises the cafeteria food, Xiao Yang only replies: “Yes, my mom cooks very well.” This sentence, by itself, does not explicitly state that his mom is the cafeteria lady; it could also be interpreted as talking about her cooking in general.

Since Xiao Li did not hear the explicit statement and only heard the ambiguous “my mom cooks very well,” we cannot say he definitively knows she is the cafeteria aunt.

Therefore, the most likely answer is:

[[B]]","From the story:

- Xiao Yang tells **Xiao Liu** directly: “My mom is a lady in our school cafeteria.”
- **After that**, “another classmate Xiao Li comes over and says…” — so Xiao Li was not present for that statement.
- When Xiao Li praises the cafeteria food, Xiao Yang only replies: “Yes, my mom cooks very well.” This sentence, by itself, does not explicitly state that his mom is the cafeteria lady; it could also be interpreted as talking about her cooking in general.

Since Xiao Li did not hear the explicit statement and only heard the ambiguous “my mom cooks very well,” we cannot say he definitively knows she is the cafeteria aunt.

Therefore, the most likely answer is:",B,"Let me analyze this step by step.

1. **What information was shared:**
   - Xiao Yang tells Xiao Liu that his mom is a lady in the school cafeteria
   - Xiao Liu responds with ""What a coincidence""
   - Xiao Li then comes over and comments about the cafeteria food being delicious
   - Xiao Yang responds to Xiao Li saying ""Yes, my mom cooks very well""

2. **Key question: Was Xiao Li present when Xiao Yang first mentioned his mom works in the cafeteria?**
   - The story says ""At this time, another classmate Xiao Li comes over"" - this happens AFTER Xiao Yang's initial statement to Xiao Liu
   - The phrase ""comes over"" suggests Xiao Li was not present for the earlier conversation

3. **What did Xiao Li hear?**
   - Xiao Li arrives and makes a comment about the cafeteria food
   - Xiao Yang then explicitly tells Xiao Li ""Yes, my mom cooks very well""
   - This is a direct statement to Xiao Li about his mom cooking in the cafeteria

4. **Conclusion:**
   - Even though Xiao Li may not have heard the initial conversation between Xiao Yang and Xiao Liu, Xiao Yang directly told Xiao Li that ""my mom cooks very well"" in response to Xiao Li's comment about the cafeteria food
   - This statement clearly indicates to Xiao Li that Xiao Yang's mom works in the cafeteria

Therefore, Xiao Li knows that Xiao Yang's mom is the cafeteria aunt.

[[A]]","Let me analyze this step by step.

1. **What information was shared:**
   - Xiao Yang tells Xiao Liu that his mom is a lady in the school cafeteria
   - Xiao Liu responds with ""What a coincidence""
   - Xiao Li then comes over and comments about the cafeteria food being delicious
   - Xiao Yang responds to Xiao Li saying ""Yes, my mom cooks very well""

2. **Key question: Was Xiao Li present when Xiao Yang first mentioned his mom works in the cafeteria?**
   - The story says ""At this time, another classmate Xiao Li comes over"" - this happens AFTER Xiao Yang's initial statement to Xiao Liu
   - The phrase ""comes over"" suggests Xiao Li was not present for the earlier conversation

3. **What did Xiao Li hear?**
   - Xiao Li arrives and makes a comment about the cafeteria food
   - Xiao Yang then explicitly tells Xiao Li ""Yes, my mom cooks very well""
   - This is a direct statement to Xiao Li about his mom cooking in the cafeteria

4. **Conclusion:**
   - Even though Xiao Li may not have heard the initial conversation between Xiao Yang and Xiao Liu, Xiao Yang directly told Xiao Li that ""my mom cooks very well"" in response to Xiao Li's comment about the cafeteria food
   - This statement clearly indicates to Xiao Li that Xiao Yang's mom works in the cafeteria

Therefore, Xiao Li knows that Xiao Yang's mom is the cafeteria aunt.",A
741,"In the impressive city of Skyhaven, which floats above the clouds, lives a curious robot named Blix. This unique city is not the home of any birds or flying animals, so Blix never understands or encounters them. Instead, the sky of Skyhaven decorates with various floating drones and mechanical devices. Blix is engaging in imitation behavior: it glides smoothly in the air, extends its arms, makes gentle turns and maneuvers, this graceful action reminds people of the soaring flight of an eagle.",What is Blix possibly imitating?,An airplane turning in the sky.,The soaring of an eagle.,A kite floating in the wind.,A hot air balloon floating.,A,Knowledge-pretend play links,"Blix glides smoothly, extends its arms, and makes gentle turns and maneuvers, and the story explicitly says these actions ""remind people of the soaring flight of an eagle."" Among the options, that directly matches:

**B. The soaring of an eagle.**

So the most likely answer is:

[[B]]","Blix glides smoothly, extends its arms, and makes gentle turns and maneuvers, and the story explicitly says these actions ""remind people of the soaring flight of an eagle."" Among the options, that directly matches:

**B. The soaring of an eagle.**

So the most likely answer is:",B,"Let me analyze this step by step.

**Key information from the story:**
1. Blix is a robot living in Skyhaven, a city floating above the clouds
2. Skyhaven has NO birds or flying animals
3. Blix has NEVER understood or encountered birds/flying animals
4. The sky is decorated with floating drones and mechanical devices
5. Blix is engaging in imitation behavior: gliding smoothly, extending arms, making gentle turns
6. The narrator notes this action ""reminds people of the soaring flight of an eagle""

**Analysis of answer options:**

**Option A: An airplane turning in the sky**
- Blix lives in a technological city with drones and mechanical devices
- Airplanes are mechanical and would fit the environment
- Blix could have observed airplanes or similar flying machines
- This is plausible

**Option B: The soaring of an eagle**
- The story explicitly states Blix has NEVER encountered birds or flying animals
- Blix cannot imitate something it has never seen or understood
- The eagle comparison is made by the NARRATOR/people observing Blix, not what Blix is actually imitating
- This is unlikely

**Option C: A kite floating in the wind**
- No mention of kites in the story
- Less likely given the technological setting

**Option D: A hot air balloon floating**
- Possible, but the description mentions ""gentle turns and maneuvers"" which is more active than balloon floating
- Less likely

**Conclusion:**
The key distinction is between what Blix is actually imitating versus what it reminds observers of. Since Blix has never encountered eagles or birds, it cannot be imitating them. The most logical answer is that Blix is imitating something from its environment - the mechanical flying devices like airplanes.

[[A]]","Let me analyze this step by step.

**Key information from the story:**
1. Blix is a robot living in Skyhaven, a city floating above the clouds
2. Skyhaven has NO birds or flying animals
3. Blix has NEVER understood or encountered birds/flying animals
4. The sky is decorated with floating drones and mechanical devices
5. Blix is engaging in imitation behavior: gliding smoothly, extending arms, making gentle turns
6. The narrator notes this action ""reminds people of the soaring flight of an eagle""

**Analysis of answer options:**

**Option A: An airplane turning in the sky**
- Blix lives in a technological city with drones and mechanical devices
- Airplanes are mechanical and would fit the environment
- Blix could have observed airplanes or similar flying machines
- This is plausible

**Option B: The soaring of an eagle**
- The story explicitly states Blix has NEVER encountered birds or flying animals
- Blix cannot imitate something it has never seen or understood
- The eagle comparison is made by the NARRATOR/people observing Blix, not what Blix is actually imitating
- This is unlikely

**Option C: A kite floating in the wind**
- No mention of kites in the story
- Less likely given the technological setting

**Option D: A hot air balloon floating**
- Possible, but the description mentions ""gentle turns and maneuvers"" which is more active than balloon floating
- Less likely

**Conclusion:**
The key distinction is between what Blix is actually imitating versus what it reminds observers of. Since Blix has never encountered eagles or birds, it cannot be imitating them. The most logical answer is that Blix is imitating something from its environment - the mechanical flying devices like airplanes.",A
791,"Lin Feng is a musician. After many years of hard work, his album finally wins the ""Best Album of the Year"" award at the music awards ceremony. However, the committee secretly modifies Lin Feng's main song. He thinks this is a great blasphemy to his music creation.",What emotion does Lin Feng show at this time?,Angry,Feeling violated,Disappointed,Joy,B,Unexpected Outcome Test,"He sees the modification as a “great blasphemy” to his music, which most directly points to him feeling enraged about the committee’s actions.

[[A]]","He sees the modification as a “great blasphemy” to his music, which most directly points to him feeling enraged about the committee’s actions.",A,"Let me analyze this step by step.

**Understanding the situation:**
1. Lin Feng is a musician who has worked hard for many years
2. His album wins ""Best Album of the Year"" - this should be a positive achievement
3. However, the committee secretly modified his main song
4. Lin Feng views this modification as ""a great blasphemy to his music creation""

**Analyzing each emotion option:**

**A. Angry** - This is certainly possible. Having one's work modified without permission, especially when the person considers it ""blasphemy,"" would naturally provoke anger.

**B. Feeling violated** - This seems very fitting. The key phrase is that Lin Feng considers the modification ""a great blasphemy to his music creation."" The word ""blasphemy"" suggests a deep violation of something sacred to him. His artistic work was altered secretly without his consent, which is a violation of his creative integrity.

**C. Disappointed** - While he might feel some disappointment, this seems too mild given that he describes it as ""blasphemy,"" which is a very strong term.

**D. Joy** - Although he won an award, the story emphasizes his negative reaction to the modification with the word ""However,"" indicating that the violation overshadows any joy from winning.

**Conclusion:**
The use of the word ""blasphemy"" is crucial - it indicates a profound sense of violation of something sacred (his artistic creation). The secret modification without his consent represents a violation of his artistic integrity and creative rights. While anger might be present, ""feeling violated"" most directly captures the essence of having one's work secretly altered, which Lin Feng perceives as a desecration of his art.

[[B]]","Let me analyze this step by step.

**Understanding the situation:**
1. Lin Feng is a musician who has worked hard for many years
2. His album wins ""Best Album of the Year"" - this should be a positive achievement
3. However, the committee secretly modified his main song
4. Lin Feng views this modification as ""a great blasphemy to his music creation""

**Analyzing each emotion option:**

**A. Angry** - This is certainly possible. Having one's work modified without permission, especially when the person considers it ""blasphemy,"" would naturally provoke anger.

**B. Feeling violated** - This seems very fitting. The key phrase is that Lin Feng considers the modification ""a great blasphemy to his music creation."" The word ""blasphemy"" suggests a deep violation of something sacred to him. His artistic work was altered secretly without his consent, which is a violation of his creative integrity.

**C. Disappointed** - While he might feel some disappointment, this seems too mild given that he describes it as ""blasphemy,"" which is a very strong term.

**D. Joy** - Although he won an award, the story emphasizes his negative reaction to the modification with the word ""However,"" indicating that the violation overshadows any joy from winning.

**Conclusion:**
The use of the word ""blasphemy"" is crucial - it indicates a profound sense of violation of something sacred (his artistic creation). The secret modification without his consent represents a violation of his artistic integrity and creative rights. While anger might be present, ""feeling violated"" most directly captures the essence of having one's work secretly altered, which Lin Feng perceives as a desecration of his art.",B
798,"Xiao Yang's company holds a weekly meeting every Wednesday. On a certain Monday, the leader takes Xiao Wang to meet with client Director Zhang. The two of them chat happily, but they only talk about some irrelevant topics because there are disagreements on the main issues. As it approaches mealtime, the following conversation occurs: Leader: ""Director Zhang, it is almost mealtime, do you have time? I want to invite you to have a meal."" Then the leader turns around, winks, and says to Xiao Yang: ""Xiao Yang, do we have a meeting at the unit tonight?""",What is the leader's purpose when he asks Xiao Yang this question?,The leader wants to ask Xiao Yang about the meeting time to arrange a meal with the client.,"The leader hopes Xiao Yang answers that there is a meeting tonight, so he can use this as an excuse to end the meeting.",The leader wants to understand Xiao Yang's preparation for the weekly meeting.,The leader wants to ask if Xiao Yang is willing to skip the meeting and join them for dinner.,B,Hinting Task Test,"The company’s weekly meeting is on Wednesday, and this situation happens on a Monday, so the leader clearly already knows there is no meeting that night. He winks at Xiao Yang and asks about a meeting in front of Director Zhang right after suggesting having a meal, signaling that he wants Xiao Yang to respond in a way that facilitates arranging the dinner (i.e., confirming they are free and available).

Analyzing options:
- A: Matches the idea that the question is a pretext to coordinate and signal availability for a meal with the client.
- B: Conflicts with the context: the leader just invited Director Zhang to dinner and is not looking for an excuse to end the interaction.
- C: Irrelevant to the timing and the wink.
- D: Implies skipping an actual meeting, but there is no meeting on Monday.

So the most plausible is A.

[[A]]","The company’s weekly meeting is on Wednesday, and this situation happens on a Monday, so the leader clearly already knows there is no meeting that night. He winks at Xiao Yang and asks about a meeting in front of Director Zhang right after suggesting having a meal, signaling that he wants Xiao Yang to respond in a way that facilitates arranging the dinner (i.e., confirming they are free and available).

Analyzing options:
- A: Matches the idea that the question is a pretext to coordinate and signal availability for a meal with the client.
- B: Conflicts with the context: the leader just invited Director Zhang to dinner and is not looking for an excuse to end the interaction.
- C: Irrelevant to the timing and the wink.
- D: Implies skipping an actual meeting, but there is no meeting on Monday.

So the most plausible is A.",A,"Let me analyze this step by step.

**Context Analysis:**
1. The meeting is happening on Monday
2. The weekly meeting is on Wednesday (not today)
3. The leader and client had disagreements on main issues
4. The conversation became somewhat awkward (only talking about irrelevant topics)
5. The leader invites Director Zhang to dinner
6. The leader **winks** at Xiao Yang before asking about a meeting ""tonight""

**Key Detail - The Wink:**
The wink is crucial. A wink is a non-verbal signal that indicates the leader wants Xiao Yang to understand something that isn't being said directly. It suggests the leader wants a specific response.

**Analyzing Each Option:**

**A. Arrange a meal with the client**
- This doesn't make sense because the leader JUST invited the client to dinner
- Why would he then ask about a meeting that would conflict with it?
- The wink wouldn't be necessary for this

**B. Use meeting as an excuse to end the meeting**
- The wink signals Xiao Yang should say ""yes, there's a meeting""
- This would give the leader a polite way to decline his own dinner invitation
- Since there were disagreements and awkwardness, the leader may want an exit strategy
- This is a common social tactic to politely end uncomfortable situations
- The leader can save face by appearing willing but unable due to work obligations

**C. Understand preparation for weekly meeting**
- The weekly meeting is on Wednesday, not Monday
- A wink wouldn't be needed for a genuine question about preparation
- This doesn't fit the context

**D. Ask if Xiao Yang will skip the meeting**
- This doesn't align with the wink signal
- The leader wouldn't need to wink for this question

**Conclusion:**
The leader is using a common social strategy: making a polite invitation while simultaneously creating an excuse to decline it. The wink signals Xiao Yang to provide that excuse by confirming a (likely non-existent) meeting tonight.

[[B]]","Let me analyze this step by step.

**Context Analysis:**
1. The meeting is happening on Monday
2. The weekly meeting is on Wednesday (not today)
3. The leader and client had disagreements on main issues
4. The conversation became somewhat awkward (only talking about irrelevant topics)
5. The leader invites Director Zhang to dinner
6. The leader **winks** at Xiao Yang before asking about a meeting ""tonight""

**Key Detail - The Wink:**
The wink is crucial. A wink is a non-verbal signal that indicates the leader wants Xiao Yang to understand something that isn't being said directly. It suggests the leader wants a specific response.

**Analyzing Each Option:**

**A. Arrange a meal with the client**
- This doesn't make sense because the leader JUST invited the client to dinner
- Why would he then ask about a meeting that would conflict with it?
- The wink wouldn't be necessary for this

**B. Use meeting as an excuse to end the meeting**
- The wink signals Xiao Yang should say ""yes, there's a meeting""
- This would give the leader a polite way to decline his own dinner invitation
- Since there were disagreements and awkwardness, the leader may want an exit strategy
- This is a common social tactic to politely end uncomfortable situations
- The leader can save face by appearing willing but unable due to work obligations

**C. Understand preparation for weekly meeting**
- The weekly meeting is on Wednesday, not Monday
- A wink wouldn't be needed for a genuine question about preparation
- This doesn't fit the context

**D. Ask if Xiao Yang will skip the meeting**
- This doesn't align with the wink signal
- The leader wouldn't need to wink for this question

**Conclusion:**
The leader is using a common social strategy: making a polite invitation while simultaneously creating an excuse to decline it. The wink signals Xiao Yang to provide that excuse by confirming a (likely non-existent) meeting tonight.",B
800,"In the early morning, the bus is as crowded as usual. Zhao Lei gets on the bus and finds her neighbor, Mr. Zhang, is wearing casual clothes that he usually does not wear. She greets him excitedly: ""Mr. Zhang, good morning! Usually, I do not see you go out at this time, do you take a day off today?"" Mr. Zhang nods his head without saying much. The bus drives to the next stop, and Zhao Lei still happily continues to say: ""That is a rare rest time, you must enjoy it."" Mr. Zhang responds with a light ""hmm"", and turns his head to look out the window. Zhao Lei starts to eat the breakfast she just bought.",Does anyone say something inappropriate in this story?,Someone in the story says something inappropriate.,No one in the story says anything inappropriate.,,,A,Faux-pas Recognition Test,"First, review what is actually said in the story:

- Zhao Lei greets her neighbor politely:  
  “Mr. Zhang, good morning! Usually, I do not see you go out at this time, do you take a day off today?”  
  This is normal small talk between neighbors; it’s neither rude nor offensive.

- She then says:  
  “That is a rare rest time, you must enjoy it.”  
  Again, this is friendly, casual conversation. It may be a bit overly enthusiastic given Mr. Zhang’s curt responses, but still not inappropriate.

- Mr. Zhang only responds with a nod, a light “hmm,” and then looks out the window. That’s reserved, but not inappropriate.

No one insults anyone, reveals private secrets, uses impolite language, or oversteps obvious social boundaries in what they *say*. Thus, based on the dialogue alone, there is nothing clearly inappropriate.

Therefore, the best answer is:

[[B]]","First, review what is actually said in the story:

- Zhao Lei greets her neighbor politely:  
  “Mr. Zhang, good morning! Usually, I do not see you go out at this time, do you take a day off today?”  
  This is normal small talk between neighbors; it’s neither rude nor offensive.

- She then says:  
  “That is a rare rest time, you must enjoy it.”  
  Again, this is friendly, casual conversation. It may be a bit overly enthusiastic given Mr. Zhang’s curt responses, but still not inappropriate.

- Mr. Zhang only responds with a nod, a light “hmm,” and then looks out the window. That’s reserved, but not inappropriate.

No one insults anyone, reveals private secrets, uses impolite language, or oversteps obvious social boundaries in what they *say*. Thus, based on the dialogue alone, there is nothing clearly inappropriate.

Therefore, the best answer is:",B,"Let me analyze this step by step.

**Understanding the situation:**
- It's early morning on a crowded bus
- Zhao Lei sees her neighbor Mr. Zhang in casual clothes (unusual for him)
- Zhao Lei greets him and asks if he's taking a day off
- Mr. Zhang responds minimally (nods, says ""hmm"") and turns to look out the window
- Zhao Lei continues talking about enjoying his rare rest time
- Mr. Zhang's body language suggests he's not interested in conversation

**Analyzing appropriateness:**

1. **Zhao Lei's behavior:**
   - She greets Mr. Zhang enthusiastically
   - She makes assumptions about his day off
   - She continues talking even after Mr. Zhang shows clear signs of not wanting to engage (minimal responses, turning away)
   - She doesn't pick up on social cues that Mr. Zhang wants to be left alone

2. **Cultural context:**
   - In many cultures, eating on public transportation can be considered inappropriate
   - Continuing to talk to someone who is clearly not interested in conversation can be seen as intrusive
   - Making assumptions about someone's personal schedule/situation could be inappropriate

3. **Mr. Zhang's responses:**
   - His minimal responses and turning away are clear signals he doesn't want to chat
   - Zhao Lei ignores these cues and continues talking

**Conclusion:**
Zhao Lei says something inappropriate by continuing to engage Mr. Zhang in conversation despite his clear disinterest, and by making assumptions about his personal time. Her failure to read social cues makes her comments inappropriate.

[[A]]","Let me analyze this step by step.

**Understanding the situation:**
- It's early morning on a crowded bus
- Zhao Lei sees her neighbor Mr. Zhang in casual clothes (unusual for him)
- Zhao Lei greets him and asks if he's taking a day off
- Mr. Zhang responds minimally (nods, says ""hmm"") and turns to look out the window
- Zhao Lei continues talking about enjoying his rare rest time
- Mr. Zhang's body language suggests he's not interested in conversation

**Analyzing appropriateness:**

1. **Zhao Lei's behavior:**
   - She greets Mr. Zhang enthusiastically
   - She makes assumptions about his day off
   - She continues talking even after Mr. Zhang shows clear signs of not wanting to engage (minimal responses, turning away)
   - She doesn't pick up on social cues that Mr. Zhang wants to be left alone

2. **Cultural context:**
   - In many cultures, eating on public transportation can be considered inappropriate
   - Continuing to talk to someone who is clearly not interested in conversation can be seen as intrusive
   - Making assumptions about someone's personal schedule/situation could be inappropriate

3. **Mr. Zhang's responses:**
   - His minimal responses and turning away are clear signals he doesn't want to chat
   - Zhao Lei ignores these cues and continues talking

**Conclusion:**
Zhao Lei says something inappropriate by continuing to engage Mr. Zhang in conversation despite his clear disinterest, and by making assumptions about his personal time. Her failure to read social cues makes her comments inappropriate.",A
803,"Hua Hua, Xuan Xuan, and Le Le are classmates in the class, they are working together to complete a group assignment. Le Le just returns to the classroom, sees Hua Hua talking to Xuan Xuan in front of the computer, Xuan Xuan listens very attentively. Le Le previously tells Hua Hua that she is very worried about the overall performance of the team because Xuan Xuan lacks relevant experience. When Le Le approaches, Hua Hua stops talking and gives Xuan Xuan a slight smile. Le Le only sees Hua Hua's smile, does not hear clearly what they are talking about.",Why does Hua Hua give Xuan Xuan a slight smile?,"Hua Hua is encouraging Xuan Xuan, hoping she can master the solution to the problem as soon as possible.","Hua Hua is hinting at Xuan Xuan, implying that Hua Hua's help to Xuan Xuan is a secret between them.","Hua Hua is showing friendliness to Xuan Xuan, indicating that she does not mind spending time helping.",Hua Hua is expressing satisfaction with the progress of the task to Xuan Xuan.,B,Ambiguous Story Task,"The story shows Hua Hua patiently explaining something to the inexperienced Xuan Xuan, who is listening very attentively. When Le Le approaches, Hua Hua stops talking and gives Xuan Xuan a slight smile. This most naturally reads as a supportive, encouraging gesture toward Xuan Xuan in the learning process.

Option B (secret), C (about not minding spending time), and D (satisfaction with progress) are less directly supported by the text. The context of helping an inexperienced teammate and the attentive listening best fit an encouraging smile.

So the most likely answer is:

[[A]]","The story shows Hua Hua patiently explaining something to the inexperienced Xuan Xuan, who is listening very attentively. When Le Le approaches, Hua Hua stops talking and gives Xuan Xuan a slight smile. This most naturally reads as a supportive, encouraging gesture toward Xuan Xuan in the learning process.

Option B (secret), C (about not minding spending time), and D (satisfaction with progress) are less directly supported by the text. The context of helping an inexperienced teammate and the attentive listening best fit an encouraging smile.

So the most likely answer is:",A,"Let me analyze this step by step.

**Key information from the story:**
1. Le Le previously told Hua Hua that she was worried about Xuan Xuan's lack of experience
2. When Le Le approaches, Hua Hua stops talking
3. Hua Hua then gives Xuan Xuan a slight smile
4. Le Le only sees the smile but doesn't hear what they were discussing

**Analysis of the timing and context:**
- Hua Hua was helping/talking to Xuan Xuan
- The smile happens specifically when Le Le approaches
- Hua Hua stops talking at that moment
- This suggests the smile has significance related to Le Le's arrival

**Evaluating each option:**

**Option A:** Encouragement for mastering the problem - This could happen at any time and doesn't explain why the smile occurs specifically when Le Le approaches.

**Option B:** Hinting that the help is a secret between them - This makes sense because:
- Le Le had expressed concerns about Xuan Xuan's abilities
- Hua Hua stops talking when Le Le arrives
- The smile at that specific moment could be signaling to Xuan Xuan that their conversation/help should remain private
- This would protect Xuan Xuan from Le Le's judgment

**Option C:** Showing friendliness and not minding helping - While possible, this doesn't explain the specific timing of the smile when Le Le approaches.

**Option D:** Expressing satisfaction with task progress - This doesn't explain why the smile occurs at the moment Le Le arrives.

The most contextually relevant answer is B, as it explains why the smile occurs at that specific moment (Le Le's approach) and connects to the earlier information about Le Le's concerns.

[[B]]","Let me analyze this step by step.

**Key information from the story:**
1. Le Le previously told Hua Hua that she was worried about Xuan Xuan's lack of experience
2. When Le Le approaches, Hua Hua stops talking
3. Hua Hua then gives Xuan Xuan a slight smile
4. Le Le only sees the smile but doesn't hear what they were discussing

**Analysis of the timing and context:**
- Hua Hua was helping/talking to Xuan Xuan
- The smile happens specifically when Le Le approaches
- Hua Hua stops talking at that moment
- This suggests the smile has significance related to Le Le's arrival

**Evaluating each option:**

**Option A:** Encouragement for mastering the problem - This could happen at any time and doesn't explain why the smile occurs specifically when Le Le approaches.

**Option B:** Hinting that the help is a secret between them - This makes sense because:
- Le Le had expressed concerns about Xuan Xuan's abilities
- Hua Hua stops talking when Le Le arrives
- The smile at that specific moment could be signaling to Xuan Xuan that their conversation/help should remain private
- This would protect Xuan Xuan from Le Le's judgment

**Option C:** Showing friendliness and not minding helping - While possible, this doesn't explain the specific timing of the smile when Le Le approaches.

**Option D:** Expressing satisfaction with task progress - This doesn't explain why the smile occurs at the moment Le Le arrives.

The most contextually relevant answer is B, as it explains why the smile occurs at that specific moment (Le Le's approach) and connects to the earlier information about Le Le's concerns.",B
813,"On the weekend, Xiaofang's family is planning a family gathering. Xiaofang excitedly says to her mother, ""Mom, we should go hiking, the scenery there is beautiful!"" The mother nods and says, ""Good idea, I also like hiking."" The father is looking at the seaside travel guide on the side, and only smiles slightly when he hears it. The mother says, ""Dad definitely also likes hiking, we decide to go hiking!"" On the day of the gathering, the whole family goes to the mountain, and the father occasionally looks at the distant sea.",Does anyone say something inappropriate in this story?,Someone in the story says something inappropriate.,No one in the story says anything inappropriate.,,,A,Faux-pas Recognition Test,"First, list what each person says:

- Xiaofang: “Mom, we should go hiking, the scenery there is beautiful!”
- Mom: “Good idea, I also like hiking.”
- Narration: Dad is looking at a seaside travel guide and only smiles slightly.
- Mom: “Dad definitely also likes hiking, we decide to go hiking!”

Check for “inappropriate” speech: normally this means rude, offensive, or clearly out of place in context.  
All of these statements are polite, family‑oriented, and fit the situation of deciding weekend plans.  

The mother may be making an assumption about the father's preference, but that’s not “inappropriate” in the sense of being rude or wrong to say in a typical everyday context. The story does not indicate any actual conflict or offense.

Therefore, the best answer is that no one says anything inappropriate.

[[B]]","First, list what each person says:

- Xiaofang: “Mom, we should go hiking, the scenery there is beautiful!”
- Mom: “Good idea, I also like hiking.”
- Narration: Dad is looking at a seaside travel guide and only smiles slightly.
- Mom: “Dad definitely also likes hiking, we decide to go hiking!”

Check for “inappropriate” speech: normally this means rude, offensive, or clearly out of place in context.  
All of these statements are polite, family‑oriented, and fit the situation of deciding weekend plans.  

The mother may be making an assumption about the father's preference, but that’s not “inappropriate” in the sense of being rude or wrong to say in a typical everyday context. The story does not indicate any actual conflict or offense.

Therefore, the best answer is that no one says anything inappropriate.",B,"Let me analyze this step by step.

**Step 1: Identify what each person said in the story**
- Xiaofang: ""Mom, we should go hiking, the scenery there is beautiful!""
- Mother: ""Good idea, I also like hiking.""
- Mother again: ""Dad definitely also likes hiking, we decide to go hiking!""
- Father: Only ""smiles slightly"" - doesn't actually say anything

**Step 2: Analyze the appropriateness of each statement**
- Xiaofang's suggestion about hiking: Appropriate - she's making a suggestion for the family activity
- Mother's first response: Appropriate - she's expressing her own preference
- Mother's second statement: **Potentially inappropriate** - She assumes the father likes hiking and makes the decision without actually asking him
- Father's behavior: He was looking at a seaside travel guide (suggesting he might prefer the beach) and only smiled slightly (not enthusiastically agreeing)

**Step 3: Examine the outcome**
- The family goes hiking
- The father ""occasionally looks at the distant sea"" - this suggests he might have preferred going to the seaside instead

**Step 4: Determine if something inappropriate was said**
The mother's statement ""Dad definitely also likes hiking, we decide to go hiking!"" is inappropriate because:
1. She assumes the father's preference without asking him
2. She makes the decision for the whole family without consulting the father
3. The father's behavior (looking at seaside guides, looking at the sea during the hike) suggests he may have had different preferences

**Conclusion:**
Yes, the mother said something inappropriate by assuming the father's preference and making a unilateral decision.

[[A]]","Let me analyze this step by step.

**Step 1: Identify what each person said in the story**
- Xiaofang: ""Mom, we should go hiking, the scenery there is beautiful!""
- Mother: ""Good idea, I also like hiking.""
- Mother again: ""Dad definitely also likes hiking, we decide to go hiking!""
- Father: Only ""smiles slightly"" - doesn't actually say anything

**Step 2: Analyze the appropriateness of each statement**
- Xiaofang's suggestion about hiking: Appropriate - she's making a suggestion for the family activity
- Mother's first response: Appropriate - she's expressing her own preference
- Mother's second statement: **Potentially inappropriate** - She assumes the father likes hiking and makes the decision without actually asking him
- Father's behavior: He was looking at a seaside travel guide (suggesting he might prefer the beach) and only smiled slightly (not enthusiastically agreeing)

**Step 3: Examine the outcome**
- The family goes hiking
- The father ""occasionally looks at the distant sea"" - this suggests he might have preferred going to the seaside instead

**Step 4: Determine if something inappropriate was said**
The mother's statement ""Dad definitely also likes hiking, we decide to go hiking!"" is inappropriate because:
1. She assumes the father's preference without asking him
2. She makes the decision for the whole family without consulting the father
3. The father's behavior (looking at seaside guides, looking at the sea during the hike) suggests he may have had different preferences

**Conclusion:**
Yes, the mother said something inappropriate by assuming the father's preference and making a unilateral decision.",A
818,"Li Lei really likes to play basketball, but his skills are not very good. Li Lei's friends often invite him to play basketball after school. Lei's sister always mocks his basketball skills. He is now in his senior year of high school and his coursework is heavy. Today is the weekend, Li Lei's friend invites him to play basketball. When Lei's sister asks him, ""Do you go to play basketball today?"" Li Lei answers, ""No.""",Is what Li Lei says to his sister true?,Yes,No,,,B,Strange Story Task,"Li Lei is in his senior year with heavy coursework, and although his friend invites him to play basketball on the weekend, the story does not say he actually goes. When his sister asks if he will go play and he answers ""No,"" the most reasonable inference is that he chooses to prioritize his studies and indeed does not go.

Therefore, what Li Lei says is most likely true.

[[A]]","Li Lei is in his senior year with heavy coursework, and although his friend invites him to play basketball on the weekend, the story does not say he actually goes. When his sister asks if he will go play and he answers ""No,"" the most reasonable inference is that he chooses to prioritize his studies and indeed does not go.

Therefore, what Li Lei says is most likely true.",A,"Let me analyze this step by step.

**Key information from the story:**
1. Li Lei really likes to play basketball
2. His skills are not very good
3. His friends often invite him to play basketball after school
4. His sister mocks his basketball skills
5. He is in senior year with heavy coursework
6. Today is the weekend
7. Li Lei's friend invites him to play basketball today
8. When his sister asks if he's going to play basketball today, he says ""No""

**Analysis:**

The question asks whether what Li Lei says to his sister is true - specifically, when he says ""No"" to her question about playing basketball today.

**Factors to consider:**
- Li Lei was invited by his friend to play basketball today
- He told his sister he is NOT going to play basketball
- The story doesn't explicitly state whether he actually goes or not

**Possible interpretations:**
1. He might be lying to his sister (perhaps to avoid her mockery) and actually plans to go
2. He might be telling the truth and declining the invitation due to heavy coursework
3. He might be telling the truth for other reasons

The story provides context that:
- His sister mocks his skills (giving him reason to hide it from her)
- He has heavy coursework (giving him reason to actually decline)
- He really likes basketball (suggesting he might want to go)

However, the most straightforward reading is that he was invited but told his sister he's not going. Without explicit confirmation that he actually went, and given his heavy coursework as a senior, it's plausible he's telling the truth.

But the setup (sister's mockery, his love for basketball, weekend timing) suggests he might be hiding his plans from his sister.

Given the narrative structure emphasizing the sister's mockery and his love for basketball, the story seems to suggest he's likely lying to avoid her mockery.

[[B]]","Let me analyze this step by step.

**Key information from the story:**
1. Li Lei really likes to play basketball
2. His skills are not very good
3. His friends often invite him to play basketball after school
4. His sister mocks his basketball skills
5. He is in senior year with heavy coursework
6. Today is the weekend
7. Li Lei's friend invites him to play basketball today
8. When his sister asks if he's going to play basketball today, he says ""No""

**Analysis:**

The question asks whether what Li Lei says to his sister is true - specifically, when he says ""No"" to her question about playing basketball today.

**Factors to consider:**
- Li Lei was invited by his friend to play basketball today
- He told his sister he is NOT going to play basketball
- The story doesn't explicitly state whether he actually goes or not

**Possible interpretations:**
1. He might be lying to his sister (perhaps to avoid her mockery) and actually plans to go
2. He might be telling the truth and declining the invitation due to heavy coursework
3. He might be telling the truth for other reasons

The story provides context that:
- His sister mocks his skills (giving him reason to hide it from her)
- He has heavy coursework (giving him reason to actually decline)
- He really likes basketball (suggesting he might want to go)

However, the most straightforward reading is that he was invited but told his sister he's not going. Without explicit confirmation that he actually went, and given his heavy coursework as a senior, it's plausible he's telling the truth.

But the setup (sister's mockery, his love for basketball, weekend timing) suggests he might be hiding his plans from his sister.

Given the narrative structure emphasizing the sister's mockery and his love for basketball, the story seems to suggest he's likely lying to avoid her mockery.",B
819,"Lili helps her father fix the water pipe in the garden, her father is happy, and promises to buy her a toy. However, her father says if her younger brother knows, he follows, he needs to take a nap, you do not tell your younger brother. Lili sees her younger brother.",What is Lili's real feeling?,Anxious,Calm,Happy,Worried,C,Hidden emotions,"Lili helped her father and is promised a toy, but she must keep it secret from her younger brother so he can nap. When she then sees her younger brother, she’s likely concerned he’ll find out and follow them.

Between the options:
- Anxious / Worried both fit, but “worried” more directly matches concern about her brother discovering the plan.

So the most likely answer is:

[[D]]","Lili helped her father and is promised a toy, but she must keep it secret from her younger brother so he can nap. When she then sees her younger brother, she’s likely concerned he’ll find out and follow them.

Between the options:
- Anxious / Worried both fit, but “worried” more directly matches concern about her brother discovering the plan.

So the most likely answer is:",D,"Let me analyze this step by step.

**Understanding the situation:**
1. Lili helped her father fix the water pipe in the garden
2. Her father is happy with her help
3. Her father promised to buy her a toy as a reward
4. Her father asked Lili not to tell her younger brother because:
   - If the brother knows, he will want to follow/join
   - The brother needs to take a nap
5. Now Lili sees her younger brother

**Analyzing Lili's likely feelings:**

- **Happy (C)**: Lili just helped her father successfully, received praise, and was promised a toy. These are all positive experiences that would make a child happy.

- **Anxious (A)**: While Lili might feel some tension about keeping the secret from her brother, there's no strong indication of anxiety in the story.

- **Calm (B)**: The situation involves some emotional complexity (keeping a secret, getting a reward), so ""calm"" seems less likely than an active emotional state.

- **Worried (D)**: Lili might feel some concern about keeping the secret when she sees her brother, but the story doesn't emphasize worry as the dominant emotion.

**Conclusion:**
The most prominent emotion would be **happiness** because:
- She successfully helped her father
- Her father is happy with her
- She's getting a toy as a reward
- These positive factors outweigh the minor complication of keeping a secret

[[C]]","Let me analyze this step by step.

**Understanding the situation:**
1. Lili helped her father fix the water pipe in the garden
2. Her father is happy with her help
3. Her father promised to buy her a toy as a reward
4. Her father asked Lili not to tell her younger brother because:
   - If the brother knows, he will want to follow/join
   - The brother needs to take a nap
5. Now Lili sees her younger brother

**Analyzing Lili's likely feelings:**

- **Happy (C)**: Lili just helped her father successfully, received praise, and was promised a toy. These are all positive experiences that would make a child happy.

- **Anxious (A)**: While Lili might feel some tension about keeping the secret from her brother, there's no strong indication of anxiety in the story.

- **Calm (B)**: The situation involves some emotional complexity (keeping a secret, getting a reward), so ""calm"" seems less likely than an active emotional state.

- **Worried (D)**: Lili might feel some concern about keeping the secret when she sees her brother, but the story doesn't emphasize worry as the dominant emotion.

**Conclusion:**
The most prominent emotion would be **happiness** because:
- She successfully helped her father
- Her father is happy with her
- She's getting a toy as a reward
- These positive factors outweigh the minor complication of keeping a secret",C
821,"After school on Friday, Xiao Li and Xiao Zhang walk home together. Today is Xiao Li's birthday, he feels a little excited. As they walk, Xiao Zhang suddenly says: ""Hey, do you know, my mom's birthday is next week."" Xiao Li feels a bit down, but still smiles and responds: ""Oh, is it? Happy birthday to her."" Xiao Zhang continues to ask: ""What gift do you think I buy?""",When is Xiao Li's birthday?,Next week.,Today.,Yesterday.,The story does not mention.,B,Faux-pas Recognition Test,"The story explicitly states: “Today is Xiao Li's birthday, he feels a little excited.”  

So Xiao Li’s birthday is **today**.

Therefore, the correct answer is:

\[\[B\]\]","The story explicitly states: “Today is Xiao Li's birthday, he feels a little excited.”  

So Xiao Li’s birthday is **today**.

Therefore, the correct answer is:

\[\[B\]\]",,"Let me analyze this step by step.

1. First, I need to identify what the story tells us about Xiao Li's birthday.

2. Looking at the story, the second sentence explicitly states: ""Today is Xiao Li's birthday, he feels a little excited.""

3. The story takes place ""After school on Friday,"" and on this same day (Friday), it is mentioned that ""Today is Xiao Li's birthday.""

4. Let me check each answer option:
   - A. Next week - This is when Xiao Zhang's mom's birthday is, not Xiao Li's
   - B. Today - This matches the direct statement in the story
   - C. Yesterday - The story says ""today,"" not yesterday
   - D. The story does not mention - This is incorrect because the story clearly mentions it

5. The story explicitly and clearly states that today (Friday, the day they are walking home from school) is Xiao Li's birthday.

[[B]]","Let me analyze this step by step.

1. First, I need to identify what the story tells us about Xiao Li's birthday.

2. Looking at the story, the second sentence explicitly states: ""Today is Xiao Li's birthday, he feels a little excited.""

3. The story takes place ""After school on Friday,"" and on this same day (Friday), it is mentioned that ""Today is Xiao Li's birthday.""

4. Let me check each answer option:
   - A. Next week - This is when Xiao Zhang's mom's birthday is, not Xiao Li's
   - B. Today - This matches the direct statement in the story
   - C. Yesterday - The story says ""today,"" not yesterday
   - D. The story does not mention - This is incorrect because the story clearly mentions it

5. The story explicitly and clearly states that today (Friday, the day they are walking home from school) is Xiao Li's birthday.",B
835,"On Saturday night, Xiao Fang takes her boyfriend to a family gathering. As soon as they enter the door, Xiao Fang's boyfriend says, ""I am very happy to be here."" Aunt Li says, ""I specially make a few of my best dishes, you eat more later."" At the dinner table, Xiao Fang's boyfriend only picks some dishes without coriander. Aunt Li notices and says, ""You try this coriander beef, this is my best dish."" Xiao Fang's boyfriend smiles and says, ""Thank you for your kindness, Auntie."", but he still does not pick up his chopsticks.",Does anyone say something inappropriate in this story?,Someone says something inappropriate in the story.,No one says anything inappropriate in the story.,,,A,Faux-pas Recognition Test,"Based on the story, everyone speaks politely and appropriately:

- Xiao Fang's boyfriend greets the family warmly.
- Aunt Li enthusiastically offers her best dishes.
- When offered coriander beef, the boyfriend thanks her kindly, even though he doesn’t eat it.

No one uses rude, offensive, or clearly inappropriate language. The minor social awkwardness (him not explaining he doesn’t eat coriander) is about behavior, not about saying something inappropriate.

So the best answer is:

[[B]]","Based on the story, everyone speaks politely and appropriately:

- Xiao Fang's boyfriend greets the family warmly.
- Aunt Li enthusiastically offers her best dishes.
- When offered coriander beef, the boyfriend thanks her kindly, even though he doesn’t eat it.

No one uses rude, offensive, or clearly inappropriate language. The minor social awkwardness (him not explaining he doesn’t eat coriander) is about behavior, not about saying something inappropriate.

So the best answer is:",B,"Let me analyze this step by step.

**Understanding the situation:**
- Xiao Fang brings her boyfriend to a family gathering
- The boyfriend expresses happiness to be there
- Aunt Li prepared special dishes for the guest
- The boyfriend avoids dishes with coriander
- Aunt Li notices and specifically recommends her coriander beef dish
- The boyfriend politely declines but doesn't eat it

**Analyzing each person's behavior:**

1. **Xiao Fang's boyfriend**: He is polite throughout - expresses happiness, thanks Aunt Li for her kindness, and smiles. His behavior is appropriate.

2. **Aunt Li**: While well-intentioned, her behavior could be considered somewhat inappropriate because:
   - She clearly notices the boyfriend is avoiding coriander
   - Despite this observation, she specifically pushes him to try the coriander beef
   - This puts the guest in an uncomfortable position
   - In many cultures, insisting a guest eat something they're clearly avoiding (possibly due to allergies, dislike, or dietary restrictions) is considered pushy and inconsiderate

**Cultural context:**
While Aunt Li's intentions are good (wanting to share her best dish), her insistence after noticing his avoidance pattern shows a lack of consideration for the guest's preferences or potential dietary restrictions.

**Conclusion:**
Aunt Li's insistence that the boyfriend try the coriander dish after clearly observing he avoids coriander can be considered inappropriate, as it disregards the guest's obvious preference or restriction and creates social pressure.

[[A]]","Let me analyze this step by step.

**Understanding the situation:**
- Xiao Fang brings her boyfriend to a family gathering
- The boyfriend expresses happiness to be there
- Aunt Li prepared special dishes for the guest
- The boyfriend avoids dishes with coriander
- Aunt Li notices and specifically recommends her coriander beef dish
- The boyfriend politely declines but doesn't eat it

**Analyzing each person's behavior:**

1. **Xiao Fang's boyfriend**: He is polite throughout - expresses happiness, thanks Aunt Li for her kindness, and smiles. His behavior is appropriate.

2. **Aunt Li**: While well-intentioned, her behavior could be considered somewhat inappropriate because:
   - She clearly notices the boyfriend is avoiding coriander
   - Despite this observation, she specifically pushes him to try the coriander beef
   - This puts the guest in an uncomfortable position
   - In many cultures, insisting a guest eat something they're clearly avoiding (possibly due to allergies, dislike, or dietary restrictions) is considered pushy and inconsiderate

**Cultural context:**
While Aunt Li's intentions are good (wanting to share her best dish), her insistence after noticing his avoidance pattern shows a lack of consideration for the guest's preferences or potential dietary restrictions.

**Conclusion:**
Aunt Li's insistence that the boyfriend try the coriander dish after clearly observing he avoids coriander can be considered inappropriate, as it disregards the guest's obvious preference or restriction and creates social pressure.",A
840,"Kunpeng falls and gets hurt. He knows if he shows his real feelings, other kids laugh at him. Therefore, he tries to hide his real feelings",Why does Kun Peng feel upset?,Because he does not like other children,Because he thinks falling is funny,Because other children possibly laugh at him,Because he falls and gets hurt,D,Hidden emotions,"Kun Peng falls and gets hurt, but the story emphasizes his *feelings* and that he hides them because other kids laugh at him if he shows them. His emotional upset is therefore tied to others possibly laughing at him, not just the physical pain.

So the best answer is:

[[C]]","Kun Peng falls and gets hurt, but the story emphasizes his *feelings* and that he hides them because other kids laugh at him if he shows them. His emotional upset is therefore tied to others possibly laughing at him, not just the physical pain.

So the best answer is:",C,"Let me analyze this step by step.

**Understanding the Story:**
1. Kunpeng falls and gets hurt (physical injury occurs)
2. He knows that if he shows his real feelings, other kids will laugh at him
3. Therefore, he tries to hide his real feelings

**Analyzing the Question:**
The question asks why Kunpeng feels upset.

**Evaluating Each Answer:**

**A. Because he does not like other children**
- The story doesn't indicate that Kunpeng dislikes other children
- He's concerned about their reaction, but this doesn't mean he dislikes them
- This seems unlikely

**B. Because he thinks falling is funny**
- This contradicts the story - he's trying to hide his real feelings, suggesting he's NOT amused
- If he thought it was funny, he wouldn't need to hide his feelings
- This is incorrect

**C. Because other children possibly laugh at him**
- The story explicitly states he knows other kids will laugh if he shows his real feelings
- This fear of being laughed at would certainly cause upset feelings
- This is a strong candidate

**D. Because he falls and gets hurt**
- The story clearly states he ""falls and gets hurt""
- Physical pain from falling and getting hurt would naturally cause upset
- This is also a strong candidate

**Final Analysis:**
Both C and D are valid reasons for being upset. However, the question asks why he feels upset, and the story presents TWO sources of distress:
1. The physical hurt from falling (D)
2. The social anxiety about being laughed at (C)

The story emphasizes that he's hiding his feelings specifically because of the fear of being laughed at, which suggests the emotional/social aspect is significant. However, the PRIMARY cause of the entire situation is that he falls and gets hurt - this is the initial event that triggers everything else.

Given that D represents the direct, primary cause of his upset (the fall and injury), while C represents a secondary concern (the social consequence), D appears to be the most fundamental answer.

[[D]]","Let me analyze this step by step.

**Understanding the Story:**
1. Kunpeng falls and gets hurt (physical injury occurs)
2. He knows that if he shows his real feelings, other kids will laugh at him
3. Therefore, he tries to hide his real feelings

**Analyzing the Question:**
The question asks why Kunpeng feels upset.

**Evaluating Each Answer:**

**A. Because he does not like other children**
- The story doesn't indicate that Kunpeng dislikes other children
- He's concerned about their reaction, but this doesn't mean he dislikes them
- This seems unlikely

**B. Because he thinks falling is funny**
- This contradicts the story - he's trying to hide his real feelings, suggesting he's NOT amused
- If he thought it was funny, he wouldn't need to hide his feelings
- This is incorrect

**C. Because other children possibly laugh at him**
- The story explicitly states he knows other kids will laugh if he shows his real feelings
- This fear of being laughed at would certainly cause upset feelings
- This is a strong candidate

**D. Because he falls and gets hurt**
- The story clearly states he ""falls and gets hurt""
- Physical pain from falling and getting hurt would naturally cause upset
- This is also a strong candidate

**Final Analysis:**
Both C and D are valid reasons for being upset. However, the question asks why he feels upset, and the story presents TWO sources of distress:
1. The physical hurt from falling (D)
2. The social anxiety about being laughed at (C)

The story emphasizes that he's hiding his feelings specifically because of the fear of being laughed at, which suggests the emotional/social aspect is significant. However, the PRIMARY cause of the entire situation is that he falls and gets hurt - this is the initial event that triggers everything else.

Given that D represents the direct, primary cause of his upset (the fall and injury), while C represents a secondary concern (the social consequence), D appears to be the most fundamental answer.",D
845,"The company has an important project, and both Li and Wang are members of the project team. On Friday afternoon, the team needs to report the project progress to Manager Zhang. At the report meeting, Li gives a detailed introduction of the technical part he is responsible for, while Wang focuses on the market analysis. As soon as Li finishes, Manager Zhang starts to comment: ""Li, the technical part you just talk about indeed has depth."" He pauses for a moment, then says: ""However, I remember you also participate in the market analysis, right?"" Then Manager Zhang adds: ""Your technical part is very in place, but we can do better in the market analysis."" The meeting continues.",Does anyone say something inappropriate in this story?,Someone says something inappropriate in the story.,No one says anything inappropriate in the story.,,,A,Faux-pas Recognition Test,"Based on the story, Manager Zhang is giving professional feedback: he praises Li’s technical work and points out that the market analysis can be improved. This is normal workplace communication and not inappropriate.

So the most likely answer is:

[[B]]","Based on the story, Manager Zhang is giving professional feedback: he praises Li’s technical work and points out that the market analysis can be improved. This is normal workplace communication and not inappropriate.

So the most likely answer is:",B,"Let me analyze this step by step.

First, let me identify what was said in the story:
- Li presented the technical part he was responsible for
- Wang presented the market analysis
- Manager Zhang commented on Li's technical presentation positively
- Manager Zhang then mentioned that Li also participates in market analysis
- Manager Zhang suggested the market analysis could be better

Now, let me examine if anything inappropriate was said:

1. Manager Zhang's comments about Li's technical work were positive and appropriate.

2. However, Manager Zhang's subsequent comments are potentially problematic:
   - He publicly pointed out that Li also participates in market analysis (in front of the team)
   - He then said ""we can do better in the market analysis"" right after mentioning Li's involvement
   - This creates an implicit criticism of Li's market analysis work in a public setting
   - Wang was the one who ""focuses on"" and presented the market analysis, but Manager Zhang specifically brought up Li's participation before criticizing that area

3. This could be seen as inappropriate because:
   - It singles out Li for criticism on the market analysis when Wang was the main presenter of that section
   - It's somewhat indirect and unclear, which could cause confusion or embarrassment
   - If the criticism was meant for the team, it's oddly directed after mentioning Li specifically

The phrasing suggests Manager Zhang may have said something that could be considered inappropriate or at least poorly communicated, as it appears to indirectly criticize Li's market analysis contribution in a public meeting.

[[A]]","Let me analyze this step by step.

First, let me identify what was said in the story:
- Li presented the technical part he was responsible for
- Wang presented the market analysis
- Manager Zhang commented on Li's technical presentation positively
- Manager Zhang then mentioned that Li also participates in market analysis
- Manager Zhang suggested the market analysis could be better

Now, let me examine if anything inappropriate was said:

1. Manager Zhang's comments about Li's technical work were positive and appropriate.

2. However, Manager Zhang's subsequent comments are potentially problematic:
   - He publicly pointed out that Li also participates in market analysis (in front of the team)
   - He then said ""we can do better in the market analysis"" right after mentioning Li's involvement
   - This creates an implicit criticism of Li's market analysis work in a public setting
   - Wang was the one who ""focuses on"" and presented the market analysis, but Manager Zhang specifically brought up Li's participation before criticizing that area

3. This could be seen as inappropriate because:
   - It singles out Li for criticism on the market analysis when Wang was the main presenter of that section
   - It's somewhat indirect and unclear, which could cause confusion or embarrassment
   - If the criticism was meant for the team, it's oddly directed after mentioning Li specifically

The phrasing suggests Manager Zhang may have said something that could be considered inappropriate or at least poorly communicated, as it appears to indirectly criticize Li's market analysis contribution in a public meeting.",A
847,"Xiaohua and Xiaoqiang go to the zoo together, they see a little rabbit and think it is very cute, and Xiaoqiang also feeds the rabbit a carrot. Xiaohua knows that the zoo does not allow feeding animals with food from unknown sources, but he does not tell Xiaoqiang. After they leave, they hear the zookeeper say that the rabbit shows adverse reactions, Xiaohua then steps forward to ask, and realizes the impropriety of his behavior.",What is the possible intention of Xiaoqiang feeding the rabbit a carrot?,"Xiaoqiang wants to experience interaction with cute animals by feeding them, to get a sense of satisfaction.",Xiaoqiang is testing the rabbit's reaction to carrots.,Xiaoqiang possibly does not know and is not aware that he is breaking the rules.,Xiaoqiang hopes to express his care for animals by feeding the rabbit.,C,Discrepant intentions,"Xiaoqiang and Xiaohua see a little rabbit and think it’s very cute. Xiaoqiang then feeds the rabbit a carrot. There is no indication that he is “testing” the rabbit (so B is unlikely), and “not knowing he is breaking the rules” (C) describes his awareness of rules, not his goal or intention.  

Between A and D:
- A: emphasizes Xiaoqiang’s own sense of satisfaction through interaction.  
- D: emphasizes expressing care for the cute animal, which naturally follows from “they think it is very cute” and then feed it.

The story’s emotional setup (finding the rabbit cute → feeding it) supports the idea that he is trying to show care and affection for the animal.

Therefore, the most likely intention is:

[[D]]","Xiaoqiang and Xiaohua see a little rabbit and think it’s very cute. Xiaoqiang then feeds the rabbit a carrot. There is no indication that he is “testing” the rabbit (so B is unlikely), and “not knowing he is breaking the rules” (C) describes his awareness of rules, not his goal or intention.  

Between A and D:
- A: emphasizes Xiaoqiang’s own sense of satisfaction through interaction.  
- D: emphasizes expressing care for the cute animal, which naturally follows from “they think it is very cute” and then feed it.

The story’s emotional setup (finding the rabbit cute → feeding it) supports the idea that he is trying to show care and affection for the animal.

Therefore, the most likely intention is:",D,"Let me analyze this step by step.

**Understanding the Story:**
- Xiaohua and Xiaoqiang visit the zoo together
- They see a cute rabbit
- Xiaoqiang feeds the rabbit a carrot
- Xiaohua knows feeding is against zoo rules but doesn't tell Xiaoqiang
- The rabbit later shows adverse reactions
- Xiaohua realizes his mistake in not speaking up

**Analyzing Each Answer Option:**

**Option A:** ""Xiaoqiang wants to experience interaction with cute animals by feeding them, to get a sense of satisfaction.""
- This is plausible - people often feed animals for the joy of interaction
- The story mentions they thought the rabbit was ""very cute""
- This could be a natural, innocent motivation

**Option B:** ""Xiaoqiang is testing the rabbit's reaction to carrots.""
- This seems unlikely - there's no indication of any experimental intent
- The story doesn't suggest Xiaoqiang had scientific curiosity
- This appears to be an unusual motivation for a casual zoo visit

**Option C:** ""Xiaoqiang possibly does not know and is not aware that he is breaking the rules.""
- This is strongly supported by the story
- The key detail: ""Xiaohua knows that the zoo does not allow feeding... but he does not tell Xiaoqiang""
- This implies Xiaoqiang was unaware of the rule
- If Xiaoqiang knew, there would be no reason to mention that Xiaohua didn't tell him

**Option D:** ""Xiaoqiang hopes to express his care for animals by feeding the rabbit.""
- This is possible - feeding can be an expression of care
- However, it's more of an interpretation of motivation rather than addressing awareness

**Conclusion:**
The question asks about Xiaoqiang's ""possible intention."" Option C directly addresses the most important contextual clue: that Xiaohua knew the rules but didn't inform Xiaoqiang, strongly suggesting Xiaoqiang was unaware he was breaking rules. This lack of awareness is the most significant factor in understanding his intention - he acted innocently without knowing it was prohibited.

[[C]]","Let me analyze this step by step.

**Understanding the Story:**
- Xiaohua and Xiaoqiang visit the zoo together
- They see a cute rabbit
- Xiaoqiang feeds the rabbit a carrot
- Xiaohua knows feeding is against zoo rules but doesn't tell Xiaoqiang
- The rabbit later shows adverse reactions
- Xiaohua realizes his mistake in not speaking up

**Analyzing Each Answer Option:**

**Option A:** ""Xiaoqiang wants to experience interaction with cute animals by feeding them, to get a sense of satisfaction.""
- This is plausible - people often feed animals for the joy of interaction
- The story mentions they thought the rabbit was ""very cute""
- This could be a natural, innocent motivation

**Option B:** ""Xiaoqiang is testing the rabbit's reaction to carrots.""
- This seems unlikely - there's no indication of any experimental intent
- The story doesn't suggest Xiaoqiang had scientific curiosity
- This appears to be an unusual motivation for a casual zoo visit

**Option C:** ""Xiaoqiang possibly does not know and is not aware that he is breaking the rules.""
- This is strongly supported by the story
- The key detail: ""Xiaohua knows that the zoo does not allow feeding... but he does not tell Xiaoqiang""
- This implies Xiaoqiang was unaware of the rule
- If Xiaoqiang knew, there would be no reason to mention that Xiaohua didn't tell him

**Option D:** ""Xiaoqiang hopes to express his care for animals by feeding the rabbit.""
- This is possible - feeding can be an expression of care
- However, it's more of an interpretation of motivation rather than addressing awareness

**Conclusion:**
The question asks about Xiaoqiang's ""possible intention."" Option C directly addresses the most important contextual clue: that Xiaohua knew the rules but didn't inform Xiaoqiang, strongly suggesting Xiaoqiang was unaware he was breaking rules. This lack of awareness is the most significant factor in understanding his intention - he acted innocently without knowing it was prohibited.",C
856,"A tea house has 30 different types of tea. The owner tells the customers that most are green tea, a small part are white tea and black tea. After tasting, the customer finds that only 2 types are black tea.","Please ask before the customer tastes, how many types does he guess are green tea?","Before the customer tastes, he guesses that there are 25 types of green tea.","Before the customer tastes, he guesses that there are 30 types of green tea.","Before the customer tastes, he guesses that there are 28 types of green tea.","Before the customer tastes, he guesses that there are 10 types of green tea.",A,Scalar Implicature Test,"The tea house has 30 types of tea.  
After tasting, the customer finds 2 types are black tea.  

If we (naively) assume that all the remaining teas are green (ignoring white tea or treating it as negligible) then:

30 total − 2 black = 28 green.

Among the options, this matches:

C. Before the customer tastes, he guesses that there are 28 types of green tea.

So the most likely answer is:

[[C]]","The tea house has 30 types of tea.  
After tasting, the customer finds 2 types are black tea.  

If we (naively) assume that all the remaining teas are green (ignoring white tea or treating it as negligible) then:

30 total − 2 black = 28 green.

Among the options, this matches:

C. Before the customer tastes, he guesses that there are 28 types of green tea.

So the most likely answer is:",C,"Let me analyze this step by step.

**Given Information:**
- Total types of tea: 30
- Owner's statement: ""most are green tea, a small part are white tea and black tea""
- After tasting: customer finds only 2 types are black tea

**Question Analysis:**
The question asks what the customer guessed BEFORE tasting, based only on the owner's description.

**Key Point:**
Before tasting, the customer only knows:
- Most = green tea
- Small part = white tea and black tea (combined)

**Evaluating the options:**

If ""most"" means green tea, and ""a small part"" refers to white and black tea combined, then:
- Green tea should be the majority (more than half, ideally significantly more)
- White tea + black tea should be a small portion

Let's check each option:

**A. 25 types of green tea**
- Green: 25, White + Black: 5
- This represents 83% green tea, which is clearly ""most""
- 5 types for white and black combined is ""a small part""
- This seems reasonable

**B. 30 types of green tea**
- This would mean no white or black tea, contradicting the owner's statement

**C. 28 types of green tea**
- Green: 28, White + Black: 2
- This is 93% green tea
- Only 2 types for BOTH white and black combined seems too extreme for an initial guess

**D. 10 types of green tea**
- Green: 10, White + Black: 20
- This means green tea is only 33%, which is NOT ""most""
- This contradicts the owner's description

**Conclusion:**
Option A (25 types) is the most reasonable guess because:
- It clearly represents ""most"" (83%)
- It leaves a reasonable ""small part"" (5 types) for white and black tea combined
- It's a balanced interpretation of the owner's description

[[A]]","Let me analyze this step by step.

**Given Information:**
- Total types of tea: 30
- Owner's statement: ""most are green tea, a small part are white tea and black tea""
- After tasting: customer finds only 2 types are black tea

**Question Analysis:**
The question asks what the customer guessed BEFORE tasting, based only on the owner's description.

**Key Point:**
Before tasting, the customer only knows:
- Most = green tea
- Small part = white tea and black tea (combined)

**Evaluating the options:**

If ""most"" means green tea, and ""a small part"" refers to white and black tea combined, then:
- Green tea should be the majority (more than half, ideally significantly more)
- White tea + black tea should be a small portion

Let's check each option:

**A. 25 types of green tea**
- Green: 25, White + Black: 5
- This represents 83% green tea, which is clearly ""most""
- 5 types for white and black combined is ""a small part""
- This seems reasonable

**B. 30 types of green tea**
- This would mean no white or black tea, contradicting the owner's statement

**C. 28 types of green tea**
- Green: 28, White + Black: 2
- This is 93% green tea
- Only 2 types for BOTH white and black combined seems too extreme for an initial guess

**D. 10 types of green tea**
- Green: 10, White + Black: 20
- This means green tea is only 33%, which is NOT ""most""
- This contradicts the owner's description

**Conclusion:**
Option A (25 types) is the most reasonable guess because:
- It clearly represents ""most"" (83%)
- It leaves a reasonable ""small part"" (5 types) for white and black tea combined
- It's a balanced interpretation of the owner's description",A
871,"On the first day at the new school, Xiao Yang says to his classmate Xiao Liu sitting next to him: ""My mom is a lady in our school cafeteria."" Xiao Liu says: ""What a coincidence."" At this time, another classmate Xiao Li comes over and says: ""I think the food in our school cafeteria is very delicious."" Xiao Yang smiles and says: ""Yes, my mom cooks very well."" Xiao Liu says: ""Xiao Li, do you want to go to the game room together?"" Xiao Li says: ""Sure, let's go together.""","If there is, which sentence is inappropriate?",My mom is an aunt in our school cafeteria.,I think the food in our school cafeteria is very delicious.,"Yes, my mom cooks great.",There is no inappropriate sentence.,D,Faux-pas Recognition Test,"Let’s analyze each option against the story and basic language logic:

1. In the story, Xiao Yang says his mom works in the school cafeteria.  
   Saying “My mom is an aunt in our school cafeteria” (Option A) is logically odd in English: your mother is not “an aunt” in relation to you; calling your own mother “an aunt” is inappropriate/incorrect wording.

2. “I think the food in our school cafeteria is very delicious.” (Option B)  
   This is a normal, appropriate remark about the cafeteria food. No issue.

3. “Yes, my mom cooks great.” (Option C)  
   This naturally follows from the previous comment about the food being delicious and is perfectly appropriate.

4. Therefore, among the sentences, A is the one that is inappropriate in wording/logic.

[[A]]","Let’s analyze each option against the story and basic language logic:

1. In the story, Xiao Yang says his mom works in the school cafeteria.  
   Saying “My mom is an aunt in our school cafeteria” (Option A) is logically odd in English: your mother is not “an aunt” in relation to you; calling your own mother “an aunt” is inappropriate/incorrect wording.

2. “I think the food in our school cafeteria is very delicious.” (Option B)  
   This is a normal, appropriate remark about the cafeteria food. No issue.

3. “Yes, my mom cooks great.” (Option C)  
   This naturally follows from the previous comment about the food being delicious and is perfectly appropriate.

4. Therefore, among the sentences, A is the one that is inappropriate in wording/logic.",A,"Let me analyze this step by step.

First, let me understand the context:
- Xiao Yang tells Xiao Liu that his mom works as a lady in the school cafeteria
- Xiao Liu responds with ""What a coincidence""
- Xiao Li joins and compliments the cafeteria food
- Xiao Yang agrees and says his mom cooks well
- Xiao Liu then invites Xiao Li to the game room

Now, let me examine each statement for appropriateness:

**Option A**: ""My mom is an aunt in our school cafeteria""
- This is Xiao Yang's statement about his mother working in the cafeteria
- This seems like a normal introduction on the first day
- Nothing inappropriate here

**Option B**: ""I think the food in our school cafeteria is very delicious""
- This is Xiao Li's compliment about the cafeteria food
- This is a positive, friendly comment
- Nothing inappropriate here

**Option C**: ""Yes, my mom cooks great""
- This is Xiao Yang's response to Xiao Li's compliment
- He's agreeing and taking pride in his mother's cooking
- This seems appropriate

**Option D**: ""There is no inappropriate sentence""

Now, let me reconsider the flow of conversation:

When Xiao Yang mentions his mom works in the cafeteria, Xiao Liu says ""What a coincidence."" This suggests Xiao Liu might also have a parent working in the cafeteria. However, after Xiao Li compliments the food and Xiao Yang responds about his mom's cooking, Xiao Liu immediately changes the subject to invite Xiao Li to the game room - notably NOT inviting Xiao Yang.

This could be seen as somewhat rude or insensitive, as Xiao Liu is excluding Xiao Yang right after the conversation about his mother. However, this specific sentence isn't among the options A, B, or C.

Looking at the given options again, all three statements (A, B, C) appear appropriate in context.

[[D]]","Let me analyze this step by step.

First, let me understand the context:
- Xiao Yang tells Xiao Liu that his mom works as a lady in the school cafeteria
- Xiao Liu responds with ""What a coincidence""
- Xiao Li joins and compliments the cafeteria food
- Xiao Yang agrees and says his mom cooks well
- Xiao Liu then invites Xiao Li to the game room

Now, let me examine each statement for appropriateness:

**Option A**: ""My mom is an aunt in our school cafeteria""
- This is Xiao Yang's statement about his mother working in the cafeteria
- This seems like a normal introduction on the first day
- Nothing inappropriate here

**Option B**: ""I think the food in our school cafeteria is very delicious""
- This is Xiao Li's compliment about the cafeteria food
- This is a positive, friendly comment
- Nothing inappropriate here

**Option C**: ""Yes, my mom cooks great""
- This is Xiao Yang's response to Xiao Li's compliment
- He's agreeing and taking pride in his mother's cooking
- This seems appropriate

**Option D**: ""There is no inappropriate sentence""

Now, let me reconsider the flow of conversation:

When Xiao Yang mentions his mom works in the cafeteria, Xiao Liu says ""What a coincidence."" This suggests Xiao Liu might also have a parent working in the cafeteria. However, after Xiao Li compliments the food and Xiao Yang responds about his mom's cooking, Xiao Liu immediately changes the subject to invite Xiao Li to the game room - notably NOT inviting Xiao Yang.

This could be seen as somewhat rude or insensitive, as Xiao Liu is excluding Xiao Yang right after the conversation about his mother. However, this specific sentence isn't among the options A, B, or C.

Looking at the given options again, all three statements (A, B, C) appear appropriate in context.",D
874,"In a class at a school, there are 20 students, almost half of them play the piano. The teacher talks to some students and finds out that 5 of them play the piano.","After the teacher talks to the students, how many students do you guess play the piano?","After the teacher talks to the students, you guess 9 students play the piano.","After the teacher talks to the students, you guess 5 students play the piano.","After the teacher talks to the students, you guess 10 students play the piano.","After the teacher talks to the students, you guess 6 students play the piano.",A,Scalar Implicature Test,"The story says there are 20 students and *almost half* of them play the piano. Half of 20 is 10, so ""almost half"" suggests a number close to 10, and the most natural estimate is 10.

The teacher then talks to some students and discovers that 5 of them play the piano. This just gives specific examples of piano players but doesn’t contradict or significantly change the prior estimate that about half (i.e., about 10) of the class plays.

So the best guess remains that 10 students play the piano.

[[C]]","The story says there are 20 students and *almost half* of them play the piano. Half of 20 is 10, so ""almost half"" suggests a number close to 10, and the most natural estimate is 10.

The teacher then talks to some students and discovers that 5 of them play the piano. This just gives specific examples of piano players but doesn’t contradict or significantly change the prior estimate that about half (i.e., about 10) of the class plays.

So the best guess remains that 10 students play the piano.",C,"Let me analyze this step by step.

**Given Information:**
- Total students in class: 20
- ""Almost half of them play the piano""
- The teacher talks to ""some students"" and finds out that 5 of them play the piano

**Analysis:**

1. First, let's determine what ""almost half"" means:
   - Half of 20 = 10 students
   - ""Almost half"" could mean slightly less than 10 (like 8-9) or slightly more than 10 (like 10-11)

2. The teacher talks to ""some students"" (not all students) and discovers that 5 of them play the piano.

3. The question asks us to guess how many students play the piano in total (not just among those the teacher talked to).

4. Since the teacher only talked to ""some students"" and found 5 piano players among them, this is a sample, not the complete count.

5. We need to estimate the total based on:
   - The initial information: ""almost half"" play piano (suggesting around 9-10 students total)
   - The sample data: 5 out of some unknown number play piano

6. Evaluating the options:
   - **Option A: 9 students** - This aligns well with ""almost half"" (slightly less than 10)
   - **Option B: 5 students** - This would only be correct if the teacher talked to ALL students, but the story says ""some students""
   - **Option C: 10 students** - This is exactly half, not ""almost half""
   - **Option D: 6 students** - This is too far from ""almost half""

The most reasonable answer is that ""almost half"" of 20 students means approximately 9 students play the piano in total.

[[A]]","Let me analyze this step by step.

**Given Information:**
- Total students in class: 20
- ""Almost half of them play the piano""
- The teacher talks to ""some students"" and finds out that 5 of them play the piano

**Analysis:**

1. First, let's determine what ""almost half"" means:
   - Half of 20 = 10 students
   - ""Almost half"" could mean slightly less than 10 (like 8-9) or slightly more than 10 (like 10-11)

2. The teacher talks to ""some students"" (not all students) and discovers that 5 of them play the piano.

3. The question asks us to guess how many students play the piano in total (not just among those the teacher talked to).

4. Since the teacher only talked to ""some students"" and found 5 piano players among them, this is a sample, not the complete count.

5. We need to estimate the total based on:
   - The initial information: ""almost half"" play piano (suggesting around 9-10 students total)
   - The sample data: 5 out of some unknown number play piano

6. Evaluating the options:
   - **Option A: 9 students** - This aligns well with ""almost half"" (slightly less than 10)
   - **Option B: 5 students** - This would only be correct if the teacher talked to ALL students, but the story says ""some students""
   - **Option C: 10 students** - This is exactly half, not ""almost half""
   - **Option D: 6 students** - This is too far from ""almost half""

The most reasonable answer is that ""almost half"" of 20 students means approximately 9 students play the piano in total.",A
884,"Daniel wants to undertake a work project, but his boss Richard gives this project to others. Daniel says to him: ""What a pity, I am not busy at the moment.""",What does Daniel really want to say when he says this?,Daniel feels sorry for being idle now.,Daniel thinks his work ability is not enough.,Daniel expresses regret for Richard's decision.,"Daniel wants to say: ""Richard, please change your mind, give this project to me.""",D,Hinting Task Test,"Daniel wants to undertake the project, but his boss gives it to others. He then says, ""What a pity, I am not busy at the moment.""

Step-by-step reasoning:

1. Daniel clearly *wanted* the project.
2. Richard assigned it to others, so Daniel lost an opportunity.
3. By saying ""What a pity,"" Daniel is commenting on the *decision* and the situation, not on his own ability.
4. ""I am not busy at the moment"" suggests he was available and would have liked to do it, implying regret that he wasn’t chosen.
5. He doesn’t explicitly ask Richard to change his mind; the statement is more like a mild complaint or expression of regret rather than a direct request.

So the best match is:

- Not A: He isn’t just sorry for being idle; the context is about the project decision.
- Not B: He never mentions or implies lack of ability.
- Not D: His words are too indirect to equal “please change your mind, give this project to me.”
- C fits: He’s expressing regret over Richard’s decision.

[[C]]","Daniel wants to undertake the project, but his boss gives it to others. He then says, ""What a pity, I am not busy at the moment.""

Step-by-step reasoning:

1. Daniel clearly *wanted* the project.
2. Richard assigned it to others, so Daniel lost an opportunity.
3. By saying ""What a pity,"" Daniel is commenting on the *decision* and the situation, not on his own ability.
4. ""I am not busy at the moment"" suggests he was available and would have liked to do it, implying regret that he wasn’t chosen.
5. He doesn’t explicitly ask Richard to change his mind; the statement is more like a mild complaint or expression of regret rather than a direct request.

So the best match is:

- Not A: He isn’t just sorry for being idle; the context is about the project decision.
- Not B: He never mentions or implies lack of ability.
- Not D: His words are too indirect to equal “please change your mind, give this project to me.”
- C fits: He’s expressing regret over Richard’s decision.",C,"Let me analyze this step by step.

**Context Analysis:**
- Daniel wants to undertake a work project
- Richard (his boss) gives the project to someone else instead
- Daniel's response: ""What a pity, I am not busy at the moment.""

**Analyzing Daniel's Statement:**
The key phrase is ""What a pity"" combined with ""I am not busy at the moment.""

- ""What a pity"" expresses regret or disappointment
- ""I am not busy at the moment"" indicates he has availability/capacity to take on work

**Evaluating Each Option:**

**A. Daniel feels sorry for being idle now.**
- This is too literal and misses the context that he wanted the project
- Being idle isn't the main issue; not getting the project is

**B. Daniel thinks his work ability is not enough.**
- Nothing in the statement suggests self-doubt about his abilities
- This doesn't align with someone who actively wanted the project

**C. Daniel expresses regret for Richard's decision.**
- This captures the ""What a pity"" sentiment
- However, it's somewhat passive and doesn't fully capture the implication

**D. Daniel wants to say: ""Richard, please change your mind, give this project to me.""**
- By saying ""I am not busy,"" Daniel is indirectly indicating he has the capacity to do the project
- ""What a pity"" expresses disappointment at not getting it
- This is an indirect way of suggesting he should have been chosen
- This interpretation captures the underlying intent of the statement

**Conclusion:**
Daniel's statement is an indirect way of expressing that he should have been given the project since he has the availability. He's hinting that Richard should reconsider.

[[D]]","Let me analyze this step by step.

**Context Analysis:**
- Daniel wants to undertake a work project
- Richard (his boss) gives the project to someone else instead
- Daniel's response: ""What a pity, I am not busy at the moment.""

**Analyzing Daniel's Statement:**
The key phrase is ""What a pity"" combined with ""I am not busy at the moment.""

- ""What a pity"" expresses regret or disappointment
- ""I am not busy at the moment"" indicates he has availability/capacity to take on work

**Evaluating Each Option:**

**A. Daniel feels sorry for being idle now.**
- This is too literal and misses the context that he wanted the project
- Being idle isn't the main issue; not getting the project is

**B. Daniel thinks his work ability is not enough.**
- Nothing in the statement suggests self-doubt about his abilities
- This doesn't align with someone who actively wanted the project

**C. Daniel expresses regret for Richard's decision.**
- This captures the ""What a pity"" sentiment
- However, it's somewhat passive and doesn't fully capture the implication

**D. Daniel wants to say: ""Richard, please change your mind, give this project to me.""**
- By saying ""I am not busy,"" Daniel is indirectly indicating he has the capacity to do the project
- ""What a pity"" expresses disappointment at not getting it
- This is an indirect way of suggesting he should have been chosen
- This interpretation captures the underlying intent of the statement

**Conclusion:**
Daniel's statement is an indirect way of expressing that he should have been given the project since he has the availability. He's hinting that Richard should reconsider.",D
887,"Xiaofang and her parents discuss the upcoming wedding plan at home. Mom excitedly says: ""I think the wedding should be a pink theme, very romantic and dreamy."" Xiaofang is silent for a while, then tries to change the topic: ""Let's discuss the guest list first."" Dad says: ""Pink sounds good, but we should consider Xiaofang's opinion more."" Mom ignores Dad's words and continues to discuss the details of the pink theme.",Does anyone say something inappropriate in this story?,Someone in the story says something inappropriate.,No one in the story says anything inappropriate.,,,A,Faux-pas Recognition Test,"First, identify what “inappropriate” might mean here: usually rude, offensive, insulting, or clearly out of line in wording.

Review each person's speech:

- Mom: “I think the wedding should be a pink theme, very romantic and dreamy.”  
  This is just a preference and sounds enthusiastic, not rude or offensive.

- Xiaofang: “Let's discuss the guest list first.”  
  This is a neutral attempt to change the topic, not inappropriate.

- Dad: “Pink sounds good, but we should consider Xiaofang's opinion more.”  
  This is considerate and reasonable, also not inappropriate.

Mom later *ignores* Dad’s words and continues, but that’s a behavior, not something explicitly said that is rude or offensive in content.

Thus, no one actually *says* anything inappropriate in the dialogue.

[[B]]","First, identify what “inappropriate” might mean here: usually rude, offensive, insulting, or clearly out of line in wording.

Review each person's speech:

- Mom: “I think the wedding should be a pink theme, very romantic and dreamy.”  
  This is just a preference and sounds enthusiastic, not rude or offensive.

- Xiaofang: “Let's discuss the guest list first.”  
  This is a neutral attempt to change the topic, not inappropriate.

- Dad: “Pink sounds good, but we should consider Xiaofang's opinion more.”  
  This is considerate and reasonable, also not inappropriate.

Mom later *ignores* Dad’s words and continues, but that’s a behavior, not something explicitly said that is rude or offensive in content.

Thus, no one actually *says* anything inappropriate in the dialogue.",B,"Let me analyze this step by step.

**Understanding the situation:**
- This is about Xiaofang's wedding planning
- Mom enthusiastically suggests a pink theme
- Xiaofang appears uncomfortable and tries to change the topic
- Dad suggests they should consider Xiaofang's opinion more
- Mom ignores Dad and continues discussing the pink theme

**Analyzing each person's behavior:**

1. **Mom's behavior:**
   - She excitedly proposes her own idea (pink theme)
   - When Xiaofang tries to change the topic (a subtle sign of discomfort), Mom doesn't pick up on this
   - When Dad explicitly suggests considering Xiaofang's opinion, Mom ignores this and continues pushing her own preference
   - This shows Mom is not respecting Xiaofang's wishes for her own wedding

2. **Xiaofang's behavior:**
   - She remains silent and tries to redirect the conversation
   - This is appropriate and non-confrontational

3. **Dad's behavior:**
   - He acknowledges Mom's idea but advocates for considering Xiaofang's opinion
   - This is supportive and appropriate

**Conclusion:**
Mom's behavior is inappropriate because:
- She ignores her daughter's subtle discomfort
- She dismisses Dad's reasonable suggestion to consider Xiaofang's opinion
- She continues to push her own preferences for someone else's wedding
- It's Xiaofang's wedding, so her preferences should be prioritized

[[A]]","Let me analyze this step by step.

**Understanding the situation:**
- This is about Xiaofang's wedding planning
- Mom enthusiastically suggests a pink theme
- Xiaofang appears uncomfortable and tries to change the topic
- Dad suggests they should consider Xiaofang's opinion more
- Mom ignores Dad and continues discussing the pink theme

**Analyzing each person's behavior:**

1. **Mom's behavior:**
   - She excitedly proposes her own idea (pink theme)
   - When Xiaofang tries to change the topic (a subtle sign of discomfort), Mom doesn't pick up on this
   - When Dad explicitly suggests considering Xiaofang's opinion, Mom ignores this and continues pushing her own preference
   - This shows Mom is not respecting Xiaofang's wishes for her own wedding

2. **Xiaofang's behavior:**
   - She remains silent and tries to redirect the conversation
   - This is appropriate and non-confrontational

3. **Dad's behavior:**
   - He acknowledges Mom's idea but advocates for considering Xiaofang's opinion
   - This is supportive and appropriate

**Conclusion:**
Mom's behavior is inappropriate because:
- She ignores her daughter's subtle discomfort
- She dismisses Dad's reasonable suggestion to consider Xiaofang's opinion
- She continues to push her own preferences for someone else's wedding
- It's Xiaofang's wedding, so her preferences should be prioritized",A
897,"In the early morning, the bus is as crowded as usual. Zhao Lei gets on the bus and finds her neighbor, Mr. Zhang, is wearing casual clothes that he usually does not wear. She greets him excitedly: ""Mr. Zhang, good morning! Usually, I do not see you go out at this time, do you take a day off today?"" Mr. Zhang nods his head without saying much. The bus drives to the next stop, and Zhao Lei still happily continues to say: ""That is a rare rest time, you must enjoy it."" Mr. Zhang responds with a light ""hmm"", and turns his head to look out the window. Zhao Lei starts to eat the breakfast she just bought.","If there is, which sentence is inappropriate?","Mr. Zhang, good morning! Usually, I do not see you going out at this time, do you take a day off today?","Xiao Ming, you are back, quickly tell us your interesting stories, we all want to hear!",Xiao Li. Let him rest for a while.,No one says what they should not say.,A,Faux-pas Recognition Test,"Analyzing the context:

- On the bus, Zhao Lei keeps talking to Mr. Zhang, assuming he is on a pleasant day off, while he clearly shows he doesn’t want to talk much (just nods, says ""hmm"", looks out the window). This suggests a lesson about not forcing conversation or imposing on others when they might be tired or unwilling.

Now the options:

- **A**: Normal greeting plus a casual question about taking a day off. Slightly personal but still fairly common and acceptable small talk.
- **B**: “Xiao Ming, you are back, quickly tell us your interesting stories, we all want to hear!” — this is very pushy and disregards whether Xiao Ming is tired or ready to talk, similar to Zhao Lei’s over-enthusiasm.
- **C**: “Xiao Li. Let him rest for a while.” — this is considerate and appropriate, telling others not to bother someone who may be tired.
- **D**: “No one says what they should not say.” — This is a meta-statement claiming everything was appropriate; it contradicts the idea that one of the sentences might be inappropriate, but it is not itself a conversational act in the same sense as A–C.

The sentence that clearly shows inappropriate social behavior (being intrusive/pushy) is **B**.

So the most likely answer is:

[[B]]","Analyzing the context:

- On the bus, Zhao Lei keeps talking to Mr. Zhang, assuming he is on a pleasant day off, while he clearly shows he doesn’t want to talk much (just nods, says ""hmm"", looks out the window). This suggests a lesson about not forcing conversation or imposing on others when they might be tired or unwilling.

Now the options:

- **A**: Normal greeting plus a casual question about taking a day off. Slightly personal but still fairly common and acceptable small talk.
- **B**: “Xiao Ming, you are back, quickly tell us your interesting stories, we all want to hear!” — this is very pushy and disregards whether Xiao Ming is tired or ready to talk, similar to Zhao Lei’s over-enthusiasm.
- **C**: “Xiao Li. Let him rest for a while.” — this is considerate and appropriate, telling others not to bother someone who may be tired.
- **D**: “No one says what they should not say.” — This is a meta-statement claiming everything was appropriate; it contradicts the idea that one of the sentences might be inappropriate, but it is not itself a conversational act in the same sense as A–C.

The sentence that clearly shows inappropriate social behavior (being intrusive/pushy) is **B**.

So the most likely answer is:",B,"Let me analyze this step by step.

**Understanding the Story:**
- Zhao Lei meets her neighbor Mr. Zhang on the bus in the early morning
- Mr. Zhang is wearing casual clothes (unusual for him)
- Zhao Lei greets him enthusiastically and asks if he's taking a day off
- Mr. Zhang responds minimally (just nods, says ""hmm"")
- Mr. Zhang turns to look out the window (avoiding conversation)
- Zhao Lei continues talking despite Mr. Zhang's clear disinterest

**Analyzing the Question:**
The question asks which sentence is inappropriate. Based on the context, we need to identify what behavior is socially inappropriate.

**Analyzing Each Option:**

**A.** ""Mr. Zhang, good morning! Usually, I do not see you going out at this time, do you take a day off today?""
- This is the actual greeting Zhao Lei used in the story
- While friendly, it continues the conversation despite Mr. Zhang's clear signals that he wants to be left alone
- This represents the inappropriate behavior shown in the story

**B.** ""Xiao Ming, you are back, quickly tell us your interesting stories, we all want to hear!""
- This is not from the story
- Shows enthusiasm but doesn't directly relate to the inappropriate behavior pattern

**C.** ""Xiao Li. Let him rest for a while.""
- This suggests giving someone space
- This is actually appropriate behavior (opposite of what's inappropriate)

**D.** ""No one says what they should not say.""
- This is vague and doesn't clearly represent inappropriate behavior

**Conclusion:**
The story illustrates that Zhao Lei's continued attempts at conversation despite Mr. Zhang's obvious disinterest (minimal responses, turning away) is the inappropriate behavior. Option A represents this exact behavior from the story.

[[A]]","Let me analyze this step by step.

**Understanding the Story:**
- Zhao Lei meets her neighbor Mr. Zhang on the bus in the early morning
- Mr. Zhang is wearing casual clothes (unusual for him)
- Zhao Lei greets him enthusiastically and asks if he's taking a day off
- Mr. Zhang responds minimally (just nods, says ""hmm"")
- Mr. Zhang turns to look out the window (avoiding conversation)
- Zhao Lei continues talking despite Mr. Zhang's clear disinterest

**Analyzing the Question:**
The question asks which sentence is inappropriate. Based on the context, we need to identify what behavior is socially inappropriate.

**Analyzing Each Option:**

**A.** ""Mr. Zhang, good morning! Usually, I do not see you going out at this time, do you take a day off today?""
- This is the actual greeting Zhao Lei used in the story
- While friendly, it continues the conversation despite Mr. Zhang's clear signals that he wants to be left alone
- This represents the inappropriate behavior shown in the story

**B.** ""Xiao Ming, you are back, quickly tell us your interesting stories, we all want to hear!""
- This is not from the story
- Shows enthusiasm but doesn't directly relate to the inappropriate behavior pattern

**C.** ""Xiao Li. Let him rest for a while.""
- This suggests giving someone space
- This is actually appropriate behavior (opposite of what's inappropriate)

**D.** ""No one says what they should not say.""
- This is vague and doesn't clearly represent inappropriate behavior

**Conclusion:**
The story illustrates that Zhao Lei's continued attempts at conversation despite Mr. Zhang's obvious disinterest (minimal responses, turning away) is the inappropriate behavior. Option A represents this exact behavior from the story.",A
898,"Nana helps her mother, her mother says she can stay up late to watch TV. Her little brother also wants to stay up late, so her mother says she cannot tell her brother because her brother is very young, he should go to bed early.",Why does Nana truly feel happy?,Because she likes to stay up late,Because she helps her mother,Because she can watch TV,Because her brother goes to bed early,C,Hidden emotions,"The story says Nana helps her mother, and the implication is that the real source of happiness is doing a good deed, not just the reward (staying up late to watch TV). The phrase “truly feel happy” points to the deeper, intrinsic reason rather than the external one. So the best answer is that she feels happy because she helped her mother.

[[B]]","The story says Nana helps her mother, and the implication is that the real source of happiness is doing a good deed, not just the reward (staying up late to watch TV). The phrase “truly feel happy” points to the deeper, intrinsic reason rather than the external one. So the best answer is that she feels happy because she helped her mother.",B,"Let me analyze this step by step.

**Understanding the story:**
- Nana helps her mother
- As a reward, her mother allows Nana to stay up late to watch TV
- Her little brother also wants to stay up late
- The mother tells Nana not to tell her brother because he's too young and needs to go to bed early

**Analyzing each answer option:**

A. ""Because she likes to stay up late"" - This is a surface-level interpretation. While staying up late is the privilege she receives, it doesn't capture the deeper reason for her happiness.

B. ""Because she helps her mother"" - Helping her mother is what Nana did to earn the privilege, but the question asks why she feels happy, not what she did.

C. ""Because she can watch TV"" - This is the direct reward/privilege she receives. Being allowed to stay up late to watch TV is the immediate benefit that would make her happy.

D. ""Because her brother goes to bed early"" - While this is mentioned in the story, there's no indication that Nana is happy about her brother going to bed early. This seems unlikely to be the true source of her happiness.

**Reasoning:**
The story presents a cause-and-effect relationship: Nana helps her mother → she gets to stay up late and watch TV. The question asks why she ""truly feels happy."" The most direct and logical answer is that she's happy because she gets the privilege to watch TV (stay up late). This is the tangible reward that would bring immediate happiness to a child.

While helping her mother (B) is admirable, the happiness comes from the reward received. Option C represents the actual benefit she gains.

[[C]]","Let me analyze this step by step.

**Understanding the story:**
- Nana helps her mother
- As a reward, her mother allows Nana to stay up late to watch TV
- Her little brother also wants to stay up late
- The mother tells Nana not to tell her brother because he's too young and needs to go to bed early

**Analyzing each answer option:**

A. ""Because she likes to stay up late"" - This is a surface-level interpretation. While staying up late is the privilege she receives, it doesn't capture the deeper reason for her happiness.

B. ""Because she helps her mother"" - Helping her mother is what Nana did to earn the privilege, but the question asks why she feels happy, not what she did.

C. ""Because she can watch TV"" - This is the direct reward/privilege she receives. Being allowed to stay up late to watch TV is the immediate benefit that would make her happy.

D. ""Because her brother goes to bed early"" - While this is mentioned in the story, there's no indication that Nana is happy about her brother going to bed early. This seems unlikely to be the true source of her happiness.

**Reasoning:**
The story presents a cause-and-effect relationship: Nana helps her mother → she gets to stay up late and watch TV. The question asks why she ""truly feels happy."" The most direct and logical answer is that she's happy because she gets the privilege to watch TV (stay up late). This is the tangible reward that would bring immediate happiness to a child.

While helping her mother (B) is admirable, the happiness comes from the reward received. Option C represents the actual benefit she gains.",C
902,"Xiao Zhao and Xiao Wang are good friends. Xiao Wang breaks up last weekend. One day, when Xiao Zhao sees Xiao Wang, he says, ""Xiao Wang, why don't you come to the party last weekend? We all miss you."" Xiao Wang briefly replies, ""Oh, I have something."" Seeing this, Xiao Zhao says, ""I hear you are not in a good mood recently, do you want to talk?"" Xiao Wang nods, ""Thank you, I may need some time."" Xiao Zhao responds, ""No problem, when you are ready, we can go out together.""",Does Xiao Zhao know that Xiao Wang breaks up?,Knows,Does not know,,,A,Faux-pas Recognition Test,"From the story, we as readers are told directly that Xiao Wang broke up last weekend, but Xiao Zhao never mentions the breakup itself. He only says he heard Xiao Wang has not been in a good mood and offers to talk when Xiao Wang is ready.

There is no explicit indication that Xiao Zhao knows the *reason* (the breakup), only that he knows Xiao Wang is in a bad mood and missed the party. So the most reasonable inference is that Xiao Zhao does **not** necessarily know about the breakup.

Therefore, the best answer is:

[[B]]","From the story, we as readers are told directly that Xiao Wang broke up last weekend, but Xiao Zhao never mentions the breakup itself. He only says he heard Xiao Wang has not been in a good mood and offers to talk when Xiao Wang is ready.

There is no explicit indication that Xiao Zhao knows the *reason* (the breakup), only that he knows Xiao Wang is in a bad mood and missed the party. So the most reasonable inference is that Xiao Zhao does **not** necessarily know about the breakup.

Therefore, the best answer is:",B,"Let me analyze this step by step.

**Key information from the story:**
1. Xiao Zhao and Xiao Wang are good friends
2. Xiao Wang breaks up last weekend (this is stated as a fact in the story)
3. Xiao Zhao asks why Xiao Wang didn't come to the party last weekend
4. Xiao Zhao says: ""I hear you are not in a good mood recently, do you want to talk?""
5. Xiao Wang responds that he may need some time
6. Xiao Zhao offers support when Xiao Wang is ready

**Analysis:**
The crucial evidence is in Xiao Zhao's statement: ""I hear you are not in a good mood recently, do you want to talk?""

The phrase ""I hear"" indicates that Xiao Zhao has heard something about Xiao Wang's situation from others or through some source. This suggests Xiao Zhao is aware that something is wrong with Xiao Wang.

Additionally, Xiao Zhao's approach is very understanding and supportive - offering to talk and giving Xiao Wang time. This behavior is consistent with someone who knows about a friend's breakup and is trying to be supportive.

While the story doesn't explicitly state ""Xiao Zhao knows about the breakup,"" the evidence strongly suggests that Xiao Zhao is aware of Xiao Wang's situation, particularly given:
- The ""I hear you are not in a good mood"" comment
- The supportive and understanding approach
- The offer to talk when ready

**Conclusion:**
Based on the context clues, especially the phrase ""I hear you are not in a good mood recently,"" it is most likely that Xiao Zhao knows about the breakup.

[[A]]","Let me analyze this step by step.

**Key information from the story:**
1. Xiao Zhao and Xiao Wang are good friends
2. Xiao Wang breaks up last weekend (this is stated as a fact in the story)
3. Xiao Zhao asks why Xiao Wang didn't come to the party last weekend
4. Xiao Zhao says: ""I hear you are not in a good mood recently, do you want to talk?""
5. Xiao Wang responds that he may need some time
6. Xiao Zhao offers support when Xiao Wang is ready

**Analysis:**
The crucial evidence is in Xiao Zhao's statement: ""I hear you are not in a good mood recently, do you want to talk?""

The phrase ""I hear"" indicates that Xiao Zhao has heard something about Xiao Wang's situation from others or through some source. This suggests Xiao Zhao is aware that something is wrong with Xiao Wang.

Additionally, Xiao Zhao's approach is very understanding and supportive - offering to talk and giving Xiao Wang time. This behavior is consistent with someone who knows about a friend's breakup and is trying to be supportive.

While the story doesn't explicitly state ""Xiao Zhao knows about the breakup,"" the evidence strongly suggests that Xiao Zhao is aware of Xiao Wang's situation, particularly given:
- The ""I hear you are not in a good mood"" comment
- The supportive and understanding approach
- The offer to talk when ready

**Conclusion:**
Based on the context clues, especially the phrase ""I hear you are not in a good mood recently,"" it is most likely that Xiao Zhao knows about the breakup.",A
910,"On Sunday night, Xiaoqiang's family gathers to discuss the future of the family business. Dad says, ""The future of our family business is very important, I always think about how we should choose the successor."" Mom nods in agreement. Dad looks at Xiaoqiang and continues, ""Xiaoqiang, you have a talent for art, you can develop in this area in the future."" Xiaoqiang replies, ""Actually, I am also very interested in the family business.""","If there is, which sentence is not appropriate?","The future of our family business is very important, I am always thinking about how we should choose a successor.","Xiaoqiang, you have a talent for art, you can develop in this area in the future.","Actually, I am also very interested in the family business.",There is no inappropriate sentence,B,Faux-pas Recognition Test,"Based on the story, all three quoted sentences fit the context naturally:

- Dad stressing the importance of the family business and thinking about choosing a successor is appropriate.
- Dad telling Xiaoqiang he has talent for art and can develop in that area is also reasonable; it shows Dad’s view that Xiaoqiang might follow a different path.
- Xiaoqiang replying that he is also interested in the family business directly responds to the topic and is coherent.

None of the sentences conflict with the scenario or sound contextually wrong, so the best choice is that there is no inappropriate sentence.

[[D]]","Based on the story, all three quoted sentences fit the context naturally:

- Dad stressing the importance of the family business and thinking about choosing a successor is appropriate.
- Dad telling Xiaoqiang he has talent for art and can develop in that area is also reasonable; it shows Dad’s view that Xiaoqiang might follow a different path.
- Xiaoqiang replying that he is also interested in the family business directly responds to the topic and is coherent.

None of the sentences conflict with the scenario or sound contextually wrong, so the best choice is that there is no inappropriate sentence.",D,"Let me analyze this step by step.

First, I need to understand the context:
- The family is discussing the future of the family business
- Dad is concerned about choosing a successor
- Dad suggests Xiaoqiang pursue art instead of the business
- Xiaoqiang expresses interest in the family business

Now let me examine each statement for appropriateness:

**Option A: ""The future of our family business is very important, I am always thinking about how we should choose a successor.""**
- This is appropriate as it sets the context for the discussion
- It shows Dad's concern about succession planning
- This is a natural opening statement

**Option B: ""Xiaoqiang, you have a talent for art, you can develop in this area in the future.""**
- This seems potentially inappropriate in this context
- The family gathered specifically to discuss the family business future
- Dad is steering Xiaoqiang away from the business toward art
- This appears to be dismissing Xiaoqiang from consideration as a successor without proper discussion
- It's somewhat contradictory - why discuss the business successor if Dad has already decided Xiaoqiang should do art instead?

**Option C: ""Actually, I am also very interested in the family business.""**
- This is appropriate as Xiaoqiang is expressing his genuine interest
- It's a reasonable response to being directed elsewhere
- Shows Xiaoqiang's willingness to participate

**Option D: ""There is no inappropriate sentence""**
- This would only be correct if all statements are appropriate

The most inappropriate sentence appears to be B, because Dad is redirecting Xiaoqiang to art during a meeting specifically about the family business succession, which seems contradictory and dismissive.

[[B]]","Let me analyze this step by step.

First, I need to understand the context:
- The family is discussing the future of the family business
- Dad is concerned about choosing a successor
- Dad suggests Xiaoqiang pursue art instead of the business
- Xiaoqiang expresses interest in the family business

Now let me examine each statement for appropriateness:

**Option A: ""The future of our family business is very important, I am always thinking about how we should choose a successor.""**
- This is appropriate as it sets the context for the discussion
- It shows Dad's concern about succession planning
- This is a natural opening statement

**Option B: ""Xiaoqiang, you have a talent for art, you can develop in this area in the future.""**
- This seems potentially inappropriate in this context
- The family gathered specifically to discuss the family business future
- Dad is steering Xiaoqiang away from the business toward art
- This appears to be dismissing Xiaoqiang from consideration as a successor without proper discussion
- It's somewhat contradictory - why discuss the business successor if Dad has already decided Xiaoqiang should do art instead?

**Option C: ""Actually, I am also very interested in the family business.""**
- This is appropriate as Xiaoqiang is expressing his genuine interest
- It's a reasonable response to being directed elsewhere
- Shows Xiaoqiang's willingness to participate

**Option D: ""There is no inappropriate sentence""**
- This would only be correct if all statements are appropriate

The most inappropriate sentence appears to be B, because Dad is redirecting Xiaoqiang to art during a meeting specifically about the family business succession, which seems contradictory and dismissive.",B
921,"In a class at a school, there are 20 students, almost half of them play the piano. The teacher talks to some students and finds out that 5 of them play the piano.","Before the teacher talks to the students, how many students do you guess play the piano?","Before the teacher talks to the students, I guess 9 students play the piano.","Before the teacher talks to the students, I guess 5 students play the piano.","Before the teacher talks to the students, I guess 10 students play the piano.","Before the teacher talks to the students, I guess 6 students play the piano.",A,Scalar Implicature Test,"The story says there are 20 students and *almost half* of them play the piano. Half of 20 is 10, and “almost half” would reasonably lead us to guess around that number before any further information (like the 5 found later) is revealed.

Among the options:

- 5 (B) is the number later discovered, not the prior guess.
- 9 (A) and 6 (D) are arbitrary compared to the natural “half of 20” estimate.
- 10 (C) matches the intuitive guess based on “almost half.”

So the most likely intended answer is:

[[C]]","The story says there are 20 students and *almost half* of them play the piano. Half of 20 is 10, and “almost half” would reasonably lead us to guess around that number before any further information (like the 5 found later) is revealed.

Among the options:

- 5 (B) is the number later discovered, not the prior guess.
- 9 (A) and 6 (D) are arbitrary compared to the natural “half of 20” estimate.
- 10 (C) matches the intuitive guess based on “almost half.”

So the most likely intended answer is:",C,"Let me analyze this step by step.

**Given Information:**
- Total students in class: 20
- ""Almost half of them play the piano""
- After talking to some students, the teacher finds 5 of them play the piano

**Key Analysis:**

1. The phrase ""almost half"" is the crucial clue for our initial guess (before the teacher talks to students)
   - Half of 20 students = 10 students
   - ""Almost half"" suggests a number close to 10

2. The fact that the teacher later finds 5 students play the piano is information discovered AFTER talking to students, so this shouldn't influence our initial guess based on ""almost half""

3. Evaluating the options:
   - Option A: 9 students - This is close to half (10), fitting ""almost half""
   - Option B: 5 students - This is only 25%, not close to half
   - Option C: 10 students - This is exactly half, not ""almost"" half
   - Option D: 6 students - This is only 30%, not close to half

4. ""Almost half"" typically means slightly less than or slightly more than half, but very close to it. Among the options, 9 is the closest to 10 (half) while still being ""almost"" rather than exactly half.

**Conclusion:**
The question asks for our guess BEFORE the teacher talks to students, based solely on the information that ""almost half of them play the piano."" The number 9 best represents ""almost half"" of 20 students.

[[A]]","Let me analyze this step by step.

**Given Information:**
- Total students in class: 20
- ""Almost half of them play the piano""
- After talking to some students, the teacher finds 5 of them play the piano

**Key Analysis:**

1. The phrase ""almost half"" is the crucial clue for our initial guess (before the teacher talks to students)
   - Half of 20 students = 10 students
   - ""Almost half"" suggests a number close to 10

2. The fact that the teacher later finds 5 students play the piano is information discovered AFTER talking to students, so this shouldn't influence our initial guess based on ""almost half""

3. Evaluating the options:
   - Option A: 9 students - This is close to half (10), fitting ""almost half""
   - Option B: 5 students - This is only 25%, not close to half
   - Option C: 10 students - This is exactly half, not ""almost"" half
   - Option D: 6 students - This is only 30%, not close to half

4. ""Almost half"" typically means slightly less than or slightly more than half, but very close to it. Among the options, 9 is the closest to 10 (half) while still being ""almost"" rather than exactly half.

**Conclusion:**
The question asks for our guess BEFORE the teacher talks to students, based solely on the information that ""almost half of them play the piano."" The number 9 best represents ""almost half"" of 20 students.",A
924,"The company moves to a new office building recently. Manager Zhang is in charge of allocating office areas, he decides to assign the seats by the window to the high-performance employees of the department. Li Gong is an ordinary employee in the department, he always wants a seat by the window. Manager Zhang announces at the weekly meeting: ""Starting from next week, we have a new seating arrangement. I know everyone likes the seats by the window, so I decide to assign them to our high-performance employees."" Li Gong hears this and smiles, he does not say anything.",Does anyone say something inappropriate in this story?,Someone says something inappropriate in the story.,No one says anything inappropriate in the story.,,,A,Faux-pas Recognition Test,"From the story:

- Manager Zhang explains the new rule: window seats will go to high-performance employees.
- This is a workplace-based decision tied to performance, and nothing in his wording is rude, offensive, or clearly inappropriate.
- Li Gong just smiles and stays silent, so he doesn’t say anything at all.

No one appears to say anything inappropriate in the story.

[[B]]","From the story:

- Manager Zhang explains the new rule: window seats will go to high-performance employees.
- This is a workplace-based decision tied to performance, and nothing in his wording is rude, offensive, or clearly inappropriate.
- Li Gong just smiles and stays silent, so he doesn’t say anything at all.

No one appears to say anything inappropriate in the story.",B,"Let me analyze this step by step.

First, let me identify what was said in the story:
- Manager Zhang announced: ""Starting from next week, we have a new seating arrangement. I know everyone likes the seats by the window, so I decide to assign them to our high-performance employees.""
- Li Gong heard this and smiled, but did not say anything.

Now, let me evaluate whether anyone said something inappropriate:

**Manager Zhang's statement:**
- He publicly announced that window seats would go to ""high-performance employees""
- This implicitly labels other employees (like Li Gong, who is described as ""ordinary"") as NOT high-performance
- In a public weekly meeting, this creates a visible hierarchy and could be demotivating or embarrassing to employees who won't get window seats
- While performance-based rewards are common, publicly announcing this in a way that highlights who is NOT high-performing could be considered insensitive or inappropriate management communication
- A more tactful approach might have been to make assignments privately or frame it differently

**Li Gong's response:**
- He only smiled and said nothing, so he didn't say anything at all, let alone anything inappropriate

**Analysis:**
Manager Zhang's public announcement, while perhaps well-intentioned, could be considered inappropriate because it publicly distinguishes between high-performers and others in a way that could be embarrassing or demotivating to those not receiving the preferred seats.

Since Manager Zhang did say something that could be considered inappropriate (the public announcement categorizing employees), the answer should be:

[[A]]","Let me analyze this step by step.

First, let me identify what was said in the story:
- Manager Zhang announced: ""Starting from next week, we have a new seating arrangement. I know everyone likes the seats by the window, so I decide to assign them to our high-performance employees.""
- Li Gong heard this and smiled, but did not say anything.

Now, let me evaluate whether anyone said something inappropriate:

**Manager Zhang's statement:**
- He publicly announced that window seats would go to ""high-performance employees""
- This implicitly labels other employees (like Li Gong, who is described as ""ordinary"") as NOT high-performance
- In a public weekly meeting, this creates a visible hierarchy and could be demotivating or embarrassing to employees who won't get window seats
- While performance-based rewards are common, publicly announcing this in a way that highlights who is NOT high-performing could be considered insensitive or inappropriate management communication
- A more tactful approach might have been to make assignments privately or frame it differently

**Li Gong's response:**
- He only smiled and said nothing, so he didn't say anything at all, let alone anything inappropriate

**Analysis:**
Manager Zhang's public announcement, while perhaps well-intentioned, could be considered inappropriate because it publicly distinguishes between high-performers and others in a way that could be embarrassing or demotivating to those not receiving the preferred seats.

Since Manager Zhang did say something that could be considered inappropriate (the public announcement categorizing employees), the answer should be:",A
951,"In a movie theater, friends are choosing which movie to watch, and there are 20 movies to choose from. Ming tells Xiao Hong, ""I think most of the movies are action movies, some are sci-fi, but there are hardly any horror movies."" Xiao Hong checks the list of movies and finds that there are only 5 science fiction movies.","Before Xiao Hong checks the movie list, how many action films does she guess?","Before Xiao Hong checks the movie list, she guesses there are 12 action films","Before Xiao Hong checks the movie list, she guesses there are 15 action films","Before Xiao Hong checks the movie list, she guesses there are 19 action films","Before Xiao Hong checks the movie list, she guesses there are 11 action films",A,Scalar Implicature Test,"Ming says:  
- “Most of the movies are action movies”  
- “Some are sci-fi”  
- “Hardly any are horror”  

There are 20 movies total.

The story then reveals there are **5 sci-fi** movies, which fits “some.” A natural way for Xiao Hong to interpret this before seeing the list is approximately:
- Sci‑fi: about 5 (“some”)
- Horror: close to 0 (“hardly any”)
- Action: the rest

So the guessed number of action movies ≈ 20 − 5 − 0 = 15.

Among the options, 15 is given as:

**[[B]]**","Ming says:  
- “Most of the movies are action movies”  
- “Some are sci-fi”  
- “Hardly any are horror”  

There are 20 movies total.

The story then reveals there are **5 sci-fi** movies, which fits “some.” A natural way for Xiao Hong to interpret this before seeing the list is approximately:
- Sci‑fi: about 5 (“some”)
- Horror: close to 0 (“hardly any”)
- Action: the rest

So the guessed number of action movies ≈ 20 − 5 − 0 = 15.

Among the options, 15 is given as:

**",B,"Let me analyze this step by step.

**Given Information:**
- Total movies: 20
- Ming's statement: ""Most of the movies are action movies, some are sci-fi, but there are hardly any horror movies""
- After checking, Xiao Hong finds there are 5 sci-fi movies

**Key Point:**
The question asks what Xiao Hong **guesses** BEFORE she checks the movie list, based only on Ming's description.

**Analysis of Ming's description:**
- ""Most of the movies are action movies"" - This suggests action movies make up the majority (more than half)
- ""Some are sci-fi"" - This suggests a moderate number of sci-fi movies
- ""Hardly any horror movies"" - This suggests very few horror movies (maybe 0-2)

**Before checking the list, Xiao Hong would interpret:**
- ""Most"" typically means more than 50%, so action movies > 10
- ""Some"" suggests a moderate portion, perhaps 4-6 movies
- ""Hardly any"" suggests 1-3 movies

**Reasonable guess breakdown:**
If Xiao Hong assumes:
- Action movies: ""most"" = around 12-15 movies
- Sci-fi: ""some"" = around 4-6 movies  
- Horror: ""hardly any"" = around 1-2 movies

**Evaluating the options:**
- A. 12 action films (reasonable - just over half)
- B. 15 action films (very high - 75% of all movies)
- C. 19 action films (unrealistic - would contradict ""some sci-fi"")
- D. 11 action films (barely a majority)

Given that Ming said ""most"" (not ""almost all""), and ""some"" sci-fi movies, the most reasonable guess would be around 12 action films, leaving room for ""some"" sci-fi and ""hardly any"" horror.

[[A]]","Let me analyze this step by step.

**Given Information:**
- Total movies: 20
- Ming's statement: ""Most of the movies are action movies, some are sci-fi, but there are hardly any horror movies""
- After checking, Xiao Hong finds there are 5 sci-fi movies

**Key Point:**
The question asks what Xiao Hong **guesses** BEFORE she checks the movie list, based only on Ming's description.

**Analysis of Ming's description:**
- ""Most of the movies are action movies"" - This suggests action movies make up the majority (more than half)
- ""Some are sci-fi"" - This suggests a moderate number of sci-fi movies
- ""Hardly any horror movies"" - This suggests very few horror movies (maybe 0-2)

**Before checking the list, Xiao Hong would interpret:**
- ""Most"" typically means more than 50%, so action movies > 10
- ""Some"" suggests a moderate portion, perhaps 4-6 movies
- ""Hardly any"" suggests 1-3 movies

**Reasonable guess breakdown:**
If Xiao Hong assumes:
- Action movies: ""most"" = around 12-15 movies
- Sci-fi: ""some"" = around 4-6 movies  
- Horror: ""hardly any"" = around 1-2 movies

**Evaluating the options:**
- A. 12 action films (reasonable - just over half)
- B. 15 action films (very high - 75% of all movies)
- C. 19 action films (unrealistic - would contradict ""some sci-fi"")
- D. 11 action films (barely a majority)

Given that Ming said ""most"" (not ""almost all""), and ""some"" sci-fi movies, the most reasonable guess would be around 12 action films, leaving room for ""some"" sci-fi and ""hardly any"" horror.",A
956,"Xiao Yang and Xiao Bai are members of the class activity planning group, they are discussing the class holiday activities. Xiao Chen is an active member of the class, but never participates in activity planning. Xiao Bai suddenly points at Xiao Chen who is telling jokes in the distance, making a group of people laugh, and winks at Xiao Yang. Then, Xiao Bai winks at Xiao Yang, and both of them laugh.",What does Xiao Yang prepare to do?,Xiao Yang invites Xiao Chen to participate in the planning of class holiday activities.,Invites Xiao Chen to share more jokes with other classmates.,Xiao Yang plans with Xiao Bai to turn the holiday activity into a joke competition.,Xiao Yang finds a quiet place to continue discussing the activity plan with Xiao Bai.,A,Prediction of actions,"They are in the middle of planning class holiday activities. Xiao Chen is off to the side telling jokes and making everyone laugh. Xiao Bai points at Xiao Chen, winks at Xiao Yang, and they both laugh together.

This strongly suggests they’ve had the same idea at that moment: to somehow use Xiao Chen’s joking talent or that humorous atmosphere in their activity design, not just to keep planning as usual or simply invite Chen into the planning group.

Analyzing the options:

- **A. Invite Xiao Chen to participate in planning**  
  Possible, but the story emphasizes Chen as someone who *never* participates in planning and is instead a performer/jokester. The wink and shared laughter feel more like an idea about the activity content, not committee membership.

- **B. Invite Xiao Chen to share more jokes**  
  He is already telling jokes and making people laugh. That doesn’t explain why Bai and Yang would exchange a meaningful wink about it.

- **C. Plan to turn the holiday activity into a joke competition**  
  This directly connects their planning task with what they’re observing: jokes that engage classmates. The wink and shared laughter imply a “we just got a fun idea” moment, making this the most coherent inference.

- **D. Find a quiet place to continue planning**  
  That doesn’t relate clearly to pointing at Chen, winking, and laughing.

Thus, the most likely answer is:

[[C]]","They are in the middle of planning class holiday activities. Xiao Chen is off to the side telling jokes and making everyone laugh. Xiao Bai points at Xiao Chen, winks at Xiao Yang, and they both laugh together.

This strongly suggests they’ve had the same idea at that moment: to somehow use Xiao Chen’s joking talent or that humorous atmosphere in their activity design, not just to keep planning as usual or simply invite Chen into the planning group.

Analyzing the options:

- **A. Invite Xiao Chen to participate in planning**  
  Possible, but the story emphasizes Chen as someone who *never* participates in planning and is instead a performer/jokester. The wink and shared laughter feel more like an idea about the activity content, not committee membership.

- **B. Invite Xiao Chen to share more jokes**  
  He is already telling jokes and making people laugh. That doesn’t explain why Bai and Yang would exchange a meaningful wink about it.

- **C. Plan to turn the holiday activity into a joke competition**  
  This directly connects their planning task with what they’re observing: jokes that engage classmates. The wink and shared laughter imply a “we just got a fun idea” moment, making this the most coherent inference.

- **D. Find a quiet place to continue planning**  
  That doesn’t relate clearly to pointing at Chen, winking, and laughing.

Thus, the most likely answer is:",C,"Let me analyze this step by step.

**Understanding the context:**
- Xiao Yang and Xiao Bai are planning class holiday activities together
- Xiao Chen is an active class member but never participates in activity planning
- Xiao Chen is currently telling jokes and making people laugh
- Xiao Bai points at Xiao Chen and winks at Xiao Yang
- Both Xiao Yang and Xiao Bai laugh together

**Analyzing the significance of the wink:**
- A wink typically suggests a shared understanding or idea between two people
- Xiao Bai deliberately draws Xiao Yang's attention to Xiao Chen
- The wink happens while they are in the middle of planning activities
- They both laugh, suggesting they share the same thought

**Evaluating each option:**

A. **Inviting Xiao Chen to participate in planning** - This makes sense because:
   - They're currently planning activities
   - Xiao Bai specifically points out Xiao Chen
   - The wink suggests a shared idea about involving Xiao Chen
   - Xiao Chen is active in the class (could be valuable for planning)

B. **Inviting Xiao Chen to share jokes** - Less likely because they're focused on activity planning, not joke-sharing

C. **Turning the activity into a joke competition** - Possible but seems like a leap; the wink more likely relates to involving Xiao Chen rather than changing the entire activity format

D. **Finding a quiet place to continue planning** - This contradicts the action of pointing at Xiao Chen; if they wanted quiet, they wouldn't be focusing on him

**Conclusion:**
The most logical interpretation is that Xiao Bai's wink suggests they should invite Xiao Chen to help with planning, perhaps recognizing his ability to engage people (as shown by making them laugh) would be valuable for planning activities.

[[A]]","Let me analyze this step by step.

**Understanding the context:**
- Xiao Yang and Xiao Bai are planning class holiday activities together
- Xiao Chen is an active class member but never participates in activity planning
- Xiao Chen is currently telling jokes and making people laugh
- Xiao Bai points at Xiao Chen and winks at Xiao Yang
- Both Xiao Yang and Xiao Bai laugh together

**Analyzing the significance of the wink:**
- A wink typically suggests a shared understanding or idea between two people
- Xiao Bai deliberately draws Xiao Yang's attention to Xiao Chen
- The wink happens while they are in the middle of planning activities
- They both laugh, suggesting they share the same thought

**Evaluating each option:**

A. **Inviting Xiao Chen to participate in planning** - This makes sense because:
   - They're currently planning activities
   - Xiao Bai specifically points out Xiao Chen
   - The wink suggests a shared idea about involving Xiao Chen
   - Xiao Chen is active in the class (could be valuable for planning)

B. **Inviting Xiao Chen to share jokes** - Less likely because they're focused on activity planning, not joke-sharing

C. **Turning the activity into a joke competition** - Possible but seems like a leap; the wink more likely relates to involving Xiao Chen rather than changing the entire activity format

D. **Finding a quiet place to continue planning** - This contradicts the action of pointing at Xiao Chen; if they wanted quiet, they wouldn't be focusing on him

**Conclusion:**
The most logical interpretation is that Xiao Bai's wink suggests they should invite Xiao Chen to help with planning, perhaps recognizing his ability to engage people (as shown by making them laugh) would be valuable for planning activities.",A
959,"Wang Qiang, Li Ming, and Zhao Min all work in the same company. Recently, there is a division of opinions within the office due to a new policy. Li Ming and Zhao Min are the representatives of these two factions, while Wang Qiang is a regular staff member. One day, the company holds an informal gathering, Wang Qiang hears Li Ming discussing the benefits of the new policy, while Zhao Min emphasizes its negative impacts on the other side. At the end of the party, Wang Qiang walks past Zhao Min's table, they make eye contact for a moment, Wang Qiang gives Zhao Min a slight smile, then turns and walks towards Li Ming. Wang Qiang and Li Ming clink glasses, but his eyes seem to be searching the crowd around.",What does Zhao Min possibly think after seeing Wang Qiang's behavior?,Zhao Min possibly thinks that Wang Qiang supports Li Ming's position.,Zhao Min possibly thinks that Wang Qiang does not dare to express his real opinion in public.,Zhao Min possibly thinks that Wang Qiang clinks glasses with Li Ming just out of politeness.,"Zhao Min possibly feels contempt, thinking that Wang Qiang is two-faced.",D,Ambiguous Story Task,"Wang Qiang first exchanges a knowing eye contact and slight smile with Zhao Min (the representative of the opposing faction), then immediately goes over to clink glasses with Li Ming (the representative of the other side), all while his eyes are “searching the crowd,” suggesting he is uneasy or concerned about appearances.

From Zhao Min’s perspective, this combination of:

- a subtle, private signal to her (the smile),
- followed by a public act of friendliness toward Li Ming (the toast),
- plus Wang Qiang’s seemingly uneasy, searching gaze,

is most naturally interpreted as Wang Qiang trying to maintain a certain public image and not daring to openly show his true stance. That aligns most closely with the idea that he doesn’t dare express his real opinion in public, rather than simple politeness or outright two-faced malice.

So the most likely answer is:

[[B]]","Wang Qiang first exchanges a knowing eye contact and slight smile with Zhao Min (the representative of the opposing faction), then immediately goes over to clink glasses with Li Ming (the representative of the other side), all while his eyes are “searching the crowd,” suggesting he is uneasy or concerned about appearances.

From Zhao Min’s perspective, this combination of:

- a subtle, private signal to her (the smile),
- followed by a public act of friendliness toward Li Ming (the toast),
- plus Wang Qiang’s seemingly uneasy, searching gaze,

is most naturally interpreted as Wang Qiang trying to maintain a certain public image and not daring to openly show his true stance. That aligns most closely with the idea that he doesn’t dare express his real opinion in public, rather than simple politeness or outright two-faced malice.

So the most likely answer is:",B,"Let me analyze this step by step.

**Key observations from the story:**

1. Li Ming and Zhao Min represent two opposing factions regarding a new policy
2. Wang Qiang is a regular staff member (not a faction leader)
3. At the gathering, Wang Qiang hears both sides' arguments
4. Wang Qiang makes eye contact with Zhao Min and gives a slight smile
5. Wang Qiang then walks toward Li Ming and clinks glasses with him
6. While clinking glasses with Li Ming, Wang Qiang's eyes are ""searching the crowd around""

**Analyzing each answer option:**

**A. Wang Qiang supports Li Ming's position**
- This seems straightforward - he clinked glasses with Li Ming
- However, the smile to Zhao Min and the searching eyes suggest ambiguity

**B. Wang Qiang doesn't dare to express his real opinion in public**
- The ""searching eyes"" could indicate nervousness or caution
- The smile to Zhao Min followed by going to Li Ming shows conflicted behavior
- This suggests he might be hiding his true feelings

**C. Wang Qiang clinks glasses just out of politeness**
- Possible, but doesn't explain the smile to Zhao Min or the searching eyes
- Less compelling interpretation

**D. Zhao Min feels contempt, thinking Wang Qiang is two-faced**
- Wang Qiang smiled at Zhao Min, then immediately went to Li Ming
- From Zhao Min's perspective, this could look like playing both sides
- The smile could be seen as false friendliness before siding with the opposition
- This interpretation makes sense given the tense factional context

**Most likely answer:**
From Zhao Min's perspective, seeing Wang Qiang smile at her and then immediately walk over to clink glasses with Li Ming (her opponent) would most naturally be interpreted as two-faced behavior - appearing friendly to both sides.

[[D]]","Let me analyze this step by step.

**Key observations from the story:**

1. Li Ming and Zhao Min represent two opposing factions regarding a new policy
2. Wang Qiang is a regular staff member (not a faction leader)
3. At the gathering, Wang Qiang hears both sides' arguments
4. Wang Qiang makes eye contact with Zhao Min and gives a slight smile
5. Wang Qiang then walks toward Li Ming and clinks glasses with him
6. While clinking glasses with Li Ming, Wang Qiang's eyes are ""searching the crowd around""

**Analyzing each answer option:**

**A. Wang Qiang supports Li Ming's position**
- This seems straightforward - he clinked glasses with Li Ming
- However, the smile to Zhao Min and the searching eyes suggest ambiguity

**B. Wang Qiang doesn't dare to express his real opinion in public**
- The ""searching eyes"" could indicate nervousness or caution
- The smile to Zhao Min followed by going to Li Ming shows conflicted behavior
- This suggests he might be hiding his true feelings

**C. Wang Qiang clinks glasses just out of politeness**
- Possible, but doesn't explain the smile to Zhao Min or the searching eyes
- Less compelling interpretation

**D. Zhao Min feels contempt, thinking Wang Qiang is two-faced**
- Wang Qiang smiled at Zhao Min, then immediately went to Li Ming
- From Zhao Min's perspective, this could look like playing both sides
- The smile could be seen as false friendliness before siding with the opposition
- This interpretation makes sense given the tense factional context

**Most likely answer:**
From Zhao Min's perspective, seeing Wang Qiang smile at her and then immediately walk over to clink glasses with Li Ming (her opponent) would most naturally be interpreted as two-faced behavior - appearing friendly to both sides.",D
965,"Xiao Gang finds a handbag in the bedroom, the label on the handbag is cabbage, Xiao Gang cannot see what is inside the handbag, Xiao Gang opens the handbag and finds a hat, there is no cabbage inside the handbag, Xiao Gang closes the handbag and puts it back in its place. Xiao Ming enters the bedroom and sees the handbag.",What does Xiao Ming see in the handbag?,Sees nothing,Cabbage,Zucchini,Hat,A,Percepts-knowledge links,"The handbag is labeled ""cabbage,"" but actually contains a hat. Only Xiao Gang opens it and learns the truth. Xiao Ming merely enters the bedroom and sees the handbag; there is no mention that he opens it.

In such stories (false-belief style tasks), the question “What does Xiao Ming see in the handbag?” is interpreted as “What does he think is in it?” Based on the label and his lack of further information, Xiao Ming would believe there is cabbage in the handbag.

Therefore, the best answer is:

[[B]]","The handbag is labeled ""cabbage,"" but actually contains a hat. Only Xiao Gang opens it and learns the truth. Xiao Ming merely enters the bedroom and sees the handbag; there is no mention that he opens it.

In such stories (false-belief style tasks), the question “What does Xiao Ming see in the handbag?” is interpreted as “What does he think is in it?” Based on the label and his lack of further information, Xiao Ming would believe there is cabbage in the handbag.

Therefore, the best answer is:",B,"Let me analyze this step by step.

**Understanding the story:**
1. Xiao Gang finds a handbag in the bedroom
2. The handbag has a label that says ""cabbage""
3. Xiao Gang opens the handbag and finds a hat inside (not cabbage)
4. Xiao Gang closes the handbag and puts it back
5. Xiao Ming enters the bedroom and sees the handbag

**Key question: What does Xiao Ming see in the handbag?**

**Analyzing the situation:**
- When Xiao Ming enters the bedroom, he only ""sees the handbag""
- The story does not mention that Xiao Ming opens the handbag
- Xiao Gang had closed the handbag before putting it back
- The question asks what Xiao Ming ""sees"" in the handbag

**Evaluating the options:**

A. **Sees nothing** - This is likely if Xiao Ming doesn't open the handbag. Since the story only says he ""sees the handbag"" (not that he opens it), he wouldn't see what's inside.

B. **Cabbage** - This is what the label says, but there's no actual cabbage inside. Xiao Ming would only think there's cabbage if he reads the label without opening it.

C. **Zucchini** - This is never mentioned in the story.

D. **Hat** - This is what's actually inside, but Xiao Ming would only see this if he opened the handbag, which isn't mentioned.

**Conclusion:**
Since the story only states that Xiao Ming ""sees the handbag"" and doesn't mention him opening it, and the handbag is closed (Xiao Gang closed it), Xiao Ming cannot see what's inside.

[[A]]","Let me analyze this step by step.

**Understanding the story:**
1. Xiao Gang finds a handbag in the bedroom
2. The handbag has a label that says ""cabbage""
3. Xiao Gang opens the handbag and finds a hat inside (not cabbage)
4. Xiao Gang closes the handbag and puts it back
5. Xiao Ming enters the bedroom and sees the handbag

**Key question: What does Xiao Ming see in the handbag?**

**Analyzing the situation:**
- When Xiao Ming enters the bedroom, he only ""sees the handbag""
- The story does not mention that Xiao Ming opens the handbag
- Xiao Gang had closed the handbag before putting it back
- The question asks what Xiao Ming ""sees"" in the handbag

**Evaluating the options:**

A. **Sees nothing** - This is likely if Xiao Ming doesn't open the handbag. Since the story only says he ""sees the handbag"" (not that he opens it), he wouldn't see what's inside.

B. **Cabbage** - This is what the label says, but there's no actual cabbage inside. Xiao Ming would only think there's cabbage if he reads the label without opening it.

C. **Zucchini** - This is never mentioned in the story.

D. **Hat** - This is what's actually inside, but Xiao Ming would only see this if he opened the handbag, which isn't mentioned.

**Conclusion:**
Since the story only states that Xiao Ming ""sees the handbag"" and doesn't mention him opening it, and the handbag is closed (Xiao Gang closed it), Xiao Ming cannot see what's inside.",A
972,"Xiao Ming really likes to eat chocolate, but he recently starts a healthy diet plan. There is a famous chocolate shop near Xiao Ming's school, he particularly likes the chocolate there. The chocolate shop releases a new product recently, he has too much homework, plans to find a day to try it. His friend asks him if he wants to go buy chocolate together after school, Xiao Ming replies: ""I have something to do after school, so I don't go with you?",Why does Xiao Ming say he doesn't want to go buy chocolate with his friend?,Because his schoolwork is too heavy.,Because he wants to stay healthy.,Because he doesn't want his friend to know he breaks his healthy diet plan.,Because he doesn't have money to buy chocolate.,C,Strange Story Task,"Xiao Ming has said he has too much homework and ""has something to do after school,"" so the most direct reason is his heavy schoolwork.

[[A]]","Xiao Ming has said he has too much homework and ""has something to do after school,"" so the most direct reason is his heavy schoolwork.",A,"Let me analyze this step by step.

**Key information from the story:**
1. Xiao Ming really likes chocolate
2. He recently started a healthy diet plan
3. There's a famous chocolate shop near his school that he particularly likes
4. The shop released a new product he wants to try
5. He has too much homework and plans to find a day to try the new product
6. When his friend asks him to go buy chocolate after school, he declines, saying ""I have something to do after school""

**Analyzing each answer option:**

**A. Because his schoolwork is too heavy.**
The story mentions he has too much homework, but this is mentioned in the context of why he hasn't tried the new product yet, not specifically why he refuses his friend's invitation.

**B. Because he wants to stay healthy.**
He is on a healthy diet plan, and chocolate would conflict with this. However, he still wants to try the new product eventually, so this alone doesn't fully explain the situation.

**C. Because he doesn't want his friend to know he breaks his healthy diet plan.**
This is interesting. Xiao Ming gives an excuse (""I have something to do"") rather than being honest. He still wants to eat the chocolate (planning to try the new product), but he's avoiding going with his friend. This suggests he wants to eat chocolate secretly, without his friend knowing he's breaking his diet plan.

**D. Because he doesn't have money to buy chocolate.**
There's no mention of money issues in the story.

**Conclusion:**
The most telling detail is that Xiao Ming makes an excuse (""I have something to do"") rather than giving the real reason. He's on a diet but still wants to eat chocolate (he plans to try the new product). Going with his friend would expose that he's breaking his diet plan, so he declines but plans to go alone later.

[[C]]","Let me analyze this step by step.

**Key information from the story:**
1. Xiao Ming really likes chocolate
2. He recently started a healthy diet plan
3. There's a famous chocolate shop near his school that he particularly likes
4. The shop released a new product he wants to try
5. He has too much homework and plans to find a day to try the new product
6. When his friend asks him to go buy chocolate after school, he declines, saying ""I have something to do after school""

**Analyzing each answer option:**

**A. Because his schoolwork is too heavy.**
The story mentions he has too much homework, but this is mentioned in the context of why he hasn't tried the new product yet, not specifically why he refuses his friend's invitation.

**B. Because he wants to stay healthy.**
He is on a healthy diet plan, and chocolate would conflict with this. However, he still wants to try the new product eventually, so this alone doesn't fully explain the situation.

**C. Because he doesn't want his friend to know he breaks his healthy diet plan.**
This is interesting. Xiao Ming gives an excuse (""I have something to do"") rather than being honest. He still wants to eat the chocolate (planning to try the new product), but he's avoiding going with his friend. This suggests he wants to eat chocolate secretly, without his friend knowing he's breaking his diet plan.

**D. Because he doesn't have money to buy chocolate.**
There's no mention of money issues in the story.

**Conclusion:**
The most telling detail is that Xiao Ming makes an excuse (""I have something to do"") rather than giving the real reason. He's on a diet but still wants to eat chocolate (he plans to try the new product). Going with his friend would expose that he's breaking his diet plan, so he declines but plans to go alone later.",C
975,"Liu Yu, Zhang Xiang, and Chen Nan are classmates in high school. They are good friends and often share their likes and emotional experiences. Zhang Xiang knows that Liu Yu likes Chen Nan, but he also knows that Chen Nan's past relationships with other girls are complicated. Liu Yu arranges for her close friend Zhang Xiang to start dating Chen Nan, the person she has long admired. She asks Zhang Xiang to help her understand Chen Nan's true character and match them together.",What is Liu Yu's reaction when she sees Zhang Xiang and Chen Nan together?,Feeling betrayed,Thrilled,Ashamed,Jealous,B,Unexpected Outcome Test,"Liu Yu likes Chen Nan but has arranged for her close friend Zhang Xiang to date him in order to test his character and help match Liu Yu with him later.  

Even though this is Liu Yu’s own plan, emotionally it’s very likely that seeing the boy she likes together with her close friend would make her feel uncomfortable and possessive. The most natural emotional reaction in this situation is jealousy rather than betrayal (since she set it up herself), thrill (since it’s painful to watch), or shame.

So the most likely answer is:

[[D]]","Liu Yu likes Chen Nan but has arranged for her close friend Zhang Xiang to date him in order to test his character and help match Liu Yu with him later.  

Even though this is Liu Yu’s own plan, emotionally it’s very likely that seeing the boy she likes together with her close friend would make her feel uncomfortable and possessive. The most natural emotional reaction in this situation is jealousy rather than betrayal (since she set it up herself), thrill (since it’s painful to watch), or shame.

So the most likely answer is:",D,"Let me analyze this step by step.

**Understanding the situation:**
1. Liu Yu likes Chen Nan
2. Zhang Xiang is Liu Yu's close friend and knows about Liu Yu's feelings for Chen Nan
3. Liu Yu herself arranges for Zhang Xiang to start dating Chen Nan
4. Liu Yu's purpose is to have Zhang Xiang help her understand Chen Nan's true character and eventually match Liu Yu with Chen Nan

**Analyzing Liu Yu's intentions:**
- Liu Yu is aware that Chen Nan has a complicated relationship history
- She wants to learn more about his true character before pursuing him herself
- She deliberately asks her trusted friend Zhang Xiang to date Chen Nan as part of her plan
- This is a strategic move by Liu Yu, not something happening behind her back

**Evaluating each answer option:**

A. **Feeling betrayed** - This doesn't make sense because Liu Yu herself arranged for Zhang Xiang to date Chen Nan. There's no betrayal when she orchestrated the situation.

B. **Thrilled** - This is plausible because seeing them together means her plan is working. She would be happy that Zhang Xiang is following through with helping her.

C. **Ashamed** - There's no indication in the story that Liu Yu would feel ashamed. She made this arrangement intentionally.

D. **Jealous** - While Liu Yu likes Chen Nan, she herself arranged this dating situation as part of her strategy. Since it's her own plan, she would likely not feel jealous, at least initially.

**Conclusion:**
Since Liu Yu arranged for Zhang Xiang to date Chen Nan as part of her plan to understand him better, seeing them together would indicate her plan is in motion. She would most likely be thrilled that her strategy is being executed.

[[B]]","Let me analyze this step by step.

**Understanding the situation:**
1. Liu Yu likes Chen Nan
2. Zhang Xiang is Liu Yu's close friend and knows about Liu Yu's feelings for Chen Nan
3. Liu Yu herself arranges for Zhang Xiang to start dating Chen Nan
4. Liu Yu's purpose is to have Zhang Xiang help her understand Chen Nan's true character and eventually match Liu Yu with Chen Nan

**Analyzing Liu Yu's intentions:**
- Liu Yu is aware that Chen Nan has a complicated relationship history
- She wants to learn more about his true character before pursuing him herself
- She deliberately asks her trusted friend Zhang Xiang to date Chen Nan as part of her plan
- This is a strategic move by Liu Yu, not something happening behind her back

**Evaluating each answer option:**

A. **Feeling betrayed** - This doesn't make sense because Liu Yu herself arranged for Zhang Xiang to date Chen Nan. There's no betrayal when she orchestrated the situation.

B. **Thrilled** - This is plausible because seeing them together means her plan is working. She would be happy that Zhang Xiang is following through with helping her.

C. **Ashamed** - There's no indication in the story that Liu Yu would feel ashamed. She made this arrangement intentionally.

D. **Jealous** - While Liu Yu likes Chen Nan, she herself arranged this dating situation as part of her strategy. Since it's her own plan, she would likely not feel jealous, at least initially.

**Conclusion:**
Since Liu Yu arranged for Zhang Xiang to date Chen Nan as part of her plan to understand him better, seeing them together would indicate her plan is in motion. She would most likely be thrilled that her strategy is being executed.",B
999,"On weekend nights, Xiao Zhang and Xiao Liu sit in a quiet coffee shop. Xiao Zhang whispers, ""I find a great apartment, if you like, we can consider moving in."" Xiao Liu is a bit surprised, stays silent for a while, then says, ""The evening breeze here is really comfortable."" Xiao Zhang says, ""I understand, we don't need to rush to decide, we take it slow.""","If there is, which sentence is inappropriate?","I find a great apartment, if you like, we can consider moving in.",The evening breeze here is really comfortable.,"I understand, we don't need to rush to decide, we take it slow.",There is no inappropriate sentence.,D,Faux-pas Recognition Test,"The first speaker talks about finding an apartment and possibly moving in together, which is a serious relationship topic. The second speaker then responds with, “The evening breeze here is really comfortable,” which does not logically connect to or address the first speaker’s statement at all. It changes the topic abruptly and is contextually inappropriate in a normal, coherent conversation.

So the inappropriate sentence is:

[[B]]","The first speaker talks about finding an apartment and possibly moving in together, which is a serious relationship topic. The second speaker then responds with, “The evening breeze here is really comfortable,” which does not logically connect to or address the first speaker’s statement at all. It changes the topic abruptly and is contextually inappropriate in a normal, coherent conversation.

So the inappropriate sentence is:",B,"Let me analyze this step by step.

**Understanding the situation:**
- Xiao Zhang proposes moving in together to Xiao Liu
- Xiao Liu responds by changing the subject to talk about the evening breeze
- Xiao Zhang interprets this as hesitation and says they can take it slow

**Analyzing each sentence:**

**A. ""I find a great apartment, if you like, we can consider moving in.""**
- This is a reasonable proposal between two people
- The tone is considerate (""if you like,"" ""we can consider"")
- Not inappropriate

**B. ""The evening breeze here is really comfortable.""**
- This is clearly avoiding the topic
- Xiao Liu changes the subject instead of directly responding to the proposal
- While this might seem evasive, it's actually a common and polite way to decline or show hesitation in many cultures
- Not necessarily inappropriate, just indirect

**C. ""I understand, we don't need to rush to decide, we take it slow.""**
- Xiao Zhang is being understanding and patient
- This shows emotional intelligence in reading Xiao Liu's indirect response
- Appropriate response

**D. There is no inappropriate sentence.**
- This suggests all sentences are appropriate

**Conclusion:**
All three sentences are actually appropriate for this social situation. Xiao Liu's indirect response (B) is a culturally common way to express hesitation without direct confrontation. Xiao Zhang correctly interprets this and responds appropriately. The conversation flows naturally with appropriate social cues.

[[D]]","Let me analyze this step by step.

**Understanding the situation:**
- Xiao Zhang proposes moving in together to Xiao Liu
- Xiao Liu responds by changing the subject to talk about the evening breeze
- Xiao Zhang interprets this as hesitation and says they can take it slow

**Analyzing each sentence:**

**A. ""I find a great apartment, if you like, we can consider moving in.""**
- This is a reasonable proposal between two people
- The tone is considerate (""if you like,"" ""we can consider"")
- Not inappropriate

**B. ""The evening breeze here is really comfortable.""**
- This is clearly avoiding the topic
- Xiao Liu changes the subject instead of directly responding to the proposal
- While this might seem evasive, it's actually a common and polite way to decline or show hesitation in many cultures
- Not necessarily inappropriate, just indirect

**C. ""I understand, we don't need to rush to decide, we take it slow.""**
- Xiao Zhang is being understanding and patient
- This shows emotional intelligence in reading Xiao Liu's indirect response
- Appropriate response

**D. There is no inappropriate sentence.**
- This suggests all sentences are appropriate

**Conclusion:**
All three sentences are actually appropriate for this social situation. Xiao Liu's indirect response (B) is a culturally common way to express hesitation without direct confrontation. Xiao Zhang correctly interprets this and responds appropriately. The conversation flows naturally with appropriate social cues.",D
1002,"Li Lei finds a box in the living room, the label on the box is socks, Li Lei cannot see what is inside the box, Li Lei opens the box and finds a compass, there are no socks inside the box, Li Lei closes the box and puts it back in its place, Han Meimei enters the living room and sees the box.",What should be inside the box?,Socks,Hat,Coconut,Compass,A,False Belief Task,"The box is actually found to contain a **compass** and no socks. The label says ""socks,"" but that is misleading. Interpreting the question ""What should be inside the box?"" as asking about the *actual content* described in the story, the correct choice is:

[[D]]","The box is actually found to contain a **compass** and no socks. The label says ""socks,"" but that is misleading. Interpreting the question ""What should be inside the box?"" as asking about the *actual content* described in the story, the correct choice is:",D,"Let me analyze this step by step.

**Understanding the Story:**
1. There is a box in the living room with a label that says ""socks""
2. Li Lei opens the box and discovers a compass inside (not socks)
3. Li Lei closes the box and puts it back
4. Han Meimei enters the living room and sees the box

**Analyzing the Question:**
The question asks ""What should be inside the box?"" This is ambiguous and could mean:
- What does the label indicate should be inside? (normative interpretation)
- What is actually inside? (factual interpretation)

**Evaluating the Answer Options:**

**Option A (Socks):** 
- This is what the label says should be in the box
- From Han Meimei's perspective (who only sees the label), socks should be inside
- The word ""should"" suggests what is expected based on the label

**Option B (Hat):** 
- No mention of hats in the story
- Not supported by any evidence

**Option C (Coconut):** 
- No mention of coconuts in the story
- Not supported by any evidence

**Option D (Compass):** 
- This is what is actually inside the box
- Li Lei discovered this fact
- But Han Meimei doesn't know this yet

**Conclusion:**
The word ""should"" in the question most likely refers to what is expected to be in the box based on the label, especially from Han Meimei's perspective who just sees the labeled box. The label says ""socks,"" so socks are what ""should"" be inside according to the label's indication.

[[A]]","Let me analyze this step by step.

**Understanding the Story:**
1. There is a box in the living room with a label that says ""socks""
2. Li Lei opens the box and discovers a compass inside (not socks)
3. Li Lei closes the box and puts it back
4. Han Meimei enters the living room and sees the box

**Analyzing the Question:**
The question asks ""What should be inside the box?"" This is ambiguous and could mean:
- What does the label indicate should be inside? (normative interpretation)
- What is actually inside? (factual interpretation)

**Evaluating the Answer Options:**

**Option A (Socks):** 
- This is what the label says should be in the box
- From Han Meimei's perspective (who only sees the label), socks should be inside
- The word ""should"" suggests what is expected based on the label

**Option B (Hat):** 
- No mention of hats in the story
- Not supported by any evidence

**Option C (Coconut):** 
- No mention of coconuts in the story
- Not supported by any evidence

**Option D (Compass):** 
- This is what is actually inside the box
- Li Lei discovered this fact
- But Han Meimei doesn't know this yet

**Conclusion:**
The word ""should"" in the question most likely refers to what is expected to be in the box based on the label, especially from Han Meimei's perspective who just sees the labeled box. The label says ""socks,"" so socks are what ""should"" be inside according to the label's indication.",A
1010,"On Monday morning, Xiao Li sees the manager and Xiao Wang rush into the office, the door closes tightly. She curiously asks her colleague next to her: ""Do you know what they are talking about?"" The colleague shakes his head. At noon, Xiao Li sees Xiao Wang in the break room, smiles and says: ""What good things do you talk about with the manager this morning, do you get a promotion and a raise?"" Xiao Wang briefly replies: ""No, it is not a big deal."" Then he leaves quickly.",How does Xiao Wang react to Xiao Li's question?,Happy,Confused,Angry,Silent,D,Faux-pas Recognition Test,"Xiao Wang briefly answers and then leaves quickly, suggesting he is impatient or annoyed by the question rather than happy or confused. He is not silent because he does respond.

So the most likely reaction is that he is **angry** or irritated.

[[C]]","Xiao Wang briefly answers and then leaves quickly, suggesting he is impatient or annoyed by the question rather than happy or confused. He is not silent because he does respond.

So the most likely reaction is that he is **angry** or irritated.",C,"Let me analyze this step by step.

**Understanding the situation:**
- Xiao Li saw Xiao Wang and the manager rush into the office with the door closed
- Xiao Li was curious about what they discussed
- At noon, Xiao Li asked Xiao Wang about it in a teasing/joking manner, suggesting it might be about a promotion and raise
- Xiao Wang's response was brief: ""No, it is not a big deal""
- Then he left quickly

**Analyzing Xiao Wang's reaction:**

Let me examine each option:

**A. Happy** - If Xiao Wang were happy, he would likely engage more in conversation, perhaps smile, or share more details. Instead, he gave a brief reply and left quickly. This doesn't match his behavior.

**B. Confused** - There's no indication that Xiao Wang was confused by the question. He understood what Xiao Li was asking and gave a direct answer.

**C. Angry** - While leaving quickly could suggest discomfort, there's no explicit mention of anger. The text says he ""briefly replies"" rather than snapping or showing irritation.

**D. Silent** - This doesn't fit because Xiao Wang did respond to the question, even if briefly. He wasn't completely silent.

**Evaluation:**
Xiao Wang's behavior shows:
- Brief/short response
- Quick departure
- Dismissive answer (""not a big deal"")

This suggests he was uncomfortable or didn't want to discuss the matter. Among the options, **D. Silent** is the closest, as his response was minimal and he tried to end the conversation quickly. While he technically spoke, his behavior was characterized by reluctance to engage - a form of being relatively ""silent"" or uncommunicative about the topic.

[[D]]","Let me analyze this step by step.

**Understanding the situation:**
- Xiao Li saw Xiao Wang and the manager rush into the office with the door closed
- Xiao Li was curious about what they discussed
- At noon, Xiao Li asked Xiao Wang about it in a teasing/joking manner, suggesting it might be about a promotion and raise
- Xiao Wang's response was brief: ""No, it is not a big deal""
- Then he left quickly

**Analyzing Xiao Wang's reaction:**

Let me examine each option:

**A. Happy** - If Xiao Wang were happy, he would likely engage more in conversation, perhaps smile, or share more details. Instead, he gave a brief reply and left quickly. This doesn't match his behavior.

**B. Confused** - There's no indication that Xiao Wang was confused by the question. He understood what Xiao Li was asking and gave a direct answer.

**C. Angry** - While leaving quickly could suggest discomfort, there's no explicit mention of anger. The text says he ""briefly replies"" rather than snapping or showing irritation.

**D. Silent** - This doesn't fit because Xiao Wang did respond to the question, even if briefly. He wasn't completely silent.

**Evaluation:**
Xiao Wang's behavior shows:
- Brief/short response
- Quick departure
- Dismissive answer (""not a big deal"")

This suggests he was uncomfortable or didn't want to discuss the matter. Among the options, **D. Silent** is the closest, as his response was minimal and he tried to end the conversation quickly. While he technically spoke, his behavior was characterized by reluctance to engage - a form of being relatively ""silent"" or uncommunicative about the topic.",D
1011,"Dehua and Sanming are company employees, they are competing for a promotion opportunity. Today is Sanming's birthday, he enjoys a small birthday cake alone. Lingling is the company supervisor, she is having a private conversation with Dehua in the pantry. Sanming sees from a distance that Lingling quietly gives Dehua a document, and with a smile, gently pats Dehua's back, then returns to her office. Dehua quickly checks the document, shows a smile, and carefully puts the document into his file bag.",Why does Lingling give Dehua that document?,Lingling returns Dehua's personal document left in the conference room.,Lingling gives Dehua a daily notice unrelated to promotion.,Lingling and Dehua are planning a surprise for Sanming.,Lingling gives Dehua extra information.,D,Ambiguous Story Task,"The story emphasizes that:

- It is **Sanming’s birthday**.
- Lingling and Dehua have a **secretive, private conversation** in the pantry.
- Lingling **quietly** gives Dehua a document, **smiles**, and **gently pats his back**.
- Dehua **smiles after reading** the document and **carefully puts it away**.
- Sanming is **alone with a small birthday cake**, observing from a distance.

The inclusion of Sanming’s birthday and the secrecy between Lingling and Dehua suggests there is something being planned that Sanming is **not supposed to know yet**. This fits well with a **birthday surprise scenario**.

Options analysis:

- **A. Returning a personal document** – This wouldn’t normally require secrecy or a reassuring pat on the back; also no obvious reason to link it to the birthday detail.
- **B. A daily notice unrelated to promotion** – Again, no reason for secrecy, back-patting, or special smiling; also makes the birthday detail irrelevant.
- **C. Planning a surprise for Sanming** – Explains the secrecy, smiles, gentle pat, and why the birthday is mentioned at all. The document could be plans or arrangements related to the surprise.
- **D. Extra information (likely about promotion)** – Could explain privacy, but the text does not mention anything about unfair advantage or extra promotion materials, and it leaves the birthday detail unused.

The birthday context and the secretive but warm interaction point most strongly to **C**.

[[C]]","The story emphasizes that:

- It is **Sanming’s birthday**.
- Lingling and Dehua have a **secretive, private conversation** in the pantry.
- Lingling **quietly** gives Dehua a document, **smiles**, and **gently pats his back**.
- Dehua **smiles after reading** the document and **carefully puts it away**.
- Sanming is **alone with a small birthday cake**, observing from a distance.

The inclusion of Sanming’s birthday and the secrecy between Lingling and Dehua suggests there is something being planned that Sanming is **not supposed to know yet**. This fits well with a **birthday surprise scenario**.

Options analysis:

- **A. Returning a personal document** – This wouldn’t normally require secrecy or a reassuring pat on the back; also no obvious reason to link it to the birthday detail.
- **B. A daily notice unrelated to promotion** – Again, no reason for secrecy, back-patting, or special smiling; also makes the birthday detail irrelevant.
- **C. Planning a surprise for Sanming** – Explains the secrecy, smiles, gentle pat, and why the birthday is mentioned at all. The document could be plans or arrangements related to the surprise.
- **D. Extra information (likely about promotion)** – Could explain privacy, but the text does not mention anything about unfair advantage or extra promotion materials, and it leaves the birthday detail unused.

The birthday context and the secretive but warm interaction point most strongly to **C**.",C,"Let me analyze this step by step.

**Context Analysis:**
- Dehua and Sanming are competing for a promotion opportunity
- The interaction between Lingling (supervisor) and Dehua happens privately in the pantry
- The manner is secretive (""quietly gives"")
- Lingling is friendly with Dehua (smiles, pats his back)
- Dehua's reaction: quickly checks the document, shows a smile, carefully puts it away
- This all happens while Sanming is alone on his birthday

**Analyzing Each Option:**

**Option A: Returning a personal document left in conference room**
- If this were the case, the interaction wouldn't need to be so private/quiet
- Dehua's careful, pleased reaction seems excessive for just getting back a forgotten document
- Unlikely

**Option B: Daily notice unrelated to promotion**
- The secretive nature of the exchange doesn't fit a routine notice
- Dehua's smile and careful handling suggest something more significant
- The competitive context makes this timing suspicious
- Unlikely

**Option C: Planning a surprise for Sanming**
- While Sanming's birthday is mentioned, there's no indication of friendship or celebration planning
- The story emphasizes competition between Dehua and Sanming, not camaraderie
- Dehua's pleased reaction seems self-serving rather than altruistic
- Unlikely

**Option D: Extra information (implied: related to promotion)**
- The private, quiet manner fits giving someone an advantage
- Dehua's pleased reaction and careful storage suggests valuable information
- The competitive context for promotion makes this most relevant
- The supervisor giving one candidate special information fits the secretive behavior
- Most likely

[[D]]","Let me analyze this step by step.

**Context Analysis:**
- Dehua and Sanming are competing for a promotion opportunity
- The interaction between Lingling (supervisor) and Dehua happens privately in the pantry
- The manner is secretive (""quietly gives"")
- Lingling is friendly with Dehua (smiles, pats his back)
- Dehua's reaction: quickly checks the document, shows a smile, carefully puts it away
- This all happens while Sanming is alone on his birthday

**Analyzing Each Option:**

**Option A: Returning a personal document left in conference room**
- If this were the case, the interaction wouldn't need to be so private/quiet
- Dehua's careful, pleased reaction seems excessive for just getting back a forgotten document
- Unlikely

**Option B: Daily notice unrelated to promotion**
- The secretive nature of the exchange doesn't fit a routine notice
- Dehua's smile and careful handling suggest something more significant
- The competitive context makes this timing suspicious
- Unlikely

**Option C: Planning a surprise for Sanming**
- While Sanming's birthday is mentioned, there's no indication of friendship or celebration planning
- The story emphasizes competition between Dehua and Sanming, not camaraderie
- Dehua's pleased reaction seems self-serving rather than altruistic
- Unlikely

**Option D: Extra information (implied: related to promotion)**
- The private, quiet manner fits giving someone an advantage
- Dehua's pleased reaction and careful storage suggests valuable information
- The competitive context for promotion makes this most relevant
- The supervisor giving one candidate special information fits the secretive behavior
- Most likely",D
1016,"Xiao Li and Xiao Wang rest by the swimming pool in the resort. They see Ah Zhen and Ah Hong reading on the loungers not far away, then they exchange a look. Xiao Wang nudges Xiao Li with his elbow, silently mouthing ""pretty girls"". Xiao Li gives a wink back, they laugh and look at each other, then carefully walk towards Ah Zhen. Ah Zhen sees their movements in the corner of her eye, then whispers a few words to Ah Hong, points at her phone, and smiles. Xiao Li and Xiao Wang come to Ah Zhen, introduce themselves and express their desire to get to know her better. At this moment, Ah Zhen's phone suddenly rings, so she stands up to answer the call.",Why does Xiao Wang nudge Xiao Li with his elbow?,Xiao Wang wants Xiao Li to notice the beautiful girls by the pool,Xiao Wang wants to tell Xiao Li it is time to swim,Xiao Wang wants Xiao Li to notice the obstacles on the ground,Xiao Wang wants Xiao Li to go and chat up Ah Zhen together,D,Ambiguous Story Task,"Xiao Wang sees the pretty girls (Ah Zhen and Ah Hong) and nudges Xiao Li, mouthing “pretty girls” to get him to notice them. This matches option A best; the other choices (time to swim, obstacles, or explicitly to go chat) are not directly supported by the text.

[[A]]","Xiao Wang sees the pretty girls (Ah Zhen and Ah Hong) and nudges Xiao Li, mouthing “pretty girls” to get him to notice them. This matches option A best; the other choices (time to swim, obstacles, or explicitly to go chat) are not directly supported by the text.",A,"Let me analyze this step by step.

**Context Analysis:**
- Xiao Li and Xiao Wang are resting by the pool
- They see Ah Zhen and Ah Hong reading nearby
- They exchange a look
- Xiao Wang nudges Xiao Li with his elbow
- Xiao Wang silently mouths ""pretty girls""
- They laugh and look at each other
- They then walk towards Ah Zhen together
- They introduce themselves and express desire to get to know her better

**Analyzing the sequence of events:**
1. The nudge happens right after they see the girls
2. Immediately after the nudge, Xiao Wang mouths ""pretty girls""
3. After this exchange, they both walk towards Ah Zhen together
4. They approach her to introduce themselves

**Evaluating each option:**

**Option A:** ""Xiao Wang wants Xiao Li to notice the beautiful girls by the pool""
- This is partially correct - the nudge does draw attention to the girls
- Xiao Wang mouths ""pretty girls"" right after the nudge
- However, this seems incomplete as they then proceed to approach together

**Option B:** ""Xiao Wang wants to tell Xiao Li it is time to swim""
- No mention of swimming in their interaction
- They walk towards the girls, not towards the pool to swim
- This doesn't fit the context

**Option C:** ""Xiao Wang wants Xiao Li to notice the obstacles on the ground""
- No obstacles are mentioned in the story
- This is completely unrelated to the context

**Option D:** ""Xiao Wang wants Xiao Li to go and chat up Ah Zhen together""
- The nudge is followed by ""pretty girls"" comment
- They exchange looks and laugh together
- They then ""carefully walk towards Ah Zhen"" together
- They introduce themselves together
- This captures the full intention and subsequent action

**Conclusion:**
While Option A captures the immediate purpose (noticing the girls), Option D better captures the complete intention behind the nudge - not just to notice, but to approach and chat with them together, which is exactly what happens next in the story.

[[D]]","Let me analyze this step by step.

**Context Analysis:**
- Xiao Li and Xiao Wang are resting by the pool
- They see Ah Zhen and Ah Hong reading nearby
- They exchange a look
- Xiao Wang nudges Xiao Li with his elbow
- Xiao Wang silently mouths ""pretty girls""
- They laugh and look at each other
- They then walk towards Ah Zhen together
- They introduce themselves and express desire to get to know her better

**Analyzing the sequence of events:**
1. The nudge happens right after they see the girls
2. Immediately after the nudge, Xiao Wang mouths ""pretty girls""
3. After this exchange, they both walk towards Ah Zhen together
4. They approach her to introduce themselves

**Evaluating each option:**

**Option A:** ""Xiao Wang wants Xiao Li to notice the beautiful girls by the pool""
- This is partially correct - the nudge does draw attention to the girls
- Xiao Wang mouths ""pretty girls"" right after the nudge
- However, this seems incomplete as they then proceed to approach together

**Option B:** ""Xiao Wang wants to tell Xiao Li it is time to swim""
- No mention of swimming in their interaction
- They walk towards the girls, not towards the pool to swim
- This doesn't fit the context

**Option C:** ""Xiao Wang wants Xiao Li to notice the obstacles on the ground""
- No obstacles are mentioned in the story
- This is completely unrelated to the context

**Option D:** ""Xiao Wang wants Xiao Li to go and chat up Ah Zhen together""
- The nudge is followed by ""pretty girls"" comment
- They exchange looks and laugh together
- They then ""carefully walk towards Ah Zhen"" together
- They introduce themselves together
- This captures the full intention and subsequent action

**Conclusion:**
While Option A captures the immediate purpose (noticing the girls), Option D better captures the complete intention behind the nudge - not just to notice, but to approach and chat with them together, which is exactly what happens next in the story.",D
1025,"Liu Wei is a muscular man with a robust physique. One day, he goes to his father-in-law's house for the first time. After finishing a bowl of rice, he tells everyone a story: ""A few days ago, I go to the mountains and see a big tiger, that tiger's claw..."" He turns the empty bowl upside down on the table, ""is this big!""",What does Liu Wei really mean when he says this?,Liu Wei implies that he thinks the bowl design is beautiful,Liu Wei implies that he is very interested in tigers,Liu Wei implies that he is not full yet,Liu Wei hopes to share his adventurous encounters in the wild with everyone,C,Hinting Task Test,"Liu Wei is using the bowl only as a prop to show how big the tiger’s claw was, while telling an exciting story about his encounter in the mountains. His real intention is to talk about and share that thrilling adventure with everyone at the table.

So the best answer is:

[[D]]","Liu Wei is using the bowl only as a prop to show how big the tiger’s claw was, while telling an exciting story about his encounter in the mountains. His real intention is to talk about and share that thrilling adventure with everyone at the table.

So the best answer is:",D,"Let me analyze this step by step.

**Context Analysis:**
- Liu Wei is visiting his father-in-law's house for the first time
- He has just finished a bowl of rice
- He tells a story about seeing a tiger in the mountains
- He turns his empty bowl upside down on the table while describing the tiger's claw size

**Cultural Context:**
This appears to be a scenario involving Chinese cultural communication, where indirect hints are common, especially in formal family settings like visiting in-laws.

**Analyzing Each Option:**

**Option A: Bowl design is beautiful**
- This doesn't connect logically to the tiger story or the action of turning the bowl upside down
- Unlikely

**Option B: Interested in tigers**
- While he mentions tigers, this seems too literal
- Doesn't explain why he specifically turns the empty bowl upside down after finishing his meal
- Unlikely to be the main point

**Option C: He is not full yet**
- This is an indirect hint common in Chinese culture
- By turning the empty bowl upside down and using it as a prop in his story, he's drawing attention to the bowl
- At a first visit to in-laws, directly asking for more food might seem impolite
- The exaggerated story serves as a face-saving way to indicate he's still hungry
- The timing (right after finishing a bowl) supports this
- Very likely

**Option D: Share adventurous encounters**
- While he is telling a story, the specific action of using the empty bowl as a prop seems unnecessary if this were the only goal
- Doesn't explain the significance of the timing or the bowl gesture
- Less likely

**Conclusion:**
The most logical interpretation is that Liu Wei is indirectly hinting that he's still hungry by drawing attention to his empty bowl through the story, which is a polite, indirect way to communicate this need in a formal family setting.

[[C]]","Let me analyze this step by step.

**Context Analysis:**
- Liu Wei is visiting his father-in-law's house for the first time
- He has just finished a bowl of rice
- He tells a story about seeing a tiger in the mountains
- He turns his empty bowl upside down on the table while describing the tiger's claw size

**Cultural Context:**
This appears to be a scenario involving Chinese cultural communication, where indirect hints are common, especially in formal family settings like visiting in-laws.

**Analyzing Each Option:**

**Option A: Bowl design is beautiful**
- This doesn't connect logically to the tiger story or the action of turning the bowl upside down
- Unlikely

**Option B: Interested in tigers**
- While he mentions tigers, this seems too literal
- Doesn't explain why he specifically turns the empty bowl upside down after finishing his meal
- Unlikely to be the main point

**Option C: He is not full yet**
- This is an indirect hint common in Chinese culture
- By turning the empty bowl upside down and using it as a prop in his story, he's drawing attention to the bowl
- At a first visit to in-laws, directly asking for more food might seem impolite
- The exaggerated story serves as a face-saving way to indicate he's still hungry
- The timing (right after finishing a bowl) supports this
- Very likely

**Option D: Share adventurous encounters**
- While he is telling a story, the specific action of using the empty bowl as a prop seems unnecessary if this were the only goal
- Doesn't explain the significance of the timing or the bowl gesture
- Less likely

**Conclusion:**
The most logical interpretation is that Liu Wei is indirectly hinting that he's still hungry by drawing attention to his empty bowl through the story, which is a polite, indirect way to communicate this need in a formal family setting.",C
1047,"Songfeng, Jianyuan, and Xuefeng are members of the same group, they need to complete a school project together. Now, the core task of the project comes, everyone wants to take on this important task, but they do not want to overwork themselves. Songfeng looks at Jianyuan, then looks at Xuefeng who is playing with his phone, then he smiles at Jianyuan, he seems to have an idea. Then he goes to the corner of the classroom to get his backpack, then he leaves a small note on Jianyuan's desk as if by accident. He comes back, gives Jianyuan a look, then continues to do his work. Jianyuan sees this note, quickly unfolds it, takes a look, then he also smiles. He looks at Songfeng and says, ""I just have an idea, we do this task together, what do you think?",How does Xuefeng feel after hearing Jianyuan's idea?,"Xuefeng feels happy, because she has a heavy responsibility and looks forward to someone sharing the task with her.","Xuefeng feels a bit strange, not understanding why she is suddenly excluded from the core members.","Xuefeng feels very relaxed, because this means she can do less work.","Xuefeng may be afraid, because she may worry about the cooperation effect with Jianyuan.",B,Ambiguous Story Task,"Songfeng and Jianyuan are clearly colluding via the note to take on the core task together, while Xuefeng is described as playing with his phone, implying relative disengagement from the work. When Jianyuan proposes, “we do this task together,” this “we” most naturally refers to him and Songfeng, effectively leaving Xuefeng out of the main responsibility.

Given Xuefeng’s earlier behavior (playing with his phone instead of engaging) and the fact that being excluded from the core task means less work for him, the most plausible emotional reaction is that he feels relieved or relaxed because he’ll have less to do.

So the best fitting option is:

[[C]]","Songfeng and Jianyuan are clearly colluding via the note to take on the core task together, while Xuefeng is described as playing with his phone, implying relative disengagement from the work. When Jianyuan proposes, “we do this task together,” this “we” most naturally refers to him and Songfeng, effectively leaving Xuefeng out of the main responsibility.

Given Xuefeng’s earlier behavior (playing with his phone instead of engaging) and the fact that being excluded from the core task means less work for him, the most plausible emotional reaction is that he feels relieved or relaxed because he’ll have less to do.

So the best fitting option is:",C,"Let me analyze this step by step.

**Understanding the situation:**
1. Three people (Songfeng, Jianyuan, and Xuefeng) are in a group project
2. Everyone wants the important task but doesn't want to overwork themselves
3. Xuefeng is playing with his/her phone (distracted/not engaged)
4. Songfeng secretly passes a note to Jianyuan
5. After reading the note, Jianyuan proposes that he and Songfeng do the task together
6. This proposal excludes Xuefeng

**Analyzing each answer option:**

**Option A:** ""Happy because she has a heavy responsibility and looks forward to someone sharing""
- This doesn't make sense because Xuefeng hasn't been given any responsibility yet. The proposal is for Songfeng and Jianyuan to work together, which excludes Xuefeng.

**Option B:** ""Feels strange, not understanding why she is suddenly excluded""
- This makes sense. Songfeng and Jianyuan secretly communicated and then proposed working together without including Xuefeng. Xuefeng would naturally feel confused or strange about being left out.

**Option C:** ""Feels relaxed because this means she can do less work""
- While possible, this seems less likely given that the story mentions ""everyone wants to take on this important task."" This suggests Xuefeng also wanted to be involved.

**Option D:** ""May be afraid about cooperation effect with Jianyuan""
- This doesn't fit because the proposal is for Songfeng and Jianyuan to work together, not Xuefeng and Jianyuan.

**Conclusion:**
Given that Xuefeng was excluded from the secret communication and the subsequent proposal, and considering that everyone initially wanted to take on the important task, the most logical reaction would be feeling strange or confused about being suddenly excluded.

[[B]]","Let me analyze this step by step.

**Understanding the situation:**
1. Three people (Songfeng, Jianyuan, and Xuefeng) are in a group project
2. Everyone wants the important task but doesn't want to overwork themselves
3. Xuefeng is playing with his/her phone (distracted/not engaged)
4. Songfeng secretly passes a note to Jianyuan
5. After reading the note, Jianyuan proposes that he and Songfeng do the task together
6. This proposal excludes Xuefeng

**Analyzing each answer option:**

**Option A:** ""Happy because she has a heavy responsibility and looks forward to someone sharing""
- This doesn't make sense because Xuefeng hasn't been given any responsibility yet. The proposal is for Songfeng and Jianyuan to work together, which excludes Xuefeng.

**Option B:** ""Feels strange, not understanding why she is suddenly excluded""
- This makes sense. Songfeng and Jianyuan secretly communicated and then proposed working together without including Xuefeng. Xuefeng would naturally feel confused or strange about being left out.

**Option C:** ""Feels relaxed because this means she can do less work""
- While possible, this seems less likely given that the story mentions ""everyone wants to take on this important task."" This suggests Xuefeng also wanted to be involved.

**Option D:** ""May be afraid about cooperation effect with Jianyuan""
- This doesn't fit because the proposal is for Songfeng and Jianyuan to work together, not Xuefeng and Jianyuan.

**Conclusion:**
Given that Xuefeng was excluded from the secret communication and the subsequent proposal, and considering that everyone initially wanted to take on the important task, the most logical reaction would be feeling strange or confused about being suddenly excluded.",B
1104,"In a distant galaxy, there is a peaceful little asteroid, named Serenitas, where a curious robot named Lumi lives. This planet is illuminated by the gentle glow of living creatures, with no large bodies of water, so Lumi knows nothing about aquatic life. However, Serenitas is full of glowing plants and small glowing creatures floating in the air. Lumi is engaging in mimicry: it gracefully extends and retracts its limbs, presenting a rhythmic motion, just like the pulsating movement of a jellyfish swimming in the ocean.",What is Lumi likely imitating?,A jellyfish swimming in the ocean,A glowing flower opening and closing its petals,A snake slithering in the grass,Fireflies twinkling in the night sky,B,Knowledge-pretend play links,"Lumi is described as “engaging in mimicry” and moving “just like the pulsating movement of a jellyfish swimming in the ocean,” even though it has never seen aquatic life. The motion being imitated is therefore clearly that of a jellyfish.

So the most likely answer is:

[[A]]","Lumi is described as “engaging in mimicry” and moving “just like the pulsating movement of a jellyfish swimming in the ocean,” even though it has never seen aquatic life. The motion being imitated is therefore clearly that of a jellyfish.

So the most likely answer is:",A,"Let me analyze this step by step.

**Key information from the story:**
1. Lumi is a robot living on asteroid Serenitas
2. Serenitas has NO large bodies of water
3. Lumi knows NOTHING about aquatic life
4. Serenitas is full of glowing plants and small glowing creatures floating in the air
5. Lumi is extending and retracting its limbs in a rhythmic motion
6. The narrator compares this to a jellyfish swimming, but this is the narrator's perspective, not Lumi's

**Analysis of each option:**

A. **A jellyfish swimming in the ocean** - This cannot be correct because:
   - There are no large bodies of water on Serenitas
   - Lumi knows nothing about aquatic life
   - Lumi has never seen a jellyfish

B. **A glowing flower opening and closing its petals** - This is plausible because:
   - Serenitas has glowing plants
   - Opening and closing petals involves extending and retracting motion
   - This is something Lumi would have observed on its planet

C. **A snake slithering in the grass** - Less likely because:
   - No mention of snakes or grass on Serenitas
   - Slithering is a different type of motion than extending/retracting limbs

D. **Fireflies twinkling in the night sky** - Less likely because:
   - Twinkling is about light patterns, not physical movement
   - The description emphasizes rhythmic extension/retraction of limbs, not light patterns

**Conclusion:**
Given that Lumi can only imitate what it has observed on Serenitas, and the planet has glowing plants, the most logical answer is that Lumi is imitating a glowing flower opening and closing its petals, which matches the rhythmic extending and retracting motion described.

[[B]]","Let me analyze this step by step.

**Key information from the story:**
1. Lumi is a robot living on asteroid Serenitas
2. Serenitas has NO large bodies of water
3. Lumi knows NOTHING about aquatic life
4. Serenitas is full of glowing plants and small glowing creatures floating in the air
5. Lumi is extending and retracting its limbs in a rhythmic motion
6. The narrator compares this to a jellyfish swimming, but this is the narrator's perspective, not Lumi's

**Analysis of each option:**

A. **A jellyfish swimming in the ocean** - This cannot be correct because:
   - There are no large bodies of water on Serenitas
   - Lumi knows nothing about aquatic life
   - Lumi has never seen a jellyfish

B. **A glowing flower opening and closing its petals** - This is plausible because:
   - Serenitas has glowing plants
   - Opening and closing petals involves extending and retracting motion
   - This is something Lumi would have observed on its planet

C. **A snake slithering in the grass** - Less likely because:
   - No mention of snakes or grass on Serenitas
   - Slithering is a different type of motion than extending/retracting limbs

D. **Fireflies twinkling in the night sky** - Less likely because:
   - Twinkling is about light patterns, not physical movement
   - The description emphasizes rhythmic extension/retraction of limbs, not light patterns

**Conclusion:**
Given that Lumi can only imitate what it has observed on Serenitas, and the planet has glowing plants, the most logical answer is that Lumi is imitating a glowing flower opening and closing its petals, which matches the rhythmic extending and retracting motion described.",B
1108,Lin Feng falls down accidentally while he dances on the stage.,"He should feel embarrassed, but he appears very satisfied, why?",Lin Feng is very satisfied with his performance because he believes no one notices his mistake.,Lin Feng falls because he wants to end this performance early.,"The falling scene is a creative design by Lin Feng in the dance, he successfully completes this perfect performance.","After he falls, he finds a nail on the sole of his shoe, he is happy that he does not get hurt.",C,Unexpected Outcome Test,"He fell accidentally, so:

- B and C both imply some intent (ending early or a creative design), which contradicts “falls down accidentally.”
- A says no one noticed, but an on-stage fall is usually obvious, and it doesn’t strongly explain “very satisfied.”
- D explains the satisfaction despite the embarrassment: after falling he discovers a nail in his shoe and feels glad he isn’t hurt.

The most consistent and plausible is D.

[[D]]","He fell accidentally, so:

- B and C both imply some intent (ending early or a creative design), which contradicts “falls down accidentally.”
- A says no one noticed, but an on-stage fall is usually obvious, and it doesn’t strongly explain “very satisfied.”
- D explains the satisfaction despite the embarrassment: after falling he discovers a nail in his shoe and feels glad he isn’t hurt.

The most consistent and plausible is D.",D,"Let me analyze this step by step.

The key information in the story:
- Lin Feng falls down accidentally while dancing on stage
- He should feel embarrassed (this is the expected reaction)
- But he appears very satisfied instead (this is unexpected)

Now let's evaluate each answer option:

**Option A**: ""He believes no one notices his mistake""
- This doesn't make sense because falling on stage is very noticeable
- If he fell accidentally, it's unlikely no one would notice
- This wouldn't explain genuine satisfaction

**Option B**: ""He falls because he wants to end the performance early""
- The story says he falls ""accidentally,"" which contradicts intentionally falling
- This doesn't align with the story's description

**Option C**: ""The falling scene is a creative design by Lin Feng in the dance, he successfully completes this perfect performance""
- This explains why he would feel satisfied instead of embarrassed
- If the fall was actually planned as part of the choreography, then executing it successfully would make him satisfied
- This reconciles the ""accidental"" appearance with his satisfaction - it may have looked accidental to observers but was actually intentional
- This best explains the contradiction between expected embarrassment and actual satisfaction

**Option D**: ""After he falls, he finds a nail on the sole of his shoe, he is happy that he does not get hurt""
- While this could explain some relief, ""very satisfied"" seems too strong for just avoiding injury
- This is a weaker explanation for his satisfaction

Option C provides the most logical explanation for why Lin Feng would feel satisfied rather than embarrassed after falling on stage.

[[C]]","Let me analyze this step by step.

The key information in the story:
- Lin Feng falls down accidentally while dancing on stage
- He should feel embarrassed (this is the expected reaction)
- But he appears very satisfied instead (this is unexpected)

Now let's evaluate each answer option:

**Option A**: ""He believes no one notices his mistake""
- This doesn't make sense because falling on stage is very noticeable
- If he fell accidentally, it's unlikely no one would notice
- This wouldn't explain genuine satisfaction

**Option B**: ""He falls because he wants to end the performance early""
- The story says he falls ""accidentally,"" which contradicts intentionally falling
- This doesn't align with the story's description

**Option C**: ""The falling scene is a creative design by Lin Feng in the dance, he successfully completes this perfect performance""
- This explains why he would feel satisfied instead of embarrassed
- If the fall was actually planned as part of the choreography, then executing it successfully would make him satisfied
- This reconciles the ""accidental"" appearance with his satisfaction - it may have looked accidental to observers but was actually intentional
- This best explains the contradiction between expected embarrassment and actual satisfaction

**Option D**: ""After he falls, he finds a nail on the sole of his shoe, he is happy that he does not get hurt""
- While this could explain some relief, ""very satisfied"" seems too strong for just avoiding injury
- This is a weaker explanation for his satisfaction

Option C provides the most logical explanation for why Lin Feng would feel satisfied rather than embarrassed after falling on stage.",C
1121,"In a large company, there are three managers: Amy, Bob, and Claire. To get promoted to a higher level, they need to achieve outstanding results in the upcoming project. Bob sees important information about a project on his desk, but he does not know that it is Amy's unshared file. Claire knows that her boss is struggling to choose between her and Amy for promotion, so she decides to stay silent. After the project ends, Bob uses Amy's information to succeed, while Amy fails because of the information leak.",What is the possible intention behind Bob's actions?,"Bob possibly uses Amy's information on purpose, thinking it is a legal competitive means to gain an advantage in the project.","Bob possibly uses her information on purpose due to personal dissatisfaction with Amy, to ensure his own success.","Bob possibly uses Amy's information unconsciously, because he does not know that this information is an unshared important file.","Bob possibly thinks that the information is already shared by Amy, so he thinks it is reasonable to use this information.",C,Discrepant intentions,"Bob is explicitly described as not knowing that the file is Amy’s unshared document. That suggests he likely assumes it is legitimate to use—i.e., that it is shared or otherwise available for the project. He uses it consciously, but without realizing it’s confidential or unshared.  

- This matches option D: he thinks the information is already shared and therefore reasonable to use.  
- Option C describes “unconsciously” using it, which doesn’t fit: he clearly *does* see it as important project information and uses it deliberately, just under a mistaken assumption about its status.

So the most likely answer is:

[[D]]","Bob is explicitly described as not knowing that the file is Amy’s unshared document. That suggests he likely assumes it is legitimate to use—i.e., that it is shared or otherwise available for the project. He uses it consciously, but without realizing it’s confidential or unshared.  

- This matches option D: he thinks the information is already shared and therefore reasonable to use.  
- Option C describes “unconsciously” using it, which doesn’t fit: he clearly *does* see it as important project information and uses it deliberately, just under a mistaken assumption about its status.

So the most likely answer is:",D,"Let me analyze this step by step.

**Key facts from the story:**
1. Bob sees important information about a project on his desk
2. The story explicitly states: ""he does not know that it is Amy's unshared file""
3. Bob uses this information and succeeds
4. Amy fails because of the information leak
5. Claire knew about the competition but stayed silent

**Analyzing each answer option:**

**Option A:** ""Bob possibly uses Amy's information on purpose, thinking it is a legal competitive means""
- This suggests Bob knew it was Amy's information but thought using it was legal
- However, the story says Bob ""does not know that it is Amy's unshared file""
- This contradicts the story

**Option B:** ""Bob possibly uses her information on purpose due to personal dissatisfaction with Amy""
- This suggests intentional malice and knowledge that it was Amy's information
- Again, this contradicts the explicit statement that Bob didn't know it was Amy's unshared file
- No evidence of personal dissatisfaction is mentioned

**Option C:** ""Bob possibly uses Amy's information unconsciously, because he does not know that this information is an unshared important file""
- This directly aligns with the story's statement: ""he does not know that it is Amy's unshared file""
- The word ""unconsciously"" fits with Bob not knowing the true nature of the information
- He found it on his desk and used it without realizing it was confidential

**Option D:** ""Bob possibly thinks that the information is already shared by Amy""
- This suggests Bob assumed the information was meant to be shared
- While possible, the story emphasizes he ""does not know"" it was Amy's unshared file, which suggests lack of awareness rather than a specific assumption about sharing

**Conclusion:**
Option C most directly aligns with the explicit statement in the story that Bob did not know the information was Amy's unshared file. This indicates his actions were unintentional rather than deliberate.

[[C]]","Let me analyze this step by step.

**Key facts from the story:**
1. Bob sees important information about a project on his desk
2. The story explicitly states: ""he does not know that it is Amy's unshared file""
3. Bob uses this information and succeeds
4. Amy fails because of the information leak
5. Claire knew about the competition but stayed silent

**Analyzing each answer option:**

**Option A:** ""Bob possibly uses Amy's information on purpose, thinking it is a legal competitive means""
- This suggests Bob knew it was Amy's information but thought using it was legal
- However, the story says Bob ""does not know that it is Amy's unshared file""
- This contradicts the story

**Option B:** ""Bob possibly uses her information on purpose due to personal dissatisfaction with Amy""
- This suggests intentional malice and knowledge that it was Amy's information
- Again, this contradicts the explicit statement that Bob didn't know it was Amy's unshared file
- No evidence of personal dissatisfaction is mentioned

**Option C:** ""Bob possibly uses Amy's information unconsciously, because he does not know that this information is an unshared important file""
- This directly aligns with the story's statement: ""he does not know that it is Amy's unshared file""
- The word ""unconsciously"" fits with Bob not knowing the true nature of the information
- He found it on his desk and used it without realizing it was confidential

**Option D:** ""Bob possibly thinks that the information is already shared by Amy""
- This suggests Bob assumed the information was meant to be shared
- While possible, the story emphasizes he ""does not know"" it was Amy's unshared file, which suggests lack of awareness rather than a specific assumption about sharing

**Conclusion:**
Option C most directly aligns with the explicit statement in the story that Bob did not know the information was Amy's unshared file. This indicates his actions were unintentional rather than deliberate.",C
1125,"Once, Cheng Wei takes his son to the mall and accompanies him to the children's playground. Suddenly, he sees a person leading a dog in. Cheng Wei asks this person, ""Don't you see the sign that says no pets are allowed?"" The other party appears very disdainful and has no intention of paying attention to Cheng Wei. At this moment, his son laughs and says to Cheng Wei, ""Dad, you are so silly, dogs don't know how to read.""",What does the son really mean when he says this?,The son is mocking this person for lacking social morality.,"The son is joking with his father, trying to lighten the mood.",The son likes dogs and hopes to have one.,The son wants to tell his father that dogs can't understand human language.,A,Hinting Task Test,"The son laughs and calls his dad ""silly,"" pointing out that expecting the *dog* to follow the written rule is funny. He’s playfully teasing his father and lightening the situation rather than seriously criticizing the dog owner or explaining a fact.

So the best answer is:

[[B]]","The son laughs and calls his dad ""silly,"" pointing out that expecting the *dog* to follow the written rule is funny. He’s playfully teasing his father and lightening the situation rather than seriously criticizing the dog owner or explaining a fact.

So the best answer is:",B,"Let me analyze this step by step.

**Context Analysis:**
- Cheng Wei confronts someone who brought a dog into a children's playground where pets are not allowed
- The dog owner acts disdainful and ignores Cheng Wei's reasonable request
- The son then makes a comment: ""Dad, you are so silly, dogs don't know how to read""

**Analyzing Each Option:**

**Option A:** The son is mocking the person for lacking social morality.
- The son's comment ""dogs don't know how to read"" appears to be a clever play on words
- By saying the dog can't read, he's implying the person bringing the dog is acting like a dog (unable to read the sign)
- This is an indirect way of calling the person ignorant or uncivilized
- The son is essentially saying the person is behaving no better than their dog
- This interpretation aligns with the context where the person showed disdain and ignored basic rules

**Option B:** The son is joking to lighten the mood.
- While there is humor in the statement, the timing and context suggest it's more than just lightening the mood
- The son ""laughs"" but the comment has a deeper meaning

**Option C:** The son likes dogs and hopes to have one.
- Nothing in the story suggests this
- The comment doesn't express desire for a pet

**Option D:** The son wants to tell his father that dogs can't understand human language.
- This is the literal interpretation
- Too simplistic and doesn't account for why the son would call his father ""silly""
- Doesn't fit the context of the confrontation

**Conclusion:**
The son's comment is a clever, indirect insult comparing the rude person to their dog - both unable to read or follow basic rules. This is a sophisticated form of mockery that uses humor to criticize the person's lack of social morality.

[[A]]","Let me analyze this step by step.

**Context Analysis:**
- Cheng Wei confronts someone who brought a dog into a children's playground where pets are not allowed
- The dog owner acts disdainful and ignores Cheng Wei's reasonable request
- The son then makes a comment: ""Dad, you are so silly, dogs don't know how to read""

**Analyzing Each Option:**

**Option A:** The son is mocking the person for lacking social morality.
- The son's comment ""dogs don't know how to read"" appears to be a clever play on words
- By saying the dog can't read, he's implying the person bringing the dog is acting like a dog (unable to read the sign)
- This is an indirect way of calling the person ignorant or uncivilized
- The son is essentially saying the person is behaving no better than their dog
- This interpretation aligns with the context where the person showed disdain and ignored basic rules

**Option B:** The son is joking to lighten the mood.
- While there is humor in the statement, the timing and context suggest it's more than just lightening the mood
- The son ""laughs"" but the comment has a deeper meaning

**Option C:** The son likes dogs and hopes to have one.
- Nothing in the story suggests this
- The comment doesn't express desire for a pet

**Option D:** The son wants to tell his father that dogs can't understand human language.
- This is the literal interpretation
- Too simplistic and doesn't account for why the son would call his father ""silly""
- Doesn't fit the context of the confrontation

**Conclusion:**
The son's comment is a clever, indirect insult comparing the rude person to their dog - both unable to read or follow basic rules. This is a sophisticated form of mockery that uses humor to criticize the person's lack of social morality.",A
1134,"Li Ming and Xiao Hong are preparing to participate in the school's evening party, but Li Ming has forgotten the dance steps for his performance. When Xiao Hong asks him, ""How do we perform?"" Li Ming tries hard to remember and quickly answers, ""Of course, it's left turn, right turn, and then jump.""",Is what Li Ming says true?,A. Yes,B. No,,,B,Strange Story Task,"Based on the story, Li Ming had forgotten the dance steps at first, but then ""tries hard to remember and quickly answers"" with specific steps. The text does not say he is wrong or that Xiao Hong corrects him, so the most plausible inference is that what he says is taken as correct within the story.

Therefore, the best answer is:

[[A]]","Based on the story, Li Ming had forgotten the dance steps at first, but then ""tries hard to remember and quickly answers"" with specific steps. The text does not say he is wrong or that Xiao Hong corrects him, so the most plausible inference is that what he says is taken as correct within the story.

Therefore, the best answer is:",A,"Let me analyze this step by step.

**Understanding the Story:**
- Li Ming and Xiao Hong are preparing for a school evening party
- Li Ming has **forgotten** the dance steps for his performance
- When Xiao Hong asks ""How do we perform?"", Li Ming tries hard to remember
- Li Ming ""quickly answers"" with specific dance steps: ""left turn, right turn, and then jump""

**Key Point:**
The story explicitly states that Li Ming has **forgotten** the dance steps. This is crucial information.

**Analysis:**
1. Li Ming forgot the dance steps - this is stated as a fact in the story
2. Despite forgetting, he tries hard to remember and gives a quick answer
3. The question asks if what Li Ming says is true
4. Since he has forgotten the steps, his answer is likely a guess or an incorrect recollection rather than the true/correct dance steps

**Evaluating the Answer Options:**
- Option A: ""Yes"" - This would mean Li Ming's answer is true/correct
- Option B: ""No"" - This would mean Li Ming's answer is not true/correct
- Options C and D appear to be blank or incomplete

**Conclusion:**
Given that the story explicitly states Li Ming has forgotten the dance steps, it's most logical that his quick answer is not accurate. He's trying to recall something he has forgotten, which typically results in an incorrect or unreliable answer.

[[B]]","Let me analyze this step by step.

**Understanding the Story:**
- Li Ming and Xiao Hong are preparing for a school evening party
- Li Ming has **forgotten** the dance steps for his performance
- When Xiao Hong asks ""How do we perform?"", Li Ming tries hard to remember
- Li Ming ""quickly answers"" with specific dance steps: ""left turn, right turn, and then jump""

**Key Point:**
The story explicitly states that Li Ming has **forgotten** the dance steps. This is crucial information.

**Analysis:**
1. Li Ming forgot the dance steps - this is stated as a fact in the story
2. Despite forgetting, he tries hard to remember and gives a quick answer
3. The question asks if what Li Ming says is true
4. Since he has forgotten the steps, his answer is likely a guess or an incorrect recollection rather than the true/correct dance steps

**Evaluating the Answer Options:**
- Option A: ""Yes"" - This would mean Li Ming's answer is true/correct
- Option B: ""No"" - This would mean Li Ming's answer is not true/correct
- Options C and D appear to be blank or incomplete

**Conclusion:**
Given that the story explicitly states Li Ming has forgotten the dance steps, it's most logical that his quick answer is not accurate. He's trying to recall something he has forgotten, which typically results in an incorrect or unreliable answer.",B
1136,"Xiao Lin is very afraid of the dark, and everyone knows that he needs to keep a nightlight on every night when sleeping. However, when his friend comes to stay overnight at his house, Xiao Lin turns off the nightlight.",Why does Xiao Lin turn off the night light when his friend comes over?,He suddenly is not afraid of the dark anymore.,He does not want his friend to think he is a coward.,His night light is broken.,He does not want to disturb his friend's sleep.,D,Strange Story Task,"The story contrasts Xiao Lin’s usual behavior (always needing a nightlight, and “everyone knows” it) with his different behavior when a friend comes over (he turns it off).  

This suggests a social reason: in front of a friend, he wants to hide his fear so he won’t look timid or childish. That matches option B best.

[[B]]","The story contrasts Xiao Lin’s usual behavior (always needing a nightlight, and “everyone knows” it) with his different behavior when a friend comes over (he turns it off).  

This suggests a social reason: in front of a friend, he wants to hide his fear so he won’t look timid or childish. That matches option B best.",B,"Let me analyze this step by step.

**Given Information:**
- Xiao Lin is very afraid of the dark
- Everyone knows he needs a nightlight to sleep
- When his friend stays overnight, Xiao Lin turns off the nightlight

**Analyzing each answer option:**

**A. He suddenly is not afraid of the dark anymore.**
- This is unlikely because the story establishes that Xiao Lin is ""very afraid of the dark"" as a known characteristic
- There's no indication of a sudden change in his fear
- The timing (only when a friend visits) suggests this isn't about overcoming his fear

**B. He does not want his friend to think he is a coward.**
- This is plausible - Xiao Lin might be embarrassed about his fear
- He might want to hide his fear from his friend to avoid judgment
- This explains why he specifically turns it off when someone else is present
- It shows he's willing to endure discomfort to maintain his image

**C. His night light is broken.**
- If the nightlight were broken, it wouldn't specifically happen only when his friend visits
- The story implies an intentional action (""turns off"") rather than a malfunction
- This doesn't explain the correlation with the friend's visit

**D. He does not want to disturb his friend's sleep.**
- This shows consideration for his friend's comfort
- Some people prefer complete darkness to sleep
- This is a reasonable, selfless explanation for his behavior
- It explains why he only turns it off when the friend is present

**Evaluation:**
Both B and D are plausible, but the question is about social behavior. Option D represents a considerate, mature response - prioritizing his friend's comfort over his own fear. Option B represents insecurity about appearing weak. 

Given that the story mentions ""everyone knows"" about his need for a nightlight, it's already public knowledge, making option B less likely. Option D better explains the specific circumstance of turning off the light only when a friend stays over - it's an act of hospitality and consideration.

[[D]]","Let me analyze this step by step.

**Given Information:**
- Xiao Lin is very afraid of the dark
- Everyone knows he needs a nightlight to sleep
- When his friend stays overnight, Xiao Lin turns off the nightlight

**Analyzing each answer option:**

**A. He suddenly is not afraid of the dark anymore.**
- This is unlikely because the story establishes that Xiao Lin is ""very afraid of the dark"" as a known characteristic
- There's no indication of a sudden change in his fear
- The timing (only when a friend visits) suggests this isn't about overcoming his fear

**B. He does not want his friend to think he is a coward.**
- This is plausible - Xiao Lin might be embarrassed about his fear
- He might want to hide his fear from his friend to avoid judgment
- This explains why he specifically turns it off when someone else is present
- It shows he's willing to endure discomfort to maintain his image

**C. His night light is broken.**
- If the nightlight were broken, it wouldn't specifically happen only when his friend visits
- The story implies an intentional action (""turns off"") rather than a malfunction
- This doesn't explain the correlation with the friend's visit

**D. He does not want to disturb his friend's sleep.**
- This shows consideration for his friend's comfort
- Some people prefer complete darkness to sleep
- This is a reasonable, selfless explanation for his behavior
- It explains why he only turns it off when the friend is present

**Evaluation:**
Both B and D are plausible, but the question is about social behavior. Option D represents a considerate, mature response - prioritizing his friend's comfort over his own fear. Option B represents insecurity about appearing weak. 

Given that the story mentions ""everyone knows"" about his need for a nightlight, it's already public knowledge, making option B less likely. Option D better explains the specific circumstance of turning off the light only when a friend stays over - it's an act of hospitality and consideration.",D
1163,"College student Xiao Gang finds out that his younger sister Xiao Mei, as a high school student, plans to drop out of school to pursue her dream of becoming an internet celebrity. Xiao Gang hopes she continues her studies.",How does Xiao Gang convince Xiao Mei?,"Sister, you can try to balance your studies and pursue your dreams, let time prove which one suits you better, instead of making decisions hastily.","If you really want to enter the internet industry, why not consider studying related courses or majors? This way, you are more professional and respected.","Completing your studies is not only a promise to yourself, but also an explanation to your parents and family, do you consider their feelings?","Xiao Mei, school is a good place that helps you build connections and teamwork skills, this is beneficial for your future career.",A,Persuasion Story Task,"Based on the story, Xiao Gang both wants Xiao Mei to **continue her studies** and should ideally **respect her dream** of becoming an internet celebrity, so an approach that acknowledges her dream while discouraging an impulsive decision is most suitable.

- **Option A**: Encourages her to *balance* studies and dream, and not make a *hasty* decision about dropping out. This directly targets her plan to quit school and offers a reasonable compromise.
- **Option B**: Focuses more narrowly on choosing an internet-related major; it’s useful, but less directly about not dropping out now.
- **Option C**: Appeals to family feelings and responsibility, but doesn’t engage with her dream or offer a constructive path.
- **Option D**: Talks about networking and teamwork; it’s relatively abstract and less persuasive for someone eager to be an influencer now.

The most likely and effective way for Xiao Gang to convince Xiao Mei, given the context, is:

\[\[A\]\]","Based on the story, Xiao Gang both wants Xiao Mei to **continue her studies** and should ideally **respect her dream** of becoming an internet celebrity, so an approach that acknowledges her dream while discouraging an impulsive decision is most suitable.

- **Option A**: Encourages her to *balance* studies and dream, and not make a *hasty* decision about dropping out. This directly targets her plan to quit school and offers a reasonable compromise.
- **Option B**: Focuses more narrowly on choosing an internet-related major; it’s useful, but less directly about not dropping out now.
- **Option C**: Appeals to family feelings and responsibility, but doesn’t engage with her dream or offer a constructive path.
- **Option D**: Talks about networking and teamwork; it’s relatively abstract and less persuasive for someone eager to be an influencer now.

The most likely and effective way for Xiao Gang to convince Xiao Mei, given the context, is:

\[\[A\]\]",,"Let me analyze this step by step.

**Context Analysis:**
- Xiao Gang is a college student (older sibling)
- Xiao Mei is a high school student (younger sibling)
- Xiao Mei wants to drop out to become an internet celebrity
- Xiao Gang wants to convince her to continue studying

**Evaluating Each Answer Option:**

**Option A:** ""Sister, you can try to balance your studies and pursue your dreams, let time prove which one suits you better, instead of making decisions hastily.""
- Offers a compromise solution
- Doesn't force a choice immediately
- Allows her to explore both paths
- Respectful and non-confrontational
- Addresses the impulsiveness of dropping out

**Option B:** ""If you really want to enter the internet industry, why not consider studying related courses or majors? This way, you are more professional and respected.""
- Acknowledges her dream
- Suggests a middle ground
- Practical approach linking education to her goal
- Shows understanding while promoting education

**Option C:** ""Completing your studies is not only a promise to yourself, but also an explanation to your parents and family, do you consider their feelings?""
- Appeals to guilt and family obligation
- More authoritarian/traditional approach
- May create resistance in a teenager
- Less likely to be persuasive to someone passionate about their dream

**Option D:** ""Xiao Mei, school is a good place that helps you build connections and teamwork skills, this is beneficial for your future career.""
- Practical benefits of education
- Relevant to any career including internet celebrity
- Reasonable argument but somewhat generic

**Best Answer Analysis:**
Option A appears most effective because it:
1. Doesn't dismiss her dream outright
2. Prevents hasty decision-making
3. Offers a practical compromise
4. Is most likely to be accepted by a teenager
5. Shows respect for her autonomy while encouraging patience

[[A]]","Let me analyze this step by step.

**Context Analysis:**
- Xiao Gang is a college student (older sibling)
- Xiao Mei is a high school student (younger sibling)
- Xiao Mei wants to drop out to become an internet celebrity
- Xiao Gang wants to convince her to continue studying

**Evaluating Each Answer Option:**

**Option A:** ""Sister, you can try to balance your studies and pursue your dreams, let time prove which one suits you better, instead of making decisions hastily.""
- Offers a compromise solution
- Doesn't force a choice immediately
- Allows her to explore both paths
- Respectful and non-confrontational
- Addresses the impulsiveness of dropping out

**Option B:** ""If you really want to enter the internet industry, why not consider studying related courses or majors? This way, you are more professional and respected.""
- Acknowledges her dream
- Suggests a middle ground
- Practical approach linking education to her goal
- Shows understanding while promoting education

**Option C:** ""Completing your studies is not only a promise to yourself, but also an explanation to your parents and family, do you consider their feelings?""
- Appeals to guilt and family obligation
- More authoritarian/traditional approach
- May create resistance in a teenager
- Less likely to be persuasive to someone passionate about their dream

**Option D:** ""Xiao Mei, school is a good place that helps you build connections and teamwork skills, this is beneficial for your future career.""
- Practical benefits of education
- Relevant to any career including internet celebrity
- Reasonable argument but somewhat generic

**Best Answer Analysis:**
Option A appears most effective because it:
1. Doesn't dismiss her dream outright
2. Prevents hasty decision-making
3. Offers a practical compromise
4. Is most likely to be accepted by a teenager
5. Shows respect for her autonomy while encouraging patience",A
1199,"During the war, the Red Army captures a member of the Blue Army. They want him to tell them where the Blue Army's tank is, they know the tank is either by the sea or in the mountains. They know the prisoner does not want to tell them, he wants to save his own army, so he definitely lies to them. The prisoner is brave and smart, he does not let them find his tank. Now when they ask him where the tank is, he says: ""In the mountains.""",Why does the Red Army go to the sea to find the tank?,The Red Army wants to verify what the Blue Army member says.,The Red Army already knows the tank is at sea.,The Red Army does not believe what the Blue Army member says as a captive.,The Red Army already knows the tank is not in the mountains.,C,Strange Story Task,"The Red Army knows the prisoner will definitely lie.  
He says: “In the mountains,” so they infer the truth must be the opposite: the tank is *not* in the mountains, and thus it must be at the sea.

So they go to the sea because they already know it is not in the mountains.

[[D]]","The Red Army knows the prisoner will definitely lie.  
He says: “In the mountains,” so they infer the truth must be the opposite: the tank is *not* in the mountains, and thus it must be at the sea.

So they go to the sea because they already know it is not in the mountains.",D,"Let me analyze this step by step.

**Understanding the situation:**
1. The Red Army captures a Blue Army prisoner
2. They want to know where the Blue Army's tank is (either by the sea or in the mountains)
3. The Red Army knows the prisoner will definitely lie to protect his army
4. The prisoner says ""In the mountains""
5. The Red Army goes to the sea to find the tank

**Analyzing the logic:**
- The Red Army knows the prisoner will lie
- The prisoner says the tank is ""in the mountains""
- Since they know he's lying, the opposite of what he says must be true
- Therefore, if he says ""mountains,"" the tank must be at ""sea""
- This is why the Red Army goes to the sea

**Evaluating each answer:**

**A. ""The Red Army wants to verify what the Blue Army member says""**
- This doesn't make sense because they already know he lies, so they wouldn't verify his statement by going where he said

**B. ""The Red Army already knows the tank is at sea""**
- This contradicts the story - they're trying to find out where the tank is

**C. ""The Red Army does not believe what the Blue Army member says as a captive""**
- This aligns with the story - they know he lies, so they don't believe him when he says ""mountains,"" and therefore go to the sea

**D. ""The Red Army already knows the tank is not in the mountains""**
- This is partially true but doesn't capture the full reasoning - they deduce this from knowing the prisoner lies

**Conclusion:**
Option C best explains why they go to the sea - because they don't believe the captive's statement, knowing he will lie to protect his army.

[[C]]","Let me analyze this step by step.

**Understanding the situation:**
1. The Red Army captures a Blue Army prisoner
2. They want to know where the Blue Army's tank is (either by the sea or in the mountains)
3. The Red Army knows the prisoner will definitely lie to protect his army
4. The prisoner says ""In the mountains""
5. The Red Army goes to the sea to find the tank

**Analyzing the logic:**
- The Red Army knows the prisoner will lie
- The prisoner says the tank is ""in the mountains""
- Since they know he's lying, the opposite of what he says must be true
- Therefore, if he says ""mountains,"" the tank must be at ""sea""
- This is why the Red Army goes to the sea

**Evaluating each answer:**

**A. ""The Red Army wants to verify what the Blue Army member says""**
- This doesn't make sense because they already know he lies, so they wouldn't verify his statement by going where he said

**B. ""The Red Army already knows the tank is at sea""**
- This contradicts the story - they're trying to find out where the tank is

**C. ""The Red Army does not believe what the Blue Army member says as a captive""**
- This aligns with the story - they know he lies, so they don't believe him when he says ""mountains,"" and therefore go to the sea

**D. ""The Red Army already knows the tank is not in the mountains""**
- This is partially true but doesn't capture the full reasoning - they deduce this from knowing the prisoner lies

**Conclusion:**
Option C best explains why they go to the sea - because they don't believe the captive's statement, knowing he will lie to protect his army.",C
1200,"In the team meeting, the supervisor asks about Xiao Lin's project status. Xiao Lin answers, ""The project encounters unexpected challenges."" Xiao Zhou optimistically comments, ""You always keep such a low profile, surely you have a surprise to show us again!"" Xiao Lin softly says, ""I do my best."" Then, the supervisor says, ""Okay, we continue to discuss other matters.""",Does anyone say something inappropriate in this story?,Someone says something inappropriate in the story.,No one says anything inappropriate in the story.,,,A,Faux-pas Recognition Test,"Everyone’s remarks are polite and appropriate to a workplace setting:

- The supervisor’s question and later transition are normal.
- Xiao Lin’s response about “unexpected challenges” and “I do my best” is modest and professional.
- Xiao Zhou’s optimistic comment is encouragement, not rude or inappropriate.

So, no one says anything inappropriate.

[[B]]","Everyone’s remarks are polite and appropriate to a workplace setting:

- The supervisor’s question and later transition are normal.
- Xiao Lin’s response about “unexpected challenges” and “I do my best” is modest and professional.
- Xiao Zhou’s optimistic comment is encouragement, not rude or inappropriate.

So, no one says anything inappropriate.",B,"Let me analyze this step by step.

**Understanding the situation:**
- Xiao Lin reports that the project has encountered unexpected challenges
- Xiao Zhou responds optimistically, suggesting Xiao Lin is being modest and will deliver a surprise
- Xiao Lin modestly says ""I do my best""
- The supervisor moves on to other matters

**Analyzing each person's statement:**

1. **Xiao Lin's statement:** ""The project encounters unexpected challenges"" - This is appropriate. Xiao Lin is honestly reporting problems to the supervisor, which is professional and necessary.

2. **Xiao Zhou's statement:** ""You always keep such a low profile, surely you have a surprise to show us again!"" - This seems inappropriate because:
   - Xiao Lin is reporting actual problems/challenges
   - Xiao Zhou dismisses these concerns by assuming Xiao Lin is just being modest
   - This could undermine the seriousness of the issues Xiao Lin is trying to communicate
   - It may prevent proper discussion of real problems that need attention

3. **Xiao Lin's response:** ""I do my best"" - Appropriate, modest response.

4. **Supervisor's statement:** Moving on to other matters could be seen as not addressing the challenges, but given Xiao Zhou's interjection, the supervisor may have been influenced to not take the challenges seriously.

**Conclusion:**
Xiao Zhou's comment appears inappropriate as it dismisses legitimate project challenges by treating them as false modesty, which could prevent the team from addressing real problems.

[[A]]","Let me analyze this step by step.

**Understanding the situation:**
- Xiao Lin reports that the project has encountered unexpected challenges
- Xiao Zhou responds optimistically, suggesting Xiao Lin is being modest and will deliver a surprise
- Xiao Lin modestly says ""I do my best""
- The supervisor moves on to other matters

**Analyzing each person's statement:**

1. **Xiao Lin's statement:** ""The project encounters unexpected challenges"" - This is appropriate. Xiao Lin is honestly reporting problems to the supervisor, which is professional and necessary.

2. **Xiao Zhou's statement:** ""You always keep such a low profile, surely you have a surprise to show us again!"" - This seems inappropriate because:
   - Xiao Lin is reporting actual problems/challenges
   - Xiao Zhou dismisses these concerns by assuming Xiao Lin is just being modest
   - This could undermine the seriousness of the issues Xiao Lin is trying to communicate
   - It may prevent proper discussion of real problems that need attention

3. **Xiao Lin's response:** ""I do my best"" - Appropriate, modest response.

4. **Supervisor's statement:** Moving on to other matters could be seen as not addressing the challenges, but given Xiao Zhou's interjection, the supervisor may have been influenced to not take the challenges seriously.

**Conclusion:**
Xiao Zhou's comment appears inappropriate as it dismisses legitimate project challenges by treating them as false modesty, which could prevent the team from addressing real problems.",A
1202,"Manager Li usually prefers light food. His birthday is coming soon, and the office decides to hold a small birthday party for him. Assistant Wang is in charge of organizing the party and asks everyone about food preferences. Director Zhang suggests, ""We can order some special dishes."" On the day of the party, Director Zhang happily announces, ""The spicy Sichuan cuisine I highly recommend is here, Manager Li definitely likes it!"" Manager Li smiles and says, ""Thank you for your arrangement, I try it later.""",Does Manager Li eat spicy food?,Eats,Does not eat,The story does not mention,Sometimes eats,B,Faux-pas Recognition Test,"The story tells us that Manager Li “usually prefers light food.” It does not explicitly state whether he eats spicy food or not. Director Zhang *assumes* Manager Li will like the spicy Sichuan cuisine, but that’s just Zhang’s belief, not confirmed by Li. Manager Li only says, “I try it later,” which is polite but not clear evidence he actually eats or likes spicy food.

Therefore, based on the story, we cannot definitively say he eats spicy food, does not eat it, or sometimes eats it.

[[C]]","The story tells us that Manager Li “usually prefers light food.” It does not explicitly state whether he eats spicy food or not. Director Zhang *assumes* Manager Li will like the spicy Sichuan cuisine, but that’s just Zhang’s belief, not confirmed by Li. Manager Li only says, “I try it later,” which is polite but not clear evidence he actually eats or likes spicy food.

Therefore, based on the story, we cannot definitively say he eats spicy food, does not eat it, or sometimes eats it.",C,"Let me analyze this step by step.

**Key Information from the story:**
1. Manager Li usually prefers light food
2. Director Zhang ordered spicy Sichuan cuisine for the party
3. Director Zhang claims ""Manager Li definitely likes it""
4. Manager Li's response: ""Thank you for your arrangement, I try it later"" (polite but non-committal)

**Analysis of each option:**

**Option A (Eats):** This would mean Manager Li regularly eats spicy food. However, the story states he ""usually prefers light food,"" which typically means non-spicy or mild food. This contradicts the premise.

**Option B (Does not eat):** This aligns with the fact that he prefers light food. Light food is generally the opposite of spicy Sichuan cuisine. His polite but evasive response (""I try it later"") suggests he may not actually want to eat it but is being courteous.

**Option C (The story does not mention):** The story does provide relevant information - his preference for light food is a strong indicator about his spicy food habits.

**Option D (Sometimes eats):** While possible, there's no evidence in the story suggesting he occasionally eats spicy food. His preference for light food and his non-enthusiastic response suggest otherwise.

**Conclusion:**
The most logical inference is that Manager Li does not eat spicy food, based on:
- His usual preference for light food (opposite of spicy)
- His polite but uncommitted response to the spicy Sichuan cuisine
- The apparent mismatch between what Director Zhang ordered and Manager Li's actual preferences

[[B]]","Let me analyze this step by step.

**Key Information from the story:**
1. Manager Li usually prefers light food
2. Director Zhang ordered spicy Sichuan cuisine for the party
3. Director Zhang claims ""Manager Li definitely likes it""
4. Manager Li's response: ""Thank you for your arrangement, I try it later"" (polite but non-committal)

**Analysis of each option:**

**Option A (Eats):** This would mean Manager Li regularly eats spicy food. However, the story states he ""usually prefers light food,"" which typically means non-spicy or mild food. This contradicts the premise.

**Option B (Does not eat):** This aligns with the fact that he prefers light food. Light food is generally the opposite of spicy Sichuan cuisine. His polite but evasive response (""I try it later"") suggests he may not actually want to eat it but is being courteous.

**Option C (The story does not mention):** The story does provide relevant information - his preference for light food is a strong indicator about his spicy food habits.

**Option D (Sometimes eats):** While possible, there's no evidence in the story suggesting he occasionally eats spicy food. His preference for light food and his non-enthusiastic response suggest otherwise.

**Conclusion:**
The most logical inference is that Manager Li does not eat spicy food, based on:
- His usual preference for light food (opposite of spicy)
- His polite but uncommitted response to the spicy Sichuan cuisine
- The apparent mismatch between what Director Zhang ordered and Manager Li's actual preferences",B
1208,"In a Chinese restaurant, there are 30 dishes. The chef tells the waiter that most customers like Sichuan food, some like Hunan food, and very few order Shanghai food. After observing, the waiter finds that today only 5 orders are for Hunan food.","Before the waiter observes, how many orders does he guess are for Sichuan food?","Before observing, the waiter guesses that there are 20 orders for Sichuan food.","Before observing, the waiter guesses that there are 10 orders for Sichuan food.","Before observing, the waiter guesses that there are 25 orders for Sichuan food.","Before observing, the waiter guesses that there are 30 orders for Sichuan food.",C,Scalar Implicature Test,"The chef says:
- Most like Sichuan food  
- Some like Hunan food  
- Very few order Shanghai food  

There are 30 dishes total.

A natural guess consistent with that wording is:
- Sichuan: majority (largest group)  
- Hunan: smaller group (“some”)  
- Shanghai: very small group (“very few”)  

The waiter later observes that Hunan orders are 5. If we keep totals at 30 and pick a simple distribution matching the descriptions, a likely guess is:
- Sichuan: 20  
- Hunan: 5  
- Shanghai: 5  

This fits:
- 20 is clearly “most” of 30  
- 5 is “some” (Hunan)  
- 5 is “very few” (Shanghai) relative to the total and to Sichuan  

Among the options, 20 is therefore the most plausible guess.

[[A]]","The chef says:
- Most like Sichuan food  
- Some like Hunan food  
- Very few order Shanghai food  

There are 30 dishes total.

A natural guess consistent with that wording is:
- Sichuan: majority (largest group)  
- Hunan: smaller group (“some”)  
- Shanghai: very small group (“very few”)  

The waiter later observes that Hunan orders are 5. If we keep totals at 30 and pick a simple distribution matching the descriptions, a likely guess is:
- Sichuan: 20  
- Hunan: 5  
- Shanghai: 5  

This fits:
- 20 is clearly “most” of 30  
- 5 is “some” (Hunan)  
- 5 is “very few” (Shanghai) relative to the total and to Sichuan  

Among the options, 20 is therefore the most plausible guess.",A,"Let me analyze this step by step.

**Given Information:**
- There are 30 dishes total in the restaurant
- The chef tells the waiter: ""most customers like Sichuan food, some like Hunan food, and very few order Shanghai food""
- The question asks what the waiter guesses BEFORE observing (so we should ignore the actual observation of 5 Hunan orders)

**Analysis:**

The key is understanding what the waiter would guess based solely on the chef's description:
- ""Most"" customers like Sichuan food
- ""Some"" like Hunan food  
- ""Very few"" order Shanghai food

Since there are 30 dishes total, and the waiter needs to estimate based on these qualitative descriptions:

- ""Most"" typically means a clear majority - more than half, often suggesting 60-80% or more
- ""Some"" suggests a moderate amount - perhaps 15-30%
- ""Very few"" suggests a small amount - perhaps 5-15%

Let me evaluate each option:

**Option A: 20 orders for Sichuan**
- 20/30 = 67% - This represents ""most"" reasonably well

**Option B: 10 orders for Sichuan**
- 10/30 = 33% - This is only one-third, which doesn't qualify as ""most""

**Option C: 25 orders for Sichuan**
- 25/30 = 83% - This represents a strong majority, fitting ""most"" very well

**Option D: 30 orders for Sichuan**
- 30/30 = 100% - This would mean ALL orders are Sichuan, contradicting that ""some"" like Hunan and ""very few"" order Shanghai

Option D is clearly wrong as it leaves no room for the other cuisines. Option B is too low to represent ""most."" Between A and C, option C (25 orders, 83%) better represents ""most"" while still leaving reasonable room for ""some"" Hunan and ""very few"" Shanghai orders.

[[C]]","Let me analyze this step by step.

**Given Information:**
- There are 30 dishes total in the restaurant
- The chef tells the waiter: ""most customers like Sichuan food, some like Hunan food, and very few order Shanghai food""
- The question asks what the waiter guesses BEFORE observing (so we should ignore the actual observation of 5 Hunan orders)

**Analysis:**

The key is understanding what the waiter would guess based solely on the chef's description:
- ""Most"" customers like Sichuan food
- ""Some"" like Hunan food  
- ""Very few"" order Shanghai food

Since there are 30 dishes total, and the waiter needs to estimate based on these qualitative descriptions:

- ""Most"" typically means a clear majority - more than half, often suggesting 60-80% or more
- ""Some"" suggests a moderate amount - perhaps 15-30%
- ""Very few"" suggests a small amount - perhaps 5-15%

Let me evaluate each option:

**Option A: 20 orders for Sichuan**
- 20/30 = 67% - This represents ""most"" reasonably well

**Option B: 10 orders for Sichuan**
- 10/30 = 33% - This is only one-third, which doesn't qualify as ""most""

**Option C: 25 orders for Sichuan**
- 25/30 = 83% - This represents a strong majority, fitting ""most"" very well

**Option D: 30 orders for Sichuan**
- 30/30 = 100% - This would mean ALL orders are Sichuan, contradicting that ""some"" like Hunan and ""very few"" order Shanghai

Option D is clearly wrong as it leaves no room for the other cuisines. Option B is too low to represent ""most."" Between A and C, option C (25 orders, 83%) better represents ""most"" while still leaving reasonable room for ""some"" Hunan and ""very few"" Shanghai orders.",C
1220,"The new semester of university starts, Xiao Li and Xiao Zhang become roommates in the dormitory. One day, Xiao Li brings back some new clothes and snacks, and says to Xiao Zhang, ""What do you think of the new things I buy?"" Xiao Zhang takes a look and answers, ""It looks really good, but I usually don't buy these."" Xiao Li continues, ""You should try it, next time I take you there, changing the style is always good."" Xiao Zhang does not respond obviously, just smiles and continues to do his own thing.",Does anyone say something inappropriate in this story?,Someone says something inappropriate in the story.,No one says anything inappropriate in the story.,,,A,Faux-pas Recognition Test,"No one in the story says anything inappropriate. Xiao Li is sharing and inviting, and Xiao Zhang responds politely and honestly. Their interaction is friendly and normal.

[[B]]","No one in the story says anything inappropriate. Xiao Li is sharing and inviting, and Xiao Zhang responds politely and honestly. Their interaction is friendly and normal.",B,"Let me analyze this step by step.

**Step 1: Identify the conversation participants and what they said**
- Xiao Li: Shows new clothes and snacks, asks for Xiao Zhang's opinion, then suggests taking Xiao Zhang shopping to ""change the style""
- Xiao Zhang: Compliments the items politely but mentions they don't usually buy these things, then just smiles and continues their own activities

**Step 2: Analyze Xiao Li's statements**
- Asking for an opinion on purchases: This is normal and friendly
- Suggesting ""You should try it"" and ""changing the style is always good"": This could be seen as slightly pushy or presumptuous, as it implies Xiao Zhang's current style needs changing
- The phrase suggests Xiao Li is making assumptions about what would be good for Xiao Zhang

**Step 3: Analyze Xiao Zhang's response**
- Polite compliment followed by a gentle boundary (""I usually don't buy these"")
- Non-committal smile and returning to their own activities
- This suggests Xiao Zhang may have felt slightly uncomfortable with the suggestion

**Step 4: Evaluate appropriateness**
While Xiao Li's comment about ""changing the style is always good"" could be interpreted as mildly inappropriate (suggesting someone should change their style without being asked for advice), it appears to come from a friendly, well-meaning place rather than malicious intent. However, it does show a lack of sensitivity to Xiao Zhang's polite declination.

**Conclusion:**
Xiao Li's suggestion that Xiao Zhang should change their style could be considered somewhat inappropriate as it's unsolicited advice that implies criticism of their current choices.

[[A]]","Let me analyze this step by step.

**Step 1: Identify the conversation participants and what they said**
- Xiao Li: Shows new clothes and snacks, asks for Xiao Zhang's opinion, then suggests taking Xiao Zhang shopping to ""change the style""
- Xiao Zhang: Compliments the items politely but mentions they don't usually buy these things, then just smiles and continues their own activities

**Step 2: Analyze Xiao Li's statements**
- Asking for an opinion on purchases: This is normal and friendly
- Suggesting ""You should try it"" and ""changing the style is always good"": This could be seen as slightly pushy or presumptuous, as it implies Xiao Zhang's current style needs changing
- The phrase suggests Xiao Li is making assumptions about what would be good for Xiao Zhang

**Step 3: Analyze Xiao Zhang's response**
- Polite compliment followed by a gentle boundary (""I usually don't buy these"")
- Non-committal smile and returning to their own activities
- This suggests Xiao Zhang may have felt slightly uncomfortable with the suggestion

**Step 4: Evaluate appropriateness**
While Xiao Li's comment about ""changing the style is always good"" could be interpreted as mildly inappropriate (suggesting someone should change their style without being asked for advice), it appears to come from a friendly, well-meaning place rather than malicious intent. However, it does show a lack of sensitivity to Xiao Zhang's polite declination.

**Conclusion:**
Xiao Li's suggestion that Xiao Zhang should change their style could be considered somewhat inappropriate as it's unsolicited advice that implies criticism of their current choices.",A
1231,"Chen Yu attends an important interview, this job is what she dreams of and thinks about day and night. After the interview, she is told that she is not selected.","Chen Yu should feel disappointed, but she actually feels very excited, why is this?","Chen Yu actually does not want this job, she only attends the interview due to family pressure.","Chen Yu thinks the feedback from the interviewer is very useful, she believes this failure helps her get better opportunities in other positions.","The interviewer tells Chen Yu that her performance is excellent, they decide to create a new position for her.","Chen Yu learns that she is not selected because of an internal referral issue, not because of her ability, so she feels excited about the company's career development prospects.",C,Unexpected Outcome Test,"Chen Yu regards this job as her dream job, so option A (“actually does not want this job”) contradicts the story.  

Option C says they decide to create a new position for her, which conflicts with “she is told that she is not selected” – that would mean she *was* effectively chosen, just for another role.  

Option D says she is excited because the rejection was due to internal referral, not her ability. That could be somewhat relieving, but “very excited” is not a natural reaction to losing a dream job for that reason.  

Option B explains that she finds the interviewer’s feedback very useful and believes this failure will help her obtain better opportunities later. This provides a clear reason why she might genuinely feel excited *despite* the rejection: she reframes the failure as valuable growth and a step toward even better positions.

Thus, the most plausible answer is:

[[B]]","Chen Yu regards this job as her dream job, so option A (“actually does not want this job”) contradicts the story.  

Option C says they decide to create a new position for her, which conflicts with “she is told that she is not selected” – that would mean she *was* effectively chosen, just for another role.  

Option D says she is excited because the rejection was due to internal referral, not her ability. That could be somewhat relieving, but “very excited” is not a natural reaction to losing a dream job for that reason.  

Option B explains that she finds the interviewer’s feedback very useful and believes this failure will help her obtain better opportunities later. This provides a clear reason why she might genuinely feel excited *despite* the rejection: she reframes the failure as valuable growth and a step toward even better positions.

Thus, the most plausible answer is:",B,"Let me analyze this step by step.

**Given Information:**
- Chen Yu attends an important interview
- This job is what she ""dreams of and thinks about day and night"" (highly desired)
- She is told she is NOT selected
- Despite not being selected, she feels excited instead of disappointed

**Analysis of Each Option:**

**Option A:** ""Chen Yu actually does not want this job, she only attends the interview due to family pressure.""
- This contradicts the story, which explicitly states the job is what she ""dreams of and thinks about day and night""
- If she didn't want it, excitement would make sense, but this conflicts with the given information
- **Unlikely**

**Option B:** ""Chen Yu thinks the feedback from the interviewer is very useful, she believes this failure helps her get better opportunities in other positions.""
- This could explain some positive feelings, but ""very excited"" seems too strong for just getting useful feedback after rejection
- The story emphasizes this was her dream job, so being excited about other positions seems inconsistent
- **Possible but weak**

**Option C:** ""The interviewer tells Chen Yu that her performance is excellent, they decide to create a new position for her.""
- This would explain the excitement perfectly - she's getting a job at the company after all
- ""Not selected"" for the original position, but getting a new position created for her is even better
- This turns an apparent rejection into a success
- **Strong explanation**

**Option D:** ""Chen Yu learns that she is not selected because of an internal referral issue, not because of her ability, so she feels excited about the company's career development prospects.""
- Learning about internal politics might be relieving, but wouldn't typically cause excitement
- She still didn't get her dream job, so excitement seems misplaced
- **Unlikely**

**Conclusion:**
Option C best explains why Chen Yu would feel excited despite being told she wasn't selected - because she's actually getting an even better outcome (a position created specifically for her).

[[C]]","Let me analyze this step by step.

**Given Information:**
- Chen Yu attends an important interview
- This job is what she ""dreams of and thinks about day and night"" (highly desired)
- She is told she is NOT selected
- Despite not being selected, she feels excited instead of disappointed

**Analysis of Each Option:**

**Option A:** ""Chen Yu actually does not want this job, she only attends the interview due to family pressure.""
- This contradicts the story, which explicitly states the job is what she ""dreams of and thinks about day and night""
- If she didn't want it, excitement would make sense, but this conflicts with the given information
- **Unlikely**

**Option B:** ""Chen Yu thinks the feedback from the interviewer is very useful, she believes this failure helps her get better opportunities in other positions.""
- This could explain some positive feelings, but ""very excited"" seems too strong for just getting useful feedback after rejection
- The story emphasizes this was her dream job, so being excited about other positions seems inconsistent
- **Possible but weak**

**Option C:** ""The interviewer tells Chen Yu that her performance is excellent, they decide to create a new position for her.""
- This would explain the excitement perfectly - she's getting a job at the company after all
- ""Not selected"" for the original position, but getting a new position created for her is even better
- This turns an apparent rejection into a success
- **Strong explanation**

**Option D:** ""Chen Yu learns that she is not selected because of an internal referral issue, not because of her ability, so she feels excited about the company's career development prospects.""
- Learning about internal politics might be relieving, but wouldn't typically cause excitement
- She still didn't get her dream job, so excitement seems misplaced
- **Unlikely**

**Conclusion:**
Option C best explains why Chen Yu would feel excited despite being told she wasn't selected - because she's actually getting an even better outcome (a position created specifically for her).",C
1232,"On Monday morning, Manager Li introduces Xiao Zhang and Xiao Wang during the new employee training. He says to Xiao Wang, ""Your technical background is excellent, the technical department suits you very well."" Turning to Xiao Zhang, Manager Li says, ""Xiao Zhang, you also suit for technical work."" Xiao Zhang replies, ""I also have a passion for sales.""",Does anyone say something inappropriate in this story?,Someone in the story says something inappropriate.,No one in the story says anything inappropriate.,,,A,Faux-pas Recognition Test,"First, examine what each person says:

- Manager Li to Xiao Wang: “Your technical background is excellent, the technical department suits you very well.”  
  This is a normal, positive, and appropriate comment during new employee training.

- Manager Li to Xiao Zhang: “Xiao Zhang, you also suit for technical work.”  
  This is also a neutral/positive assessment of suitability. Not inappropriate.

- Xiao Zhang: “I also have a passion for sales.”  
  This is simply expressing his own career interest. Also not inappropriate.

There is no impolite, offensive, or clearly wrong statement in the story. All statements fit a normal workplace context.

Therefore, the best choice is:

[[B]]","First, examine what each person says:

- Manager Li to Xiao Wang: “Your technical background is excellent, the technical department suits you very well.”  
  This is a normal, positive, and appropriate comment during new employee training.

- Manager Li to Xiao Zhang: “Xiao Zhang, you also suit for technical work.”  
  This is also a neutral/positive assessment of suitability. Not inappropriate.

- Xiao Zhang: “I also have a passion for sales.”  
  This is simply expressing his own career interest. Also not inappropriate.

There is no impolite, offensive, or clearly wrong statement in the story. All statements fit a normal workplace context.

Therefore, the best choice is:",B,"Let me analyze this step by step.

**Understanding the situation:**
- This is a new employee training session
- Manager Li is introducing two new employees: Xiao Zhang and Xiao Wang
- Manager Li comments on their suitability for different departments

**Analyzing what each person said:**

1. **Manager Li to Xiao Wang:** ""Your technical background is excellent, the technical department suits you very well.""
   - This seems like a reasonable, professional comment about matching skills to department needs.

2. **Manager Li to Xiao Zhang:** ""Xiao Zhang, you also suit for technical work.""
   - This is also a professional assessment.

3. **Xiao Zhang's response:** ""I also have a passion for sales.""
   - Xiao Zhang is expressing personal interest in sales work, despite being told he suits technical work.

**Identifying potential issues:**

The key issue here is Manager Li's approach. While he tells Xiao Wang about the technical department suiting him well, and tells Xiao Zhang he suits technical work, he doesn't appear to have asked about their preferences or interests beforehand. 

However, the more significant issue is that Xiao Zhang's response reveals he has an interest in sales, which suggests Manager Li may have made assumptions without fully understanding the employees' career interests. This could be seen as inappropriate management practice - assigning people to roles without consulting their preferences.

**Conclusion:**

Manager Li's statements, while not overtly rude, could be considered inappropriate because he appears to be directing employees to departments without first asking about their interests or preferences. This is revealed when Xiao Zhang mentions his passion for sales.

[[A]]","Let me analyze this step by step.

**Understanding the situation:**
- This is a new employee training session
- Manager Li is introducing two new employees: Xiao Zhang and Xiao Wang
- Manager Li comments on their suitability for different departments

**Analyzing what each person said:**

1. **Manager Li to Xiao Wang:** ""Your technical background is excellent, the technical department suits you very well.""
   - This seems like a reasonable, professional comment about matching skills to department needs.

2. **Manager Li to Xiao Zhang:** ""Xiao Zhang, you also suit for technical work.""
   - This is also a professional assessment.

3. **Xiao Zhang's response:** ""I also have a passion for sales.""
   - Xiao Zhang is expressing personal interest in sales work, despite being told he suits technical work.

**Identifying potential issues:**

The key issue here is Manager Li's approach. While he tells Xiao Wang about the technical department suiting him well, and tells Xiao Zhang he suits technical work, he doesn't appear to have asked about their preferences or interests beforehand. 

However, the more significant issue is that Xiao Zhang's response reveals he has an interest in sales, which suggests Manager Li may have made assumptions without fully understanding the employees' career interests. This could be seen as inappropriate management practice - assigning people to roles without consulting their preferences.

**Conclusion:**

Manager Li's statements, while not overtly rude, could be considered inappropriate because he appears to be directing employees to departments without first asking about their interests or preferences. This is revealed when Xiao Zhang mentions his passion for sales.",A
1245,"On Christmas Eve, Xiao Fang comes home from school, looking forward to celebrating Christmas with her family. She sees her mother busy in the kitchen, her father reading in the living room. Xiao Fang says softly, ""Mom and Dad, can we try to have a different Christmas? Like, lighting the Christmas lights, or telling Christmas stories."" Her father does not look up, and answers lightly, ""Xiao Fang, our family is used to celebrating our traditional holidays, like the Spring Festival. Christmas is not special to us."" Xiao Fang says, ""Okay, I understand."" Then she slowly walks to her room.","If there is one, which sentence is inappropriate?","Mom and Dad, can we try to have a different Christmas? For example, light up the Christmas lights, or tell a Christmas story.","Xiao Fang, our family is used to celebrating our traditional holidays, like the Spring Festival. Christmas is not special to us.","Okay, I understand.",There is no inappropriate sentence.,B,Faux-pas Recognition Test,"All four sentences fit naturally and appropriately within the context of the story. Xiao Fang's request, the father's response, and Xiao Fang's reaction are coherent and reasonable, with no grammatical or logical issues.

Therefore, the most likely answer is:

[[D]]","All four sentences fit naturally and appropriately within the context of the story. Xiao Fang's request, the father's response, and Xiao Fang's reaction are coherent and reasonable, with no grammatical or logical issues.

Therefore, the most likely answer is:",D,"Let me analyze this step by step.

First, I need to understand what makes a sentence ""inappropriate"" in this context. This could mean:
- Socially inappropriate or rude
- Culturally insensitive
- Disrespectful to family members
- Unreasonable requests

Let me examine each option:

**Option A: Xiao Fang's request**
""Mom and Dad, can we try to have a different Christmas? For example, light up the Christmas lights, or tell a Christmas story.""
- This is polite and respectful
- She says ""can we try"" which is asking permission
- She's expressing her wishes softly and reasonably
- This seems appropriate

**Option B: Father's response**
""Xiao Fang, our family is used to celebrating our traditional holidays, like the Spring Festival. Christmas is not special to us.""
- While this explains the family's position, the tone could be considered somewhat dismissive
- He doesn't look up while speaking, showing lack of engagement
- He answers ""lightly"" suggesting he's not taking her request seriously
- He doesn't acknowledge her feelings or offer any compromise
- This response, while not overtly rude, lacks warmth and consideration for the child's feelings

**Option C: Xiao Fang's acceptance**
""Okay, I understand.""
- This is a respectful, accepting response
- Shows maturity despite disappointment
- This is appropriate

**Option D: No inappropriate sentence**
- This would mean all sentences are appropriate

The father's response (Option B), while explaining the family tradition, is delivered in a dismissive manner without engaging with his daughter or acknowledging her feelings. This makes it the most inappropriate sentence in the context of family communication.

[[B]]","Let me analyze this step by step.

First, I need to understand what makes a sentence ""inappropriate"" in this context. This could mean:
- Socially inappropriate or rude
- Culturally insensitive
- Disrespectful to family members
- Unreasonable requests

Let me examine each option:

**Option A: Xiao Fang's request**
""Mom and Dad, can we try to have a different Christmas? For example, light up the Christmas lights, or tell a Christmas story.""
- This is polite and respectful
- She says ""can we try"" which is asking permission
- She's expressing her wishes softly and reasonably
- This seems appropriate

**Option B: Father's response**
""Xiao Fang, our family is used to celebrating our traditional holidays, like the Spring Festival. Christmas is not special to us.""
- While this explains the family's position, the tone could be considered somewhat dismissive
- He doesn't look up while speaking, showing lack of engagement
- He answers ""lightly"" suggesting he's not taking her request seriously
- He doesn't acknowledge her feelings or offer any compromise
- This response, while not overtly rude, lacks warmth and consideration for the child's feelings

**Option C: Xiao Fang's acceptance**
""Okay, I understand.""
- This is a respectful, accepting response
- Shows maturity despite disappointment
- This is appropriate

**Option D: No inappropriate sentence**
- This would mean all sentences are appropriate

The father's response (Option B), while explaining the family tradition, is delivered in a dismissive manner without engaging with his daughter or acknowledging her feelings. This makes it the most inappropriate sentence in the context of family communication.",B
1252,"Wang Qiang plays too late, his mother makes many calls to him to go home. He rushes home, leaves the game controller at his friend's house in a hurry. His mother asks, ""Where is your game controller?"" Wang Qiang answers, ""It is in my bag.""",Why does Wang Qiang say this?,Wang Qiang deliberately lies because he does not want to tell his mother that he lends it out.,Wang Qiang really brings the controller home.,"Wang Qiang deliberately lies because the controller breaks, he does not want to admit.",Wang Qiang forgets that the controller stays at his friend's house.,D,Strange Story Task,"Wang Qiang actually left the controller at his friend's house but tells his mother it is in his bag, so he is not telling the truth. Among the options, the only one that fits this idea (despite the wording about ""lends it out"") is that he is deliberately lying to avoid trouble.

So the most likely answer is:

[[A]]","Wang Qiang actually left the controller at his friend's house but tells his mother it is in his bag, so he is not telling the truth. Among the options, the only one that fits this idea (despite the wording about ""lends it out"") is that he is deliberately lying to avoid trouble.

So the most likely answer is:",A,"Let me analyze this step by step.

**Understanding the Story:**
1. Wang Qiang plays too late at his friend's house
2. His mother calls him many times to come home
3. He rushes home in a hurry
4. He leaves the game controller at his friend's house (this is stated as a fact)
5. When his mother asks about the controller, he says ""It is in my bag""
6. This statement is false - the controller is actually at his friend's house

**Analyzing Each Answer Option:**

**Option A:** ""Wang Qiang deliberately lies because he does not want to tell his mother that he lends it out.""
- The story says he ""leaves"" the controller, not that he lends it out
- This doesn't match the story's description

**Option B:** ""Wang Qiang really brings the controller home.""
- This directly contradicts the story, which clearly states he ""leaves the game controller at his friend's house""
- This cannot be correct

**Option C:** ""Wang Qiang deliberately lies because the controller breaks, he does not want to admit.""
- There's no mention of the controller being broken in the story
- This introduces information not present in the narrative

**Option D:** ""Wang Qiang forgets that the controller stays at his friend's house.""
- The story emphasizes he ""rushes home"" and leaves it ""in a hurry""
- This suggests he was in such a rush that he forgot to bring it
- When asked, he says it's in his bag, which could indicate he genuinely forgot he left it behind
- This aligns with the context of rushing and being in a hurry

**Conclusion:**
The most logical explanation is that Wang Qiang, in his rush to get home after his mother's repeated calls, forgot that he left the controller at his friend's house. When asked, he assumes it's in his bag without checking.

[[D]]","Let me analyze this step by step.

**Understanding the Story:**
1. Wang Qiang plays too late at his friend's house
2. His mother calls him many times to come home
3. He rushes home in a hurry
4. He leaves the game controller at his friend's house (this is stated as a fact)
5. When his mother asks about the controller, he says ""It is in my bag""
6. This statement is false - the controller is actually at his friend's house

**Analyzing Each Answer Option:**

**Option A:** ""Wang Qiang deliberately lies because he does not want to tell his mother that he lends it out.""
- The story says he ""leaves"" the controller, not that he lends it out
- This doesn't match the story's description

**Option B:** ""Wang Qiang really brings the controller home.""
- This directly contradicts the story, which clearly states he ""leaves the game controller at his friend's house""
- This cannot be correct

**Option C:** ""Wang Qiang deliberately lies because the controller breaks, he does not want to admit.""
- There's no mention of the controller being broken in the story
- This introduces information not present in the narrative

**Option D:** ""Wang Qiang forgets that the controller stays at his friend's house.""
- The story emphasizes he ""rushes home"" and leaves it ""in a hurry""
- This suggests he was in such a rush that he forgot to bring it
- When asked, he says it's in his bag, which could indicate he genuinely forgot he left it behind
- This aligns with the context of rushing and being in a hurry

**Conclusion:**
The most logical explanation is that Wang Qiang, in his rush to get home after his mother's repeated calls, forgot that he left the controller at his friend's house. When asked, he assumes it's in his bag without checking.",D
1280,"Zhang Hong stays in a seaside hotel on the island of Santorini in Greece for a vacation after she finishes a period of work. She sits on the balcony, admiring the beautiful Aegean Sea sunset.","Zhang Hong should feel satisfied with the comfortable life on the balcony of the seaside hotel, but she feels sad. Why is this?","Zhang Hong accidentally sees a couple arguing on the balcony, which makes her a little sad.","Zhang Hong suddenly thinks about her future work, even the beautiful scenery in front of her makes her feel sad.","This scene reminds Zhang Hong of the similar sunset she once admires with her first love, which is a bit melancholic.","Zhang Hong sees some people picking up trash on the beach, which makes her worry about the current marine environmental issues.",C,Unexpected Outcome Test,"Zhang Hong is on vacation after finishing work, enjoying a beautiful sunset, yet she still feels sad. This contrast suggests an internal worry or pressure that prevents her from relaxing. Among the options, B most directly explains this: she starts thinking about her future work, so even the beautiful scenery cannot cheer her up. This fits both the context of “after she finishes a period of work” and the idea that she “should” feel satisfied but doesn’t.

[[B]]","Zhang Hong is on vacation after finishing work, enjoying a beautiful sunset, yet she still feels sad. This contrast suggests an internal worry or pressure that prevents her from relaxing. Among the options, B most directly explains this: she starts thinking about her future work, so even the beautiful scenery cannot cheer her up. This fits both the context of “after she finishes a period of work” and the idea that she “should” feel satisfied but doesn’t.",B,"Let me analyze this step by step.

The story tells us:
- Zhang Hong is on vacation at a beautiful seaside hotel in Santorini, Greece
- She has just finished a period of work
- She's sitting on the balcony admiring the beautiful Aegean Sea sunset
- Despite this comfortable setting, she feels sad instead of satisfied

Now let's examine each answer option:

**A. Seeing a couple arguing** - This is a possible external trigger, but it seems somewhat random and doesn't have a strong emotional connection to her personal situation.

**B. Thinking about future work** - While she just finished work and is on vacation, this could cause stress, but the question specifically mentions ""even the beautiful scenery in front of her makes her feel sad,"" suggesting the scenery itself is triggering the emotion, not just work worries.

**C. Reminded of her first love** - This option directly connects the beautiful sunset scene to a personal memory. Romantic sunsets in beautiful locations like Santorini are often associated with couples and romance. The melancholic feeling from being reminded of a past love while viewing a similar romantic scene alone would explain why the beautiful scenery itself makes her sad rather than happy.

**D. Seeing people picking up trash** - This environmental concern is possible but seems less personally emotional and doesn't explain the deep sadness in such a romantic, beautiful setting.

The key phrase is that she ""should feel satisfied"" but instead feels sad. Option C provides the most emotionally resonant explanation - the beautiful romantic sunset triggers bittersweet memories of a past relationship, creating a contrast between the beauty around her and her emotional state.

[[C]]","Let me analyze this step by step.

The story tells us:
- Zhang Hong is on vacation at a beautiful seaside hotel in Santorini, Greece
- She has just finished a period of work
- She's sitting on the balcony admiring the beautiful Aegean Sea sunset
- Despite this comfortable setting, she feels sad instead of satisfied

Now let's examine each answer option:

**A. Seeing a couple arguing** - This is a possible external trigger, but it seems somewhat random and doesn't have a strong emotional connection to her personal situation.

**B. Thinking about future work** - While she just finished work and is on vacation, this could cause stress, but the question specifically mentions ""even the beautiful scenery in front of her makes her feel sad,"" suggesting the scenery itself is triggering the emotion, not just work worries.

**C. Reminded of her first love** - This option directly connects the beautiful sunset scene to a personal memory. Romantic sunsets in beautiful locations like Santorini are often associated with couples and romance. The melancholic feeling from being reminded of a past love while viewing a similar romantic scene alone would explain why the beautiful scenery itself makes her sad rather than happy.

**D. Seeing people picking up trash** - This environmental concern is possible but seems less personally emotional and doesn't explain the deep sadness in such a romantic, beautiful setting.

The key phrase is that she ""should feel satisfied"" but instead feels sad. Option C provides the most emotionally resonant explanation - the beautiful romantic sunset triggers bittersweet memories of a past relationship, creating a contrast between the beauty around her and her emotional state.",C
1306,"At school, Lin Feng often gets teased by his classmates because of his worn-out shoes, and these shoes are handmade by his grandmother.",What emotion should he show?,Happy,Embarrassed,Cherish,Guilt,C,Unexpected Outcome Test,"Being teased by classmates because of worn-out shoes would most likely make Lin Feng feel embarrassed, even though the shoes are handmade by his grandmother.

So the best answer is:

[[B]]","Being teased by classmates because of worn-out shoes would most likely make Lin Feng feel embarrassed, even though the shoes are handmade by his grandmother.

So the best answer is:",B,"Let me analyze this step by step.

**Understanding the situation:**
- Lin Feng wears worn-out shoes to school
- These shoes were handmade by his grandmother
- His classmates tease him because of these shoes

**Analyzing each emotion option:**

**A. Happy** - While he might appreciate his grandmother's effort, being teased by classmates would not typically make someone happy. This seems unlikely.

**B. Embarrassed** - Being teased by classmates about worn-out shoes would naturally cause embarrassment. This is a common emotional response to being singled out or mocked by peers, especially at school age.

**C. Cherish** - This represents a deeper, more mature emotional response. Despite the teasing, he could cherish the shoes because they were lovingly handmade by his grandmother. This shows appreciation for her effort and love, valuing the emotional significance over the material appearance.

**D. Guilt** - He might feel some guilt about being embarrassed by something his grandmother made with care, but this seems like a secondary emotion rather than the primary one he ""should show.""

**Considering what emotion he ""should show"":**
The question asks what emotion he ""should show"" rather than what he ""would feel."" This is asking for the ideal or appropriate emotional response, not just the natural reaction.

While embarrassment (B) might be the natural immediate feeling when being teased, the emotion he *should* show - the more virtuous and appropriate response - would be to **cherish** (C) the shoes because they represent his grandmother's love and effort, regardless of what others think.

[[C]]","Let me analyze this step by step.

**Understanding the situation:**
- Lin Feng wears worn-out shoes to school
- These shoes were handmade by his grandmother
- His classmates tease him because of these shoes

**Analyzing each emotion option:**

**A. Happy** - While he might appreciate his grandmother's effort, being teased by classmates would not typically make someone happy. This seems unlikely.

**B. Embarrassed** - Being teased by classmates about worn-out shoes would naturally cause embarrassment. This is a common emotional response to being singled out or mocked by peers, especially at school age.

**C. Cherish** - This represents a deeper, more mature emotional response. Despite the teasing, he could cherish the shoes because they were lovingly handmade by his grandmother. This shows appreciation for her effort and love, valuing the emotional significance over the material appearance.

**D. Guilt** - He might feel some guilt about being embarrassed by something his grandmother made with care, but this seems like a secondary emotion rather than the primary one he ""should show.""

**Considering what emotion he ""should show"":**
The question asks what emotion he ""should show"" rather than what he ""would feel."" This is asking for the ideal or appropriate emotional response, not just the natural reaction.

While embarrassment (B) might be the natural immediate feeling when being teased, the emotion he *should* show - the more virtuous and appropriate response - would be to **cherish** (C) the shoes because they represent his grandmother's love and effort, regardless of what others think.",C
1317,"Xiao Zhang and Xiao Wu are a couple, they date for more than a year. Xiao Wu's company is not doing well, the economy is tight. On the weekend, Xiao Zhang suggests celebrating the anniversary, saying: ""I cook tonight, we can eat while watching favorite movies."" Xiao Wu agrees. After dinner, Xiao Zhang says: ""As long as I have you, everywhere is the best, we can often live simply like this in the future."" Xiao Wu says: ""It is great to have you.""",What problem does Xiao Wu face recently?,Financial difficulties,Physical discomfort,Bad mood,Everything is normal,A,Faux-pas Recognition Test,"Xiao Wu’s company is not doing well, and “the economy is tight,” which indicates she is facing financial pressure or money-related stress rather than health or emotional issues explicitly.

Therefore, the most likely answer is:

\[\[A\]\]","Xiao Wu’s company is not doing well, and “the economy is tight,” which indicates she is facing financial pressure or money-related stress rather than health or emotional issues explicitly.

Therefore, the most likely answer is:

\[\[A\]\]",,"Let me analyze this step by step.

**Step 1: Identify key information about Xiao Wu's situation**
From the story, I can find this important detail: ""Xiao Wu's company is not doing well, the economy is tight.""

**Step 2: Analyze what ""the economy is tight"" means**
- The phrase ""the economy is tight"" directly refers to financial constraints
- This is explicitly stated as a current situation for Xiao Wu
- The company not doing well suggests potential income issues

**Step 3: Examine the context clues**
- Xiao Zhang suggests a simple celebration at home (cooking dinner and watching movies)
- After dinner, Xiao Zhang says ""we can often live simply like this in the future""
- This suggests they are choosing a low-cost way to celebrate, likely due to financial considerations
- Xiao Wu agrees to this arrangement, which aligns with their financial situation

**Step 4: Evaluate each answer option**
- **A. Financial difficulties**: Directly matches ""the economy is tight"" mentioned in the story
- **B. Physical discomfort**: No mention of health issues in the story
- **C. Bad mood**: While possible, there's no indication of mood problems; Xiao Wu seems positive
- **D. Everything is normal**: Contradicts the explicit statement about economic difficulties

**Conclusion:**
The story clearly states that Xiao Wu's company is not doing well and ""the economy is tight,"" which directly indicates financial problems.

[[A]]","Let me analyze this step by step.

**Step 1: Identify key information about Xiao Wu's situation**
From the story, I can find this important detail: ""Xiao Wu's company is not doing well, the economy is tight.""

**Step 2: Analyze what ""the economy is tight"" means**
- The phrase ""the economy is tight"" directly refers to financial constraints
- This is explicitly stated as a current situation for Xiao Wu
- The company not doing well suggests potential income issues

**Step 3: Examine the context clues**
- Xiao Zhang suggests a simple celebration at home (cooking dinner and watching movies)
- After dinner, Xiao Zhang says ""we can often live simply like this in the future""
- This suggests they are choosing a low-cost way to celebrate, likely due to financial considerations
- Xiao Wu agrees to this arrangement, which aligns with their financial situation

**Step 4: Evaluate each answer option**
- **A. Financial difficulties**: Directly matches ""the economy is tight"" mentioned in the story
- **B. Physical discomfort**: No mention of health issues in the story
- **C. Bad mood**: While possible, there's no indication of mood problems; Xiao Wu seems positive
- **D. Everything is normal**: Contradicts the explicit statement about economic difficulties

**Conclusion:**
The story clearly states that Xiao Wu's company is not doing well and ""the economy is tight,"" which directly indicates financial problems.",A
1340,"Retired old man, Mr. Li, hopes to hold a cultural evening in the community, showcasing art and food from different cultural backgrounds. He tries to convince community residents to participate and support, but many residents are not interested in participating in such activities.",How does Li convince the residents?,Li can emphasize that there are foods from different cultural backgrounds for residents to taste.,Combine the cultural evening with charity activities to attract residents who are interested in public welfare.,"Li's positive attitude possibly infects community residents, increasing their willingness to participate.","Emphasize that this activity is an opportunity to understand and appreciate different cultures, which can enhance understanding and respect among community members.",A,Persuasion Story Task,"Li is organizing a *cultural* evening, and the story highlights themes of culture, understanding, and community. The most fitting way to convince residents, in line with this purpose, is to stress the value of learning about and respecting different cultures, and how this benefits community relationships.

Option D directly addresses this by emphasizing understanding, appreciation, and respect among community members, which best matches both the event’s nature and the likely intended lesson of the story.

Therefore, the most likely answer is:

[[D]]","Li is organizing a *cultural* evening, and the story highlights themes of culture, understanding, and community. The most fitting way to convince residents, in line with this purpose, is to stress the value of learning about and respecting different cultures, and how this benefits community relationships.

Option D directly addresses this by emphasizing understanding, appreciation, and respect among community members, which best matches both the event’s nature and the likely intended lesson of the story.

Therefore, the most likely answer is:",D,"Let me analyze this step by step.

**Understanding the situation:**
- Mr. Li wants to organize a cultural evening with art and food from different cultures
- Many residents are not interested in participating
- The question asks how Li can convince residents to participate

**Analyzing each answer option:**

**Option A:** Emphasizing food from different cultural backgrounds
- Food is often a universal attraction and easy entry point for cultural events
- People who might not be interested in ""culture"" abstractly often enjoy trying different foods
- This is a practical, concrete benefit that appeals to immediate gratification

**Option B:** Combining with charity activities
- This adds a new element not mentioned in the original plan
- While it could work, it changes the nature of the event
- Appeals to those interested in public welfare, but may not address the core issue of general disinterest

**Option C:** Li's positive attitude infecting residents
- This is somewhat passive and uncertain
- Relies on personal charisma rather than a strategic approach
- Less concrete than other options

**Option D:** Emphasizing cultural understanding and respect
- This is educational and meaningful
- However, residents already showed disinterest, suggesting abstract cultural benefits may not be compelling enough
- This might be ""preaching"" to people who aren't already interested

**Evaluation:**
The most effective approach would likely combine practical appeal with meaningful purpose. Option A offers immediate, tangible benefits (food tasting) that can draw people in, even if they're not initially interested in cultural activities. Option D is noble but may not overcome existing disinterest. Option B changes the event's nature. Option C is too passive.

Option A provides the most practical and likely effective solution to overcome residents' disinterest.

[[A]]","Let me analyze this step by step.

**Understanding the situation:**
- Mr. Li wants to organize a cultural evening with art and food from different cultures
- Many residents are not interested in participating
- The question asks how Li can convince residents to participate

**Analyzing each answer option:**

**Option A:** Emphasizing food from different cultural backgrounds
- Food is often a universal attraction and easy entry point for cultural events
- People who might not be interested in ""culture"" abstractly often enjoy trying different foods
- This is a practical, concrete benefit that appeals to immediate gratification

**Option B:** Combining with charity activities
- This adds a new element not mentioned in the original plan
- While it could work, it changes the nature of the event
- Appeals to those interested in public welfare, but may not address the core issue of general disinterest

**Option C:** Li's positive attitude infecting residents
- This is somewhat passive and uncertain
- Relies on personal charisma rather than a strategic approach
- Less concrete than other options

**Option D:** Emphasizing cultural understanding and respect
- This is educational and meaningful
- However, residents already showed disinterest, suggesting abstract cultural benefits may not be compelling enough
- This might be ""preaching"" to people who aren't already interested

**Evaluation:**
The most effective approach would likely combine practical appeal with meaningful purpose. Option A offers immediate, tangible benefits (food tasting) that can draw people in, even if they're not initially interested in cultural activities. Option D is noble but may not overcome existing disinterest. Option B changes the event's nature. Option C is too passive.

Option A provides the most practical and likely effective solution to overcome residents' disinterest.",A
1373,"On Wednesday morning, Professor Zhang explains a complex physics concept to students in the university classroom, he speaks very clearly and logically. Liu, a student with a weak foundation, raises his hand and says: ""Professor Zhang, can you repeat the content just now? I feel I do not fully understand."" Professor Zhang says: ""I explain clearly, other students understand, you go home and review well."" Liu says: ""But I really do not fully grasp, can you explain a little more?"" Professor Zhang ignores and continues the class.","If there is, which sentence is inappropriate?","Professor Zhang, can you repeat the content just now? I feel I do not fully understand.","I already explain clearly, other students all understand, you go home and review well.","But I really do not fully grasp, can you explain a little more?",There is no inappropriate sentence,B,Faux-pas Recognition Test,"The inappropriate sentence is Professor Zhang’s dismissive response to the student’s request for clarification, which fails to respect the student’s learning needs and shuts down further inquiry.

So the most likely answer is:

\[\[B\]\]","The inappropriate sentence is Professor Zhang’s dismissive response to the student’s request for clarification, which fails to respect the student’s learning needs and shuts down further inquiry.

So the most likely answer is:

\[\[B\]\]",,"Let me analyze this step by step.

**Context Analysis:**
- A student (Liu) with a weak foundation is struggling to understand a complex physics concept
- Liu politely asks for clarification twice
- Professor Zhang refuses to help and dismisses the student's request

**Examining each option:**

**Option A:** ""Professor Zhang, can you repeat the content just now? I feel I do not fully understand.""
- This is a polite, honest request for help
- Shows self-awareness and willingness to learn
- Appropriate student behavior

**Option B:** ""I already explain clearly, other students all understand, you go home and review well.""
- This is Professor Zhang's response
- Dismissive of the student's learning needs
- Compares the student negatively to others
- Refuses to provide additional help
- Shows lack of patience and understanding
- As an educator, this response is inappropriate because:
  - Teachers should accommodate different learning paces
  - Dismissing a student's genuine request for help is unprofessional
  - Comparing students publicly can be humiliating
  - Good teaching involves ensuring all students understand, not just most

**Option C:** ""But I really do not fully grasp, can you explain a little more?""
- Another polite request for clarification
- Shows persistence in learning
- Appropriate student behavior

**Option D:** ""There is no inappropriate sentence""
- This would be incorrect given Professor Zhang's dismissive response

**Conclusion:**
Professor Zhang's response in Option B is clearly inappropriate. It demonstrates poor teaching practice, lack of empathy, and unprofessional behavior toward a student genuinely seeking help.

[[B]]","Let me analyze this step by step.

**Context Analysis:**
- A student (Liu) with a weak foundation is struggling to understand a complex physics concept
- Liu politely asks for clarification twice
- Professor Zhang refuses to help and dismisses the student's request

**Examining each option:**

**Option A:** ""Professor Zhang, can you repeat the content just now? I feel I do not fully understand.""
- This is a polite, honest request for help
- Shows self-awareness and willingness to learn
- Appropriate student behavior

**Option B:** ""I already explain clearly, other students all understand, you go home and review well.""
- This is Professor Zhang's response
- Dismissive of the student's learning needs
- Compares the student negatively to others
- Refuses to provide additional help
- Shows lack of patience and understanding
- As an educator, this response is inappropriate because:
  - Teachers should accommodate different learning paces
  - Dismissing a student's genuine request for help is unprofessional
  - Comparing students publicly can be humiliating
  - Good teaching involves ensuring all students understand, not just most

**Option C:** ""But I really do not fully grasp, can you explain a little more?""
- Another polite request for clarification
- Shows persistence in learning
- Appropriate student behavior

**Option D:** ""There is no inappropriate sentence""
- This would be incorrect given Professor Zhang's dismissive response

**Conclusion:**
Professor Zhang's response in Option B is clearly inappropriate. It demonstrates poor teaching practice, lack of empathy, and unprofessional behavior toward a student genuinely seeking help.",B
1379,"Zhang Wei really likes to play the piano. Zhang Wei's brother works part-time in addition to going to school in order to earn piano tuition for Zhang Wei. He is busy every day without any free time. Later, Zhang Wei wins the championship in the piano solo competition and receives praise from his brother.",What emotion does Zhang Wei show at this time?,Proud,Guilt,Embarrassed,Disappointed,B,Unexpected Outcome Test,"Zhang Wei has just won the championship in a piano competition and received praise from his brother, who worked hard to support his piano lessons. In this context, the most natural and direct emotion Zhang Wei would show is pride in his achievement.

While he might also feel gratitude or even a bit of guilt because of his brother’s sacrifices, the question asks what emotion he shows “at this time,” right after winning and being praised. The most fitting option is:

[[A]]","Zhang Wei has just won the championship in a piano competition and received praise from his brother, who worked hard to support his piano lessons. In this context, the most natural and direct emotion Zhang Wei would show is pride in his achievement.

While he might also feel gratitude or even a bit of guilt because of his brother’s sacrifices, the question asks what emotion he shows “at this time,” right after winning and being praised. The most fitting option is:",A,"Let me analyze this step by step.

**Understanding the Story:**
1. Zhang Wei loves playing the piano
2. Zhang Wei's brother makes significant sacrifices - working part-time while studying to pay for Zhang Wei's piano lessons
3. The brother is extremely busy with no free time due to these sacrifices
4. Zhang Wei wins the championship in a piano solo competition
5. Zhang Wei receives praise from his brother after this achievement

**Analyzing Each Emotion:**

**A. Proud** - While Zhang Wei might feel some pride in winning, this seems too simple given the context of the brother's sacrifices.

**B. Guilt** - This is very likely. Despite winning the championship, Zhang Wei would be aware of the enormous sacrifices his brother made - working part-time, having no free time, all to support Zhang Wei's piano education. Even with success, Zhang Wei might feel guilty about the burden placed on his brother.

**C. Embarrassed** - There's no clear reason for embarrassment. Zhang Wei won the competition, which is a positive achievement.

**D. Disappointed** - This doesn't make sense as Zhang Wei won the championship and received praise, which are positive outcomes.

**Key Consideration:**
The story emphasizes the brother's sacrifices (""busy every day without any free time"") and the fact that he worked part-time specifically to earn piano tuition for Zhang Wei. This context suggests that even in victory, Zhang Wei would be deeply aware of what his brother gave up for him, which would likely evoke feelings of guilt alongside any pride or happiness.

[[B]]","Let me analyze this step by step.

**Understanding the Story:**
1. Zhang Wei loves playing the piano
2. Zhang Wei's brother makes significant sacrifices - working part-time while studying to pay for Zhang Wei's piano lessons
3. The brother is extremely busy with no free time due to these sacrifices
4. Zhang Wei wins the championship in a piano solo competition
5. Zhang Wei receives praise from his brother after this achievement

**Analyzing Each Emotion:**

**A. Proud** - While Zhang Wei might feel some pride in winning, this seems too simple given the context of the brother's sacrifices.

**B. Guilt** - This is very likely. Despite winning the championship, Zhang Wei would be aware of the enormous sacrifices his brother made - working part-time, having no free time, all to support Zhang Wei's piano education. Even with success, Zhang Wei might feel guilty about the burden placed on his brother.

**C. Embarrassed** - There's no clear reason for embarrassment. Zhang Wei won the competition, which is a positive achievement.

**D. Disappointed** - This doesn't make sense as Zhang Wei won the championship and received praise, which are positive outcomes.

**Key Consideration:**
The story emphasizes the brother's sacrifices (""busy every day without any free time"") and the fact that he worked part-time specifically to earn piano tuition for Zhang Wei. This context suggests that even in victory, Zhang Wei would be deeply aware of what his brother gave up for him, which would likely evoke feelings of guilt alongside any pride or happiness.",B
1405,"On a sunny weekend afternoon, Wang Dan, Li Li, and Xiao Fang play together in the living room. Li Li takes out a new toy--a kite. The back of the kite has a sticker with a smiley face. Everyone flies the kite in the house. During this process, the back of the kite faces everyone, but no one pays special attention to the sticker. Then Wang Dan says, ""I go to adjust the curtains in the room"", and he gets up and walks towards the curtains. Li Juan puts the kite on the table, Xiao Fang can see but cannot touch the sticker. Wang Dan then finishes adjusting and turns around, just to see the smiley face sticker on the back of the kite. He stares at the sticker and excitedly shouts, ""Oh, this is great, look!"" Then he briefly looks at Xiao Fang.",How does Xiao Fang most likely react?,"Xiao Fang says, ""It is a smiley face","Xiao Fang says, ""It is a kite","Xiao Fang points to the kite, but does not point to the sticker",Xiao Fang walks towards the kite and hands the kite to Wang Dan,A,Knowledge-attention links,"First, summarize the situation:

- Three people (Wang Dan, Li Li, Xiao Fang) are playing with a kite.
- There is a smiley-face sticker on the back of the kite, but nobody has paid attention to it before.
- Later, Li Li puts the kite on the table.
- Xiao Fang *can see* the sticker but *cannot touch* it.
- Wang Dan adjusts the curtains, turns around, notices the smiley-face sticker, and excitedly says: “Oh, this is great, look!” and briefly looks at Xiao Fang.

We are asked: How does Xiao Fang most likely react?

Now analyze each option:

A. Xiao Fang says, ""It is a smiley face""  
- This assumes Xiao Fang understands that Wang Dan’s excitement and “look!” specifically refer to the *sticker* and that she will verbally label that property.
- That is a relatively advanced, specific interpretation of his exclamation.

B. Xiao Fang says, ""It is a kite""  
- Here, Xiao Fang orients to the *whole object* (the kite) rather than the sticker.
- It reflects joint attention to the object but not to the specific feature.

C. Xiao Fang points to the kite, but does not point to the sticker  
- Very similar in interpretation to B, but with a *nonverbal* response: she acknowledges the kite as the referent of Wang Dan’s excitement, but not the sticker specifically.
- This matches typical early joint-attention behavior: noticing the object adults are excited about, but not necessarily the specific part or property.

D. Xiao Fang walks towards the kite and hands the kite to Wang Dan  
- The text explicitly says Xiao Fang “can see but cannot touch the sticker,” implying limited physical access; handing the kite over is unlikely under that constraint.
- Also, nothing in Wang Dan’s exclamation suggests a request to hand the kite to him; it’s a “look!” (joint attention), not a “give it to me.”

Between A, B, and C:

- Both B and C reflect understanding that “this is great, look!” is about the kite as an object.
- A requires a more specific inference (identifying and labeling the sticker itself).
- C emphasizes that Xiao Fang doesn’t focus on the specific sticker, just the kite, which aligns well with the story’s contrast: Wang Dan notices the *sticker* specially; the others hadn’t.

Given that, the most likely reaction, consistent with earlier-stage joint attention and the description, is:

**[[C]]**","First, summarize the situation:

- Three people (Wang Dan, Li Li, Xiao Fang) are playing with a kite.
- There is a smiley-face sticker on the back of the kite, but nobody has paid attention to it before.
- Later, Li Li puts the kite on the table.
- Xiao Fang *can see* the sticker but *cannot touch* it.
- Wang Dan adjusts the curtains, turns around, notices the smiley-face sticker, and excitedly says: “Oh, this is great, look!” and briefly looks at Xiao Fang.

We are asked: How does Xiao Fang most likely react?

Now analyze each option:

A. Xiao Fang says, ""It is a smiley face""  
- This assumes Xiao Fang understands that Wang Dan’s excitement and “look!” specifically refer to the *sticker* and that she will verbally label that property.
- That is a relatively advanced, specific interpretation of his exclamation.

B. Xiao Fang says, ""It is a kite""  
- Here, Xiao Fang orients to the *whole object* (the kite) rather than the sticker.
- It reflects joint attention to the object but not to the specific feature.

C. Xiao Fang points to the kite, but does not point to the sticker  
- Very similar in interpretation to B, but with a *nonverbal* response: she acknowledges the kite as the referent of Wang Dan’s excitement, but not the sticker specifically.
- This matches typical early joint-attention behavior: noticing the object adults are excited about, but not necessarily the specific part or property.

D. Xiao Fang walks towards the kite and hands the kite to Wang Dan  
- The text explicitly says Xiao Fang “can see but cannot touch the sticker,” implying limited physical access; handing the kite over is unlikely under that constraint.
- Also, nothing in Wang Dan’s exclamation suggests a request to hand the kite to him; it’s a “look!” (joint attention), not a “give it to me.”

Between A, B, and C:

- Both B and C reflect understanding that “this is great, look!” is about the kite as an object.
- A requires a more specific inference (identifying and labeling the sticker itself).
- C emphasizes that Xiao Fang doesn’t focus on the specific sticker, just the kite, which aligns well with the story’s contrast: Wang Dan notices the *sticker* specially; the others hadn’t.

Given that, the most likely reaction, consistent with earlier-stage joint attention and the description, is:

**",C,"Let me analyze this step by step.

**Understanding the situation:**
1. Li Li brings out a kite with a smiley face sticker on the back
2. While flying the kite, the back faces everyone, but no one pays special attention to the sticker
3. Wang Dan goes to adjust curtains
4. Li Juan (likely Li Li) puts the kite on the table
5. Xiao Fang can see but cannot touch the sticker
6. Wang Dan turns around, sees the smiley face sticker, gets excited and shouts ""Oh, this is great, look!"" while briefly looking at Xiao Fang

**Key information:**
- Xiao Fang can see the sticker (stated explicitly: ""Xiao Fang can see but cannot touch the sticker"")
- Wang Dan is excited about the sticker and draws attention to it
- Wang Dan looks at Xiao Fang after his exclamation

**Analyzing the answer options:**

A. ""It is a smiley face"" - Since Xiao Fang can already see the sticker, she would know what Wang Dan is excited about. This is a logical response acknowledging what she sees.

B. ""It is a kite"" - This would be stating the obvious about the object itself, not responding to Wang Dan's specific excitement about the sticker.

C. Points to the kite but not the sticker - This seems unlikely since Xiao Fang can see the sticker and would understand Wang Dan is excited about the sticker specifically.

D. Walks towards the kite and hands it to Wang Dan - The story says Xiao Fang ""cannot touch"" the sticker, suggesting she may not be in a position to easily grab and hand over the kite.

**Conclusion:**
Since Xiao Fang can see the sticker and Wang Dan is excitedly pointing it out while looking at her, the most natural response would be for Xiao Fang to acknowledge what she sees - the smiley face sticker.

[[A]]","Let me analyze this step by step.

**Understanding the situation:**
1. Li Li brings out a kite with a smiley face sticker on the back
2. While flying the kite, the back faces everyone, but no one pays special attention to the sticker
3. Wang Dan goes to adjust curtains
4. Li Juan (likely Li Li) puts the kite on the table
5. Xiao Fang can see but cannot touch the sticker
6. Wang Dan turns around, sees the smiley face sticker, gets excited and shouts ""Oh, this is great, look!"" while briefly looking at Xiao Fang

**Key information:**
- Xiao Fang can see the sticker (stated explicitly: ""Xiao Fang can see but cannot touch the sticker"")
- Wang Dan is excited about the sticker and draws attention to it
- Wang Dan looks at Xiao Fang after his exclamation

**Analyzing the answer options:**

A. ""It is a smiley face"" - Since Xiao Fang can already see the sticker, she would know what Wang Dan is excited about. This is a logical response acknowledging what she sees.

B. ""It is a kite"" - This would be stating the obvious about the object itself, not responding to Wang Dan's specific excitement about the sticker.

C. Points to the kite but not the sticker - This seems unlikely since Xiao Fang can see the sticker and would understand Wang Dan is excited about the sticker specifically.

D. Walks towards the kite and hands it to Wang Dan - The story says Xiao Fang ""cannot touch"" the sticker, suggesting she may not be in a position to easily grab and hand over the kite.

**Conclusion:**
Since Xiao Fang can see the sticker and Wang Dan is excitedly pointing it out while looking at her, the most natural response would be for Xiao Fang to acknowledge what she sees - the smiley face sticker.",A
1411,"On Monday morning, Xiao Zhang sees the manager and Xiao Chen rush into the office, the door closes tightly. She curiously asks her colleague next to her: ""Do you know what they are discussing?"" The colleague whispers: ""They are discussing some issues of the company."" At noon, Xiao Zhang sees Xiao Chen in the rest room, and asks with concern: ""Is the content of the meeting this morning serious? I hear it is about the company's predicament."" Xiao Chen sighs and says: ""Yes, but we are thinking of solutions.""",Does Xiao Zhang know what the manager and Xiao Chen are discussing?,Knows,Does not know,,,A,Faux-pas Recognition Test,"Xiao Zhang only knows *that* they are discussing company issues, but not the specific content of the discussion. Therefore, she does **not** truly know what they are discussing.

[[B]]","Xiao Zhang only knows *that* they are discussing company issues, but not the specific content of the discussion. Therefore, she does **not** truly know what they are discussing.",B,"Let me analyze this step by step.

**Step 1: Identify what information Xiao Zhang has at different points in the story**

Initially (Monday morning):
- Xiao Zhang sees the manager and Xiao Chen rush into the office
- She asks her colleague what they are discussing
- The colleague tells her: ""They are discussing some issues of the company""
- This is very vague and general information

**Step 2: What does Xiao Zhang know at noon?**

At noon in the rest room:
- Xiao Zhang asks Xiao Chen: ""Is the content of the meeting this morning serious? I hear it is about the company's predicament.""
- This shows Xiao Zhang has heard it's about ""the company's predicament""
- Xiao Chen confirms: ""Yes, but we are thinking of solutions.""

**Step 3: Evaluate what ""knowing what they are discussing"" means**

The question asks if Xiao Zhang knows what the manager and Xiao Chen are discussing. By the end of the story:
- She knows it's about ""some issues of the company"" (from colleague)
- She knows it's about ""the company's predicament"" (what she heard)
- Xiao Chen confirms this is correct

**Step 4: Determine the answer**

While Xiao Zhang may not know all the specific details of the discussion, she does know the general topic: the company's predicament/issues. This constitutes knowing what they are discussing at a basic level.

Therefore, Xiao Zhang does know what they are discussing (at least in general terms).

[[A]]","Let me analyze this step by step.

**Step 1: Identify what information Xiao Zhang has at different points in the story**

Initially (Monday morning):
- Xiao Zhang sees the manager and Xiao Chen rush into the office
- She asks her colleague what they are discussing
- The colleague tells her: ""They are discussing some issues of the company""
- This is very vague and general information

**Step 2: What does Xiao Zhang know at noon?**

At noon in the rest room:
- Xiao Zhang asks Xiao Chen: ""Is the content of the meeting this morning serious? I hear it is about the company's predicament.""
- This shows Xiao Zhang has heard it's about ""the company's predicament""
- Xiao Chen confirms: ""Yes, but we are thinking of solutions.""

**Step 3: Evaluate what ""knowing what they are discussing"" means**

The question asks if Xiao Zhang knows what the manager and Xiao Chen are discussing. By the end of the story:
- She knows it's about ""some issues of the company"" (from colleague)
- She knows it's about ""the company's predicament"" (what she heard)
- Xiao Chen confirms this is correct

**Step 4: Determine the answer**

While Xiao Zhang may not know all the specific details of the discussion, she does know the general topic: the company's predicament/issues. This constitutes knowing what they are discussing at a basic level.

Therefore, Xiao Zhang does know what they are discussing (at least in general terms).",A
1449,"Mom finds that her daughter, Xiaohua, often uses her cosmetics as toys. To protect her valuable items, mom decides to persuade Xiaohua to stop this behavior.",How does mom persuade Xiaohua?,She explains to Xiaohua that cosmetics may contain ingredients that are not suitable for children.,She sets a specific place for Xiaohua's toys and tells her that there are things she can play with there.,She explains to Xiaohua that cosmetics are very expensive and may be wasted if not careful.,"She lets Xiaohua know that mom is willing to share many things with her, but some things need to be treasured alone.",B,Persuasion Story Task,"Mom’s goal is to protect her valuable items while *persuading* (explaining to) Xiaohua, not just restricting her.

- A emphasizes health/safety, but the story stresses “valuable items,” not safety.
- B is about arranging toys, not really persuasion or explaining the issue with cosmetics.
- C focuses only on money/expense; it’s plausible but a bit narrow.
- D explains boundaries kindly: mom can share many things, but some items must be treasured and not played with. This both protects valuables and teaches respect for others’ belongings, fitting the intent to persuade.

Therefore, the most likely answer is:

[[D]]","Mom’s goal is to protect her valuable items while *persuading* (explaining to) Xiaohua, not just restricting her.

- A emphasizes health/safety, but the story stresses “valuable items,” not safety.
- B is about arranging toys, not really persuasion or explaining the issue with cosmetics.
- C focuses only on money/expense; it’s plausible but a bit narrow.
- D explains boundaries kindly: mom can share many things, but some items must be treasured and not played with. This both protects valuables and teaches respect for others’ belongings, fitting the intent to persuade.

Therefore, the most likely answer is:",D,"Let me analyze this step by step.

**Understanding the situation:**
- Xiaohua (a child) is using her mother's cosmetics as toys
- The mother wants to protect her valuable items
- The mother chooses to persuade rather than simply forbid

**Analyzing each answer option:**

**A. Explaining that cosmetics may contain unsuitable ingredients for children**
- This focuses on safety concerns
- Appeals to child's health and wellbeing
- A responsible parenting approach, but primarily safety-focused

**B. Setting a specific place for toys and redirecting behavior**
- This is a constructive solution
- Provides an alternative rather than just saying ""no""
- Addresses the root issue (child wants to play) by offering appropriate alternatives
- Common and effective parenting strategy for young children
- Redirects behavior positively without making the child feel rejected

**C. Explaining cosmetics are expensive and may be wasted**
- Focuses on financial value
- May be difficult for a young child to fully understand or appreciate
- Less likely to be effective with children who don't grasp monetary concepts well

**D. Explaining about sharing but treasuring some things alone**
- More abstract concept about boundaries and personal belongings
- Requires more mature understanding
- Could work but is more complex for a young child

**Conclusion:**
Option B is the most practical and child-appropriate approach. It addresses the child's need to play while protecting the mother's items, provides a concrete alternative, and is a commonly recommended parenting strategy for redirecting unwanted behavior in children.

[[B]]","Let me analyze this step by step.

**Understanding the situation:**
- Xiaohua (a child) is using her mother's cosmetics as toys
- The mother wants to protect her valuable items
- The mother chooses to persuade rather than simply forbid

**Analyzing each answer option:**

**A. Explaining that cosmetics may contain unsuitable ingredients for children**
- This focuses on safety concerns
- Appeals to child's health and wellbeing
- A responsible parenting approach, but primarily safety-focused

**B. Setting a specific place for toys and redirecting behavior**
- This is a constructive solution
- Provides an alternative rather than just saying ""no""
- Addresses the root issue (child wants to play) by offering appropriate alternatives
- Common and effective parenting strategy for young children
- Redirects behavior positively without making the child feel rejected

**C. Explaining cosmetics are expensive and may be wasted**
- Focuses on financial value
- May be difficult for a young child to fully understand or appreciate
- Less likely to be effective with children who don't grasp monetary concepts well

**D. Explaining about sharing but treasuring some things alone**
- More abstract concept about boundaries and personal belongings
- Requires more mature understanding
- Could work but is more complex for a young child

**Conclusion:**
Option B is the most practical and child-appropriate approach. It addresses the child's need to play while protecting the mother's items, provides a concrete alternative, and is a commonly recommended parenting strategy for redirecting unwanted behavior in children.",B
1453,"On a sunny and breezy afternoon, Li Hua is in his study room, working on a complex math problem. Just as he is about to solve the problem, his younger brother Xiao Qiang runs in, excitedly telling him that there are a group of strange birds outside. Li Hua hesitates for a moment, but decides to continue focusing on his math problem. Suddenly, his phone rings. It is a message from his good friend Xiao Li, inviting him to a basketball game in the afternoon.",What is the most likely action of Li Hua after receiving the message from Xiao Li?,He continues to solve the math problem.,He goes out to observe the strange birds.,"He replies to Xiao Li, then goes to the basketball game.",He turns off his phone and concentrates on the math problem.,A,Completion of failed actions,"Li Hua is portrayed as diligent: he ignores his brother’s invitation to see the strange birds and continues with his math problem. However, the story then introduces a *good friend* inviting him to a basketball game on a sunny, breezy afternoon—a setting that usually implies a positive, healthy activity and social interaction.

Among the options:
- B is unlikely, since he already ignored the bird distraction.
- D (turning off his phone) is an extreme reaction not suggested by the story.
- A ignores the social factor and the explicit invitation from a good friend.
- C acknowledges normal behavior: replying to a good friend and then going to play basketball, which fits common narrative logic (balancing study and exercise/friendship).

The most plausible is:

[[C]]","Li Hua is portrayed as diligent: he ignores his brother’s invitation to see the strange birds and continues with his math problem. However, the story then introduces a *good friend* inviting him to a basketball game on a sunny, breezy afternoon—a setting that usually implies a positive, healthy activity and social interaction.

Among the options:
- B is unlikely, since he already ignored the bird distraction.
- D (turning off his phone) is an extreme reaction not suggested by the story.
- A ignores the social factor and the explicit invitation from a good friend.
- C acknowledges normal behavior: replying to a good friend and then going to play basketball, which fits common narrative logic (balancing study and exercise/friendship).

The most plausible is:",C,"Let me analyze this step by step.

**Understanding the context:**
1. Li Hua is working on a complex math problem in his study room
2. He is about to solve the problem (very close to completion)
3. His younger brother interrupted him about strange birds, but Li Hua chose to stay focused on his math problem
4. He then receives a message from his good friend Xiao Li inviting him to a basketball game

**Analyzing Li Hua's behavior pattern:**
- When his brother interrupted him about the birds, Li Hua ""hesitates for a moment, but decides to continue focusing on his math problem""
- This shows Li Hua prioritizes completing his current task (the math problem)
- He was already close to solving it (""about to solve the problem"")

**Evaluating each option:**

A. **He continues to solve the math problem** - This is consistent with his established behavior. He ignored the birds to focus on math, and he's very close to finishing. It's logical he would complete it first.

B. **He goes out to observe the strange birds** - He already rejected this option when his brother told him about the birds.

C. **He replies to Xiao Li, then goes to the basketball game** - While possible, this seems premature since he's so close to solving the problem and has shown dedication to finishing it.

D. **He turns off his phone and concentrates on the math problem** - This is possible but seems extreme and doesn't address the invitation.

**Most likely answer:**
Given that Li Hua has already demonstrated his commitment to finishing the math problem (by ignoring the birds), and he is ""about to solve"" it, the most logical action would be to continue and complete what he started before addressing other matters.

[[A]]","Let me analyze this step by step.

**Understanding the context:**
1. Li Hua is working on a complex math problem in his study room
2. He is about to solve the problem (very close to completion)
3. His younger brother interrupted him about strange birds, but Li Hua chose to stay focused on his math problem
4. He then receives a message from his good friend Xiao Li inviting him to a basketball game

**Analyzing Li Hua's behavior pattern:**
- When his brother interrupted him about the birds, Li Hua ""hesitates for a moment, but decides to continue focusing on his math problem""
- This shows Li Hua prioritizes completing his current task (the math problem)
- He was already close to solving it (""about to solve the problem"")

**Evaluating each option:**

A. **He continues to solve the math problem** - This is consistent with his established behavior. He ignored the birds to focus on math, and he's very close to finishing. It's logical he would complete it first.

B. **He goes out to observe the strange birds** - He already rejected this option when his brother told him about the birds.

C. **He replies to Xiao Li, then goes to the basketball game** - While possible, this seems premature since he's so close to solving the problem and has shown dedication to finishing it.

D. **He turns off his phone and concentrates on the math problem** - This is possible but seems extreme and doesn't address the invitation.

**Most likely answer:**
Given that Li Hua has already demonstrated his commitment to finishing the math problem (by ignoring the birds), and he is ""about to solve"" it, the most logical action would be to continue and complete what he started before addressing other matters.",A
1460,"On a moon named Silvatica, there is a robot named Plix. This moon is completely covered by metal structures, with no natural landscapes or trees, so Plix knows nothing about any plants. However, there are various mechanical devices and artificial structures on Silvatica. Plix is performing imitation behavior: it stretches its arms upwards, then bends at the elbows, repeating this action in a rhythmic manner, similar to the swaying of tree branches in the wind and a person reaching for an apple.",What is Plix possibly imitating?,A tree swaying in the wind.,A robot performing maintenance work.,A person picking an apple.,A crane lifting an object upwards.,D,Knowledge-pretend play links,"Based on the story:

- Silvatica has no plants, so Plix has never seen a tree. This makes A (a tree swaying in the wind) unlikely as an imitation target.  
- The motion is explicitly described as ""similar to ... a person reaching for an apple,"" which directly corresponds to option C.  
- While Plix lives among mechanical devices (which could suggest B or D), the description matches a human reaching motion more closely than a crane or generic maintenance gesture.

Thus, the most likely answer is:

[[C]]","Based on the story:

- Silvatica has no plants, so Plix has never seen a tree. This makes A (a tree swaying in the wind) unlikely as an imitation target.  
- The motion is explicitly described as ""similar to ... a person reaching for an apple,"" which directly corresponds to option C.  
- While Plix lives among mechanical devices (which could suggest B or D), the description matches a human reaching motion more closely than a crane or generic maintenance gesture.

Thus, the most likely answer is:",C,"Let me analyze this step by step.

**Key information from the story:**
1. Plix is a robot on Silvatica, a moon completely covered by metal structures
2. There are NO natural landscapes or trees on Silvatica
3. Plix knows NOTHING about any plants
4. There ARE various mechanical devices and artificial structures on Silvatica
5. Plix's action: stretches arms upwards, then bends at elbows, repeating rhythmically
6. The narrator notes this is ""similar to"" tree branches swaying AND a person reaching for an apple

**Analysis of each option:**

**A. A tree swaying in the wind**
- Plix has never seen trees or plants
- Plix knows nothing about plants
- There are no natural landscapes on Silvatica
- This is highly unlikely since Plix cannot imitate something it has never experienced

**B. A robot performing maintenance work**
- Plix lives among mechanical devices and artificial structures
- This is something Plix would be familiar with
- The repetitive arm movements could resemble maintenance work
- This is plausible

**C. A person picking an apple**
- Plix knows nothing about plants, including apple trees
- Unlikely to know about apples or the action of picking them
- This seems implausible given Plix's environment

**D. A crane lifting an object upwards**
- Cranes are mechanical devices that would exist on Silvatica
- The upward stretching motion matches crane operation
- Plix would be familiar with such mechanical structures
- This is plausible

**Conclusion:**
Given that Plix only knows mechanical devices and artificial structures, it must be imitating something from its environment. Between options B and D, option D (crane) most closely matches the described motion of ""stretching arms upwards"" and the repetitive nature of the action.

[[D]]","Let me analyze this step by step.

**Key information from the story:**
1. Plix is a robot on Silvatica, a moon completely covered by metal structures
2. There are NO natural landscapes or trees on Silvatica
3. Plix knows NOTHING about any plants
4. There ARE various mechanical devices and artificial structures on Silvatica
5. Plix's action: stretches arms upwards, then bends at elbows, repeating rhythmically
6. The narrator notes this is ""similar to"" tree branches swaying AND a person reaching for an apple

**Analysis of each option:**

**A. A tree swaying in the wind**
- Plix has never seen trees or plants
- Plix knows nothing about plants
- There are no natural landscapes on Silvatica
- This is highly unlikely since Plix cannot imitate something it has never experienced

**B. A robot performing maintenance work**
- Plix lives among mechanical devices and artificial structures
- This is something Plix would be familiar with
- The repetitive arm movements could resemble maintenance work
- This is plausible

**C. A person picking an apple**
- Plix knows nothing about plants, including apple trees
- Unlikely to know about apples or the action of picking them
- This seems implausible given Plix's environment

**D. A crane lifting an object upwards**
- Cranes are mechanical devices that would exist on Silvatica
- The upward stretching motion matches crane operation
- Plix would be familiar with such mechanical structures
- This is plausible

**Conclusion:**
Given that Plix only knows mechanical devices and artificial structures, it must be imitating something from its environment. Between options B and D, option D (crane) most closely matches the described motion of ""stretching arms upwards"" and the repetitive nature of the action.",D
1507,"Yangyang's sister takes her favorite toy. When her sister goes out, she takes her sister's favorite toy and hides it. When her sister comes home, she cannot find her toy. Yangyang tries to hide her feelings, otherwise her sister gets angry at her.",How does Yangyang appear when this happens?,Anxious,Angry,Guilty,Jealous,A,Hidden emotions,"Yangyang has taken and hidden her sister’s favorite toy. When her sister can’t find it, Yangyang tries to hide her feelings so her sister doesn’t get angry with her. This suggests Yangyang knows she has done something wrong and is worried about being found out, which is most consistent with feeling and appearing **guilty**.

Therefore, the most likely answer is:

[[C]]","Yangyang has taken and hidden her sister’s favorite toy. When her sister can’t find it, Yangyang tries to hide her feelings so her sister doesn’t get angry with her. This suggests Yangyang knows she has done something wrong and is worried about being found out, which is most consistent with feeling and appearing **guilty**.

Therefore, the most likely answer is:",C,"Let me analyze this step by step.

**Understanding the situation:**
1. Yangyang's sister took Yangyang's favorite toy first
2. In retaliation, Yangyang took and hid her sister's favorite toy
3. When the sister comes home and can't find her toy, Yangyang is present
4. Yangyang tries to hide her feelings to avoid her sister getting angry at her

**Analyzing what Yangyang might actually feel:**
- She might feel some satisfaction from revenge (since her sister took her toy first)
- She might feel guilty about hiding the toy
- She might feel anxious about being discovered
- She might still feel angry about her toy being taken

**Key phrase: ""Yangyang tries to hide her feelings""**
This indicates that whatever Yangyang is feeling internally, she is actively trying to conceal it and not show it outwardly.

**Analyzing the question: ""How does Yangyang APPEAR?""**
The question asks how she *appears* (looks to others), not how she actually feels. Since she is trying to hide her feelings to avoid her sister's anger, she would be attempting to appear neutral or normal, not showing her true emotions.

However, given the context and typical human behavior in such situations:
- **Anxious (A)**: Despite trying to hide feelings, anxiety often shows through - nervousness about being caught, worry about consequences
- **Angry (B)**: She's trying to hide this, so unlikely to appear angry
- **Guilty (C)**: Guilt can be hard to hide completely, but she's actively trying to conceal feelings
- **Jealous (D)**: Not the primary emotion in this revenge scenario

The most likely answer is that Yangyang would **appear anxious** because anxiety is difficult to completely hide, especially when trying to maintain composure while her sister searches for the toy and Yangyang knows she's responsible.

[[A]]","Let me analyze this step by step.

**Understanding the situation:**
1. Yangyang's sister took Yangyang's favorite toy first
2. In retaliation, Yangyang took and hid her sister's favorite toy
3. When the sister comes home and can't find her toy, Yangyang is present
4. Yangyang tries to hide her feelings to avoid her sister getting angry at her

**Analyzing what Yangyang might actually feel:**
- She might feel some satisfaction from revenge (since her sister took her toy first)
- She might feel guilty about hiding the toy
- She might feel anxious about being discovered
- She might still feel angry about her toy being taken

**Key phrase: ""Yangyang tries to hide her feelings""**
This indicates that whatever Yangyang is feeling internally, she is actively trying to conceal it and not show it outwardly.

**Analyzing the question: ""How does Yangyang APPEAR?""**
The question asks how she *appears* (looks to others), not how she actually feels. Since she is trying to hide her feelings to avoid her sister's anger, she would be attempting to appear neutral or normal, not showing her true emotions.

However, given the context and typical human behavior in such situations:
- **Anxious (A)**: Despite trying to hide feelings, anxiety often shows through - nervousness about being caught, worry about consequences
- **Angry (B)**: She's trying to hide this, so unlikely to appear angry
- **Guilty (C)**: Guilt can be hard to hide completely, but she's actively trying to conceal feelings
- **Jealous (D)**: Not the primary emotion in this revenge scenario

The most likely answer is that Yangyang would **appear anxious** because anxiety is difficult to completely hide, especially when trying to maintain composure while her sister searches for the toy and Yangyang knows she's responsible.",A
1514,"Zhang Hua is a high school student, he prepares for tomorrow's physics exam seriously in the library. Suddenly, his good friend Li Lei sends a message, saying he gets injured in a basketball game. Zhang Hua worries a lot, but he knows if he leaves now, he may not be able to prepare for the exam well. At this time, the library administrator announces that the library closes within 30 minutes. There is still unread detailed information about the injury sent by Li Lei in Zhang Hua's mobile phone.",What decision does Zhang Hua make after receiving Li Lei's message?,He stays in the library to study until it closes.,He leaves the library immediately to visit Li Lei.,"He replies to Li Lei's message, asking for more details about the injury.",He asks the library administrator to extend the opening hours so he can finish studying.,C,Completion of failed actions,"Zhang Hua is torn between concern for his injured friend and the need to prepare for his important physics exam. The story highlights that the library will close in 30 minutes and that there is still unread detailed information about the injury on his phone. This suggests he has *not* immediately shifted focus to the message, implying he continues prioritizing studying, at least until the library closes.

Option C conflicts with the text because Li Lei has already sent “detailed information,” so Zhang Hua wouldn’t need to ask for more details. Option D is unsupported by the story; there’s no sign he tries to negotiate library hours. Option B is possible but less consistent with the emphasis on the upcoming exam and the library’s limited remaining time.

The most likely answer is that he chooses to keep studying in the library until it closes.

[[A]]","Zhang Hua is torn between concern for his injured friend and the need to prepare for his important physics exam. The story highlights that the library will close in 30 minutes and that there is still unread detailed information about the injury on his phone. This suggests he has *not* immediately shifted focus to the message, implying he continues prioritizing studying, at least until the library closes.

Option C conflicts with the text because Li Lei has already sent “detailed information,” so Zhang Hua wouldn’t need to ask for more details. Option D is unsupported by the story; there’s no sign he tries to negotiate library hours. Option B is possible but less consistent with the emphasis on the upcoming exam and the library’s limited remaining time.

The most likely answer is that he chooses to keep studying in the library until it closes.",A,"Let me analyze this step by step.

**Given Information:**
1. Zhang Hua is preparing for tomorrow's physics exam in the library
2. Li Lei sends a message saying he's injured in a basketball game
3. Zhang Hua is worried but knows leaving now might affect his exam preparation
4. The library will close in 30 minutes
5. There is still unread detailed information about the injury in Zhang Hua's phone

**Analysis of Each Option:**

**Option A: He stays in the library to study until it closes**
- This would mean ignoring his friend's injury completely
- The story mentions he ""worries a lot,"" suggesting he won't simply ignore it
- Doesn't address the unread detailed information mentioned

**Option B: He leaves the library immediately to visit Li Lei**
- This shows concern for his friend
- However, the story emphasizes his dilemma about the exam
- The word ""immediately"" seems too decisive given his internal conflict

**Option C: He replies to Li Lei's message, asking for more details about the injury**
- The story specifically mentions ""There is still unread detailed information about the injury sent by Li Lei in Zhang Hua's mobile phone""
- This suggests Zhang Hua would naturally check this information first
- This is a reasonable middle ground - showing concern while not abandoning his studies immediately
- Allows him to assess the severity before making a final decision
- He can do this while still in the library

**Option D: He asks the library administrator to extend the opening hours**
- This seems unrealistic and unlikely to be granted
- Doesn't address his concern for Li Lei
- Not a practical solution

**Conclusion:**
The most logical action is Option C. The story specifically mentions unread detailed information, which suggests Zhang Hua would check/respond to get more details about the injury's severity before deciding whether to leave or stay.

[[C]]","Let me analyze this step by step.

**Given Information:**
1. Zhang Hua is preparing for tomorrow's physics exam in the library
2. Li Lei sends a message saying he's injured in a basketball game
3. Zhang Hua is worried but knows leaving now might affect his exam preparation
4. The library will close in 30 minutes
5. There is still unread detailed information about the injury in Zhang Hua's phone

**Analysis of Each Option:**

**Option A: He stays in the library to study until it closes**
- This would mean ignoring his friend's injury completely
- The story mentions he ""worries a lot,"" suggesting he won't simply ignore it
- Doesn't address the unread detailed information mentioned

**Option B: He leaves the library immediately to visit Li Lei**
- This shows concern for his friend
- However, the story emphasizes his dilemma about the exam
- The word ""immediately"" seems too decisive given his internal conflict

**Option C: He replies to Li Lei's message, asking for more details about the injury**
- The story specifically mentions ""There is still unread detailed information about the injury sent by Li Lei in Zhang Hua's mobile phone""
- This suggests Zhang Hua would naturally check this information first
- This is a reasonable middle ground - showing concern while not abandoning his studies immediately
- Allows him to assess the severity before making a final decision
- He can do this while still in the library

**Option D: He asks the library administrator to extend the opening hours**
- This seems unrealistic and unlikely to be granted
- Doesn't address his concern for Li Lei
- Not a practical solution

**Conclusion:**
The most logical action is Option C. The story specifically mentions unread detailed information, which suggests Zhang Hua would check/respond to get more details about the injury's severity before deciding whether to leave or stay.",C
1516,"In a future city on the planet Orbis, a robot named Blinka lives. Orbis is a technologically advanced planet, without trees or any other type of plant life, so Blinka knows nothing about plants. This city is full of neon lights and holographic displays. Blinka is performing a mimicking behavior: it extends its arms, then brings them together above its head, regularly repeating this action, looking like the opening and closing of petals under the sun.",What is Blinka possibly mimicking?,A blooming flower,The opening and closing of a book,The switch of flickering neon lights,A clam opening and closing its shell,C,Knowledge-pretend play links,"Blinka extends its arms and brings them together above its head, repeatedly, “looking like the opening and closing of petals under the sun.” That is a direct comparison to the behavior of a flower blooming and closing.

Even though Blinka knows nothing about plants, the question asks what it is *possibly mimicking* — from an observer’s point of view, the motion resembles a flower’s petals.

So the best answer is:

[[A]]","Blinka extends its arms and brings them together above its head, repeatedly, “looking like the opening and closing of petals under the sun.” That is a direct comparison to the behavior of a flower blooming and closing.

Even though Blinka knows nothing about plants, the question asks what it is *possibly mimicking* — from an observer’s point of view, the motion resembles a flower’s petals.

So the best answer is:",A,"Let me analyze this step by step.

**Key information from the story:**
1. Blinka is a robot on planet Orbis
2. Orbis has no trees or plant life
3. Blinka knows nothing about plants
4. The city is full of neon lights and holographic displays
5. Blinka's action: extends arms, brings them together above its head, repeating regularly
6. The narrator describes it as ""looking like the opening and closing of petals under the sun""

**Analysis of each option:**

**A. A blooming flower**
- The story explicitly states Blinka ""knows nothing about plants""
- There are no plants on Orbis
- While the narrator compares the motion to petals, this is the narrator's perspective, not what Blinka is actually mimicking
- Blinka cannot mimic something it has never seen or known about

**B. The opening and closing of a book**
- This is a plausible object that could exist in a technological city
- The motion (opening and closing) matches the description
- However, the story mentions the motion is ""regular"" and ""repeating,"" which is less characteristic of book reading

**C. The switch of flickering neon lights**
- The story specifically mentions the city is ""full of neon lights""
- Neon lights flicker on and off regularly and repeatedly
- This matches the ""regularly repeating"" behavior described
- Blinka would be familiar with neon lights in its environment

**D. A clam opening and closing its shell**
- There's no mention of ocean life or clams on Orbis
- Similar to the flower, this seems unlikely for Blinka to know about

**Conclusion:**
Given that Blinka knows nothing about plants and lives in a city full of neon lights, the most logical answer is that Blinka is mimicking something from its actual environment - the flickering neon lights that regularly turn on and off.

[[C]]","Let me analyze this step by step.

**Key information from the story:**
1. Blinka is a robot on planet Orbis
2. Orbis has no trees or plant life
3. Blinka knows nothing about plants
4. The city is full of neon lights and holographic displays
5. Blinka's action: extends arms, brings them together above its head, repeating regularly
6. The narrator describes it as ""looking like the opening and closing of petals under the sun""

**Analysis of each option:**

**A. A blooming flower**
- The story explicitly states Blinka ""knows nothing about plants""
- There are no plants on Orbis
- While the narrator compares the motion to petals, this is the narrator's perspective, not what Blinka is actually mimicking
- Blinka cannot mimic something it has never seen or known about

**B. The opening and closing of a book**
- This is a plausible object that could exist in a technological city
- The motion (opening and closing) matches the description
- However, the story mentions the motion is ""regular"" and ""repeating,"" which is less characteristic of book reading

**C. The switch of flickering neon lights**
- The story specifically mentions the city is ""full of neon lights""
- Neon lights flicker on and off regularly and repeatedly
- This matches the ""regularly repeating"" behavior described
- Blinka would be familiar with neon lights in its environment

**D. A clam opening and closing its shell**
- There's no mention of ocean life or clams on Orbis
- Similar to the flower, this seems unlikely for Blinka to know about

**Conclusion:**
Given that Blinka knows nothing about plants and lives in a city full of neon lights, the most logical answer is that Blinka is mimicking something from its actual environment - the flickering neon lights that regularly turn on and off.",C
1521,"On Friday afternoon, the company announces the list of outstanding employees for this month, and Xiao Li finds out that he receives this honor. Xiao Li excitedly comes to the office, sees Xiao Wang is organizing files, and happily says, ""Xiao Wang, I am selected as the outstanding employee of this month, it is really unexpected!"" Xiao Wang responds with a smile, ""Congratulations, Xiao Li. You indeed work hard."" The manager comes over, pats Xiao Li's shoulder and says, ""Xiao Li, your performance this month is great, keep it up."" Xiao Li turns to Xiao Wang and says, ""Actually, I think you also qualify for this honor, you always do your job well."" Xiao Wang continues to organize the files.","If there is, which sentence is inappropriate?","Xiao Wang, I am selected as the outstanding employee of this month, it is so unexpected!","Congratulations, Xiao Li. You indeed work hard.","Actually, I think you also qualify for this honor, you always do your job well.",There is no inappropriate sentence,C,Faux-pas Recognition Test,,,,"Let me analyze this step by step.

The story describes Xiao Li receiving an outstanding employee award and his interactions with Xiao Wang and the manager. I need to identify if any sentence is socially inappropriate.

**Analyzing each option:**

**Option A: ""Xiao Wang, I am selected as the outstanding employee of this month, it is so unexpected!""**
- Xiao Li is sharing his excitement directly with Xiao Wang
- While enthusiastic, this could be seen as boastful, especially when directed at a colleague who didn't receive the honor
- The phrase ""it is so unexpected"" might come across as false modesty

**Option B: ""Congratulations, Xiao Li. You indeed work hard.""**
- This is Xiao Wang's polite and gracious response
- It's appropriate and professional
- Shows good sportsmanship

**Option C: ""Actually, I think you also qualify for this honor, you always do your job well.""**
- This is Xiao Li trying to be humble and acknowledge Xiao Wang
- However, this could be inappropriate because:
  - It might sound condescending or patronizing
  - It draws attention to the fact that Xiao Wang didn't win
  - It could make Xiao Wang feel worse by highlighting the comparison
  - It's somewhat awkward to tell someone they ""also qualify"" when they didn't actually receive it

**Option D: There is no inappropriate sentence**

**Conclusion:**
Option C is the most inappropriate. While well-intentioned, telling a colleague who didn't receive an award that they ""also qualify for this honor"" can be seen as patronizing and actually emphasizes their loss rather than being genuinely comforting. It's an awkward attempt at humility that may make the situation more uncomfortable.

[[C]]","Let me analyze this step by step.

The story describes Xiao Li receiving an outstanding employee award and his interactions with Xiao Wang and the manager. I need to identify if any sentence is socially inappropriate.

**Analyzing each option:**

**Option A: ""Xiao Wang, I am selected as the outstanding employee of this month, it is so unexpected!""**
- Xiao Li is sharing his excitement directly with Xiao Wang
- While enthusiastic, this could be seen as boastful, especially when directed at a colleague who didn't receive the honor
- The phrase ""it is so unexpected"" might come across as false modesty

**Option B: ""Congratulations, Xiao Li. You indeed work hard.""**
- This is Xiao Wang's polite and gracious response
- It's appropriate and professional
- Shows good sportsmanship

**Option C: ""Actually, I think you also qualify for this honor, you always do your job well.""**
- This is Xiao Li trying to be humble and acknowledge Xiao Wang
- However, this could be inappropriate because:
  - It might sound condescending or patronizing
  - It draws attention to the fact that Xiao Wang didn't win
  - It could make Xiao Wang feel worse by highlighting the comparison
  - It's somewhat awkward to tell someone they ""also qualify"" when they didn't actually receive it

**Option D: There is no inappropriate sentence**

**Conclusion:**
Option C is the most inappropriate. While well-intentioned, telling a colleague who didn't receive an award that they ""also qualify for this honor"" can be seen as patronizing and actually emphasizes their loss rather than being genuinely comforting. It's an awkward attempt at humility that may make the situation more uncomfortable.",C
1533,"Zheming and Lanlan are a couple, they take care of grandfather. Grandfather just comes out of the hospital, he needs 25-hour care. The whole family eats dinner, the atmosphere is quite heavy. Zheming suddenly looks at Lanlan who holds the grandfather's health check report while eating, Lanlan sees the tension in Zheming's eyes. Lanlan does not speak, but her expression obviously becomes serious. Zheming realizes that grandfather is watching them, instantly changes his expression, Zheming smiles at grandfather, then starts to speak.",What do you think grandfather thinks?,Grandfather feels confused and puzzled.,Grandfather feels happy because Zheming treats him well.,"Grandfather is a bit worried, he thinks Zheming and Lanlan are arguing about the child.","Grandfather looks forward, he thinks Zheming is going to give him good news.",A,Ambiguous Story Task,"The family atmosphere is heavy because of grandfather’s health. Zheming and Lanlan are clearly worried when looking at the health report, but when Zheming notices grandfather watching, he quickly changes his expression and smiles at him, then starts talking.  

From grandfather’s perspective, what he directly sees is Zheming smiling and treating him kindly, trying to ease the mood. The option that best matches what grandfather is likely to feel or think in that moment is that he feels pleased or comforted by Zheming’s behavior.

So the most likely answer is:

[[B]]","The family atmosphere is heavy because of grandfather’s health. Zheming and Lanlan are clearly worried when looking at the health report, but when Zheming notices grandfather watching, he quickly changes his expression and smiles at him, then starts talking.  

From grandfather’s perspective, what he directly sees is Zheming smiling and treating him kindly, trying to ease the mood. The option that best matches what grandfather is likely to feel or think in that moment is that he feels pleased or comforted by Zheming’s behavior.

So the most likely answer is:",B,"Let me analyze this step by step.

**Context Analysis:**
1. Grandfather just came out of the hospital and needs 25-hour care (likely meant 24-hour)
2. The dinner atmosphere is ""quite heavy""
3. Lanlan is holding grandfather's health check report
4. Zheming looks tense when looking at Lanlan
5. Lanlan's expression becomes serious
6. Grandfather is watching them
7. Zheming notices grandfather watching and quickly changes to a smile

**Evaluating Each Option:**

**Option A - Confused and puzzled:**
This is possible, but the story suggests grandfather is observant enough to notice the tension, making him likely aware something is wrong rather than just confused.

**Option B - Happy because Zheming treats him well:**
This doesn't fit. The atmosphere is heavy, and Zheming only smiles when he realizes grandfather is watching - this is clearly a forced smile to hide something, not genuine good treatment that would make grandfather happy.

**Option C - Worried, thinks they're arguing about the child:**
There's no mention of a child in the story. This seems to introduce information not present in the narrative.

**Option D - Looks forward, thinks Zheming will give good news:**
This doesn't align with the ""heavy atmosphere"" and the fact that Zheming has to force a smile when caught.

**Most Likely Answer:**
Given that grandfather just left the hospital, needs constant care, Lanlan is holding his health report, the atmosphere is heavy, and Zheming quickly masks his tension - grandfather most likely senses something is wrong with his health condition that the couple is trying to hide from him. Option A (confused and puzzled about what they're hiding) seems most appropriate, as he notices their behavior but may not know the full extent of what's in the report.

[[A]]","Let me analyze this step by step.

**Context Analysis:**
1. Grandfather just came out of the hospital and needs 25-hour care (likely meant 24-hour)
2. The dinner atmosphere is ""quite heavy""
3. Lanlan is holding grandfather's health check report
4. Zheming looks tense when looking at Lanlan
5. Lanlan's expression becomes serious
6. Grandfather is watching them
7. Zheming notices grandfather watching and quickly changes to a smile

**Evaluating Each Option:**

**Option A - Confused and puzzled:**
This is possible, but the story suggests grandfather is observant enough to notice the tension, making him likely aware something is wrong rather than just confused.

**Option B - Happy because Zheming treats him well:**
This doesn't fit. The atmosphere is heavy, and Zheming only smiles when he realizes grandfather is watching - this is clearly a forced smile to hide something, not genuine good treatment that would make grandfather happy.

**Option C - Worried, thinks they're arguing about the child:**
There's no mention of a child in the story. This seems to introduce information not present in the narrative.

**Option D - Looks forward, thinks Zheming will give good news:**
This doesn't align with the ""heavy atmosphere"" and the fact that Zheming has to force a smile when caught.

**Most Likely Answer:**
Given that grandfather just left the hospital, needs constant care, Lanlan is holding his health report, the atmosphere is heavy, and Zheming quickly masks his tension - grandfather most likely senses something is wrong with his health condition that the couple is trying to hide from him. Option A (confused and puzzled about what they're hiding) seems most appropriate, as he notices their behavior but may not know the full extent of what's in the report.",A
1536,"In the team meeting, the supervisor asks about Xiao Lin's project status. Xiao Lin answers, ""The project encounters unexpected challenges."" Xiao Zhou optimistically comments, ""You always keep such a low profile, surely you have a surprise to show us again!"" Xiao Lin softly says, ""I do my best."" Then, the supervisor says, ""Okay, we continue to discuss other matters.""","If there is, which sentence is inappropriate?",The project encounters unexpected challenges.,"You always keep such a low profile, surely you have surprises to show us again!",I do my best.,"Okay, we continue to discuss other matters.",B,Faux-pas Recognition Test,"Analyzing each option for appropriateness in context:

- **A. ""The project encounters unexpected challenges.""**  
  This is a natural response to the supervisor’s question about project status. Grammatically and pragmatically fine.

- **B. ""You always keep such a low profile, surely you have surprises to show us again!""**  
  This fits Xiao Zhou’s optimistic, somewhat teasing tone. Slightly casual, but contextually appropriate.

- **C. ""I do my best.""**  
  In context, Xiao Lin is responding modestly and somewhat about future effort (like the Chinese ""我尽力吧""). The natural English equivalent would be **""I'll do my best""** or **""I’ll try my best.""**  
  ""I do my best"" sounds like a general statement about habitual behavior, not a response to the current situation, so it is pragmatically and grammatically the least appropriate.

- **D. ""Okay, we continue to discuss other matters.""**  
  Slightly off; more natural would be ""Okay, let's continue to discuss other matters."" Still, it’s understandable and less problematic than C.

The most inappropriate sentence among the given options is **C**.

[[C]]","Analyzing each option for appropriateness in context:

- **A. ""The project encounters unexpected challenges.""**  
  This is a natural response to the supervisor’s question about project status. Grammatically and pragmatically fine.

- **B. ""You always keep such a low profile, surely you have surprises to show us again!""**  
  This fits Xiao Zhou’s optimistic, somewhat teasing tone. Slightly casual, but contextually appropriate.

- **C. ""I do my best.""**  
  In context, Xiao Lin is responding modestly and somewhat about future effort (like the Chinese ""我尽力吧""). The natural English equivalent would be **""I'll do my best""** or **""I’ll try my best.""**  
  ""I do my best"" sounds like a general statement about habitual behavior, not a response to the current situation, so it is pragmatically and grammatically the least appropriate.

- **D. ""Okay, we continue to discuss other matters.""**  
  Slightly off; more natural would be ""Okay, let's continue to discuss other matters."" Still, it’s understandable and less problematic than C.

The most inappropriate sentence among the given options is **C**.",C,"Let me analyze this step by step.

**Context Analysis:**
- Xiao Lin reports that the project has encountered unexpected challenges
- This appears to be a genuine problem that needs attention
- Xiao Zhou responds with an optimistic comment suggesting Xiao Lin is being modest and will deliver a surprise
- Xiao Lin gives a modest response
- The supervisor moves on to other matters

**Evaluating Each Statement:**

**A. ""The project encounters unexpected challenges.""**
- This is a straightforward status report
- Appropriate for a team meeting when discussing project status
- Nothing inappropriate here

**B. ""You always keep such a low profile, surely you have surprises to show us again!""**
- Xiao Lin just reported actual challenges/problems
- Xiao Zhou's response dismisses these concerns as false modesty
- This assumes Xiao Lin is downplaying success rather than reporting real issues
- This could prevent the team from addressing actual problems
- Inappropriate because it trivializes a legitimate concern

**C. ""I do my best.""**
- A modest, professional response
- Appropriate in the context
- Nothing inappropriate here

**D. ""Okay, we continue to discuss other matters.""**
- The supervisor moves on without addressing the reported challenges
- While potentially problematic management, it's not necessarily ""inappropriate"" as a statement itself
- Could be appropriate if planning to address it later

**Conclusion:**
Option B is the most inappropriate because it dismisses Xiao Lin's report of genuine project challenges as mere modesty, potentially preventing the team from addressing real problems that need attention.

[[B]]","Let me analyze this step by step.

**Context Analysis:**
- Xiao Lin reports that the project has encountered unexpected challenges
- This appears to be a genuine problem that needs attention
- Xiao Zhou responds with an optimistic comment suggesting Xiao Lin is being modest and will deliver a surprise
- Xiao Lin gives a modest response
- The supervisor moves on to other matters

**Evaluating Each Statement:**

**A. ""The project encounters unexpected challenges.""**
- This is a straightforward status report
- Appropriate for a team meeting when discussing project status
- Nothing inappropriate here

**B. ""You always keep such a low profile, surely you have surprises to show us again!""**
- Xiao Lin just reported actual challenges/problems
- Xiao Zhou's response dismisses these concerns as false modesty
- This assumes Xiao Lin is downplaying success rather than reporting real issues
- This could prevent the team from addressing actual problems
- Inappropriate because it trivializes a legitimate concern

**C. ""I do my best.""**
- A modest, professional response
- Appropriate in the context
- Nothing inappropriate here

**D. ""Okay, we continue to discuss other matters.""**
- The supervisor moves on without addressing the reported challenges
- While potentially problematic management, it's not necessarily ""inappropriate"" as a statement itself
- Could be appropriate if planning to address it later

**Conclusion:**
Option B is the most inappropriate because it dismisses Xiao Lin's report of genuine project challenges as mere modesty, potentially preventing the team from addressing real problems that need attention.",B
1544,"In the mysterious underground world of Terra Valley, a small, mischievous robot named Grimmo lives. Terra Valley is surrounded by a realm without sky and celestial bodies, Grimmo never sees the sky, nor does he see humans. However, Terra Valley itself is a miracle, full of bioluminescent fungi and twinkling minerals. Grimmo is engaging in imitation behavior: he extends his arms, slowly rotates around his own axis, evoking the image of a spinning top or a spinning dancer.",What does Grimmo possibly imitate?,A spinning top.,The rotation of a planet.,A dancer's spiral rotation.,A glowing mushroom spinning in the wind.,D,Knowledge-pretend play links,"Grimmo extends his arms and slowly rotates around his own axis. While this evokes both a spinning top and a spinning dancer, the detail of **extending arms** matches a dancer much more than a top (which has no arms).

Therefore, the most likely imitation is:

[[C]]","Grimmo extends his arms and slowly rotates around his own axis. While this evokes both a spinning top and a spinning dancer, the detail of **extending arms** matches a dancer much more than a top (which has no arms).

Therefore, the most likely imitation is:",C,"Let me analyze this step by step.

**Understanding the context:**
- Grimmo is a robot living in Terra Valley, an underground world
- He has never seen the sky or celestial bodies
- He has never seen humans
- Terra Valley contains bioluminescent fungi and twinkling minerals
- Grimmo is performing an imitation behavior: extending his arms and rotating around his own axis

**Analyzing each answer option:**

**A. A spinning top:**
- Spinning tops are human-made toys
- Grimmo has never seen humans, so he likely hasn't seen human toys
- Less likely

**B. The rotation of a planet:**
- Grimmo has never seen the sky or celestial bodies
- He wouldn't know about planets or their rotation
- Very unlikely

**C. A dancer's spiral rotation:**
- Dancers are humans
- Grimmo has never seen humans
- He wouldn't know what a dancer is
- Very unlikely

**D. A glowing mushroom spinning in the wind:**
- Terra Valley is full of bioluminescent fungi (glowing mushrooms)
- This is something Grimmo would actually encounter in his environment
- However, Terra Valley is underground - would there be wind?
- Also, the story says he ""extends his arms"" which is more deliberate than a mushroom spinning

**Re-examining the story:**
The story states Grimmo is ""engaging in imitation behavior"" and his action ""evok[es] the image of a spinning top or a spinning dancer"" - but this is describing what it looks like to us, not necessarily what Grimmo is imitating.

Given that Grimmo has only experienced his underground environment with fungi and minerals, and has never seen humans, planets, or human objects, **option D** is the only thing from his actual environment that he could be imitating.

[[D]]","Let me analyze this step by step.

**Understanding the context:**
- Grimmo is a robot living in Terra Valley, an underground world
- He has never seen the sky or celestial bodies
- He has never seen humans
- Terra Valley contains bioluminescent fungi and twinkling minerals
- Grimmo is performing an imitation behavior: extending his arms and rotating around his own axis

**Analyzing each answer option:**

**A. A spinning top:**
- Spinning tops are human-made toys
- Grimmo has never seen humans, so he likely hasn't seen human toys
- Less likely

**B. The rotation of a planet:**
- Grimmo has never seen the sky or celestial bodies
- He wouldn't know about planets or their rotation
- Very unlikely

**C. A dancer's spiral rotation:**
- Dancers are humans
- Grimmo has never seen humans
- He wouldn't know what a dancer is
- Very unlikely

**D. A glowing mushroom spinning in the wind:**
- Terra Valley is full of bioluminescent fungi (glowing mushrooms)
- This is something Grimmo would actually encounter in his environment
- However, Terra Valley is underground - would there be wind?
- Also, the story says he ""extends his arms"" which is more deliberate than a mushroom spinning

**Re-examining the story:**
The story states Grimmo is ""engaging in imitation behavior"" and his action ""evok[es] the image of a spinning top or a spinning dancer"" - but this is describing what it looks like to us, not necessarily what Grimmo is imitating.

Given that Grimmo has only experienced his underground environment with fungi and minerals, and has never seen humans, planets, or human objects, **option D** is the only thing from his actual environment that he could be imitating.",D
1624,"A coffee shop currently makes 40 drinks, the waiter tells the manager, most customers like American coffee, some like latte, few people buy cappuccino. After the manager checks the order, he finds that only 10 orders are latte.","Please ask before the manager checks the order, how many orders does he guess are American coffee?","Before the manager checks the order, he guesses there are 20 orders of American coffee.","Before the manager checks the order, he guesses there are 30 orders of American coffee.","Before the manager checks the order, he guesses there are 15 orders of American coffee.","Before the manager checks the order, he guesses there are 25 orders of American coffee.",B,Scalar Implicature Test,"The shop has 40 drinks in total.

The waiter says:
- Most customers like American coffee.
- Some like latte.
- Few buy cappuccino.

After checking, the manager finds 10 latte orders.  
Before checking, based on ""most / some / few,"" a reasonable mental split for 40 might be:
- Latte (""some"") ≈ 10  
- Cappuccino (""few"") ≈ a small number, say 5  
- American (""most"") = 40 − 10 − 5 = 25  

Also, ""most"" of 40 must be more than 20. Among the options:
- 15 and 20 are not ""most"" (not a clear majority of 40),
- 30 would leave 0 for cappuccino (contradicts ""few people buy cappuccino""),
- 25 fits both ""most"" and leaves room for ""few"" cappuccino and ""some"" latte.

So the most plausible guess is 25 American coffees.

[[D]]","The shop has 40 drinks in total.

The waiter says:
- Most customers like American coffee.
- Some like latte.
- Few buy cappuccino.

After checking, the manager finds 10 latte orders.  
Before checking, based on ""most / some / few,"" a reasonable mental split for 40 might be:
- Latte (""some"") ≈ 10  
- Cappuccino (""few"") ≈ a small number, say 5  
- American (""most"") = 40 − 10 − 5 = 25  

Also, ""most"" of 40 must be more than 20. Among the options:
- 15 and 20 are not ""most"" (not a clear majority of 40),
- 30 would leave 0 for cappuccino (contradicts ""few people buy cappuccino""),
- 25 fits both ""most"" and leaves room for ""few"" cappuccino and ""some"" latte.

So the most plausible guess is 25 American coffees.",D,"Let me analyze this step by step.

**Given Information:**
- Total drinks: 40
- Waiter's report: ""most customers like American coffee, some like latte, few people buy cappuccino""
- After checking: 10 orders are latte

**Analysis:**

The waiter describes three categories:
1. ""Most"" - American coffee
2. ""Some"" - Latte
3. ""Few"" - Cappuccino

Based on the waiter's description, the manager would interpret:
- ""Most"" = the majority of orders
- ""Some"" = a moderate amount
- ""Few"" = a small amount

Since there are 40 total drinks and the waiter says ""most"" prefer American coffee, the manager would expect American coffee to be more than half of the orders.

Let me evaluate each option:
- **Option A: 20 orders** - This is exactly 50%, which is ""half"" not ""most""
- **Option B: 30 orders** - This is 75%, which clearly represents ""most""
- **Option C: 15 orders** - This is 37.5%, which is less than half, contradicting ""most""
- **Option D: 25 orders** - This is 62.5%, which could be considered ""most"" but is less dominant

Given that:
- The waiter said ""most"" customers like American coffee
- We later learn 10 are latte (25%)
- ""Few"" buy cappuccino (likely small number)

If 10 are latte and represent ""some,"" and cappuccino is ""few"" (perhaps 0-5), then American coffee should be around 25-30 orders to represent ""most.""

Option B (30 orders) best represents what ""most"" would mean - a clear majority at 75% of total orders.

[[B]]","Let me analyze this step by step.

**Given Information:**
- Total drinks: 40
- Waiter's report: ""most customers like American coffee, some like latte, few people buy cappuccino""
- After checking: 10 orders are latte

**Analysis:**

The waiter describes three categories:
1. ""Most"" - American coffee
2. ""Some"" - Latte
3. ""Few"" - Cappuccino

Based on the waiter's description, the manager would interpret:
- ""Most"" = the majority of orders
- ""Some"" = a moderate amount
- ""Few"" = a small amount

Since there are 40 total drinks and the waiter says ""most"" prefer American coffee, the manager would expect American coffee to be more than half of the orders.

Let me evaluate each option:
- **Option A: 20 orders** - This is exactly 50%, which is ""half"" not ""most""
- **Option B: 30 orders** - This is 75%, which clearly represents ""most""
- **Option C: 15 orders** - This is 37.5%, which is less than half, contradicting ""most""
- **Option D: 25 orders** - This is 62.5%, which could be considered ""most"" but is less dominant

Given that:
- The waiter said ""most"" customers like American coffee
- We later learn 10 are latte (25%)
- ""Few"" buy cappuccino (likely small number)

If 10 are latte and represent ""some,"" and cappuccino is ""few"" (perhaps 0-5), then American coffee should be around 25-30 orders to represent ""most.""

Option B (30 orders) best represents what ""most"" would mean - a clear majority at 75% of total orders.",B
1627,"Mr. Li retires in two years, his work is leisurely, his daughter Xiao Hong finds out that his health is not very good recently, she suggests that he exercises more, but Mr. Li declines many times on the grounds of work.",How does Xiao Hong convince Mr. Li?,"Dad, physical exercise is very beneficial to health, you listen to me.","Dad, my health is not very good recently, I want to exercise, do you accompany me?","Dad, moderate exercise improves work efficiency, making you perform better at work.","Xiao Hong can promise that if Li exercises as planned, she buys a down jacket for Li for the winter.",B,Persuasion Story Task,"Mr. Li is refusing exercise using “work” as his excuse.  

- Option A: Purely emphasizes health benefits; this is likely what Xiao Hong already tried, and it failed.  
- Option B: Shifts focus to Xiao Hong’s supposed poor health and asks him to accompany her; this might work emotionally, but it doesn’t address his stated reason (work) and introduces an unnecessary (possibly false) claim.  
- Option C: Directly links exercise to improved work efficiency and better performance, targeting his exact excuse—“I’m busy with work”—making it harder for him to refuse.  
- Option D: Uses a material reward (down jacket), which is less appropriate and less in line with typical filial persuasion logic.

The option that best counters Mr. Li’s stated reason and is most persuasive in context is C.

[[C]]","Mr. Li is refusing exercise using “work” as his excuse.  

- Option A: Purely emphasizes health benefits; this is likely what Xiao Hong already tried, and it failed.  
- Option B: Shifts focus to Xiao Hong’s supposed poor health and asks him to accompany her; this might work emotionally, but it doesn’t address his stated reason (work) and introduces an unnecessary (possibly false) claim.  
- Option C: Directly links exercise to improved work efficiency and better performance, targeting his exact excuse—“I’m busy with work”—making it harder for him to refuse.  
- Option D: Uses a material reward (down jacket), which is less appropriate and less in line with typical filial persuasion logic.

The option that best counters Mr. Li’s stated reason and is most persuasive in context is C.",C,"Let me analyze this step by step.

**Understanding the situation:**
- Mr. Li retires in two years
- His work is leisurely (not demanding)
- His health is not very good
- Xiao Hong (his daughter) suggests he exercises more
- Mr. Li declines multiple times, using work as an excuse

**Analyzing each answer option:**

**A. ""Dad, physical exercise is very beneficial to health, you listen to me.""**
- This is a direct appeal about health benefits
- However, Mr. Li has already declined multiple times, suggesting direct appeals haven't worked
- This approach is authoritative (""you listen to me""), which may not be effective with a parent

**B. ""Dad, my health is not very good recently, I want to exercise, do you accompany me?""**
- This reframes the request as asking for his help/company
- Makes it about the daughter's needs rather than criticizing his choices
- Removes the pressure and gives him a different motivation (helping his daughter)
- This is a psychologically clever approach that avoids confrontation

**C. ""Dad, moderate exercise improves work efficiency, making you perform better at work.""**
- Addresses his stated excuse (work)
- However, his work is described as ""leisurely"" and he's retiring in two years
- Work performance is likely not a strong motivator at this stage
- This seems less convincing given the context

**D. ""Xiao Hong can promise that if Li exercises as planned, she buys a down jacket for Li for the winter.""**
- This is a material incentive/bribe
- Seems less appropriate for a parent-child relationship
- Doesn't address the underlying resistance

**Conclusion:**
Option B is the most psychologically effective approach. It sidesteps Mr. Li's resistance by reframing the situation - instead of being told what to do for his health, he's being asked to help his daughter. This preserves his dignity, gives him agency, and appeals to his parental instincts.

[[B]]","Let me analyze this step by step.

**Understanding the situation:**
- Mr. Li retires in two years
- His work is leisurely (not demanding)
- His health is not very good
- Xiao Hong (his daughter) suggests he exercises more
- Mr. Li declines multiple times, using work as an excuse

**Analyzing each answer option:**

**A. ""Dad, physical exercise is very beneficial to health, you listen to me.""**
- This is a direct appeal about health benefits
- However, Mr. Li has already declined multiple times, suggesting direct appeals haven't worked
- This approach is authoritative (""you listen to me""), which may not be effective with a parent

**B. ""Dad, my health is not very good recently, I want to exercise, do you accompany me?""**
- This reframes the request as asking for his help/company
- Makes it about the daughter's needs rather than criticizing his choices
- Removes the pressure and gives him a different motivation (helping his daughter)
- This is a psychologically clever approach that avoids confrontation

**C. ""Dad, moderate exercise improves work efficiency, making you perform better at work.""**
- Addresses his stated excuse (work)
- However, his work is described as ""leisurely"" and he's retiring in two years
- Work performance is likely not a strong motivator at this stage
- This seems less convincing given the context

**D. ""Xiao Hong can promise that if Li exercises as planned, she buys a down jacket for Li for the winter.""**
- This is a material incentive/bribe
- Seems less appropriate for a parent-child relationship
- Doesn't address the underlying resistance

**Conclusion:**
Option B is the most psychologically effective approach. It sidesteps Mr. Li's resistance by reframing the situation - instead of being told what to do for his health, he's being asked to help his daughter. This preserves his dignity, gives him agency, and appeals to his parental instincts.",B
1637,"One day after school, Xiao Hong and Xiao Gang chat in front of the library. Xiao Hong whispers to Xiao Gang: ""Let's go to the amusement park tomorrow, change the environment."" Xiao Gang nods, then Xiao Hong adds: ""We haven't gone out together for a long time, Xiao Ming seems very busy recently."" The next day, Xiao Ming accidentally sees them in the amusement park and asks: ""Why are you all here today?"" Xiao Hong answers: ""Oh, we remember that we said we would go out together, so we come.""",Does anyone say something inappropriate in this story?,Someone in the story says something inappropriate.,No one in the story says anything inappropriate.,,,A,Faux-pas Recognition Test,"The story’s dialogue is all reasonable and polite; nothing stands out as rude, illogical, or inappropriate.

So the best choice is:

[[B]]","The story’s dialogue is all reasonable and polite; nothing stands out as rude, illogical, or inappropriate.

So the best choice is:",B,"Let me analyze this story step by step.

**Key Events:**
1. Xiao Hong and Xiao Gang chat in front of the library after school
2. Xiao Hong whispers to Xiao Gang about going to the amusement park tomorrow
3. Xiao Hong mentions they haven't gone out together for a long time, and that Xiao Ming seems very busy recently
4. The next day, Xiao Ming accidentally sees them at the amusement park
5. Xiao Ming asks why they are there
6. Xiao Hong responds: ""Oh, we remember that we said we would go out together, so we come.""

**Analysis:**
- Xiao Hong's initial conversation with Xiao Gang was whispered and private - they planned to go to the amusement park together without including Xiao Ming
- Xiao Hong even mentioned that Xiao Ming ""seems very busy recently,"" which could be a justification for not inviting him
- When Xiao Ming unexpectedly encounters them at the amusement park and asks why they're there, Xiao Hong gives a misleading response
- Xiao Hong says ""we remember that we said we would go out together"" - this is deceptive because:
  - They didn't have a prior agreement with Xiao Ming
  - They deliberately planned this trip privately the day before
  - This response makes it sound like it was a pre-arranged group plan, when it wasn't

**Conclusion:**
Xiao Hong's response to Xiao Ming is inappropriate because it's dishonest. She's trying to cover up the fact that she and Xiao Gang went to the amusement park without inviting Xiao Ming, by making it seem like it was a previously agreed-upon plan.

[[A]]","Let me analyze this story step by step.

**Key Events:**
1. Xiao Hong and Xiao Gang chat in front of the library after school
2. Xiao Hong whispers to Xiao Gang about going to the amusement park tomorrow
3. Xiao Hong mentions they haven't gone out together for a long time, and that Xiao Ming seems very busy recently
4. The next day, Xiao Ming accidentally sees them at the amusement park
5. Xiao Ming asks why they are there
6. Xiao Hong responds: ""Oh, we remember that we said we would go out together, so we come.""

**Analysis:**
- Xiao Hong's initial conversation with Xiao Gang was whispered and private - they planned to go to the amusement park together without including Xiao Ming
- Xiao Hong even mentioned that Xiao Ming ""seems very busy recently,"" which could be a justification for not inviting him
- When Xiao Ming unexpectedly encounters them at the amusement park and asks why they're there, Xiao Hong gives a misleading response
- Xiao Hong says ""we remember that we said we would go out together"" - this is deceptive because:
  - They didn't have a prior agreement with Xiao Ming
  - They deliberately planned this trip privately the day before
  - This response makes it sound like it was a pre-arranged group plan, when it wasn't

**Conclusion:**
Xiao Hong's response to Xiao Ming is inappropriate because it's dishonest. She's trying to cover up the fact that she and Xiao Gang went to the amusement park without inviting Xiao Ming, by making it seem like it was a previously agreed-upon plan.",A
1669,"Over the weekend, Xiao Li runs into his old friend Xiao Zhang, whom he has not seen for many years, in the park. They have a great time chatting. Xiao Li says, ""Remember, we always go hiking together when we are both single."" Xiao Zhang laughs and replies, ""Yes, we are really happy at that time."" Xiao Li then asks, ""By the way, do you get married now?"" Xiao Zhang, with an embarrassed look on his face, says, ""Actually, I get married three years ago, and you even give a gift at that time.""","If there is, which sentence is inappropriate?","Remember, we always go hiking together when we are both single.","By the way, are you married now?","Actually, I get married three years ago, and you even give a gift at that time.",There is no inappropriate sentence,B,Faux-pas Recognition Test,"The inappropriate sentence is the one with incorrect tense usage.

Sentence C: ""Actually, I get married three years ago, and you even give a gift at that time."" is grammatically incorrect. It should be: ""I **got** married three years ago, and you even **gave** a gift at that time.""

Sentences A and B are acceptable in context, so the most inappropriate is C.

[[C]]","The inappropriate sentence is the one with incorrect tense usage.

Sentence C: ""Actually, I get married three years ago, and you even give a gift at that time."" is grammatically incorrect. It should be: ""I **got** married three years ago, and you even **gave** a gift at that time.""

Sentences A and B are acceptable in context, so the most inappropriate is C.",C,"Let me analyze this step by step.

First, I need to understand what happened in the story:
- Xiao Li and Xiao Zhang are old friends who haven't seen each other in many years
- They meet in the park and chat
- Xiao Li reminisces about when they were both single and went hiking together
- Xiao Li asks if Xiao Zhang is married now
- Xiao Zhang responds that he got married three years ago, and Xiao Li even gave a gift at the wedding

Now, let me examine which sentence might be inappropriate:

**Option A**: ""Remember, we always go hiking together when we are both single.""
- This is just reminiscing about the past - seems fine.

**Option B**: ""By the way, are you married now?""
- This is where the problem lies. Xiao Li is asking if Xiao Zhang is married, but according to Xiao Zhang's response, Xiao Li actually attended the wedding three years ago and even gave a gift. This means Xiao Li should already know that Xiao Zhang is married. Asking this question shows Xiao Li has forgotten about attending the wedding, which is embarrassing and inappropriate - it explains why Xiao Zhang had ""an embarrassed look on his face.""

**Option C**: ""Actually, I get married three years ago, and you even give a gift at that time.""
- This is Xiao Zhang's response, pointing out the awkward fact that Xiao Li should already know the answer. The response itself is not inappropriate; it's a correction.

**Option D**: ""There is no inappropriate sentence""
- This would be incorrect since Option B is clearly inappropriate.

The inappropriate sentence is Xiao Li asking if Xiao Zhang is married when he had already attended the wedding and given a gift.

[[B]]","Let me analyze this step by step.

First, I need to understand what happened in the story:
- Xiao Li and Xiao Zhang are old friends who haven't seen each other in many years
- They meet in the park and chat
- Xiao Li reminisces about when they were both single and went hiking together
- Xiao Li asks if Xiao Zhang is married now
- Xiao Zhang responds that he got married three years ago, and Xiao Li even gave a gift at the wedding

Now, let me examine which sentence might be inappropriate:

**Option A**: ""Remember, we always go hiking together when we are both single.""
- This is just reminiscing about the past - seems fine.

**Option B**: ""By the way, are you married now?""
- This is where the problem lies. Xiao Li is asking if Xiao Zhang is married, but according to Xiao Zhang's response, Xiao Li actually attended the wedding three years ago and even gave a gift. This means Xiao Li should already know that Xiao Zhang is married. Asking this question shows Xiao Li has forgotten about attending the wedding, which is embarrassing and inappropriate - it explains why Xiao Zhang had ""an embarrassed look on his face.""

**Option C**: ""Actually, I get married three years ago, and you even give a gift at that time.""
- This is Xiao Zhang's response, pointing out the awkward fact that Xiao Li should already know the answer. The response itself is not inappropriate; it's a correction.

**Option D**: ""There is no inappropriate sentence""
- This would be incorrect since Option B is clearly inappropriate.

The inappropriate sentence is Xiao Li asking if Xiao Zhang is married when he had already attended the wedding and given a gift.",B
1679,"Li Hua studies in the library, suddenly his laptop shows low battery. He starts to look for power outlets in the library, but all the outlets are in use by others. At this time, his friend Xiao Hong sends a message, inviting him to study in the coffee shop. Li Hua also remembers that his sister comes to the library to discuss an important family event with him in the afternoon. He is considering whether to go to the coffee shop, or stay in the library waiting for his sister.","After the battery of Li Hua's laptop runs low, what does he do?",He goes to the coffee shop to study with Xiao Hong.,He continues to look for power outlets in the library.,He goes home to get the charger.,He stays in the library waiting for his sister.,D,Completion of failed actions,"Li Hua is studying in the library when his laptop shows low battery.  
The story then says: *“He starts to look for power outlets in the library, but all the outlets are in use by others.”*  

So, directly after the battery runs low, what he actually does is look for power outlets in the library.

Therefore, the most likely answer is:

[[B]]","Li Hua is studying in the library when his laptop shows low battery.  
The story then says: *“He starts to look for power outlets in the library, but all the outlets are in use by others.”*  

So, directly after the battery runs low, what he actually does is look for power outlets in the library.

Therefore, the most likely answer is:",B,"Let me analyze this step by step.

**Given information:**
1. Li Hua's laptop shows low battery
2. He looks for power outlets in the library, but all are occupied
3. His friend Xiao Hong invites him to study at a coffee shop
4. His sister is coming to the library in the afternoon to discuss an important family event
5. He is considering whether to go to the coffee shop or stay in the library waiting for his sister

**Analysis of each option:**

A. **He goes to the coffee shop to study with Xiao Hong** - This is one option he's considering, but the story doesn't confirm he actually does this.

B. **He continues to look for power outlets in the library** - The story states he already looked for outlets and found them all occupied. There's no indication he continues searching after this.

C. **He goes home to get the charger** - This is not mentioned anywhere in the story as an option he considers.

D. **He stays in the library waiting for his sister** - This is one option he's considering, especially since his sister is coming for an important family event.

**Key consideration:**
The question asks what he does ""after the battery runs low."" The story describes the sequence of events but ends with him ""considering"" his options - it doesn't explicitly state what decision he makes.

However, given that:
- His sister is coming for an ""important family event""
- Important family matters typically take priority
- He's already at the library where his sister expects to meet him

The most logical choice would be **D** - staying in the library to wait for his sister, as missing an important family discussion would likely be more problematic than the laptop battery issue.

[[D]]","Let me analyze this step by step.

**Given information:**
1. Li Hua's laptop shows low battery
2. He looks for power outlets in the library, but all are occupied
3. His friend Xiao Hong invites him to study at a coffee shop
4. His sister is coming to the library in the afternoon to discuss an important family event
5. He is considering whether to go to the coffee shop or stay in the library waiting for his sister

**Analysis of each option:**

A. **He goes to the coffee shop to study with Xiao Hong** - This is one option he's considering, but the story doesn't confirm he actually does this.

B. **He continues to look for power outlets in the library** - The story states he already looked for outlets and found them all occupied. There's no indication he continues searching after this.

C. **He goes home to get the charger** - This is not mentioned anywhere in the story as an option he considers.

D. **He stays in the library waiting for his sister** - This is one option he's considering, especially since his sister is coming for an important family event.

**Key consideration:**
The question asks what he does ""after the battery runs low."" The story describes the sequence of events but ends with him ""considering"" his options - it doesn't explicitly state what decision he makes.

However, given that:
- His sister is coming for an ""important family event""
- Important family matters typically take priority
- He's already at the library where his sister expects to meet him

The most logical choice would be **D** - staying in the library to wait for his sister, as missing an important family discussion would likely be more problematic than the laptop battery issue.",D
1695,"Mr. Li works in a different city for a long time and rarely gets the chance to go home. On his wife's birthday, he specifically comes home early to prepare a special dinner for her. Even so, Mr. Li's long-term absence from home has a deep negative impact on his wife and children.",What is the reaction of his wife when Mr. Li comes home?,Proud,Happy,Panic,Angry,D,Unexpected Outcome Test,"Mr. Li rarely gets to go home but makes a special effort to return early on his wife's birthday and prepare a special dinner. This is clearly meant as a loving gesture. Although his long-term absence has negatively affected his wife and children emotionally, the immediate reaction to his thoughtful act on her birthday is most likely positive rather than negative.

Between the options:
- ""Happy"" (B) best matches the situation of a surprise early return with a special dinner.
- ""Angry"" or ""Panic"" are less consistent with the birthday context and his kind intention.
- ""Proud"" doesn’t directly match a typical emotional reaction in this scenario as strongly as ""happy.""

So the most likely answer is:

[[B]]","Mr. Li rarely gets to go home but makes a special effort to return early on his wife's birthday and prepare a special dinner. This is clearly meant as a loving gesture. Although his long-term absence has negatively affected his wife and children emotionally, the immediate reaction to his thoughtful act on her birthday is most likely positive rather than negative.

Between the options:
- ""Happy"" (B) best matches the situation of a surprise early return with a special dinner.
- ""Angry"" or ""Panic"" are less consistent with the birthday context and his kind intention.
- ""Proud"" doesn’t directly match a typical emotional reaction in this scenario as strongly as ""happy.""

So the most likely answer is:",B,"Let me analyze this step by step.

**Understanding the situation:**
- Mr. Li works in a different city and is rarely home
- He makes a special effort to come home early for his wife's birthday
- He plans to prepare a special dinner for her
- However, his long-term absence has had a ""deep negative impact"" on his wife and children

**Analyzing each answer option:**

A. **Proud** - There's no indication in the story that would make his wife feel proud. This doesn't fit the context.

B. **Happy** - While Mr. Li is making a thoughtful gesture (coming home early, preparing dinner for her birthday), the story emphasizes that his long-term absence has had a ""deep negative impact."" This suggests the situation is more complex than simple happiness.

C. **Panic** - There's nothing in the story suggesting his wife would panic at his arrival. This doesn't make logical sense.

D. **Angry** - Given that his long-term absence has had a ""deep negative impact"" on his wife and children, it's reasonable that his wife might harbor resentment or anger about his frequent absence. Even though he's making a special effort for her birthday, the accumulated frustration from his long-term absence could manifest as anger.

**Conclusion:**
The key phrase is ""deep negative impact"" from his long-term absence. While the birthday gesture is thoughtful, the story emphasizes the negative consequences of his absence more strongly. This suggests that despite the special occasion, his wife's reaction would likely reflect the accumulated negative feelings rather than simple joy at his temporary return.

[[D]]","Let me analyze this step by step.

**Understanding the situation:**
- Mr. Li works in a different city and is rarely home
- He makes a special effort to come home early for his wife's birthday
- He plans to prepare a special dinner for her
- However, his long-term absence has had a ""deep negative impact"" on his wife and children

**Analyzing each answer option:**

A. **Proud** - There's no indication in the story that would make his wife feel proud. This doesn't fit the context.

B. **Happy** - While Mr. Li is making a thoughtful gesture (coming home early, preparing dinner for her birthday), the story emphasizes that his long-term absence has had a ""deep negative impact."" This suggests the situation is more complex than simple happiness.

C. **Panic** - There's nothing in the story suggesting his wife would panic at his arrival. This doesn't make logical sense.

D. **Angry** - Given that his long-term absence has had a ""deep negative impact"" on his wife and children, it's reasonable that his wife might harbor resentment or anger about his frequent absence. Even though he's making a special effort for her birthday, the accumulated frustration from his long-term absence could manifest as anger.

**Conclusion:**
The key phrase is ""deep negative impact"" from his long-term absence. While the birthday gesture is thoughtful, the story emphasizes the negative consequences of his absence more strongly. This suggests that despite the special occasion, his wife's reaction would likely reflect the accumulated negative feelings rather than simple joy at his temporary return.",D
1716,"In a miniature city built entirely of shiny metal and glowing circuits, a robot named Blinko lives. This metal city is called Circuiton, hidden deep in an asteroid belt, never having contact with wild animals on Earth. Therefore, Blinko knows nothing about the creatures on Earth. However, Circuiton is full of small hovering drones, they move with precise angles and sudden stops. Blinko is doing imitation behavior: it moves with fast, fierce actions, suddenly stops, then quickly changes direction, the imitated action is very similar to a hummingbird hovering for food in mid-air.",What is Blinko possibly imitating?,A hummingbird hovering for nectar.,A drone performing tasks.,A butterfly fluttering among flowers.,A bat quickly changing flight direction.,B,Knowledge-pretend play links,"Blinko lives in Circuiton with hovering drones and no exposure to Earth animals, but the story explicitly says:

> ""the imitated action is **very similar to a hummingbird hovering for food in mid-air.**""

The question asks what Blinko is **possibly** imitating, and the description matches a hummingbird’s hovering behavior.

So the most likely answer is:

[[A]]","Blinko lives in Circuiton with hovering drones and no exposure to Earth animals, but the story explicitly says:

> ""the imitated action is **very similar to a hummingbird hovering for food in mid-air.**""

The question asks what Blinko is **possibly** imitating, and the description matches a hummingbird’s hovering behavior.

So the most likely answer is:",A,"Let me analyze this step by step.

**Key information from the story:**
1. Blinko is a robot living in Circuiton, a metal city in an asteroid belt
2. Circuiton has never had contact with wild animals on Earth
3. Blinko knows nothing about creatures on Earth
4. Circuiton is full of small hovering drones that move with precise angles and sudden stops
5. Blinko is doing imitation behavior with fast, fierce actions, sudden stops, and quick direction changes
6. The story mentions this action is ""very similar to a hummingbird hovering for food""

**Analysis of each option:**

A. **A hummingbird hovering for nectar** - The story explicitly states Blinko knows nothing about Earth creatures and has never had contact with wild animals. Therefore, Blinko cannot be imitating a hummingbird, even though the description matches hummingbird behavior.

B. **A drone performing tasks** - The story states Circuiton is full of small hovering drones that move with precise angles and sudden stops. Since Blinko lives among these drones and is performing imitation behavior, this is what Blinko would actually be imitating.

C. **A butterfly fluttering among flowers** - Blinko has no knowledge of Earth creatures, so cannot be imitating a butterfly.

D. **A bat quickly changing flight direction** - Again, Blinko has no knowledge of Earth creatures, so cannot be imitating a bat.

**Conclusion:**
The story mentions hummingbirds only as a comparison for the reader to understand what the movement looks like, not as what Blinko is actually imitating. Since Blinko lives in Circuiton surrounded by hovering drones and knows nothing about Earth animals, Blinko must be imitating the drones.

[[B]]","Let me analyze this step by step.

**Key information from the story:**
1. Blinko is a robot living in Circuiton, a metal city in an asteroid belt
2. Circuiton has never had contact with wild animals on Earth
3. Blinko knows nothing about creatures on Earth
4. Circuiton is full of small hovering drones that move with precise angles and sudden stops
5. Blinko is doing imitation behavior with fast, fierce actions, sudden stops, and quick direction changes
6. The story mentions this action is ""very similar to a hummingbird hovering for food""

**Analysis of each option:**

A. **A hummingbird hovering for nectar** - The story explicitly states Blinko knows nothing about Earth creatures and has never had contact with wild animals. Therefore, Blinko cannot be imitating a hummingbird, even though the description matches hummingbird behavior.

B. **A drone performing tasks** - The story states Circuiton is full of small hovering drones that move with precise angles and sudden stops. Since Blinko lives among these drones and is performing imitation behavior, this is what Blinko would actually be imitating.

C. **A butterfly fluttering among flowers** - Blinko has no knowledge of Earth creatures, so cannot be imitating a butterfly.

D. **A bat quickly changing flight direction** - Again, Blinko has no knowledge of Earth creatures, so cannot be imitating a bat.

**Conclusion:**
The story mentions hummingbirds only as a comparison for the reader to understand what the movement looks like, not as what Blinko is actually imitating. Since Blinko lives in Circuiton surrounded by hovering drones and knows nothing about Earth animals, Blinko must be imitating the drones.",B
1741,"Professor Wang is a renowned historian, teaching at a university in Beijing. He earns respect for his profound historical knowledge and attention to detail. Once, the school asks him to give a speech at an important international conference. Professor Wang is not good at public speaking, and he is not interested in the theme of this conference, planning to find an excuse to withdraw from this speech. When his colleague asks him about the preparation for the upcoming speech, Professor Wang says he is preparing a wonderful speech about ancient Chinese history, he is doing a lot of research.",Why does Professor Wang say this?,"Professor Wang says this because he really does a lot of research, but he does not want to reveal the content of the speech too early.","Professor Wang previously accepts an urgent research project, he concentrates his time and energy on this project, so he does not have time to prepare the speech.","Professor Wang says this because he is not good at public speaking, lacks enthusiasm for the conference theme, so he wants to find an excuse to avoid giving a speech at the conference.",Professor Wang says this because he wants to leave a professional and diligent impression on his colleagues.,C,Strange Story Task,"Professor Wang is planning to find an excuse to withdraw from the speech, but when his colleague asks, he instead claims he is preparing a wonderful speech and doing a lot of research. This suggests he is hiding his true intention and trying to maintain a positive, professional image.

Option A contradicts the story (he’s not really preparing), option B introduces new information not in the story, and option C misaligns the content of what he says (his statement doesn’t help him avoid the speech). Option D best fits: he wants to appear diligent and professional in front of his colleague.

[[D]]","Professor Wang is planning to find an excuse to withdraw from the speech, but when his colleague asks, he instead claims he is preparing a wonderful speech and doing a lot of research. This suggests he is hiding his true intention and trying to maintain a positive, professional image.

Option A contradicts the story (he’s not really preparing), option B introduces new information not in the story, and option C misaligns the content of what he says (his statement doesn’t help him avoid the speech). Option D best fits: he wants to appear diligent and professional in front of his colleague.",D,"Let me analyze this step by step.

**Key information from the story:**
1. Professor Wang is asked to give a speech at an important international conference
2. He is NOT good at public speaking
3. He is NOT interested in the theme of this conference
4. He is planning to find an excuse to withdraw from the speech
5. When asked by a colleague, he says he is preparing a wonderful speech and doing a lot of research

**Analysis of each answer:**

**A. He really does a lot of research but doesn't want to reveal content too early**
- This contradicts the story, which states he plans to find an excuse to withdraw
- If he were genuinely preparing, he wouldn't be looking for excuses to avoid it
- Unlikely

**B. He has an urgent research project and no time to prepare**
- The story doesn't mention any urgent research project
- This is not supported by the information given
- Unlikely

**C. He is not good at public speaking, lacks enthusiasm, so he wants to find an excuse to avoid the speech**
- This directly aligns with the story: he's not good at public speaking, not interested in the theme, and planning to find an excuse to withdraw
- His statement about preparing could be a way to buy time or deflect questions while he figures out how to withdraw
- This matches all the key facts
- Most likely

**D. He wants to leave a professional and diligent impression**
- While this could be a secondary motivation, it doesn't explain why he's planning to withdraw
- This doesn't address the core issue of him wanting to avoid the speech
- Less likely than C

**Conclusion:**
Option C best explains Professor Wang's behavior - he's telling his colleague he's preparing as a temporary excuse while he actually plans to withdraw from the speech due to his discomfort with public speaking and lack of interest in the theme.

[[C]]","Let me analyze this step by step.

**Key information from the story:**
1. Professor Wang is asked to give a speech at an important international conference
2. He is NOT good at public speaking
3. He is NOT interested in the theme of this conference
4. He is planning to find an excuse to withdraw from the speech
5. When asked by a colleague, he says he is preparing a wonderful speech and doing a lot of research

**Analysis of each answer:**

**A. He really does a lot of research but doesn't want to reveal content too early**
- This contradicts the story, which states he plans to find an excuse to withdraw
- If he were genuinely preparing, he wouldn't be looking for excuses to avoid it
- Unlikely

**B. He has an urgent research project and no time to prepare**
- The story doesn't mention any urgent research project
- This is not supported by the information given
- Unlikely

**C. He is not good at public speaking, lacks enthusiasm, so he wants to find an excuse to avoid the speech**
- This directly aligns with the story: he's not good at public speaking, not interested in the theme, and planning to find an excuse to withdraw
- His statement about preparing could be a way to buy time or deflect questions while he figures out how to withdraw
- This matches all the key facts
- Most likely

**D. He wants to leave a professional and diligent impression**
- While this could be a secondary motivation, it doesn't explain why he's planning to withdraw
- This doesn't address the core issue of him wanting to avoid the speech
- Less likely than C

**Conclusion:**
Option C best explains Professor Wang's behavior - he's telling his colleague he's preparing as a temporary excuse while he actually plans to withdraw from the speech due to his discomfort with public speaking and lack of interest in the theme.",C
1746,"Xiao Ming is 8 years old, he likes to watch cartoons. Today, he and his grandfather are watching TV, the TV is playing his grandfather's favorite Peking Opera, but Xiao Ming wants to watch cartoons.",How does Xiao Ming persuade his grandfather?,"Grandpa, I know you like Peking Opera, but I also hope you understand my interest. If you think cartoons are not good, we can switch back.","Grandpa, I really like this cartoon, I want to watch it now. Can you accompany me to watch it, just for a while.","Grandpa, we can watch cartoons while eating snacks, this is more fun!","Grandpa, I have seen some traditional cultural content in this cartoon before, maybe you are interested.",B,Persuasion Story Task,"First, compare the options in terms of how well they show respect to the grandfather and use reasonable persuasion:

- **A**: Acknowledges Grandpa’s preference (“I know you like Peking Opera”), expresses Xiao Ming’s own interest, and proposes a compromise (“If you think cartoons are not good, we can switch back”). This is respectful and considerate, and it offers a backup plan, which is persuasive.

- **B**: Directly states his own desire and asks Grandpa to accompany him. It’s polite but mostly self-centered; it doesn’t address Grandpa’s current enjoyment of Peking Opera or offer a compromise.

- **C**: Adds snacks to make it “more fun,” but doesn’t connect to Grandpa’s interests or respect his current choice of show. This sounds more like tempting rather than genuinely persuading in a considerate way.

- **D**: Tries to connect cartoons to traditional culture, which might interest Grandpa, but it’s speculative and less natural than simply acknowledging Grandpa’s preference and proposing a fair solution.

Considering cultural norms (respecting elders, showing understanding, and suggesting compromise), **A** is the most reasonable and persuasive way for Xiao Ming to talk to his grandfather.

**Final answer:** [[A]]","First, compare the options in terms of how well they show respect to the grandfather and use reasonable persuasion:

- **A**: Acknowledges Grandpa’s preference (“I know you like Peking Opera”), expresses Xiao Ming’s own interest, and proposes a compromise (“If you think cartoons are not good, we can switch back”). This is respectful and considerate, and it offers a backup plan, which is persuasive.

- **B**: Directly states his own desire and asks Grandpa to accompany him. It’s polite but mostly self-centered; it doesn’t address Grandpa’s current enjoyment of Peking Opera or offer a compromise.

- **C**: Adds snacks to make it “more fun,” but doesn’t connect to Grandpa’s interests or respect his current choice of show. This sounds more like tempting rather than genuinely persuading in a considerate way.

- **D**: Tries to connect cartoons to traditional culture, which might interest Grandpa, but it’s speculative and less natural than simply acknowledging Grandpa’s preference and proposing a fair solution.

Considering cultural norms (respecting elders, showing understanding, and suggesting compromise), **A** is the most reasonable and persuasive way for Xiao Ming to talk to his grandfather.

**Final answer:**",A,"Let me analyze this step by step.

**Context Analysis:**
- Xiao Ming is 8 years old and likes cartoons
- Currently watching TV with grandfather
- Grandfather's favorite Peking Opera is playing
- Xiao Ming wants to watch cartoons instead

**Evaluating Each Answer Option:**

**Option A:** ""Grandpa, I know you like Peking Opera, but I also hope you understand my interest. If you think cartoons are not good, we can switch back.""
- This shows mature reasoning and compromise
- However, this seems too sophisticated for an 8-year-old child
- The language and negotiation style is quite adult-like

**Option B:** ""Grandpa, I really like this cartoon, I want to watch it now. Can you accompany me to watch it, just for a while.""
- Simple, direct, and honest
- Uses child-like language appropriate for an 8-year-old
- Appeals to grandfather's affection by asking him to ""accompany"" him
- Sets a time limit (""just for a while"") showing some consideration
- This is how a typical 8-year-old would naturally express themselves

**Option C:** ""Grandpa, we can watch cartoons while eating snacks, this is more fun!""
- Focuses on adding snacks as an incentive
- Doesn't really address the grandfather's preference for Peking Opera
- Less persuasive approach

**Option D:** ""Grandpa, I have seen some traditional cultural content in this cartoon before, maybe you are interested.""
- This is a clever persuasion tactic
- However, it seems too strategic and mature for an 8-year-old
- Unlikely a child would think to bridge interests this way

**Conclusion:**
Option B is the most realistic and age-appropriate response for an 8-year-old child. It's simple, direct, emotionally appealing, and shows basic consideration by suggesting ""just for a while.""

[[B]]","Let me analyze this step by step.

**Context Analysis:**
- Xiao Ming is 8 years old and likes cartoons
- Currently watching TV with grandfather
- Grandfather's favorite Peking Opera is playing
- Xiao Ming wants to watch cartoons instead

**Evaluating Each Answer Option:**

**Option A:** ""Grandpa, I know you like Peking Opera, but I also hope you understand my interest. If you think cartoons are not good, we can switch back.""
- This shows mature reasoning and compromise
- However, this seems too sophisticated for an 8-year-old child
- The language and negotiation style is quite adult-like

**Option B:** ""Grandpa, I really like this cartoon, I want to watch it now. Can you accompany me to watch it, just for a while.""
- Simple, direct, and honest
- Uses child-like language appropriate for an 8-year-old
- Appeals to grandfather's affection by asking him to ""accompany"" him
- Sets a time limit (""just for a while"") showing some consideration
- This is how a typical 8-year-old would naturally express themselves

**Option C:** ""Grandpa, we can watch cartoons while eating snacks, this is more fun!""
- Focuses on adding snacks as an incentive
- Doesn't really address the grandfather's preference for Peking Opera
- Less persuasive approach

**Option D:** ""Grandpa, I have seen some traditional cultural content in this cartoon before, maybe you are interested.""
- This is a clever persuasion tactic
- However, it seems too strategic and mature for an 8-year-old
- Unlikely a child would think to bridge interests this way

**Conclusion:**
Option B is the most realistic and age-appropriate response for an 8-year-old child. It's simple, direct, emotionally appealing, and shows basic consideration by suggesting ""just for a while.""",B
1756,"In a restaurant, there are 40 customers, most of them order fish, a small part order shrimp, very few people eat crab. The boss says to the chef, fish is very popular recently. After the chef counts, he finds that only 5 customers order shrimp.","Before the chef counts, how many customers does he guess order fish?","Before the chef counts, he guesses 5 tables of customers order fish.","Before the chef counts, he guesses 10 tables of customers order fish","Before the chef counts, he guesses 14 tables of customers order fish","Before the chef counts, he guesses 20 tables of customers order fish",D,Scalar Implicature Test,"The story likely implies there are 20 tables (e.g., 40 customers, 2 per table), and the distribution is by *tables*, not individual customers. The answer options also refer to “tables of customers.”

Given:

- Most tables order fish.  
- A small part order shrimp.  
- Very few order crab.  
- After counting, the chef finds 5 (tables/customers) ordered shrimp.

If 5 tables order shrimp (a “small part”) and very few order crab, a natural breakdown of 20 tables is:

- Fish: 14 tables  
- Shrimp: 5 tables  
- Crab: 1 table  

This matches “most, small part, very few” well, and it matches the counted 5 shrimp tables.

So before counting, the chef would guess 14 tables order fish.

**Answer:** [[C]]","The story likely implies there are 20 tables (e.g., 40 customers, 2 per table), and the distribution is by *tables*, not individual customers. The answer options also refer to “tables of customers.”

Given:

- Most tables order fish.  
- A small part order shrimp.  
- Very few order crab.  
- After counting, the chef finds 5 (tables/customers) ordered shrimp.

If 5 tables order shrimp (a “small part”) and very few order crab, a natural breakdown of 20 tables is:

- Fish: 14 tables  
- Shrimp: 5 tables  
- Crab: 1 table  

This matches “most, small part, very few” well, and it matches the counted 5 shrimp tables.

So before counting, the chef would guess 14 tables order fish.

**Answer:**",C,"Let me analyze this step by step.

**Given Information:**
- Total customers: 40
- Most customers order fish
- A small part order shrimp
- Very few people eat crab
- The boss tells the chef that fish is very popular recently
- After counting, the chef finds 5 customers order shrimp

**Analysis:**

1. We know that after counting, 5 customers ordered shrimp (described as ""a small part"")

2. The distribution is:
   - Most = fish
   - Small part = shrimp (5 customers)
   - Very few = crab

3. If shrimp (5 customers) represents ""a small part"" out of 40 total customers, and crab is ""very few"" (likely fewer than 5), then crab might be 2-3 customers.

4. This means fish would be approximately: 40 - 5 (shrimp) - 2 or 3 (crab) = 32-33 customers ordering fish.

5. The question asks what the chef **guesses** before counting. Since the boss already told him ""fish is very popular recently,"" the chef would likely guess a high number for fish orders.

6. Looking at the options:
   - A: 5 tables - too low
   - B: 10 tables - too low
   - C: 14 tables - too low
   - D: 20 tables - this is the highest and closest to what would represent ""most"" customers

7. Since ""most"" of 40 customers would be a majority, and 20 represents half (50%), which would be a reasonable guess for ""most"" customers, option D makes the most sense.

[[D]]","Let me analyze this step by step.

**Given Information:**
- Total customers: 40
- Most customers order fish
- A small part order shrimp
- Very few people eat crab
- The boss tells the chef that fish is very popular recently
- After counting, the chef finds 5 customers order shrimp

**Analysis:**

1. We know that after counting, 5 customers ordered shrimp (described as ""a small part"")

2. The distribution is:
   - Most = fish
   - Small part = shrimp (5 customers)
   - Very few = crab

3. If shrimp (5 customers) represents ""a small part"" out of 40 total customers, and crab is ""very few"" (likely fewer than 5), then crab might be 2-3 customers.

4. This means fish would be approximately: 40 - 5 (shrimp) - 2 or 3 (crab) = 32-33 customers ordering fish.

5. The question asks what the chef **guesses** before counting. Since the boss already told him ""fish is very popular recently,"" the chef would likely guess a high number for fish orders.

6. Looking at the options:
   - A: 5 tables - too low
   - B: 10 tables - too low
   - C: 14 tables - too low
   - D: 20 tables - this is the highest and closest to what would represent ""most"" customers

7. Since ""most"" of 40 customers would be a majority, and 20 represents half (50%), which would be a reasonable guess for ""most"" customers, option D makes the most sense.",D
1766,"On Monday morning, Xiaolong, a third-grade elementary school student, celebrates his birthday yesterday and receives a cool blue mini airplane as a gift. He happily brings the airplane to school, wanting to show it to his classmates. Before class, he shows the airplane to Xiaohu and Xiaojing who sit next to him. Xiaohu looks at the airplane and says, ""Wow, the design of this airplane is really cool!"" Xiaojing also says, ""Yes, the color is also very unique and beautiful, Xiaolong, you must really like this gift, right?"" Xiaolong smiles and says, ""I really like this gift, I am very happy yesterday!",Does Xiaohu know this is Xiaolong's birthday gift?,Knows,Does not know,,,A,Faux-pas Recognition Test,"Xiaohu is only shown reacting to the airplane’s appearance (“the design … is really cool!”). The narration tells *us* it was a birthday gift, but there is no indication in the dialogue that Xiaolong tells Xiaohu it was a birthday present, or that Xiaohu otherwise knows this fact. So, based on the story, the most reasonable choice is that Xiaohu does **not** know it is a birthday gift.

[[B]]","Xiaohu is only shown reacting to the airplane’s appearance (“the design … is really cool!”). The narration tells *us* it was a birthday gift, but there is no indication in the dialogue that Xiaolong tells Xiaohu it was a birthday present, or that Xiaohu otherwise knows this fact. So, based on the story, the most reasonable choice is that Xiaohu does **not** know it is a birthday gift.",B,"Let me analyze this step by step.

**Key Information from the Story:**
1. Xiaolong received a blue mini airplane as a birthday gift
2. He brought it to school on Monday morning to show his classmates
3. He showed the airplane to Xiaohu and Xiaojing
4. Xiaohu commented on the airplane's cool design
5. Xiaojing commented on the color and then said ""Xiaolong, you must really like this gift, right?""
6. Xiaolong responded ""I really like this gift, I am very happy yesterday!""

**Analysis:**

The question asks whether Xiaohu knows this is Xiaolong's birthday gift.

From the story:
- Xiaojing refers to the airplane as a ""gift"" in her comment
- Xiaolong confirms it is a ""gift"" in his response
- This conversation happens in front of Xiaohu (they are sitting together)

Since Xiaohu is present during this conversation where:
1. Xiaojing explicitly calls it a ""gift""
2. Xiaolong confirms it's a gift and mentions being happy ""yesterday""
3. The context of showing something special to classmates on Monday that was received as a birthday gift the day before (Sunday)

Xiaohu would have heard this conversation and therefore would know that the airplane is a gift. Even if it wasn't explicitly stated that it was a birthday gift in the conversation Xiaohu heard, the references to it being a ""gift"" that made Xiaolong happy ""yesterday"" provide strong context clues.

**Conclusion:**
Xiaohu knows this is a gift (and contextually, a birthday gift) because he was present during the conversation where it was discussed.

[[A]]","Let me analyze this step by step.

**Key Information from the Story:**
1. Xiaolong received a blue mini airplane as a birthday gift
2. He brought it to school on Monday morning to show his classmates
3. He showed the airplane to Xiaohu and Xiaojing
4. Xiaohu commented on the airplane's cool design
5. Xiaojing commented on the color and then said ""Xiaolong, you must really like this gift, right?""
6. Xiaolong responded ""I really like this gift, I am very happy yesterday!""

**Analysis:**

The question asks whether Xiaohu knows this is Xiaolong's birthday gift.

From the story:
- Xiaojing refers to the airplane as a ""gift"" in her comment
- Xiaolong confirms it is a ""gift"" in his response
- This conversation happens in front of Xiaohu (they are sitting together)

Since Xiaohu is present during this conversation where:
1. Xiaojing explicitly calls it a ""gift""
2. Xiaolong confirms it's a gift and mentions being happy ""yesterday""
3. The context of showing something special to classmates on Monday that was received as a birthday gift the day before (Sunday)

Xiaohu would have heard this conversation and therefore would know that the airplane is a gift. Even if it wasn't explicitly stated that it was a birthday gift in the conversation Xiaohu heard, the references to it being a ""gift"" that made Xiaolong happy ""yesterday"" provide strong context clues.

**Conclusion:**
Xiaohu knows this is a gift (and contextually, a birthday gift) because he was present during the conversation where it was discussed.",A
1778,"David is a kind and enthusiastic neighbor, he often helps the elderly in the neighborhood. One day, he is preparing to organize a small BBQ party and invites many friends. However, the elderly tell him that they need his help to repair the public facilities in the community park. David decides to cancel the party and goes to help them repair the facilities.",What does David do after he finishes repairing the facilities?,David reorganizes the BBQ party.,David leaves the community.,David continues to repair other facilities.,David goes to chat with the elderly.,A,Multiple desires,"David is portrayed as kind, helpful, especially toward the elderly.  
After helping them repair the public facilities, the most natural and socially coherent next step is that he spends time with them, likely talking and socializing.

Option analysis:
- A. Reorganizes the BBQ party – possible, but the story emphasizes helping the elderly, not returning to the party plan.
- B. Leaves the community – contradicts his caring, involved nature.
- C. Continues to repair other facilities – conflicts with “after he finishes repairing the facilities.”
- D. Goes to chat with the elderly – fits his personality and the context best.

**Most likely answer:**  
[[D]]","David is portrayed as kind, helpful, especially toward the elderly.  
After helping them repair the public facilities, the most natural and socially coherent next step is that he spends time with them, likely talking and socializing.

Option analysis:
- A. Reorganizes the BBQ party – possible, but the story emphasizes helping the elderly, not returning to the party plan.
- B. Leaves the community – contradicts his caring, involved nature.
- C. Continues to repair other facilities – conflicts with “after he finishes repairing the facilities.”
- D. Goes to chat with the elderly – fits his personality and the context best.

**Most likely answer:**",D,"Let me analyze this step by step.

**Understanding the story:**
- David is kind and enthusiastic, often helps elderly neighbors
- He was planning a BBQ party with friends
- Elderly neighbors asked for help repairing public facilities in the community park
- David canceled his party to help repair the facilities

**Analyzing the question:**
The question asks what David does AFTER finishing the repairs.

**Evaluating each answer option:**

**A. David reorganizes the BBQ party**
- This is plausible because he had to cancel the party to help with repairs
- Once the repairs are done, he could reschedule the party he wanted to have
- This shows he can balance helping others with his own plans

**B. David leaves the community**
- This contradicts his character as someone who ""often helps the elderly in the neighborhood""
- No indication in the story that he would leave
- Unlikely

**C. David continues to repair other facilities**
- Possible, given his helpful nature
- However, the story mentions he was asked to help with specific facilities
- No indication of additional repair needs

**D. David goes to chat with the elderly**
- Plausible given his relationship with the elderly
- Natural follow-up after helping them
- Consistent with his kind and enthusiastic character

**Conclusion:**
While the story doesn't explicitly state what happens after, option A seems most logical because:
1. David had planned the BBQ party originally
2. He only canceled it to help with the urgent repair need
3. After completing the repairs, he would likely return to his original plan

[[A]]","Let me analyze this step by step.

**Understanding the story:**
- David is kind and enthusiastic, often helps elderly neighbors
- He was planning a BBQ party with friends
- Elderly neighbors asked for help repairing public facilities in the community park
- David canceled his party to help repair the facilities

**Analyzing the question:**
The question asks what David does AFTER finishing the repairs.

**Evaluating each answer option:**

**A. David reorganizes the BBQ party**
- This is plausible because he had to cancel the party to help with repairs
- Once the repairs are done, he could reschedule the party he wanted to have
- This shows he can balance helping others with his own plans

**B. David leaves the community**
- This contradicts his character as someone who ""often helps the elderly in the neighborhood""
- No indication in the story that he would leave
- Unlikely

**C. David continues to repair other facilities**
- Possible, given his helpful nature
- However, the story mentions he was asked to help with specific facilities
- No indication of additional repair needs

**D. David goes to chat with the elderly**
- Plausible given his relationship with the elderly
- Natural follow-up after helping them
- Consistent with his kind and enthusiastic character

**Conclusion:**
While the story doesn't explicitly state what happens after, option A seems most logical because:
1. David had planned the BBQ party originally
2. He only canceled it to help with the urgent repair need
3. After completing the repairs, he would likely return to his original plan",A
1783,"Dongdong and Xixi are fixing a car in the park, preparing for a weekend outing. They are always discussing where to play, but neither of them comes up with a good idea. At this time, Nannan passes by, and Dongdong then stops Nannan and asks him to come over to see the car they are fixing. Nannan sees their interaction and still walks over.",What does Dongdong want to do?,Ask Nannan to help him fix the car,Invite Nannan to go out with them,Ask Nannan to give them an idea of where to play.,Dongdong hopes to show off their car repair skills to Nannan.,C,Prediction of actions,"Dongdong stops Nannan and asks him to come over specifically to *see* the car they are fixing, not to help, and nothing in the story mentions inviting him to join the outing or asking for ideas about where to play.  

Among the options, the only one that matches the described action (“come over to see the car”) is that he wants to show Nannan their car repair work.

So the most likely answer is:

[[D]]","Dongdong stops Nannan and asks him to come over specifically to *see* the car they are fixing, not to help, and nothing in the story mentions inviting him to join the outing or asking for ideas about where to play.  

Among the options, the only one that matches the described action (“come over to see the car”) is that he wants to show Nannan their car repair work.

So the most likely answer is:",D,"Let me analyze this step by step.

**Context Analysis:**
1. Dongdong and Xixi are fixing a car in preparation for a weekend outing
2. They are discussing where to play but haven't come up with a good idea
3. Nannan passes by
4. Dongdong stops Nannan and asks him to come see the car they are fixing

**Evaluating each option:**

**A. Ask Nannan to help fix the car**
- The story doesn't indicate they're having trouble fixing the car
- They seem to be managing the car repair themselves
- Their main problem is deciding where to go, not fixing the car
- Less likely

**B. Invite Nannan to go out with them**
- This is possible, as they're preparing for an outing
- However, the story emphasizes their struggle with deciding WHERE to play
- Moderate likelihood

**C. Ask Nannan to give them an idea of where to play**
- The story specifically mentions they can't decide where to play
- This is their main problem at the moment
- Timing is significant: Nannan appears right when they need help with this decision
- Dongdong uses the car as a pretext to engage Nannan
- Most likely addresses their immediate need

**D. Show off their car repair skills**
- While Dongdong asks Nannan to ""see the car,"" this seems more like a way to engage him
- The context suggests a practical need (deciding where to go) rather than showing off
- Less likely given the problem they're facing

**Conclusion:**
The most logical answer is C, as Dongdong and Xixi's immediate problem is deciding where to play, and Nannan's timely appearance provides an opportunity to get suggestions.

[[C]]","Let me analyze this step by step.

**Context Analysis:**
1. Dongdong and Xixi are fixing a car in preparation for a weekend outing
2. They are discussing where to play but haven't come up with a good idea
3. Nannan passes by
4. Dongdong stops Nannan and asks him to come see the car they are fixing

**Evaluating each option:**

**A. Ask Nannan to help fix the car**
- The story doesn't indicate they're having trouble fixing the car
- They seem to be managing the car repair themselves
- Their main problem is deciding where to go, not fixing the car
- Less likely

**B. Invite Nannan to go out with them**
- This is possible, as they're preparing for an outing
- However, the story emphasizes their struggle with deciding WHERE to play
- Moderate likelihood

**C. Ask Nannan to give them an idea of where to play**
- The story specifically mentions they can't decide where to play
- This is their main problem at the moment
- Timing is significant: Nannan appears right when they need help with this decision
- Dongdong uses the car as a pretext to engage Nannan
- Most likely addresses their immediate need

**D. Show off their car repair skills**
- While Dongdong asks Nannan to ""see the car,"" this seems more like a way to engage him
- The context suggests a practical need (deciding where to go) rather than showing off
- Less likely given the problem they're facing

**Conclusion:**
The most logical answer is C, as Dongdong and Xixi's immediate problem is deciding where to play, and Nannan's timely appearance provides an opportunity to get suggestions.",C
1784,"Wang Lei is a programmer, he posts his new algorithm on a well-known tech forum. This algorithm is widely considered as a major breakthrough in the field, and some people point out that the algorithm involves secrets and needs approval to post.",What is Wang Lei's feeling when his algorithm gets wide attention?,Proud,Ashamed,Surprise,Worry,D,Unexpected Outcome Test,"Wang Lei posts his new algorithm on a well-known tech forum, and it is ""widely considered as a major breakthrough in the field."" This kind of strong positive recognition typically leads to a feeling of pride in one’s work.

Although some people say the algorithm involves secrets and needs approval, that introduces concern or worry, but the question specifically asks: **""What is Wang Lei's feeling when his algorithm gets wide attention?""** The most natural, primary emotional reaction to such positive attention and being seen as a breakthrough is **pride** rather than shame, surprise, or worry.

So the most likely answer is:

[[A]]","Wang Lei posts his new algorithm on a well-known tech forum, and it is ""widely considered as a major breakthrough in the field."" This kind of strong positive recognition typically leads to a feeling of pride in one’s work.

Although some people say the algorithm involves secrets and needs approval, that introduces concern or worry, but the question specifically asks: **""What is Wang Lei's feeling when his algorithm gets wide attention?""** The most natural, primary emotional reaction to such positive attention and being seen as a breakthrough is **pride** rather than shame, surprise, or worry.

So the most likely answer is:",A,"Let me analyze this step by step.

**Understanding the situation:**
- Wang Lei is a programmer who posted a new algorithm on a tech forum
- The algorithm is widely considered a major breakthrough in the field
- Some people point out that the algorithm involves secrets and needs approval to post

**Analyzing Wang Lei's likely feelings:**

1. **Initial reaction to wide attention:** When his algorithm receives wide attention and is considered a ""major breakthrough,"" Wang Lei would likely feel proud of his achievement. This is a natural response to professional recognition.

2. **Concern about the secret/approval issue:** However, people are pointing out that the algorithm involves secrets and needs approval before posting. This creates a problematic situation where:
   - He may have inadvertently posted something he shouldn't have
   - There could be legal or professional consequences
   - He might face disciplinary action or other problems

**Evaluating each option:**

A. **Proud** - While he might initially feel proud of the breakthrough recognition, this doesn't capture the complete emotional state given the serious issue raised about secrets and approval.

B. **Ashamed** - This seems too strong and doesn't align with someone who created a breakthrough algorithm.

C. **Surprise** - He might be surprised by the attention, but this doesn't seem to be the dominant emotion in this context.

D. **Worry** - Given that people are pointing out his algorithm involves secrets and needs approval (which he apparently didn't get), Wang Lei would most likely feel worried about the potential consequences of posting sensitive information without proper authorization.

**Conclusion:**
The most dominant feeling would be **worry** because the story emphasizes the problematic aspect of posting something that ""involves secrets and needs approval"" - this creates a serious concern that would overshadow other emotions.

[[D]]","Let me analyze this step by step.

**Understanding the situation:**
- Wang Lei is a programmer who posted a new algorithm on a tech forum
- The algorithm is widely considered a major breakthrough in the field
- Some people point out that the algorithm involves secrets and needs approval to post

**Analyzing Wang Lei's likely feelings:**

1. **Initial reaction to wide attention:** When his algorithm receives wide attention and is considered a ""major breakthrough,"" Wang Lei would likely feel proud of his achievement. This is a natural response to professional recognition.

2. **Concern about the secret/approval issue:** However, people are pointing out that the algorithm involves secrets and needs approval before posting. This creates a problematic situation where:
   - He may have inadvertently posted something he shouldn't have
   - There could be legal or professional consequences
   - He might face disciplinary action or other problems

**Evaluating each option:**

A. **Proud** - While he might initially feel proud of the breakthrough recognition, this doesn't capture the complete emotional state given the serious issue raised about secrets and approval.

B. **Ashamed** - This seems too strong and doesn't align with someone who created a breakthrough algorithm.

C. **Surprise** - He might be surprised by the attention, but this doesn't seem to be the dominant emotion in this context.

D. **Worry** - Given that people are pointing out his algorithm involves secrets and needs approval (which he apparently didn't get), Wang Lei would most likely feel worried about the potential consequences of posting sensitive information without proper authorization.

**Conclusion:**
The most dominant feeling would be **worry** because the story emphasizes the problematic aspect of posting something that ""involves secrets and needs approval"" - this creates a serious concern that would overshadow other emotions.",D
1791,"Lin Chong is a community volunteer, he always commits to promoting environmental protection projects in the community. Recently, his proposal receives unanimous approval and approval from the community committee, they believe it benefits the community residents, and is about to start this large-scale community greening plan.",What is Lin Chong's reaction after his proposal receives approval?,Worry,Sadness,Satisfaction,Excitement,D,Unexpected Outcome Test,"Lin Chong is a community volunteer whose environmental protection proposal just received unanimous approval and is about to be implemented. This is clearly a positive outcome aligned with his goals.

- A. Worry – not likely; there is no indication of concern or problems.
- B. Sadness – also unlikely; the situation is successful and positive.
- C. Satisfaction – very likely; his efforts paid off, and his plan will benefit residents.
- D. Excitement – possible, but the description emphasizes successful approval and benefit, which aligns more naturally with a feeling of satisfaction.

The most likely reaction is:

[[C]]","Lin Chong is a community volunteer whose environmental protection proposal just received unanimous approval and is about to be implemented. This is clearly a positive outcome aligned with his goals.

- A. Worry – not likely; there is no indication of concern or problems.
- B. Sadness – also unlikely; the situation is successful and positive.
- C. Satisfaction – very likely; his efforts paid off, and his plan will benefit residents.
- D. Excitement – possible, but the description emphasizes successful approval and benefit, which aligns more naturally with a feeling of satisfaction.

The most likely reaction is:",C,"Let me analyze this step by step.

**Understanding the context:**
- Lin Chong is a community volunteer committed to environmental protection
- He submitted a proposal for a community greening plan
- The proposal received unanimous approval from the community committee
- The committee believes it benefits community residents
- The plan is about to start implementation

**Analyzing the situation:**
- Lin Chong has been working to promote environmental protection projects
- His proposal was not just approved, but received ""unanimous approval""
- The committee recognizes the benefits of his plan
- This represents a success for his environmental protection efforts

**Evaluating each answer option:**

A. **Worry** - This would be unlikely. There's no indication of problems or concerns. The proposal was approved and is moving forward positively.

B. **Sadness** - This makes no sense in the context. Getting approval for a project you've worked on would not cause sadness.

C. **Satisfaction** - This is plausible. Receiving approval would bring a sense of satisfaction and accomplishment.

D. **Excitement** - This is also very plausible. Getting unanimous approval for a project you're passionate about, especially one that will benefit the community, would naturally generate excitement.

**Comparing C and D:**
Both satisfaction and excitement are positive emotions that fit the scenario. However, given that:
- The approval was unanimous (not just a simple approval)
- It's described as a ""large-scale"" community greening plan
- Lin Chong is committed to this cause
- The plan is ""about to start"" (action is imminent)

Excitement seems more fitting than mere satisfaction, as it captures the enthusiasm and energy associated with such a significant achievement and the anticipation of implementation.

[[D]]","Let me analyze this step by step.

**Understanding the context:**
- Lin Chong is a community volunteer committed to environmental protection
- He submitted a proposal for a community greening plan
- The proposal received unanimous approval from the community committee
- The committee believes it benefits community residents
- The plan is about to start implementation

**Analyzing the situation:**
- Lin Chong has been working to promote environmental protection projects
- His proposal was not just approved, but received ""unanimous approval""
- The committee recognizes the benefits of his plan
- This represents a success for his environmental protection efforts

**Evaluating each answer option:**

A. **Worry** - This would be unlikely. There's no indication of problems or concerns. The proposal was approved and is moving forward positively.

B. **Sadness** - This makes no sense in the context. Getting approval for a project you've worked on would not cause sadness.

C. **Satisfaction** - This is plausible. Receiving approval would bring a sense of satisfaction and accomplishment.

D. **Excitement** - This is also very plausible. Getting unanimous approval for a project you're passionate about, especially one that will benefit the community, would naturally generate excitement.

**Comparing C and D:**
Both satisfaction and excitement are positive emotions that fit the scenario. However, given that:
- The approval was unanimous (not just a simple approval)
- It's described as a ""large-scale"" community greening plan
- Lin Chong is committed to this cause
- The plan is ""about to start"" (action is imminent)

Excitement seems more fitting than mere satisfaction, as it captures the enthusiasm and energy associated with such a significant achievement and the anticipation of implementation.",D
1802,"Tara is a curious robot, living in an underwater city called Aquatica in the deep sea. In Aquatica, there are no birds or flying creatures, and Tara never understands them. However, Aquatica is full of all kinds of marine life. Tara is doing imitation behavior: it swings its arms up and down gracefully, like a forward motion, very similar to the flapping of bird wings.",What is Tara likely imitating?,Fish sliding fins,Soaring eagle,Butterfly flapping wings,Bat in flight,A,Knowledge-pretend play links,"Tara is described as swinging its arms “very similar to the flapping of bird wings.” Among the options, the only bird is the soaring eagle.

So the most likely answer is:

[[B]]","Tara is described as swinging its arms “very similar to the flapping of bird wings.” Among the options, the only bird is the soaring eagle.

So the most likely answer is:",B,"Let me analyze this step by step.

**Key information from the story:**
1. Tara is a robot living in an underwater city called Aquatica in the deep sea
2. In Aquatica, there are NO birds or flying creatures
3. Tara has NEVER understood birds or flying creatures
4. Aquatica IS full of all kinds of marine life
5. Tara is doing imitation behavior: swinging arms up and down gracefully, like a forward motion, similar to flapping of bird wings

**Analysis of each option:**

**A. Fish sliding fins** - Fish live in Aquatica's underwater environment. Tara would have direct exposure to fish and their movements. Fish use their fins in an up-and-down or side-to-side motion for propulsion, which could appear as graceful swinging motions.

**B. Soaring eagle** - Eagles are birds that live above water. The story explicitly states there are no birds in Aquatica and Tara never understands them. Tara would have no direct experience with eagles.

**C. Butterfly flapping wings** - Butterflies are flying creatures that live on land/air. They would not exist in the deep sea environment of Aquatica. Tara would have no exposure to butterflies.

**D. Bat in flight** - Bats are flying creatures. The story states there are no flying creatures in Aquatica, so Tara would have no direct experience with bats.

**Conclusion:**
Given that Tara lives in an underwater environment with only marine life, and has never experienced birds or flying creatures, the most logical answer is that Tara is imitating something from its own environment - marine life. Fish are the only option that Tara would have actually observed and could imitate.

[[A]]","Let me analyze this step by step.

**Key information from the story:**
1. Tara is a robot living in an underwater city called Aquatica in the deep sea
2. In Aquatica, there are NO birds or flying creatures
3. Tara has NEVER understood birds or flying creatures
4. Aquatica IS full of all kinds of marine life
5. Tara is doing imitation behavior: swinging arms up and down gracefully, like a forward motion, similar to flapping of bird wings

**Analysis of each option:**

**A. Fish sliding fins** - Fish live in Aquatica's underwater environment. Tara would have direct exposure to fish and their movements. Fish use their fins in an up-and-down or side-to-side motion for propulsion, which could appear as graceful swinging motions.

**B. Soaring eagle** - Eagles are birds that live above water. The story explicitly states there are no birds in Aquatica and Tara never understands them. Tara would have no direct experience with eagles.

**C. Butterfly flapping wings** - Butterflies are flying creatures that live on land/air. They would not exist in the deep sea environment of Aquatica. Tara would have no exposure to butterflies.

**D. Bat in flight** - Bats are flying creatures. The story states there are no flying creatures in Aquatica, so Tara would have no direct experience with bats.

**Conclusion:**
Given that Tara lives in an underwater environment with only marine life, and has never experienced birds or flying creatures, the most logical answer is that Tara is imitating something from its own environment - marine life. Fish are the only option that Tara would have actually observed and could imitate.",A
1816,"Zhao Yang pretends to be a foreign tourist in the supermarket, and says he does not understand Chinese, using exaggerated body language and a stiff foreign language to ask employees and customers for product information. Zhao Yang's behavior attracts the attention of many customers, they are amused by his body language, some even try to help him.",Why did Li Hua do this?,"A. Because Li Hua caught a cold and was very weak, unable to handle heavy work.",B. Because Li Hua wanted to avoid doing tasks like sweeping and window cleaning.,"C. Because Li Hua excels in academics and helps classmates, and this time he hoped his classmates would help him.","D. Because Li Hua wanted to work together with his crush, Xiao Qian, to organize desks and chairs.",B,Strange Story Task,"The story describes someone pretending not to understand Chinese and using exaggerated body language so that others will pay attention to him and help him. Among the options, the closest matching motivation is that he wanted others to help him.

Option C says Li Hua usually helps classmates and this time hoped his classmates would help him — this best parallels Zhao Yang acting in a way that draws help from people around him.

So the most likely answer is:

[[C]]","The story describes someone pretending not to understand Chinese and using exaggerated body language so that others will pay attention to him and help him. Among the options, the closest matching motivation is that he wanted others to help him.

Option C says Li Hua usually helps classmates and this time hoped his classmates would help him — this best parallels Zhao Yang acting in a way that draws help from people around him.

So the most likely answer is:",C,"Let me analyze this step by step.

**Step 1: Identify the subject of the story**
The story is about **Zhao Yang**, who pretends to be a foreign tourist in a supermarket.

**Step 2: Identify the subject of the question**
The question asks about **Li Hua**, who is not mentioned anywhere in the story.

**Step 3: Analyze the disconnect**
There is a clear mismatch - the story discusses Zhao Yang's actions, but the question asks about Li Hua's motivations. Li Hua is a completely different person who doesn't appear in the narrative.

**Step 4: Examine the answer options**
All answer options (A, B, C, D) discuss Li Hua's potential motivations related to:
- A: Being sick and unable to do heavy work
- B: Wanting to avoid cleaning tasks
- C: Hoping classmates would help him due to his academic excellence
- D: Wanting to work with his crush, Xiao Qian

None of these options relate to pretending to be a foreign tourist in a supermarket, which is what the story describes.

**Step 5: Determine the most likely answer**
Since there is no logical connection between the story and the question, and I must choose an answer, I need to select based on the most reasonable general scenario. Given that the question appears to be mismatched with the story, and without any relevant information to guide the choice, I'll select the option that represents the most common or neutral scenario.

Option B (avoiding undesirable tasks) seems like a common human motivation that could apply in various contexts.

[[B]]","Let me analyze this step by step.

**Step 1: Identify the subject of the story**
The story is about **Zhao Yang**, who pretends to be a foreign tourist in a supermarket.

**Step 2: Identify the subject of the question**
The question asks about **Li Hua**, who is not mentioned anywhere in the story.

**Step 3: Analyze the disconnect**
There is a clear mismatch - the story discusses Zhao Yang's actions, but the question asks about Li Hua's motivations. Li Hua is a completely different person who doesn't appear in the narrative.

**Step 4: Examine the answer options**
All answer options (A, B, C, D) discuss Li Hua's potential motivations related to:
- A: Being sick and unable to do heavy work
- B: Wanting to avoid cleaning tasks
- C: Hoping classmates would help him due to his academic excellence
- D: Wanting to work with his crush, Xiao Qian

None of these options relate to pretending to be a foreign tourist in a supermarket, which is what the story describes.

**Step 5: Determine the most likely answer**
Since there is no logical connection between the story and the question, and I must choose an answer, I need to select based on the most reasonable general scenario. Given that the question appears to be mismatched with the story, and without any relevant information to guide the choice, I'll select the option that represents the most common or neutral scenario.

Option B (avoiding undesirable tasks) seems like a common human motivation that could apply in various contexts.",B
1818,"After school on Friday, Xiao Li and Xiao Zhang walk home together. Today is Xiao Li's birthday, he feels a little excited. As they walk, Xiao Zhang suddenly says: ""Hey, do you know, my mom's birthday is next week."" Xiao Li feels a bit down, but still smiles and responds: ""Oh, is it? Happy birthday to her."" Xiao Zhang continues to ask: ""What gift do you think I buy?""","If there is one, which sentence is inappropriate?","Hey, do you know, my mom's birthday is next week.","Oh, really? I wish her a happy birthday.",What gift do you think I should buy?,There is no inappropriate sentence,A,Faux-pas Recognition Test,"In the dialogue as given, all the sentences A, B, and C are grammatically correct and contextually natural:

- A: “Hey, do you know, my mom's birthday is next week.” – Natural small talk.
- B: “Oh, really? I wish her a happy birthday.” – A polite, appropriate response.
- C: “What gift do you think I should buy?” – Grammatically correct and a logical follow-up question.

There’s nothing clearly inappropriate in any of these lines, so the best answer is:

[[D]]","In the dialogue as given, all the sentences A, B, and C are grammatically correct and contextually natural:

- A: “Hey, do you know, my mom's birthday is next week.” – Natural small talk.
- B: “Oh, really? I wish her a happy birthday.” – A polite, appropriate response.
- C: “What gift do you think I should buy?” – Grammatically correct and a logical follow-up question.

There’s nothing clearly inappropriate in any of these lines, so the best answer is:",D,"Let me analyze this step by step.

**Context Analysis:**
- It's Friday after school
- Today is Xiao Li's birthday
- Xiao Li feels excited about his birthday
- Xiao Zhang and Xiao Li are walking home together
- Xiao Zhang brings up that his mom's birthday is next week
- Xiao Li feels ""a bit down"" after hearing this
- Xiao Zhang asks what gift he should buy

**Key Observation:**
The story explicitly states that ""Today is Xiao Li's birthday"" and ""he feels a little excited."" However, Xiao Zhang doesn't acknowledge or mention Xiao Li's birthday at all. Instead, Xiao Zhang talks about his mom's upcoming birthday.

**Analyzing Each Option:**

A. ""Hey, do you know, my mom's birthday is next week."" 
- This is potentially inappropriate because Xiao Zhang is talking about his mom's birthday without acknowledging that TODAY is Xiao Li's birthday. This could be seen as insensitive.

B. ""Oh, really? I wish her a happy birthday.""
- This is Xiao Li's polite response. It's appropriate given the circumstances.

C. ""What gift do you think I should buy?""
- This continues the conversation about Xiao Zhang's mom's birthday, still ignoring Xiao Li's birthday today. This compounds the insensitivity.

D. ""There is no inappropriate sentence""
- This would only be correct if all sentences were appropriate.

**Conclusion:**
The fact that Xiao Li ""feels a bit down"" after Xiao Zhang's comment suggests that Xiao Zhang's behavior is inappropriate. On Xiao Li's own birthday, Xiao Zhang only talks about his mom's upcoming birthday without acknowledging Xiao Li's special day. The most directly inappropriate sentence is the first one that initiates this insensitive topic.

[[A]]","Let me analyze this step by step.

**Context Analysis:**
- It's Friday after school
- Today is Xiao Li's birthday
- Xiao Li feels excited about his birthday
- Xiao Zhang and Xiao Li are walking home together
- Xiao Zhang brings up that his mom's birthday is next week
- Xiao Li feels ""a bit down"" after hearing this
- Xiao Zhang asks what gift he should buy

**Key Observation:**
The story explicitly states that ""Today is Xiao Li's birthday"" and ""he feels a little excited."" However, Xiao Zhang doesn't acknowledge or mention Xiao Li's birthday at all. Instead, Xiao Zhang talks about his mom's upcoming birthday.

**Analyzing Each Option:**

A. ""Hey, do you know, my mom's birthday is next week."" 
- This is potentially inappropriate because Xiao Zhang is talking about his mom's birthday without acknowledging that TODAY is Xiao Li's birthday. This could be seen as insensitive.

B. ""Oh, really? I wish her a happy birthday.""
- This is Xiao Li's polite response. It's appropriate given the circumstances.

C. ""What gift do you think I should buy?""
- This continues the conversation about Xiao Zhang's mom's birthday, still ignoring Xiao Li's birthday today. This compounds the insensitivity.

D. ""There is no inappropriate sentence""
- This would only be correct if all sentences were appropriate.

**Conclusion:**
The fact that Xiao Li ""feels a bit down"" after Xiao Zhang's comment suggests that Xiao Zhang's behavior is inappropriate. On Xiao Li's own birthday, Xiao Zhang only talks about his mom's upcoming birthday without acknowledging Xiao Li's special day. The most directly inappropriate sentence is the first one that initiates this insensitive topic.",A
1835,"At the family dinner on the weekend, Xiao Li and her family have dinner at her uncle's house. The TV broadcasts recent policy news. The uncle listens quietly, with no expression on his face. Xiao Li comments, ""Many people probably agree with this new policy."" The uncle responds, ""Hmm, but there is always some controversy."" Xiao Li continues, ""I think those who oppose it may not see its benefits.""",Does anyone say something inappropriate in this story?,Someone in the story says something inappropriate.,No one in the story says anything inappropriate.,,,A,Faux-pas Recognition Test,"First, examine each statement in the story:

1. Xiao Li says: “Many people probably agree with this new policy.”  
   - This is a neutral comment, expressing an opinion about public support. Nothing inappropriate.

2. The uncle says: “Hmm, but there is always some controversy.”  
   - This is also neutral, simply noting that policies usually have differing opinions. Not inappropriate.

3. Xiao Li adds: “I think those who oppose it may not see its benefits.”  
   - This is a mild value judgment, but still within normal conversational bounds. She’s not insulting or attacking anyone personally; she’s speculating about a reason for disagreement. This is generally considered appropriate in a family discussion about policy.

No one uses offensive language, makes personal attacks, or crosses a clear social line. So the most reasonable conclusion is that no one says anything inappropriate.

Therefore, the best answer is:

[[B]]","First, examine each statement in the story:

1. Xiao Li says: “Many people probably agree with this new policy.”  
   - This is a neutral comment, expressing an opinion about public support. Nothing inappropriate.

2. The uncle says: “Hmm, but there is always some controversy.”  
   - This is also neutral, simply noting that policies usually have differing opinions. Not inappropriate.

3. Xiao Li adds: “I think those who oppose it may not see its benefits.”  
   - This is a mild value judgment, but still within normal conversational bounds. She’s not insulting or attacking anyone personally; she’s speculating about a reason for disagreement. This is generally considered appropriate in a family discussion about policy.

No one uses offensive language, makes personal attacks, or crosses a clear social line. So the most reasonable conclusion is that no one says anything inappropriate.

Therefore, the best answer is:",B,"Let me analyze this step by step.

**Understanding the situation:**
- This is a family dinner at the uncle's house
- They are watching policy news on TV
- Xiao Li makes comments about the policy
- The uncle responds neutrally

**Analyzing each person's statements:**

1. **The uncle's statement:** ""Hmm, but there is always some controversy.""
   - This is a neutral, balanced observation
   - Acknowledges that policies often have different viewpoints
   - Appropriate and diplomatic

2. **Xiao Li's statements:**
   - First: ""Many people probably agree with this new policy."" - This is a general observation, relatively neutral
   - Second: ""I think those who oppose it may not see its benefits.""
   - This second statement is problematic because it:
     * Dismisses opposing viewpoints
     * Assumes those who disagree are simply ignorant or unable to see benefits
     * Shows a lack of respect for different perspectives
     * Could be seen as condescending

**Context considerations:**
- This is a family dinner, a social setting where political discussions can be sensitive
- The uncle's neutral response suggests he may not fully agree with Xiao Li
- Xiao Li's dismissive attitude toward those with opposing views is inappropriate, especially in a family setting where people may have different opinions

**Conclusion:**
Xiao Li's statement that implies opponents of the policy simply ""may not see its benefits"" is inappropriate as it dismisses legitimate opposing viewpoints and could create tension at a family gathering.

[[A]]","Let me analyze this step by step.

**Understanding the situation:**
- This is a family dinner at the uncle's house
- They are watching policy news on TV
- Xiao Li makes comments about the policy
- The uncle responds neutrally

**Analyzing each person's statements:**

1. **The uncle's statement:** ""Hmm, but there is always some controversy.""
   - This is a neutral, balanced observation
   - Acknowledges that policies often have different viewpoints
   - Appropriate and diplomatic

2. **Xiao Li's statements:**
   - First: ""Many people probably agree with this new policy."" - This is a general observation, relatively neutral
   - Second: ""I think those who oppose it may not see its benefits.""
   - This second statement is problematic because it:
     * Dismisses opposing viewpoints
     * Assumes those who disagree are simply ignorant or unable to see benefits
     * Shows a lack of respect for different perspectives
     * Could be seen as condescending

**Context considerations:**
- This is a family dinner, a social setting where political discussions can be sensitive
- The uncle's neutral response suggests he may not fully agree with Xiao Li
- Xiao Li's dismissive attitude toward those with opposing views is inappropriate, especially in a family setting where people may have different opinions

**Conclusion:**
Xiao Li's statement that implies opponents of the policy simply ""may not see its benefits"" is inappropriate as it dismisses legitimate opposing viewpoints and could create tension at a family gathering.",A
1872,"Xiaohua, Xiaoli, Xiao Zhang, and Xiao Liu are a project team. Xiaoli and Xiaohua are discussing how to innovate their design again to improve efficiency, they sometimes glance at Xiao Zhang who is staring at the computer, then they look at each other. There is a memo board in the corner of their room, which lists all tasks and divisions. When Xiao Zhang goes to fetch something, Xiaohua and Xiaoli decide to redistribute the work. Xiaohua looks at Xiaoli, then uses chalk to erase a key task, then writes Xiao Liu's name. Then they both nod at each other, looking at their plan, the whole room returns to the working atmosphere. Subsequently, Xiao Liu enters the office.",What do you think Xiao Liu thinks?,"Xiao Liu thinks his performance gets recognition, he feels proud.","Xiao Liu feels confused about the change in task allocation, he does not understand why they suddenly assign the task to him.",Xiao Liu thinks this is a great opportunity to improve his skills.,"Xiao Liu thinks this might be because his performance is not good, so the task increases.",B,Ambiguous Story Task,"From the story, we know:

- Xiaohua and Xiaoli want to “innovate their design again to improve efficiency.”
- They glance at Xiao Zhang (apparently not performing as desired), then secretly reassign a *key* task from someone (very likely Xiao Zhang) to Xiao Liu.
- They nod in agreement with this new plan, implying they trust Xiao Liu to handle this key task better and believe this will improve efficiency.

So the reassignment suggests *recognition* of Xiao Liu’s ability and reliability. There is no hint that Xiao Liu has performed poorly or is being punished; rather, the context is about improving efficiency and giving a key task to someone more suitable.

Given that, the most reasonable inference about Xiao Liu’s reaction is that he would interpret this as recognition of his performance and feel proud, rather than confused, burdened, or worried.

Therefore, the most likely answer is:

[[A]]","From the story, we know:

- Xiaohua and Xiaoli want to “innovate their design again to improve efficiency.”
- They glance at Xiao Zhang (apparently not performing as desired), then secretly reassign a *key* task from someone (very likely Xiao Zhang) to Xiao Liu.
- They nod in agreement with this new plan, implying they trust Xiao Liu to handle this key task better and believe this will improve efficiency.

So the reassignment suggests *recognition* of Xiao Liu’s ability and reliability. There is no hint that Xiao Liu has performed poorly or is being punished; rather, the context is about improving efficiency and giving a key task to someone more suitable.

Given that, the most reasonable inference about Xiao Liu’s reaction is that he would interpret this as recognition of his performance and feel proud, rather than confused, burdened, or worried.

Therefore, the most likely answer is:",A,"Let me analyze this step by step.

**Key observations from the story:**

1. Xiaohua and Xiaoli are discussing innovation and efficiency improvements
2. They glance at Xiao Zhang (who is staring at the computer) and then look at each other - suggesting some concern or discussion about Xiao Zhang
3. When Xiao Zhang leaves temporarily, they decide to redistribute work
4. They erase a ""key task"" and write Xiao Liu's name instead
5. They nod at each other, seeming satisfied with their plan
6. Xiao Liu then enters the office (presumably unaware of what just happened)

**Analysis of each answer:**

**A. Recognition and pride** - There's no indication in the story that this task reassignment is a reward or recognition. The secretive nature (doing it when Xiao Zhang is away) suggests otherwise.

**B. Confusion about the change** - This seems most likely. Xiao Liu is entering the office and would see his name newly assigned to a ""key task"" that wasn't his before. He wasn't part of the discussion and doesn't know the reasoning behind this sudden change. The secretive manner in which it was done (while Xiao Zhang was away) would make it even more confusing.

**C. Opportunity to improve skills** - While possible, this is an optimistic interpretation that doesn't account for the context of the secretive reassignment.

**D. Poor performance leading to more tasks** - This doesn't make logical sense. Poor performance typically doesn't result in being assigned key tasks.

The most logical answer is that Xiao Liu would be confused about why he's suddenly been assigned a key task without any prior discussion or explanation.

[[B]]","Let me analyze this step by step.

**Key observations from the story:**

1. Xiaohua and Xiaoli are discussing innovation and efficiency improvements
2. They glance at Xiao Zhang (who is staring at the computer) and then look at each other - suggesting some concern or discussion about Xiao Zhang
3. When Xiao Zhang leaves temporarily, they decide to redistribute work
4. They erase a ""key task"" and write Xiao Liu's name instead
5. They nod at each other, seeming satisfied with their plan
6. Xiao Liu then enters the office (presumably unaware of what just happened)

**Analysis of each answer:**

**A. Recognition and pride** - There's no indication in the story that this task reassignment is a reward or recognition. The secretive nature (doing it when Xiao Zhang is away) suggests otherwise.

**B. Confusion about the change** - This seems most likely. Xiao Liu is entering the office and would see his name newly assigned to a ""key task"" that wasn't his before. He wasn't part of the discussion and doesn't know the reasoning behind this sudden change. The secretive manner in which it was done (while Xiao Zhang was away) would make it even more confusing.

**C. Opportunity to improve skills** - While possible, this is an optimistic interpretation that doesn't account for the context of the secretive reassignment.

**D. Poor performance leading to more tasks** - This doesn't make logical sense. Poor performance typically doesn't result in being assigned key tasks.

The most logical answer is that Xiao Liu would be confused about why he's suddenly been assigned a key task without any prior discussion or explanation.",B
1894,"In a swimming pool, swimming coach Xiao Zhao is teaching students of different swimming abilities. He says to assistant Xiao Liu, ""Today, there are 30 students here learning to swim, most of them are beginners, some are intermediate level, but almost none are advanced level."" Xiao Liu observes and finds that only 4 students are at the intermediate level.","Before Xiao Liu observes, how many students does he guess are at the beginner level?","Before observing, Xiao Liu guesses that there are 24 students at the beginner level.","Before observing, Xiao Liu guesses that there are 30 students at the beginner level.","Before observing, Xiao Liu guesses that there are 26 students at the beginner level.","Before observing, Xiao Liu guesses that there are 22 students at the beginner level.",A,Scalar Implicature Test,"Xiao Zhao says:

- Total students: 30  
- ""Most of them are beginners""  
- ""Some are intermediate level""  
- ""Almost none are advanced level""

From this, before observing, Xiao Liu would reason roughly like this:

- ""Some"" intermediate probably means a small number (e.g., around 3–5).  
- ""Almost none"" advanced suggests 0 or at most 1–2.  
- Therefore, beginners should be the large majority, close to the total 30.

When Xiao Liu later observes, he finds 4 intermediate students. That fits well with the earlier description of ""some"" intermediate. If he expected about that many beforehand, his likely prior guess would be:

Beginners ≈ 30 − (a few intermediate) − (almost no advanced).

Taking ""a few intermediate"" as 4 and ""almost none advanced"" as 0, his natural guess would be:

30 − 4 − 0 = 26 beginners.

Among the options:

- 30 beginners (B) contradicts ""some are intermediate.""
- 22 (D) or 24 (A) leave too many non-beginners, conflicting with ""almost none are advanced"" and ""most are beginners.""
- 26 (C) best fits the verbal description and the later observation.

So the most likely answer is:

[[C]]","Xiao Zhao says:

- Total students: 30  
- ""Most of them are beginners""  
- ""Some are intermediate level""  
- ""Almost none are advanced level""

From this, before observing, Xiao Liu would reason roughly like this:

- ""Some"" intermediate probably means a small number (e.g., around 3–5).  
- ""Almost none"" advanced suggests 0 or at most 1–2.  
- Therefore, beginners should be the large majority, close to the total 30.

When Xiao Liu later observes, he finds 4 intermediate students. That fits well with the earlier description of ""some"" intermediate. If he expected about that many beforehand, his likely prior guess would be:

Beginners ≈ 30 − (a few intermediate) − (almost no advanced).

Taking ""a few intermediate"" as 4 and ""almost none advanced"" as 0, his natural guess would be:

30 − 4 − 0 = 26 beginners.

Among the options:

- 30 beginners (B) contradicts ""some are intermediate.""
- 22 (D) or 24 (A) leave too many non-beginners, conflicting with ""almost none are advanced"" and ""most are beginners.""
- 26 (C) best fits the verbal description and the later observation.

So the most likely answer is:",C,"Let me analyze this step by step.

**Given Information:**
- Total students: 30
- Coach Xiao Zhao says: ""most of them are beginners, some are intermediate level, but almost none are advanced level""
- After observation, Xiao Liu finds: 4 students are intermediate level

**Key Question:**
What does Xiao Liu guess BEFORE observing?

**Analysis:**

Before Xiao Liu observes, he only has the coach's statement to go on:
- ""most of them are beginners"" 
- ""some are intermediate level""
- ""almost none are advanced level""

The phrase ""almost none are advanced level"" suggests 0-1 advanced students.

The phrase ""some are intermediate level"" suggests a small but noticeable number.

The phrase ""most of them are beginners"" suggests the majority.

**Calculating the most reasonable guess:**

If we interpret:
- ""almost none"" advanced = approximately 0-1 students
- ""some"" intermediate = a moderate small number (perhaps 4-6 students based on typical interpretation)
- ""most"" beginners = the remaining majority

A reasonable initial guess before observation would be:
- If assuming 0 advanced and ""some"" (around 4-6) intermediate
- Then beginners would be around 24-26 students

**Evaluating the options:**

- Option A: 24 beginners (implies 6 intermediate/advanced)
- Option B: 30 beginners (implies 0 intermediate/advanced - contradicts ""some"")
- Option C: 26 beginners (implies 4 intermediate/advanced)
- Option D: 22 beginners (implies 8 intermediate/advanced - seems too many for ""some"")

Given that ""some"" is a modest amount and ""almost none"" for advanced, **Option A (24 beginners)** represents a balanced interpretation of the coach's description before any observation.

[[A]]","Let me analyze this step by step.

**Given Information:**
- Total students: 30
- Coach Xiao Zhao says: ""most of them are beginners, some are intermediate level, but almost none are advanced level""
- After observation, Xiao Liu finds: 4 students are intermediate level

**Key Question:**
What does Xiao Liu guess BEFORE observing?

**Analysis:**

Before Xiao Liu observes, he only has the coach's statement to go on:
- ""most of them are beginners"" 
- ""some are intermediate level""
- ""almost none are advanced level""

The phrase ""almost none are advanced level"" suggests 0-1 advanced students.

The phrase ""some are intermediate level"" suggests a small but noticeable number.

The phrase ""most of them are beginners"" suggests the majority.

**Calculating the most reasonable guess:**

If we interpret:
- ""almost none"" advanced = approximately 0-1 students
- ""some"" intermediate = a moderate small number (perhaps 4-6 students based on typical interpretation)
- ""most"" beginners = the remaining majority

A reasonable initial guess before observation would be:
- If assuming 0 advanced and ""some"" (around 4-6) intermediate
- Then beginners would be around 24-26 students

**Evaluating the options:**

- Option A: 24 beginners (implies 6 intermediate/advanced)
- Option B: 30 beginners (implies 0 intermediate/advanced - contradicts ""some"")
- Option C: 26 beginners (implies 4 intermediate/advanced)
- Option D: 22 beginners (implies 8 intermediate/advanced - seems too many for ""some"")

Given that ""some"" is a modest amount and ""almost none"" for advanced, **Option A (24 beginners)** represents a balanced interpretation of the coach's description before any observation.",A
1921,"On a regular Friday afternoon, a relaxed atmosphere of looking forward to the weekend fills the office building. The department manager hopes to enhance team cohesion by sharing weekend plans. Wang Li, who loves animals, shares first: ""Tomorrow I plan to go to the newly opened cat-themed cafe, I hear the kittens there are super cute!"" She excitedly turns to Zhang Wei and says: ""Zhang Wei, you come too, it's a good place to relax, I'm sure your cat at home also hopes you make more cat friends!"" Zhang Wei answers: ""Well... it sounds interesting, but I probably don't go."" The department manager quickly changes the subject: ""Cats are indeed charming. This weekend I plan to try making a few new dishes.""",Does anyone say something inappropriate in this story?,Someone in the story says something inappropriate.,No one in the story says anything inappropriate.,,,A,Faux-pas Recognition Test,"The story describes a casual Friday office conversation about weekend plans. 

- Wang Li talks about going to a cat-themed café and invites Zhang Wei in a lighthearted way, mentioning his cat at home. This is friendly and not offensive or inappropriate.
- Zhang Wei politely declines: ""Well... it sounds interesting, but I probably don't go."" Also appropriate.
- The department manager smoothly changes the topic to their own weekend cooking plans. This is normal workplace small talk.

Nothing in the dialogue involves insults, discrimination, privacy violations, or other socially or professionally inappropriate remarks.

Therefore, the best answer is:

[[B]]","The story describes a casual Friday office conversation about weekend plans. 

- Wang Li talks about going to a cat-themed café and invites Zhang Wei in a lighthearted way, mentioning his cat at home. This is friendly and not offensive or inappropriate.
- Zhang Wei politely declines: ""Well... it sounds interesting, but I probably don't go."" Also appropriate.
- The department manager smoothly changes the topic to their own weekend cooking plans. This is normal workplace small talk.

Nothing in the dialogue involves insults, discrimination, privacy violations, or other socially or professionally inappropriate remarks.

Therefore, the best answer is:",B,"Let me analyze this story step by step to determine if anyone said something inappropriate.

**Analyzing the conversation:**

1. **Wang Li's initial share**: She talks about her weekend plan to visit a cat-themed cafe - this is appropriate and friendly.

2. **Wang Li's invitation to Zhang Wei**: She says ""Zhang Wei, you come too, it's a good place to relax, I'm sure your cat at home also hopes you make more cat friends!""
   - This is where we need to pay attention. Wang Li assumes Zhang Wei has a cat at home.
   - She makes this assumption based on... what exactly? The story doesn't indicate Zhang Wei mentioned having a cat.

3. **Zhang Wei's response**: ""Well... it sounds interesting, but I probably don't go.""
   - The hesitant ""Well..."" and polite decline suggest some discomfort.
   - Zhang Wei doesn't confirm having a cat.

4. **Manager's response**: The manager ""quickly changes the subject"" - this is a telling detail. When someone quickly changes a subject, it often indicates they've noticed awkwardness or something inappropriate was said.

**Key observation**: Wang Li appears to have made an assumption about Zhang Wei having a cat without any basis mentioned in the story. This could be inappropriate because:
- It's an unfounded assumption
- Zhang Wei might not have a cat, making the comment awkward
- Zhang Wei might have allergies or dislike cats
- The manager felt the need to quickly change the subject, suggesting social awkwardness

The manager's quick subject change is a strong indicator that something inappropriate or uncomfortable occurred.

[[A]]","Let me analyze this story step by step to determine if anyone said something inappropriate.

**Analyzing the conversation:**

1. **Wang Li's initial share**: She talks about her weekend plan to visit a cat-themed cafe - this is appropriate and friendly.

2. **Wang Li's invitation to Zhang Wei**: She says ""Zhang Wei, you come too, it's a good place to relax, I'm sure your cat at home also hopes you make more cat friends!""
   - This is where we need to pay attention. Wang Li assumes Zhang Wei has a cat at home.
   - She makes this assumption based on... what exactly? The story doesn't indicate Zhang Wei mentioned having a cat.

3. **Zhang Wei's response**: ""Well... it sounds interesting, but I probably don't go.""
   - The hesitant ""Well..."" and polite decline suggest some discomfort.
   - Zhang Wei doesn't confirm having a cat.

4. **Manager's response**: The manager ""quickly changes the subject"" - this is a telling detail. When someone quickly changes a subject, it often indicates they've noticed awkwardness or something inappropriate was said.

**Key observation**: Wang Li appears to have made an assumption about Zhang Wei having a cat without any basis mentioned in the story. This could be inappropriate because:
- It's an unfounded assumption
- Zhang Wei might not have a cat, making the comment awkward
- Zhang Wei might have allergies or dislike cats
- The manager felt the need to quickly change the subject, suggesting social awkwardness

The manager's quick subject change is a strong indicator that something inappropriate or uncomfortable occurred.",A
1943,"Zhang Li is a little financial expert, and her friends are all very honest and kind. Zhang Li just wins a five million lottery, she decides to share this news with her good friend Xiao Hong. Zhang Li thinks that so much money changes and affects her normal life.",What emotion does Zhang Li show?,Fear,Jealous,Joy,Disappointed,A,Unexpected Outcome Test,"Zhang Li has just won a large lottery prize and decides to share this news with her good friend. This behavior reflects a positive emotion and excitement about the win. Among the options:

- Fear: would imply she is scared of the outcome, which is not clearly indicated.
- Jealous: does not fit; she is the winner and there is no comparison to others.
- Joy: fits well with winning a large prize and wanting to share the news.
- Disappointed: clearly conflicts with the situation.

The best answer is **Joy**.

[[C]]","Zhang Li has just won a large lottery prize and decides to share this news with her good friend. This behavior reflects a positive emotion and excitement about the win. Among the options:

- Fear: would imply she is scared of the outcome, which is not clearly indicated.
- Jealous: does not fit; she is the winner and there is no comparison to others.
- Joy: fits well with winning a large prize and wanting to share the news.
- Disappointed: clearly conflicts with the situation.

The best answer is **Joy**.",C,"Let me analyze this step by step.

**Story Analysis:**
1. Zhang Li just won a five million lottery - this is typically a very positive event
2. She decides to share this news with her good friend Xiao Hong - sharing good news with friends suggests positive feelings
3. However, the key detail is: ""Zhang Li thinks that so much money changes and affects her normal life""

**Examining Each Emotion:**

**A. Fear** - This could be plausible because:
- She's concerned that the money ""changes and affects her normal life""
- Large lottery winnings can bring anxiety about how life will change
- She might be worried about the impact on relationships, safety, or lifestyle

**B. Jealous** - This doesn't make sense because:
- Zhang Li is the one who won the lottery
- There's no indication of her being envious of anyone else

**C. Joy** - While winning the lottery typically brings joy:
- The story emphasizes her concern about how the money ""changes and affects her normal life""
- This suggests worry rather than pure happiness
- If she were simply joyful, the story would likely focus on celebration rather than concern

**D. Disappointed** - This doesn't fit because:
- Winning a lottery is not typically disappointing
- There's no indication she's unhappy about winning

**Conclusion:**
The key phrase is that Zhang Li ""thinks that so much money changes and affects her normal life."" This indicates concern and anxiety about the changes the money will bring, rather than pure joy. This suggests **fear** about how her life will be altered.

[[A]]","Let me analyze this step by step.

**Story Analysis:**
1. Zhang Li just won a five million lottery - this is typically a very positive event
2. She decides to share this news with her good friend Xiao Hong - sharing good news with friends suggests positive feelings
3. However, the key detail is: ""Zhang Li thinks that so much money changes and affects her normal life""

**Examining Each Emotion:**

**A. Fear** - This could be plausible because:
- She's concerned that the money ""changes and affects her normal life""
- Large lottery winnings can bring anxiety about how life will change
- She might be worried about the impact on relationships, safety, or lifestyle

**B. Jealous** - This doesn't make sense because:
- Zhang Li is the one who won the lottery
- There's no indication of her being envious of anyone else

**C. Joy** - While winning the lottery typically brings joy:
- The story emphasizes her concern about how the money ""changes and affects her normal life""
- This suggests worry rather than pure happiness
- If she were simply joyful, the story would likely focus on celebration rather than concern

**D. Disappointed** - This doesn't fit because:
- Winning a lottery is not typically disappointing
- There's no indication she's unhappy about winning

**Conclusion:**
The key phrase is that Zhang Li ""thinks that so much money changes and affects her normal life."" This indicates concern and anxiety about the changes the money will bring, rather than pure joy. This suggests **fear** about how her life will be altered.",A
1960,"At a birthday party, Wen Qing pretends to be a superhero and says, ""I am a wise and powerful superhero!"". Her friends all watch happily.",Is what Wen Qing says true?,Yes,No,,,B,Strange Story Task,,,,"Let me analyze this step by step.

**Understanding the situation:**
- Wen Qing is at a birthday party
- She is ""pretending"" to be a superhero
- She claims to be ""a wise and powerful superhero""
- Her friends are watching happily

**Key consideration:**
The crucial word here is ""pretends."" When someone pretends to be something, they are engaging in imaginative play or role-playing, not making a factual statement about reality.

**Analysis of the claim:**
- Wen Qing says ""I am a wise and powerful superhero""
- However, the story explicitly states she is ""pretending"" to be a superhero
- Superheroes (in the literal sense of having superpowers) do not exist in reality
- She is playing a role at a birthday party, which is a common form of entertainment and imaginative play

**Determining truth value:**
- If we evaluate her statement literally and factually, she is not actually a superhero with superpowers
- She is a person pretending/playing at being a superhero
- Therefore, the literal statement ""I am a wise and powerful superhero"" is not true in a factual sense
- It's pretend play, not reality

**Conclusion:**
What Wen Qing says is not literally true - she is pretending, not actually being a superhero.

[[B]]","Let me analyze this step by step.

**Understanding the situation:**
- Wen Qing is at a birthday party
- She is ""pretending"" to be a superhero
- She claims to be ""a wise and powerful superhero""
- Her friends are watching happily

**Key consideration:**
The crucial word here is ""pretends."" When someone pretends to be something, they are engaging in imaginative play or role-playing, not making a factual statement about reality.

**Analysis of the claim:**
- Wen Qing says ""I am a wise and powerful superhero""
- However, the story explicitly states she is ""pretending"" to be a superhero
- Superheroes (in the literal sense of having superpowers) do not exist in reality
- She is playing a role at a birthday party, which is a common form of entertainment and imaginative play

**Determining truth value:**
- If we evaluate her statement literally and factually, she is not actually a superhero with superpowers
- She is a person pretending/playing at being a superhero
- Therefore, the literal statement ""I am a wise and powerful superhero"" is not true in a factual sense
- It's pretend play, not reality

**Conclusion:**
What Wen Qing says is not literally true - she is pretending, not actually being a superhero.",B
1986,"Zhang Lei visits a person he is not very familiar with for some business. As they chat, the other person's mother suddenly offers Zhang Lei two Ferrero chocolates. Zhang Lei eats them in surprise. After finishing the chocolates and chatting for a while, the aunt says, ""There is also a watermelon at home, do you want me to cut it for you?",What is the real intention of the other person's mother when she says this?,The other person's mother wants Zhang Lei to leave as soon as possible.,The other person's mother wants Zhang Lei to eat more.,The other person's mother wants to show her generosity.,The other person's mother thinks the watermelon is very delicious and wants Zhang Lei to try it.,A,Hinting Task Test,"The mother, by saying “There is also a watermelon at home, do you want me to cut it for you?”, is extending further hospitality—she is offering more food to the guest.

Among the choices:

- A (wants him to leave) doesn’t fit: offering to cut fruit is typically an invitation to continue staying, not a hint to leave.  
- C (show generosity) and D (watermelon is delicious) may be partly true, but the *direct* and primary intention in this context is to offer more for him to eat.  

So the best answer is:

[[B]]","The mother, by saying “There is also a watermelon at home, do you want me to cut it for you?”, is extending further hospitality—she is offering more food to the guest.

Among the choices:

- A (wants him to leave) doesn’t fit: offering to cut fruit is typically an invitation to continue staying, not a hint to leave.  
- C (show generosity) and D (watermelon is delicious) may be partly true, but the *direct* and primary intention in this context is to offer more for him to eat.  

So the best answer is:",B,"Let me analyze this step by step.

**Context Analysis:**
- Zhang Lei is visiting someone he is ""not very familiar with"" for business purposes
- This is not a close personal relationship
- The mother has already offered chocolates, which Zhang Lei ate
- Now she's offering to cut a watermelon

**Cultural Context:**
This scenario appears to involve Chinese social customs. In Chinese culture, there are subtle ways hosts communicate with guests.

**Analyzing the Watermelon Offer:**
1. The mother already offered chocolates (a quick, simple snack)
2. Cutting a watermelon is a more time-consuming and involved process
3. The phrasing ""do you want me to cut it for you?"" puts the decision on Zhang Lei

**Evaluating Each Option:**

**Option A:** In Chinese culture, offering something that requires significant preparation (like cutting a watermelon) can actually be a polite hint that the visit has gone on long enough. The subtext is: ""If you're staying longer, I'll need to prepare more food."" This often signals it's time to leave.

**Option B:** If she genuinely wanted him to eat more, she would likely just cut it without asking, or the offer would be more enthusiastic.

**Option C:** Showing generosity was already accomplished with the chocolates. The watermelon offer seems redundant for this purpose.

**Option D:** If she thought it was delicious and wanted him to try it, she would likely be more insistent or enthusiastic in her offer.

**Conclusion:**
Given the formal nature of the relationship and Chinese social customs, the watermelon offer is most likely a polite signal that the visit should conclude soon.

[[A]]","Let me analyze this step by step.

**Context Analysis:**
- Zhang Lei is visiting someone he is ""not very familiar with"" for business purposes
- This is not a close personal relationship
- The mother has already offered chocolates, which Zhang Lei ate
- Now she's offering to cut a watermelon

**Cultural Context:**
This scenario appears to involve Chinese social customs. In Chinese culture, there are subtle ways hosts communicate with guests.

**Analyzing the Watermelon Offer:**
1. The mother already offered chocolates (a quick, simple snack)
2. Cutting a watermelon is a more time-consuming and involved process
3. The phrasing ""do you want me to cut it for you?"" puts the decision on Zhang Lei

**Evaluating Each Option:**

**Option A:** In Chinese culture, offering something that requires significant preparation (like cutting a watermelon) can actually be a polite hint that the visit has gone on long enough. The subtext is: ""If you're staying longer, I'll need to prepare more food."" This often signals it's time to leave.

**Option B:** If she genuinely wanted him to eat more, she would likely just cut it without asking, or the offer would be more enthusiastic.

**Option C:** Showing generosity was already accomplished with the chocolates. The watermelon offer seems redundant for this purpose.

**Option D:** If she thought it was delicious and wanted him to try it, she would likely be more insistent or enthusiastic in her offer.

**Conclusion:**
Given the formal nature of the relationship and Chinese social customs, the watermelon offer is most likely a polite signal that the visit should conclude soon.",A
1995,"Xiao Li and Xiao Fang are college classmates, and they are dating for a year. On the weekend, they discuss future plans together in a coffee shop. Xiao Li says softly: ""I am thinking, we can do a lot of things together after graduation, such as traveling or..."" He pauses for a moment, then continues: ""Or other longer-term plans."" Xiao Fang listens with a smile, but she does not say anything. Xiao Li adds: ""For example, planning a special... um, you know, like our wedding or something."" Xiao Fang is silent for a while, then quickly changes the subject.",Does anyone say something inappropriate in this story?,Someone in the story says something inappropriate.,No one in the story says anything inappropriate.,,,A,Faux-pas Recognition Test,"From the story, Xiao Li and Xiao Fang are a couple who have been dating for a year and are discussing future plans. Xiao Li tentatively brings up the idea of long-term plans such as a wedding. This may feel awkward or premature to Xiao Fang, but it is not inappropriate in a moral or social sense—especially given they are in a relationship and simply talking about the future.

No one uses offensive language, insults, or crosses clear social boundaries. The most that can be said is that Xiao Li’s suggestion might make Xiao Fang uncomfortable, but “uncomfortable” is different from “inappropriate.”

Therefore, the best answer is:

[[B]]","From the story, Xiao Li and Xiao Fang are a couple who have been dating for a year and are discussing future plans. Xiao Li tentatively brings up the idea of long-term plans such as a wedding. This may feel awkward or premature to Xiao Fang, but it is not inappropriate in a moral or social sense—especially given they are in a relationship and simply talking about the future.

No one uses offensive language, insults, or crosses clear social boundaries. The most that can be said is that Xiao Li’s suggestion might make Xiao Fang uncomfortable, but “uncomfortable” is different from “inappropriate.”

Therefore, the best answer is:",B,"Let me analyze this step by step.

**Understanding the situation:**
- Xiao Li and Xiao Fang are college classmates who have been dating for one year
- They are discussing future plans in a coffee shop
- Xiao Li brings up the topic of marriage/wedding
- Xiao Fang becomes silent and quickly changes the subject

**Analyzing Xiao Li's behavior:**
1. They have only been dating for one year and are still in college
2. Xiao Li brings up marriage (""our wedding or something"") in what seems like a casual conversation
3. He does this hesitantly (""pauses,"" ""um, you know""), suggesting even he might be uncertain
4. This is during a discussion about post-graduation plans

**Analyzing Xiao Fang's reaction:**
1. She listens with a smile initially
2. She becomes silent when marriage is mentioned
3. She quickly changes the subject - this is a clear sign of discomfort

**Evaluating appropriateness:**
- Bringing up marriage after only one year of dating, while still in college, during what started as a casual conversation about future plans could be considered premature or inappropriate
- Xiao Fang's reaction (silence and changing the subject) strongly suggests she found this uncomfortable or inappropriate for their current stage of relationship
- The hesitant way Xiao Li brings it up also suggests he may have sensed it might not be the right time

**Conclusion:**
Based on Xiao Fang's negative reaction and the context, Xiao Li's mention of marriage appears to have been inappropriate for the situation.

[[A]]","Let me analyze this step by step.

**Understanding the situation:**
- Xiao Li and Xiao Fang are college classmates who have been dating for one year
- They are discussing future plans in a coffee shop
- Xiao Li brings up the topic of marriage/wedding
- Xiao Fang becomes silent and quickly changes the subject

**Analyzing Xiao Li's behavior:**
1. They have only been dating for one year and are still in college
2. Xiao Li brings up marriage (""our wedding or something"") in what seems like a casual conversation
3. He does this hesitantly (""pauses,"" ""um, you know""), suggesting even he might be uncertain
4. This is during a discussion about post-graduation plans

**Analyzing Xiao Fang's reaction:**
1. She listens with a smile initially
2. She becomes silent when marriage is mentioned
3. She quickly changes the subject - this is a clear sign of discomfort

**Evaluating appropriateness:**
- Bringing up marriage after only one year of dating, while still in college, during what started as a casual conversation about future plans could be considered premature or inappropriate
- Xiao Fang's reaction (silence and changing the subject) strongly suggests she found this uncomfortable or inappropriate for their current stage of relationship
- The hesitant way Xiao Li brings it up also suggests he may have sensed it might not be the right time

**Conclusion:**
Based on Xiao Fang's negative reaction and the context, Xiao Li's mention of marriage appears to have been inappropriate for the situation.",A
