STORY,QUESTION,OPTION-A,OPTION-B,OPTION-C,OPTION-D,"答案
ANSWER"
"Xiao Hong and Xiao Fang watch other children play on the playground. They chat about some interesting things happening on the playground and discuss going to the park together after school. Suddenly, Xiao Hong gives Xiao Fang a look and looks in the direction of the swing. Then, Xiao Hong smiles at Xiao Fang. Xiao Fang nods, and the two stand up. Xiao Mei sits on the swing and notices the interaction between Xiao Hong and Xiao Fang.",Why does Xiao Hong smile at Xiao Fang?,Xiao Hong smiles because she sees something interesting on the playground.,Xiao Hong smiles because she remembers a joke about Xiao Mei.,Xiao Hong smiles because she thinks it is fun to play after school.,Xiao Hong smiles at Xiao Fang to suggest making new friends together.,D
"Xiao Hong and Xiao Fang watch other children play on the playground. They chat about some interesting things happening on the playground and discuss going to the park together after school. Suddenly, Xiao Hong gives Xiao Fang a look and looks in the direction of the swing. Then, Xiao Hong smiles at Xiao Fang. Xiao Fang nods, and the two stand up. Xiao Mei sits on the swing and notices the interaction between Xiao Hong and Xiao Fang.",How do you think Xiao Mei feels?,Xiao Mei feels excited because she thinks Xiao Hong and Xiao Fang want to play on the swing together.,"Xiao Mei feels curious, possibly a bit worried.","Xiao Mei feels a little scared, worried they will bully her.","Xiao Mei feels very happy, thinking they are going to give her a surprise.",B
"Jianning and Mingkai are the co-captains of the football team. They still lack one team member. They joke that the remaining unselected players are ""the best players"". After a while, Mingkai does not speak, winks at Jianning, and then looks at Taotao, Taotao is one of the remaining unselected players. Mingkai turns his head and smiles at Jianning. Jianning nods his head, prepares to choose Taotao to join their team. Taotao sees the wink and smile of Mingkai and Jianning.",Why does Mingkai turn his head to look at Jianning and smile?,"Mingkai and Jianning have a joke about choosing team members before, Mingkai thinks of that joke",Mingkai smiles because he thinks Taotao is the best existing player.,Mingkai smiles at Jianning because they both know they can only choose Taotao.,"Mingkai and Jianning have a secret plan about Taotao, so he smiles.",C
"Jianning and Mingkai are the co-captains of the football team. They still lack one team member. They joke that the remaining unselected players are ""the best players"". After a while, Mingkai does not speak, winks at Jianning, and then looks at Taotao, Taotao is one of the remaining unselected players. Mingkai turns his head and smiles at Jianning. Jianning nods his head, prepares to choose Taotao to join their team. Taotao sees the wink and smile of Mingkai and Jianning.",What do you think Taotao thinks?,Taotao feels surprised and confused.,Taotao feels he is being teased and mocked.,Taotao feels he is recognized and proud.,Taotao is full of hope to show his skills.,A
"Dehua and Sanming are company employees, they are competing for a promotion opportunity. Today is Sanming's birthday, he enjoys a small birthday cake alone. Lingling is the company supervisor, she is having a private conversation with Dehua in the pantry. Sanming sees from a distance that Lingling quietly gives Dehua a document, and with a smile, gently pats Dehua's back, then returns to her office. Dehua quickly checks the document, shows a smile, and carefully puts the document into his file bag.",Why does Lingling give Dehua that document?,Lingling returns Dehua's personal document left in the conference room.,Lingling gives Dehua a daily notice unrelated to promotion.,Lingling and Dehua are planning a surprise for Sanming.,Lingling gives Dehua extra information.,D
"Dehua and Sanming are company employees, they are competing for a promotion opportunity. Today is Sanming's birthday, he enjoys a small birthday cake alone. Lingling is the company supervisor, she is having a private conversation with Dehua in the pantry. Sanming sees from a distance that Lingling quietly gives Dehua a document, and with a smile, gently pats Dehua's back, then returns to her office. Dehua quickly checks the document, shows a smile, and carefully puts the document into his file bag.",What do you think Sanming thinks?,Sanming thinks everything is normal because that is Dehua's document.,Sanming feels angry because he is isolated.,Sanming feels very happy because his cake tastes good.,Sanming reevaluates his promotion opportunity.,D
"Xiao Li and Xiao Wang rest by the swimming pool in the resort. They see Ah Zhen and Ah Hong reading on the loungers not far away, then they exchange a look. Xiao Wang nudges Xiao Li with his elbow, silently mouthing ""pretty girls"". Xiao Li gives a wink back, they laugh and look at each other, then carefully walk towards Ah Zhen. Ah Zhen sees their movements in the corner of her eye, then whispers a few words to Ah Hong, points at her phone, and smiles. Xiao Li and Xiao Wang come to Ah Zhen, introduce themselves and express their desire to get to know her better. At this moment, Ah Zhen's phone suddenly rings, so she stands up to answer the call.",Why does Xiao Wang nudge Xiao Li with his elbow?,Xiao Wang wants Xiao Li to notice the beautiful girls by the pool,Xiao Wang wants to tell Xiao Li it is time to swim,Xiao Wang wants Xiao Li to notice the obstacles on the ground,Xiao Wang wants Xiao Li to go and chat up Ah Zhen together,D
"Xiao Li and Xiao Wang rest by the swimming pool in the resort. They see Ah Zhen and Ah Hong reading on the loungers not far away, then they exchange a look. Xiao Wang nudges Xiao Li with his elbow, silently mouthing ""pretty girls"". Xiao Li gives a wink back, they laugh and look at each other, then carefully walk towards Ah Zhen. Ah Zhen sees their movements in the corner of her eye, then whispers a few words to Ah Hong, points at her phone, and smiles. Xiao Li and Xiao Wang come to Ah Zhen, introduce themselves and express their desire to get to know her better. At this moment, Ah Zhen's phone suddenly rings, so she stands up to answer the call.",What do you think is Ah Zhen's reaction to the two coming over?,"Ah Zhen feels happy, hoping to make new friends","Ah Zhen feels surprised, not expecting to be pursued","Ah Zhen feels a bit troubled, not wanting to interact with them","Ah Zhen feels shy, not expecting to meet handsome guys",C
"Xiao Ming and Xiao Yun are classmates, they prepare a group project. Today, the teacher lets each group share their progress. Xiao Ming is very confident in his ideas, he prepares to share at the meeting. Before the discussion starts, Xiao Yun tells Xiao Ming that she can help him share to avoid his nervousness, Xiao Ming does not speak, they look at Xiao Ming's speech together. After the meeting starts, Xiao Yun raises her hand to speak, showing her ideas to the teacher and the class leader. Xiao Ming finds that Xiao Yun's ideas are very similar to his own, and he is stunned for a while. The teacher and the class leader both affirm this idea, Xiao Yun turns her head and gives Xiao Ming a smile. Xiao Ming seems to understand.",Why does Xiao Yun want to share ideas before Xiao Ming?,Xiao Yun accidentally thinks of the same idea as Xiao Ming.,Xiao Yun wants to get the teacher's appreciation through Xiao Ming's idea.,Xiao Yun thinks she can express this idea more clearly than Xiao Ming.,"Xiao Yun worries that Xiao Ming will be nervous, so she helps him share.",B
"Xiao Ming and Xiao Yun are classmates, they prepare a group project. Today, the teacher lets each group share their progress. Xiao Ming is very confident in his ideas, he prepares to share at the meeting. Before the discussion starts, Xiao Yun tells Xiao Ming that she can help him share to avoid his nervousness, Xiao Ming does not speak, they look at Xiao Ming's speech together. After the meeting starts, Xiao Yun raises her hand to speak, showing her ideas to the teacher and the class leader. Xiao Ming finds that Xiao Yun's ideas are very similar to his own, and he is stunned for a while. The teacher and the class leader both affirm this idea, Xiao Yun turns her head and gives Xiao Ming a smile. Xiao Ming seems to understand.",How do you think Xiao Ming feels at that time?,"Xiao Ming is surprised at Xiao Yun's behavior, but does not mind.",Xiao Ming is happy that Xiao Yun likes his idea and shares it.,Xiao Ming feels unhappy when Xiao Yun shows a smug smile.,Xiao Ming feels relieved because he does not like to speak in public.,C
"Li Ming and Zhang Hua are assigned to an important project, their performance in this project affects promotion. The day before the project is about to end, Li Ming temporarily leaves the office, Zhang Hua then walks to Li Ming's computer and quickly hits a few keys. Zhang Hua sees Xiao Chen looking at him, smiles at her, and then returns to his seat. When Li Ming comes back, Zhang Hua quickly stands up, proposes to go to the pantry to eat something, seems to want to distract Li Ming. Xiao Chen then sees the computer like it has a virus, pops up a lot of windows.",Why does Zhang Hua smile at Xiao Chen?,Zhang Hua does not want Xiao Chen to know that he does not complete his task.,Zhang Hua does not want Xiao Chen to know his motive.,Zhang Hua also wants to invite Xiao Chen to eat something in the pantry.,Zhang Hua does not want Xiao Chen to help Li Ming finish the work.,B
"Li Ming and Zhang Hua are assigned to an important project, their performance in this project affects promotion. The day before the project is about to end, Li Ming temporarily leaves the office, Zhang Hua then walks to Li Ming's computer and quickly hits a few keys. Zhang Hua sees Xiao Chen looking at him, smiles at her, and then returns to his seat. When Li Ming comes back, Zhang Hua quickly stands up, proposes to go to the pantry to eat something, seems to want to distract Li Ming. Xiao Chen then sees the computer like it has a virus, pops up a lot of windows.",What do you think Xiao Chen thinks?,"Xiao Chen thinks Zhang Hua may have misoperated the computer, causing the windows to pop up.",Xiao Chen thinks Zhang Hua is seeking promotion.,Xiao Chen thinks Zhang Hua is helping Li Ming complete the work.,Xiao Chen worries that Li Ming's computer is infected with a virus by hackers.,B
"In the office, Wang Qiang is the project team leader, and Zhang Wei is Wang Qiang's old deputy. The project team recently brings in a new member Li Li, Wang Qiang and Zhang Wei do not know much about her technical background. Today, Wang Qiang and Zhang Wei arrange for Li Li to complete a task independently, and this task is usually Zhang Wei's responsibility. Li Li works hard in front of the computer, Zhang Wei stands behind her for a while, then walks towards Wang Qiang, the two exchange a complex look. Wang Qiang nods slightly, Zhang Wei returns to his seat, they do not have further conversation. Li Li notices all of this, but continues to focus on her screen.",Why does Wang Qiang let Li Li complete this task that is usually Zhang Wei's responsibility independently?,Because Wang Qiang wants to give Zhang Wei some relaxation time.,Wang Qiang wants to test whether Li Li can complete the task independently.,Wang Qiang is not satisfied with Zhang Wei's work efficiency.,"Because this task is actually very simple, it does not require Zhang Wei's expertise.",B
"In the office, Wang Qiang is the project team leader, and Zhang Wei is Wang Qiang's old deputy. The project team recently brings in a new member Li Li, Wang Qiang and Zhang Wei do not know much about her technical background. Today, Wang Qiang and Zhang Wei arrange for Li Li to complete a task independently, and this task is usually Zhang Wei's responsibility. Li Li works hard in front of the computer, Zhang Wei stands behind her for a while, then walks towards Wang Qiang, the two exchange a complex look. Wang Qiang nods slightly, Zhang Wei returns to his seat, they do not have further conversation. Li Li notices all of this, but continues to focus on her screen.","After watching Li Li work for a while, how does Zhang Wei possibly feel?",Zhang Wei possibly feels marginalized.,Zhang Wei is curious about whether Li Li is competent.,"Zhang Wei feels disappointed, thinking that Li Li's ability is not enough.",Zhang Wei feels relaxed because someone can share his work.,C
"One afternoon, the tense atmosphere in the company seems thicker than usual. Xuemei observes Junbo handling a very picky customer. She pretends to focus on her own work, but in fact, she constantly pays attention to the interaction between Junbo and the customer. Junbo tries to maintain a professional attitude, but he seems a bit at a loss in the face of the customer's continuous questioning. At this time, Zhiqiang, an experienced salesman, shows a vague concern for the situation without direct intervention. Xuemei gently walks to the copier nearby, seems to handle documents, but her eyes occasionally glance at Junbo. Suddenly, she quickly writes a few lines, carefully puts a note on Junbo's notebook. Junbo just glances at the note and then continues to handle the customer's problems. Zhiqiang witnesses this scene on his way to Junbo's workstation, a smile crosses his face, and then he returns to his own workstation.",Why does Xuemei leave that note for Junbo?,Xuemei wants Junbo to leave temporarily.,Xuemei is a warm-hearted person.,Xuemei leaves that note unintentionally.,Xuemei tries to distract the customer.,B
"One afternoon, the tense atmosphere in the company seems thicker than usual. Xuemei observes Junbo handling a very picky customer. She pretends to focus on her own work, but in fact, she constantly pays attention to the interaction between Junbo and the customer. Junbo tries to maintain a professional attitude, but he seems a bit at a loss in the face of the customer's continuous questioning. At this time, Zhiqiang, an experienced salesman, shows a vague concern for the situation without direct intervention. Xuemei gently walks to the copier nearby, seems to handle documents, but her eyes occasionally glance at Junbo. Suddenly, she quickly writes a few lines, carefully puts a note on Junbo's notebook. Junbo just glances at the note and then continues to handle the customer's problems. Zhiqiang witnesses this scene on his way to Junbo's workstation, a smile crosses his face, and then he returns to his own workstation.",What do you think Zhiqiang thinks about this situation?,"Zhiqiang is happy, he does not have to help Junbo.","Zhiqiang thinks Junbo can solve the problem himself, no help is needed.",Zhiqiang thinks Xuemei does this instead of him.,"Zhiqiang wants to stop Xuemei, because he does not like giving advice behind the scenes.",C
"Wang Qiang, Li Ming, and Zhao Min all work in the same company. Recently, there is a division of opinions within the office due to a new policy. Li Ming and Zhao Min are the representatives of these two factions, while Wang Qiang is a regular staff member. One day, the company holds an informal gathering, Wang Qiang hears Li Ming discussing the benefits of the new policy, while Zhao Min emphasizes its negative impacts on the other side. At the end of the party, Wang Qiang walks past Zhao Min's table, they make eye contact for a moment, Wang Qiang gives Zhao Min a slight smile, then turns and walks towards Li Ming. Wang Qiang and Li Ming clink glasses, but his eyes seem to be searching the crowd around.","Why does Wang Qiang smile at Zhao Min at the end of the party, then turn and clink glasses with Li Ming?","Wang Qiang agrees with Zhao Min's view, but does not want Li Ming to know.","Wang Qiang shows polite approval to Zhao Min, but wants to remain neutral to both sides.","Wang Qiang actually supports Li Ming's position, his smile is to downplay the opposition with Zhao Min.","Wang Qiang tries to mediate between the two sides, looking for a compromise solution.",B
"Wang Qiang, Li Ming, and Zhao Min all work in the same company. Recently, there is a division of opinions within the office due to a new policy. Li Ming and Zhao Min are the representatives of these two factions, while Wang Qiang is a regular staff member. One day, the company holds an informal gathering, Wang Qiang hears Li Ming discussing the benefits of the new policy, while Zhao Min emphasizes its negative impacts on the other side. At the end of the party, Wang Qiang walks past Zhao Min's table, they make eye contact for a moment, Wang Qiang gives Zhao Min a slight smile, then turns and walks towards Li Ming. Wang Qiang and Li Ming clink glasses, but his eyes seem to be searching the crowd around.",What does Zhao Min possibly think after seeing Wang Qiang's behavior?,Zhao Min possibly thinks that Wang Qiang supports Li Ming's position.,Zhao Min possibly thinks that Wang Qiang does not dare to express his real opinion in public.,Zhao Min possibly thinks that Wang Qiang clinks glasses with Li Ming just out of politeness.,"Zhao Min possibly feels contempt, thinking that Wang Qiang is two-faced.",D
"Zhang Wei is the performance champion of the department, but he encounters some challenges in his recent project, which causes his performance to be not good. Li Yun is the department manager, he always supports Zhang Wei, hoping to fight for the best evaluation for him in the year-end review. Chen Tao is Zhang Wei's colleague, he also hopes to get promoted in the year-end review. This afternoon, Li Yun quickly browses Zhang Wei's review form in the office. When Zhang Wei passes by Li Yun's office, Li Yun looks up at him and nods to him. Zhang Wei gives a slight smile to Li Yun and continues to walk past. Chen Tao sees all this in the tea room not far away.",Why does Li Yun nod to Zhang Wei?,Li Yun just sees Zhang Wei's review form and thinks his performance is good.,Li Yun wants to tell Zhang Wei that he gets a high evaluation.,Li Yun is greeting Zhang Wei.,Li Yun nods to Zhang Wei unintentionally.,B
"Zhang Wei is the performance champion of the department, but he encounters some challenges in his recent project, which causes his performance to be not good. Li Yun is the department manager, he always supports Zhang Wei, hoping to fight for the best evaluation for him in the year-end review. Chen Tao is Zhang Wei's colleague, he also hopes to get promoted in the year-end review. This afternoon, Li Yun quickly browses Zhang Wei's review form in the office. When Zhang Wei passes by Li Yun's office, Li Yun looks up at him and nods to him. Zhang Wei gives a slight smile to Li Yun and continues to walk past. Chen Tao sees all this in the tea room not far away.",What do you think Chen Tao thinks after seeing this scene?,Chen Tao thinks that Li Yun also gives him a good evaluation.,"Chen Tao possibly feels worried, suspecting that Li Yun favors Zhang Wei.",Chen Tao thinks that Li Yun and Zhang Wei are discussing the issues of the project.,Chen Tao thinks this is a normal daily interaction.,B
"Zhang Hua and Li Qiang are jointly responsible for a project, the performance of this project directly affects their promotion. Li Qiang frowns in front of the computer, the data analysis report in front of him seems to trouble him. Zhang Hua notices Li Qiang's appearance, walks over and says ""I also come to learn"", and enthusiastically asks about the project progress and difficulties. Li Qiang answers with some hesitation, seems to be reserved. During this process, Zhang Hua occasionally exchanges glances with Zhou Yan across the room, then Zhang Hua invites Li Qiang to go downstairs for dinner and a walk. After they leave, Zhou Yan immediately puts down her work, pretends to go to the bathroom, passes by Li Qiang's position, and looks at something.",Why does Zhang Hua ask Li Qiang about the project progress and difficulties?,"Zhang Hua does not understand these data, wants to learn from Li Qiang.","Zhang Hua notices that Li Qiang encounters difficulties, wants to offer help.","Zhang Hua and Li Qiang have personal grudges, wants to pick a quarrel.",Zhang Hua wants to probe into Li Qiang's project progress.,D
"Zhang Hua and Li Qiang are jointly responsible for a project, the performance of this project directly affects their promotion. Li Qiang frowns in front of the computer, the data analysis report in front of him seems to trouble him. Zhang Hua notices Li Qiang's appearance, walks over and says ""I also come to learn"", and enthusiastically asks about the project progress and difficulties. Li Qiang answers with some hesitation, seems to be reserved. During this process, Zhang Hua occasionally exchanges glances with Zhou Yan across the room, then Zhang Hua invites Li Qiang to go downstairs for dinner and a walk. After they leave, Zhou Yan immediately puts down her work, pretends to go to the bathroom, passes by Li Qiang's position, and looks at something.",What do you think Zhou Yan is thinking?,Zhou Yan feels curious and wants to know what they are discussing.,Zhou Yan feels bored and is not interested in their discussion.,Zhou Yan feels eager and wants to seize the opportunity created by Zhang Hua.,Zhou Yan feels scared and thinks Li Qiang and Zhang Hua are talking about her.,C
"The project deadline approaches, and the team works overtime to ensure completion on time. Chen Jie is the project leader, he notices that Su Qing seems to lack focus recently, and Old Li needs to leave early for personal reasons. During the overtime in the evening, Chen Jie intentionally leaves a progress report on the desks of Su Qing and Old Li, with a few noticeable red marks on it. Then, Chen Jie pretends to go to the copy room, passes by Su Qing and Old Li, and nods slightly. Su Qing and Old Li exchange a glance, then Su Qing picks up the progress report and starts to read.",Why does Chen Jie leave the progress report on the desks of Su Qing and Old Li?,He hopes that Su Qing and Old Li read the progress report carefully and give feedback.,He wants to have a meeting and discuss the progress report with Su Qing and Old Li.,He hopes to remind team members to pay attention to the workload.,"He originally plans to take the report to the copy room, but accidentally forgets it on the desk.",C
"The project deadline approaches, and the team works overtime to ensure completion on time. Chen Jie is the project leader, he notices that Su Qing seems to lack focus recently, and Old Li needs to leave early for personal reasons. During the overtime in the evening, Chen Jie intentionally leaves a progress report on the desks of Su Qing and Old Li, with a few noticeable red marks on it. Then, Chen Jie pretends to go to the copy room, passes by Su Qing and Old Li, and nods slightly. Su Qing and Old Li exchange a glance, then Su Qing picks up the progress report and starts to read.",What do you think Su Qing thinks after seeing the progress report?,"She is very angry, thinking this is a malicious attack on her work attitude.",She thinks she should change her work attitude.,She thinks this is a way for Chen Jie to encourage.,She is very satisfied with the progress report and prepares to discuss with Chen Jie.,B
"Zhang Hua is the leader of the company, Li Jun and Chen Yu are employees. The company's project is about to end, Zhang Hua and Li Jun work overtime until very late, while Chen Yu, for personal reasons, lets Li Jun help her take a leave. When it comes to rest time, Li Jun seems to mention Chen Yu unintentionally in his conversation with Zhang Hua. After hearing this, Zhang Hua seems a bit surprised, and he looks at Chen Yu's empty seat. Seeing the change in Zhang Hua's expression, Li Jun closes the drawer more tightly, inside is Chen Yu's leave slip. Zhang Hua doesn't notice these, frowns, and continues to start work.",Why does Zhang Hua look at Chen Yu's empty seat?,Zhang Hua wants to find the leave slip on Chen Yu's seat.,Zhang Hua is thinking about whether Chen Yu's personal reasons affect the progress of work.,Zhang Hua wants to confirm what Li Jun says.,Zhang Hua wants Li Jun to help Chen Yu take a leave.,C
"Zhang Hua is the leader of the company, Li Jun and Chen Yu are employees. The company's project is about to end, Zhang Hua and Li Jun work overtime until very late, while Chen Yu, for personal reasons, lets Li Jun help her take a leave. When it comes to rest time, Li Jun seems to mention Chen Yu unintentionally in his conversation with Zhang Hua. After hearing this, Zhang Hua seems a bit surprised, and he looks at Chen Yu's empty seat. Seeing the change in Zhang Hua's expression, Li Jun closes the drawer more tightly, inside is Chen Yu's leave slip. Zhang Hua doesn't notice these, frowns, and continues to start work.",What does Li Jun possibly think now?,"Li Jun feels very anxious, afraid that Zhang Hua blames Chen Yu.","Li Jun feels very happy, Zhang Hua finds out that Chen Yu is not at work.","Li Jun feels very calm, the matter has nothing to do with him.","Li Jun feels very angry, Chen Yu often does not come to work.",B
"Huang Li and Chen Jie sit in the company's rest area, they are whispering and discussing something. The office door slowly opens, Wang Qiang walks in, he seems to be looking for something, and does not hear the conversation. The conversation between Chen Jie and Huang Li suddenly stops, they quickly switch topics, and start to talk about recent weather changes. As Wang Qiang walks by, Huang Li gives him a slight nod and a polite smile. Chen Jie, while Wang Qiang is not paying attention, quietly gives Huang Li a confirming look. Wang Qiang sits back in his own position, Huang Li and Chen Jie also return to their work, but their eyes still communicate from time to time.",Why does Huang Li smile and nod at Wang Qiang?,Huang Li shows friendliness to Wang Qiang because he is a new employee.,Huang Li just makes eye contact with Wang Qiang and smiles politely.,"Huang Li is affirming to Wang Qiang, she and Chen Jie notice him and may plan to invite him to join a certain project.","Huang Li realizes that Wang Qiang may hear their conversation, and tries to ease the atmosphere.",D
"Huang Li and Chen Jie sit in the company's rest area, they are whispering and discussing something. The office door slowly opens, Wang Qiang walks in, he seems to be looking for something, and does not hear the conversation. The conversation between Chen Jie and Huang Li suddenly stops, they quickly switch topics, and start to talk about recent weather changes. As Wang Qiang walks by, Huang Li gives him a slight nod and a polite smile. Chen Jie, while Wang Qiang is not paying attention, quietly gives Huang Li a confirming look. Wang Qiang sits back in his own position, Huang Li and Chen Jie also return to their work, but their eyes still communicate from time to time.",What do you think Wang Qiang thinks after seeing Huang Li nod and smile?,Wang Qiang feels he receives polite treatment.,Wang Qiang feels Huang Li and Chen Jie are discussing him.,Wang Qiang thinks Huang Li and Chen Jie are discussing a secret project.,Wang Qiang thinks Huang Li and Chen Jie think the recent weather is good.,A
"In the office, Xiao Gang, Xiao Li, and Xiao Zhang face the final deadline of the project. Xiao Li always works overtime, hoping to get the manager's approval. Xiao Zhang often leaves early, and the work he hands in is not satisfactory. Today, the manager suddenly comes to the office, Xiao Li immediately throws himself into work, Xiao Zhang picks up his mobile phone pretending to handle work calls. Xiao Gang sees all this, he looks at his watch, then quietly continues his work. Xiao Li gives a report to the manager, the manager looks at the report, nods his head, looks at Xiao Zhang who is on the phone, doesn't say anything and leaves. Xiao Gang seems to have something to say, but he just takes a deep breath and continues to work.","The manager looks at Xiao Zhang but doesn't speak, what is the reason?",The manager just checks everyone is working impartially.,The manager is not satisfied with Xiao Zhang's work.,The manager doesn't want to disturb Xiao Zhang's work.,There is an unspeakable secret between the manager and Xiao Zhang.,C
"In the office, Xiao Gang, Xiao Li, and Xiao Zhang face the final deadline of the project. Xiao Li always works overtime, hoping to get the manager's approval. Xiao Zhang often leaves early, and the work he hands in is not satisfactory. Today, the manager suddenly comes to the office, Xiao Li immediately throws himself into work, Xiao Zhang picks up his mobile phone pretending to handle work calls. Xiao Gang sees all this, he looks at his watch, then quietly continues his work. Xiao Li gives a report to the manager, the manager looks at the report, nods his head, looks at Xiao Zhang who is on the phone, doesn't say anything and leaves. Xiao Gang seems to have something to say, but he just takes a deep breath and continues to work.",Why does Xiao Gang just take a deep breath and continue to work?,Xiao Gang thinks his work is the most important and does not want to pay attention to other things.,Xiao Gang does not want to be pointed at by others.,Xiao Gang hopes to leave early with Xiao Zhang.,Xiao Gang thinks the manager favors Xiao Zhang.,B
"Zhang Quan is a resident of the community, receiving affirmation from those around him, but he does not want to actively participate in community activities. Jingya is the organizer of community activities, preparing to organize a community environmental protection activity. Good friend Wang An looks at Zhang Quan, Jingya leans over to Zhang Quan and says something, then clenches her fist, Zhang Quan looks at her, remains silent. Jingya tries to maintain a smile, Wang An sneakily glances at them. After Jingya leaves, Zhang Quan looks at her back, frowning.",Why does Jingya try to maintain a smile?,Jingya maintains a smile to make the introverted Zhang Quan happy.,"Jingya tries to maintain a smile, wanting to try to persuade Zhang Quan to participate in community activities.",Jingya has to maintain a smile to uphold her authority as an organizer.,Jingya tries to hide her sadness because her activity plan gets rejected.,B
"Zhang Quan is a resident of the community, receiving affirmation from those around him, but he does not want to actively participate in community activities. Jingya is the organizer of community activities, preparing to organize a community environmental protection activity. Good friend Wang An looks at Zhang Quan, Jingya leans over to Zhang Quan and says something, then clenches her fist, Zhang Quan looks at her, remains silent. Jingya tries to maintain a smile, Wang An sneakily glances at them. After Jingya leaves, Zhang Quan looks at her back, frowning.",What do you think Zhang Quan's mood is now?,"Zhang Quan feels a bit hesitant and conflicted, he does not want to participate in the activity but also does not want to upset Jingya.","Zhang Quan feels firm and resolute about his decision, Jingya's behavior does not affect him.","Zhang Quan feels angry and annoyed at Jingya, hopes Jingya does not disturb him.",Zhang Quan feels surprised and excited about the decision he is about to make.,A
"Yang Hui and Xiao Lin are counselors, they are jointly planning a volunteer activity. They are preparing in the classroom, Yang Hui suddenly looks at Xiao Wang who is studying in the back row of the classroom, and whispers something to Xiao Lin, only the three of them are in the classroom. Then the two look at each other and laugh. When they finish this ""whisper"", Yang Hui leads to Xiao Wang and invites Xiao Wang to participate in this volunteer activity. Xiao Wang sees the secret talk between Yang Hui and Xiao Lin, and remembers their smiles and eye contact.",Why do Yang Hui and Xiao Lin look at each other and then laugh?,Yang Hui and Xiao Lin laugh at each other because of the interesting things that happen in planning the volunteer activity.,Yang Hui and Xiao Lin come up with an idea for a volunteer activity that makes them happy.,"Yang Hui and Xiao Lin both think that Xiao Wang is capable of organizing this activity, so they laugh.","Yang Hui and Xiao Lin discuss the interesting things about Xiao Wang, and they smile because of this.",C
"Yang Hui and Xiao Lin are counselors, they are jointly planning a volunteer activity. They are preparing in the classroom, Yang Hui suddenly looks at Xiao Wang who is studying in the back row of the classroom, and whispers something to Xiao Lin, only the three of them are in the classroom. Then the two look at each other and laugh. When they finish this ""whisper"", Yang Hui leads to Xiao Wang and invites Xiao Wang to participate in this volunteer activity. Xiao Wang sees the secret talk between Yang Hui and Xiao Lin, and remembers their smiles and eye contact.",What do you think Xiao Wang feels?,Xiao Wang possibly feels angry because the two people discuss this matter without informing him in advance.,Xiao Wang possibly feels a bit nervous and uneasy about his future task.,"Xiao Wang possibly does not understand why Yang Hui and Xiao Lin laugh, feels puzzled.","Xiao Wang possibly thinks that he is chosen by Yang Hui and Xiao Lin because his ability is recognized, feels proud.",B
"On a sunny afternoon, the adults in the community start to clean the streets. At this time, Aunt Mei walks into the security booth of the community and finds Xiao Wei, who is playing with keys in his hand. Aunt Mei smiles gently, hands him a small bag, pats Xiao Wei's shoulder, and glances in the direction of Da Hu throwing trash, then turns and leaves. Da Hu finds the bag in Xiao Wei's hand next to the trash can, he seems to be puzzled by the bag in Xiao Wei's hand.",Why does Aunt Mei give Xiao Wei a bag?,Aunt Mei gives her personal belongings to Xiao Wei for safekeeping.,Aunt Mei gives Xiao Wei some trash to help throw away.,Aunt Mei hopes Xiao Wei can tactfully remind Da Hu not to litter.,"Aunt Mei gives Xiao Wei the gift in the bag, hoping he is happy.",C
"On a sunny afternoon, the adults in the community start to clean the streets. At this time, Aunt Mei walks into the security booth of the community and finds Xiao Wei, who is playing with keys in his hand. Aunt Mei smiles gently, hands him a small bag, pats Xiao Wei's shoulder, and glances in the direction of Da Hu throwing trash, then turns and leaves. Da Hu finds the bag in Xiao Wei's hand next to the trash can, he seems to be puzzled by the bag in Xiao Wei's hand.",What do you think Da Hu thinks?,"Da Hu feels puzzled and curious, why Xiao Wei suddenly has a bag.","Da Hu feels panicked, because he suspects that the bag contains items he accidentally loses.","Da Hu feels angry, he thinks Xiao Wei is a child, and has no right to criticize him.","Da Hu feels recognized, he thinks that sensible Xiao Wei is helping to clean the community streets.",A
"Xiao Ming and Xiao Hong are the organizers of community activities together. Because it involves the installation of children's play facilities, they start to pay attention to Xiao Gang - a worker who repairs facilities in the community all year round. Xiao Ming looks at Xiao Hong playing ball on the football field, winks at Xiao Hong, and then looks at Xiao Gang, Xiao Gang is repairing a swing on the side. Then, Xiao Ming gives Xiao Hong a deep smile. Xiao Hong nods her head in a seemingly understanding way, and continues to focus back on the football.",Why does Xiao Ming show a smile to Xiao Hong?,"Xiao Ming sees Xiao Gang repairing the swing he wants to play, and he is happy to laugh.","He signals Xiao Hong, he thinks Xiao Gang is very suitable to participate in the organization of this event, so he smiles at Xiao Hong.","Xiao Ming suddenly discovers the secret relationship between Xiao Gang and Xiao Hong, so he laughs.","Xiao Ming finds Xiao Hong's way of playing ball funny, so he laughs.",B
"Xiao Ming and Xiao Hong are the organizers of community activities together. Because it involves the installation of children's play facilities, they start to pay attention to Xiao Gang - a worker who repairs facilities in the community all year round. Xiao Ming looks at Xiao Hong playing ball on the football field, winks at Xiao Hong, and then looks at Xiao Gang, Xiao Gang is repairing a swing on the side. Then, Xiao Ming gives Xiao Hong a deep smile. Xiao Hong nods her head in a seemingly understanding way, and continues to focus back on the football.",How do you think Xiao Hong feels?,"Xiao Hong has no idea of Xiao Ming's intentions, she just focuses on playing football.","Xiao Hong knows that Xiao Ming wants her to pay attention to Xiao Gang, but she doesn't understand Xiao Ming's intentions, so she is a bit confused.","Xiao Hong feels very awkward, because she thinks Xiao Ming's smile is strange.","Xiao Hong feels pressure in her heart, worrying that she can't bring Xiao Gang into their activities.",B
"QiQi, JunJun, and HanHan are all members of their community activity group. They are planning a new community service project. HanHan is a new member, he does not understand community service very well. One day, JunJun finds QiQi holding a detailed plan of the community service project they are planning. QiQi raises her eyebrows at JunJun, lightly shakes the plan in her hand, then turns to look at HanHan, as if hinting at something. QiQi quickly glances at JunJun, then hands the document to HanHan with a smile. HanHan cheerfully accepts the plan and starts to read.",Why does QiQi give the document to HanHan?,QiQi needs HanHan to help revise the plan.,QiQi wants HanHan to get into work mode.,QiQi wants HanHan to play the role of the person in charge.,QiQi hopes HanHan increases his involvement in the planning.,B
"QiQi, JunJun, and HanHan are all members of their community activity group. They are planning a new community service project. HanHan is a new member, he does not understand community service very well. One day, JunJun finds QiQi holding a detailed plan of the community service project they are planning. QiQi raises her eyebrows at JunJun, lightly shakes the plan in her hand, then turns to look at HanHan, as if hinting at something. QiQi quickly glances at JunJun, then hands the document to HanHan with a smile. HanHan cheerfully accepts the plan and starts to read.",How does HanHan feel when he sees the document?,"HanHan feels annoyed, he gets assigned a new task again.","HanHan feels happy, he thinks he understands the plan content.","HanHan feels encouraged, he gets along well with his colleagues.","HanHan feels confused, he does not understand what JunJun and QiQi mean.",C
"Zhiqiang and Xiaoli are members of the community environmental protection group, they are planning an environmental public welfare activity. Feifei is a new member of the group, today is her first time attending a group meeting, she is not very confident in herself. Xiaoli and Zhiqiang are discussing who is responsible for collecting and classifying all plastic waste activities. Suddenly, Xiaoli looks at Feifei, then winks at Zhiqiang. Zhiqiang immediately understands and gives Feifei a smile.",Why does Xiaoli wink at Zhiqiang?,Xiaoli feels sorry for Feifei being new and does not want to put pressure on her.,Xiaoli expresses friendliness and enthusiasm to Zhiqiang.,Xiaoli suggests that Feifei manages the plastic waste classification activity.,Xiaoli hints that Zhiqiang is responsible for the plastic waste classification activity.,C
"Zhiqiang and Xiaoli are members of the community environmental protection group, they are planning an environmental public welfare activity. Feifei is a new member of the group, today is her first time attending a group meeting, she is not very confident in herself. Xiaoli and Zhiqiang are discussing who is responsible for collecting and classifying all plastic waste activities. Suddenly, Xiaoli looks at Feifei, then winks at Zhiqiang. Zhiqiang immediately understands and gives Feifei a smile.",How do you think Feifei feels?,"Feifei feels happy and excited, thinking she has the opportunity to contribute through this activity.","Feifei possibly feels nervous, worrying that she cannot handle this activity well.","Feifei does not care, because she thinks this is just a simple job.","Feifei feels angry, because she thinks this is a heavy job.",B
"Yang Hong is the head of a non-governmental organization, and Cheng Tian is his deputy. Now they are planning a charity event, and finally decide who is in charge of the fundraising event. At a meeting, Xiao Chen puts forward his fundraising idea, but he is not sure if his idea is acceptable. During Xiao Chen's introduction, Cheng Tian glances at Yang Hong, and his expression seems to have a question, but Yang Hong nods affirmatively. After Xiao Chen finishes, Cheng Tian and Yang Hong exchange opinions in a low voice. Xiao Chen sees the mutual smile between Cheng Tian and Yang Hong afterwards, and his expression is relieved.",Why does Yang Hong nod affirmatively to Cheng Tian?,Yang Hong thinks Cheng Tian does a good job in organizing.,Yang Hong thinks Xiao Chen's fundraising plan raises a lot of funds.,Yang Hong shows Cheng Tian that he agrees to let Xiao Chen fundraise.,Yang Hong plans to let Cheng Tian take on more responsibility.,C
"Yang Hong is the head of a non-governmental organization, and Cheng Tian is his deputy. Now they are planning a charity event, and finally decide who is in charge of the fundraising event. At a meeting, Xiao Chen puts forward his fundraising idea, but he is not sure if his idea is acceptable. During Xiao Chen's introduction, Cheng Tian glances at Yang Hong, and his expression seems to have a question, but Yang Hong nods affirmatively. After Xiao Chen finishes, Cheng Tian and Yang Hong exchange opinions in a low voice. Xiao Chen sees the mutual smile between Cheng Tian and Yang Hong afterwards, and his expression is relieved.",What do you think Xiao Chen is thinking?,"Xiao Chen feels nervous and uneasy, not knowing whether his idea is acceptable.",Xiao Chen is a bit worried because he worries that he is not capable of fundraising work.,Xiao Chen feels excited and anticipatory because he has the opportunity to realize his idea.,"Xiao Chen keeps doubts at this moment, he is not sure whether the smile of Cheng Tian and Yang Hong indicates affirmation to him.",C
"The community meeting in the neighborhood is in progress, everyone is discussing how to plan the future of the neighborhood. Old Zhang is an old resident, he insists on his own ideas and hopes to change the current plan. Yao Jie, the community chairman, advocates maintaining the status quo. Old Zhang looks at Xiao Chen across from him, Xiao Chen is the vice chairman of the community, and he usually has a good relationship with everyone. Old Zhang nods to Xiao Chen, then turns his head to look at Yao Jie, gives him a slight smile, revealing a sense of triumph. Xiao Chen sees these eyes and smiles pointing at him, and he feels a little confused in his heart.",Why does Old Zhang nod to Xiao Chen and then smile at Yao Jie?,Old Zhang greets both of them friendly.,"Old Zhang hopes Yao Jie listens to Xiao Chen's opinion, he may guess that Xiao Chen agrees with him.","Old Zhang is threatening Yao Jie, if he does not agree with his ideas, he will support Xiao Chen to be the community chairman.",Old Zhang signals to Yao Jie that he agrees with Yao Jie and Xiao Chen's ideas.,B
"The community meeting in the neighborhood is in progress, everyone is discussing how to plan the future of the neighborhood. Old Zhang is an old resident, he insists on his own ideas and hopes to change the current plan. Yao Jie, the community chairman, advocates maintaining the status quo. Old Zhang looks at Xiao Chen across from him, Xiao Chen is the vice chairman of the community, and he usually has a good relationship with everyone. Old Zhang nods to Xiao Chen, then turns his head to look at Yao Jie, gives him a slight smile, revealing a sense of triumph. Xiao Chen sees these eyes and smiles pointing at him, and he feels a little confused in his heart.",What do you think Xiao Chen's feeling is?,"Xiao Chen feels both confused and involved in this matter, he feels a bit pressured.",Xiao Chen doesn't care how he can help Old Zhang.,Xiao Chen is happy to cause trouble for Yao Jie's work.,"Xiao Chen disagrees with both sides, he has his own ideas, so he feels a bit anxious.",A
"Zhang Xi and Jiang Yang are the leaders of the community activity preparation group. They are deciding the theme of the next community activity. Ming Ai is a new member of the preparation group, today is her first time participating in the activity discussion meeting. While waiting for her turn to speak, Ming Ai keeps flipping through the documents in front of her, Jiang Yang, with a smile on his face, looks at Zhang Xi, then at Ming Ai. Then Zhang Xi puts down the document, nods at Jiang Yang with a smile, and walks towards Ming Ai. Ming Ai sees all their actions.",Why does Zhang Xi smile and nod at Jiang Yang?,Zhang Xi smiles because he just sees some interesting content.,Zhang Xi smiles and nods at Jiang Yang because he agrees with Jiang Yang's opinion in his speech.,Zhang Xi smiles at Jiang Yang to signal that he is ready to comfort the nervous Ming Ai.,Zhang Xi thinks that the activity discussion meeting is very successful.,C
"Zhang Xi and Jiang Yang are the leaders of the community activity preparation group. They are deciding the theme of the next community activity. Ming Ai is a new member of the preparation group, today is her first time participating in the activity discussion meeting. While waiting for her turn to speak, Ming Ai keeps flipping through the documents in front of her, Jiang Yang, with a smile on his face, looks at Zhang Xi, then at Ming Ai. Then Zhang Xi puts down the document, nods at Jiang Yang with a smile, and walks towards Ming Ai. Ming Ai sees all their actions.",How do you think Ming Ai feels?,"Ming Ai feels nervous at first, then a bit confused, not understanding what Jiang Yang is coming to do.","Ming Ai feels a bit guilty, she thinks she disturbs Jiang Yang and others by flipping through the documents.",Ming Ai possibly feels disappointed because Jiang Yang comes to prevent her from speaking on stage.,Ming Ai feels excluded and isolated because Jiang Yang and Zhang Xi interact behind her back.,A
"Luo Li has a deep passion for gardening, and he has some fame in the community because of this. Shao Qi is the organizer of community activities, and Zhi Hao is the person in charge of the community organization. One day, Shao Qi finds Zhi Hao and proposes to hold a garden party, and also suggests inviting Luo Li to introduce his gardening achievements. Zhi Hao hesitates a bit, but Shao Qi smiles at him and gives him a nod of affirmation. Later, after the party invitation goes out, Luo Li accepts the invitation.",Why does Shao Qi suggest inviting Luo Li in the proposal?,Shao Qi hopes to let Zhi Hao publicly praise Luo Li's gardening skills.,Shao Qi wants to test Luo Li to see if he is willing to share his gardening skills.,Shao Qi thinks that inviting Luo Li helps to increase the attractiveness and influence of the party.,Shao Qi hopes to become good friends with Luo Li by inviting him and improve her own gardening skills.,C
"Luo Li has a deep passion for gardening, and he has some fame in the community because of this. Shao Qi is the organizer of community activities, and Zhi Hao is the person in charge of the community organization. One day, Shao Qi finds Zhi Hao and proposes to hold a garden party, and also suggests inviting Luo Li to introduce his gardening achievements. Zhi Hao hesitates a bit, but Shao Qi smiles at him and gives him a nod of affirmation. Later, after the party invitation goes out, Luo Li accepts the invitation.",What do you think Zhi Hao thinks?,Zhi Hao is very happy because he thinks Luo Li's arrival makes the party very successful.,"Zhi Hao feels a bit uneasy, he thinks inviting Luo Li might bring bad results.",Zhi Hao feels depressed because he doesn't like Luo Li very much.,"Zhi Hao feels a bit troubled, he admires Luo Li but is not sure if Luo Li wants to participate in the party.",D
"Daming and Xiaoliang both love their mother very much, her birthday is coming soon. They decide to buy a special birthday gift for their mother while they are happily playing. Daming gives Xiaoliang a hint with his eyes, then points to the picture on the wall clock. The mother in the picture is admiring a bouquet of roses. Daming smiles, seems to have an idea. Then, he and Xiaoliang whisper a few words and leave the room together. Their mother sees all this at the door.",Why does Daming smile after looking at the picture?,"Daming's birthday is coming, he is thinking about how to celebrate.",Daming feels happy and warm looking at the picture of his mother.,"After looking at the picture, Daming thinks of buying roses for his mother as a birthday gift.",Daming remembers the funny scene when the picture is taken.,C
"Daming and Xiaoliang both love their mother very much, her birthday is coming soon. They decide to buy a special birthday gift for their mother while they are happily playing. Daming gives Xiaoliang a hint with his eyes, then points to the picture on the wall clock. The mother in the picture is admiring a bouquet of roses. Daming smiles, seems to have an idea. Then, he and Xiaoliang whisper a few words and leave the room together. Their mother sees all this at the door.",What do you think the mother thinks after seeing this?,"The mother probably feels curious, not knowing what they are plotting.",The mother probably feels angry because the children do not do the housework on time.,The mother probably sighs that the children are growing up and start to have private conversations.,The mother probably feels happy because she really likes the roses that the children are going to give her.,A
"Zheming and Lanlan are a couple, they take care of grandfather. Grandfather just comes out of the hospital, he needs 24-hour care. The whole family eats dinner, the atmosphere is quite heavy. Zheming suddenly looks at Lanlan who holds the grandfather's health check report while eating, Lanlan sees the tension in Zheming's eyes. Lanlan does not speak, but her expression obviously becomes serious. Zheming realizes that grandfather is watching them, instantly changes his expression, Zheming smiles at grandfather, then starts to speak.",Why does Zheming smile at grandfather and start to speak?,"Zheming thinks of grandfather's discharge from the hospital today, feels happy, so he smiles at grandfather.",Zheming tries to ease the tension of the matter that needs to discuss with grandfather with a smile.,Zheming does not want the disagreement between him and Lanlan to be known by grandfather.,Zheming avoids continuing eye contact with Lanlan by talking to grandfather.,B
"Zheming and Lanlan are a couple, they take care of grandfather. Grandfather just comes out of the hospital, he needs 25-hour care. The whole family eats dinner, the atmosphere is quite heavy. Zheming suddenly looks at Lanlan who holds the grandfather's health check report while eating, Lanlan sees the tension in Zheming's eyes. Lanlan does not speak, but her expression obviously becomes serious. Zheming realizes that grandfather is watching them, instantly changes his expression, Zheming smiles at grandfather, then starts to speak.",What do you think grandfather thinks?,Grandfather feels confused and puzzled.,Grandfather feels happy because Zheming treats him well.,"Grandfather is a bit worried, he thinks Zheming and Lanlan are arguing about the child.","Grandfather looks forward, he thinks Zheming is going to give him good news.",A
"Xinhua and Xiaoxin discuss their elderly father's illness at the dining table. Xiaoxin mentions that her work pressure is high, and Xinhua works in another city and cannot always accompany their father. Xinhua suddenly turns his gaze to Dalong, who is playing games in the corner, and then looks at Xiaoxin. Xinhua sighs, walks to Dalong, and loudly asks Xiaoxin, ""Does the medicine at home match well?"" Dalong previously concentrates on the game and does not notice the expressions of his brother and sister. Now he raises his head when he hears Xinhua's question.","Xinhua looks at Dalong playing games and then asks Xiaoxin about the medicine, what is the reason?",Xinhua tries to remind Dalong of their topic by changing the subject.,Xinhua wants to confirm that Xiaoxin handles everything well and does not need Dalong's help.,Xinhua tries to guide Dalong to understand that he needs to take responsibility for taking care of his father.,Xinhua wants to close the distance with Dalong and make him feel included.,C
"Xinhua and Xiaoxin discuss their elderly father's illness at the dining table. Xiaoxin mentions that her work pressure is high, and Xinhua works in another city and cannot always accompany their father. Xinhua suddenly turns his gaze to Dalong, who is playing games in the corner, and then looks at Xiaoxin. Xinhua sighs, walks to Dalong, and loudly asks Xiaoxin, ""Does the medicine at home match well?"" Dalong previously concentrates on the game and does not notice the expressions of his brother and sister. Now he raises his head when he hears Xinhua's question.",What do you think Dalong's mood is?,"Dalong feels confused, he does not understand what his brother wants to express, and he does not understand what his responsibility is.","Dalong feels neglected, he thinks his family ignores him.",Dalong feels disappointed in his biological siblings because they do not directly ask him for help.,"Dalong thinks he may need to take on more responsibilities, but he is not ready yet.",A
"In the evening, mom is cooking in the kitchen, Xiao Ming and the nanny sit around the dining table eating. Xiao Ming picks up a piece of fish, holds it in mid-air, his eyebrows are furrowed, there are many bones in the fish. Mom notices Xiao Ming's action, she looks at Xiao Ming, yells, then looks at the nanny who is eating attentively. The nanny is a bit surprised when she hears the yell, she looks at Xiao Ming, tells Xiao Ming to put the fish back.",Why does mom look at the nanny after yelling?,Mom realizes that she treats the nanny poorly and fears the nanny quits.,Mom just wants to care about the nanny's work status.,Mom hopes to express dissatisfaction in this way because the nanny does not notice the danger.,Mom wants to help the nanny solve her troubling problems.,C
"In the evening, mom is cooking in the kitchen, Xiao Ming and the nanny sit around the dining table eating. Xiao Ming picks up a piece of fish, holds it in mid-air, his eyebrows are furrowed, there are many bones in the fish. Mom notices Xiao Ming's action, she looks at Xiao Ming, yells, then looks at the nanny who is eating attentively. The nanny is a bit surprised when she hears the yell, she looks at Xiao Ming, tells Xiao Ming to put the fish back.",What do you think the nanny thinks?,"The nanny feels relieved, she thinks the employer cares about her.","The nanny possibly feels happy, because Xiao Ming's mom wants to improve her working conditions.","The nanny feels guilty and uneasy, because she does not fulfill her job duties.","The nanny feels pressured, because she thinks she cannot solve Xiao Ming's picky eating problem.",C
"Today is the weekend, the whole family is together enjoying dinner. The dinner is going very well, everyone is talking about the fun things of the day. Today, Little Flower does not pick out the vegetables from her bowl and throw them away as usual, she eats them all. Xiao Ming looks at Little Flower, smiles, and says, ""Little Flower is definitely having a great time today, right?"" Little Flower looks at him in surprise, wondering how he knows about her private joy time? Dad does not notice that Little Flower finishes her vegetables, but he sees the interaction between the two children.","Why does Xiao Ming look at Little Flower and smile, and say ""Little Flower is definitely having a great time today, right?""?","Xiao Ming just wants to tease Little Flower, there is no other special meaning.","Xiao Ming sees Little Flower eating happily, thinking that the food mom makes makes Little Flower happy today.",Xiao Ming guesses that Little Flower has a great time outside during the day based on her not being picky about food.,"Xiao Ming just praises Little Flower through this sentence, hoping she eats more vegetables.",C
"Today is the weekend, the whole family is together enjoying dinner. The dinner is going very well, everyone is talking about the fun things of the day. Today, Little Flower does not pick out the vegetables from her bowl and throw them away as usual, she eats them all. Xiao Ming looks at Little Flower, smiles, and says, ""Little Flower is definitely having a great time today, right?"" Little Flower looks at him in surprise, wondering how he knows about her private joy time? Dad does not notice that Little Flower finishes her vegetables, but he sees the interaction between the two children.",What do you think Dad feels at this moment?,"Dad thinks Little Flower likes to eat vegetables, he is very satisfied.","Dad feels a bit confused about Xiao Ming's words, he does not know why he says that.","Dad thinks he should ask Little Flower what happens, he feels worried.","Dad is very satisfied with Little Flower's behavior of not being picky about food, he hopes Xiao Ming praises Little Flower more.",B
"On the day of the college entrance examination mobilization meeting, the teacher sits at the front of the classroom, preparing to convey the importance of the college entrance examination to parents. Xiao Ming's mother and other parents sit in the back, discussing various topics enthusiastically. The mother occasionally looks back at Xiao Ming sitting in the corner, then smiles at him gently. Xiao Ming notices this action, but does not speak. As the teacher starts to introduce, the mother focuses her attention on his words. During this time, the mother often turns her gaze to Xiao Ming, and the corners of her mouth rise slightly. After the mobilization meeting ends, the mother stays to communicate further with the teacher.","Why does the mother occasionally look at Xiao Ming, and the corners of her mouth rise slightly?","The mother finds Xiao Ming's behavior interesting, so she smiles at him.","The mother immerses in her love for Xiao Ming, her eyes are full of motherly love.","The mother encourages Xiao Ming with this smile, hinting that he does not need to feel too much pressure about the mobilization meeting.","The mother looks at Xiao Ming, asking him to focus on what the teacher says.",C
"On the day of the college entrance examination mobilization meeting, the teacher sits at the front of the classroom, preparing to convey the importance of the college entrance examination to parents. Xiao Ming's mother and other parents sit in the back, discussing various topics enthusiastically. The mother occasionally looks back at Xiao Ming sitting in the corner, then smiles at him gently. Xiao Ming notices this action, but does not speak. As the teacher starts to introduce, the mother focuses her attention on his words. During this time, the mother often turns her gaze to Xiao Ming, and the corners of her mouth rise slightly. After the mobilization meeting ends, the mother stays to communicate further with the teacher.",What do you think Xiao Ming's mood is after the mobilization meeting ends?,"Xiao Ming is scared, afraid that his mother will discover his bad performance in school through the mobilization meeting.","Xiao Ming is very happy, because he feels that his mother pays a lot of attention to him and spoils him.","Xiao Ming is a bit anxious, not clear about what his mother and teacher are communicating.","Xiao Ming does not care, he does not care about his mother's reaction or opinion.",C
"Xiaohua always wants to go mountain climbing. On Friday night, the whole family sits around the dinner table, and mom and Xiaohua discuss the weekend plans together. Xiaohua is about to propose to go mountain climbing, but then he sees his little brother Xiaoyu in the stroller and starts to think. After a while, Xiaohua tells his mom that he wants the whole family to go to the amusement park this weekend. Mom is busy preparing dinner at the time and does not see Xiaohua's series of actions.",Why does Xiaohua hesitate to speak?,Xiaohua sees something shocking at this moment.,Xiaohua possibly thinks that mom does not want to go mountain climbing and will not accept his suggestion.,"Xiaohua thinks about the bad weather, if it rains it may affect mountain climbing.",Xiaohua thinks that mountain climbing is not suitable for his little brother Xiaoyu.,D
"Xiaohua always wants to go mountain climbing. On Friday night, the whole family sits around the dinner table, and mom and Xiaohua discuss the weekend plans together. Xiaohua is about to propose to go mountain climbing, but then he sees his little brother Xiaoyu in the stroller and starts to think. After a while, Xiaohua tells his mom that he wants the whole family to go to the amusement park this weekend. Mom is busy preparing dinner at the time and does not see Xiaohua's series of actions.",What does mom possibly think at this time?,Mom feels nervous and anxious about the unknown weekend plans.,Mom worries about whether Xiaohua can take good care of his little brother Xiaoyu.,Mom prepares dinner and thinks about the amusement park proposal.,Mom feels relieved that Xiaohua chooses not to go hiking.,C
"Wenhao and Park Zhi are Hanxiao's sons. Today is Hanxiao's birthday. Wenhao and Park Zhi always whisper in the room, not letting Hanxiao get close. Whenever Hanxiao walks into the room, they quickly turn off the computer screen, then smile at Hanxiao, as if nothing happens. At dinner, Park Zhi secretly glances at Wenhao, leaves the room, as if there is an urgent matter to deal with. Hanxiao sees the mysterious behavior of his sons and is confused.",Why does Park Zhi secretly look at Wenhao at dinner and then leave?,Park Zhi suddenly receives a call from a friend and needs to leave to answer.,Park Zhi is preparing a birthday party that Hanxiao does not know about.,Park Zhi hints to Wenhao that they need to secretly play on the computer later.,"Park Zhi finds out that Wenhao has a secret, he signals to Wenhao that he knows.",B
"Wenhao and Park Zhi are Hanxiao's sons. Today is Hanxiao's birthday. Wenhao and Park Zhi always whisper in the room, not letting Hanxiao get close. Whenever Hanxiao walks into the room, they quickly turn off the computer screen, then smile at Hanxiao, as if nothing happens. At dinner, Park Zhi secretly glances at Wenhao, leaves the room, as if there is an urgent matter to deal with. Hanxiao sees the mysterious behavior of his sons and is confused.",What do you think Hanxiao thinks?,"Hanxiao feels curious about her sons' actions, possibly a bit confused.","Hanxiao thinks her sons hide a bad secret, feels a bit worried.","Hanxiao thinks her sons are addicted to computer games and do not study, feels a bit angry","Hanxiao feels at ease, because she trusts her sons.",A
"Mr. Chen and Mrs. Chen are discussing privately in the bedroom. At the dining table, Xiao Jie and Xiao Ru are doing their homework. Suddenly, Mr. Chen comes out of the bedroom, gives Mrs. Chen a look, then looks at the children, Xiao Jie and Xiao Ru also notice his look. Mr. Chen turns back to Mrs. Chen with a smile, Mrs. Chen also nods. Then, Xiao Jie and Xiao Ru see their parents pick up the family calendar and pen, and start to mark a few days.",Why does Mr. Chen smile at Mrs. Chen and look at the children?,Mr. Chen smiles because he thinks of a good idea to solve his work problem.,Mr. Chen smiles because he finds the children doing homework cute.,Mr. Chen smiles at Mrs. Chen because they arrange some surprise for the children on a certain day.,Mr. Chen smiles because he wants Mrs. Chen to help supervise the children's study.,C
"Mr. Chen and Mrs. Chen are discussing privately in the bedroom. At the dining table, Xiao Jie and Xiao Ru are doing their homework. Suddenly, Mr. Chen comes out of the bedroom, gives Mrs. Chen a look, then looks at the children, Xiao Jie and Xiao Ru also notice his look. Mr. Chen turns back to Mrs. Chen with a smile, Mrs. Chen also nods. Then, Xiao Jie and Xiao Ru see their parents pick up the family calendar and pen, and start to mark a few days.",What do you think Xiao Jie and Xiao Ru are thinking?,"Xiao Jie and Xiao Ru feel a bit confused, not knowing why their parents are looking at the calendar at this time.","Xiao Jie and Xiao Ru are very happy, because they think their parents might be planning to give them more playtime.","Xiao Jie and Xiao Ru feel worried, because they worry that their parents are arranging more study tasks.","Xiao Jie and Xiao Ru do not care, they only focus on their work.",A
"Dad sits on the sofa reading the newspaper, Xiao Ming eats dinner at the side, seeming a bit distracted. Xiao Qiang is Xiao Ming's older brother, he notices his younger brother's mood. At this moment, mom walks in and gives dad a cup of tea, and glances at Xiao Ming, Xiao Qiang catches mom's look. Then Xiao Qiang and mom make eye contact, points at Xiao Ming, and then leaves the room. Dad sees the eye contact between Xiao Qiang and mom, watches Xiao Qiang leave the room, picks up the newspaper again, his eyes occasionally glance at Xiao Ming.",Why does mom look at Xiao Ming after she gives dad tea?,Mom just casually looks at what Xiao Ming is doing.,Mom possibly asks dad if he notices that Xiao Ming eats too little.,Mom hints that Xiao Ming should put down the spoon and talk to dad.,Mom senses Xiao Ming's distracted state.,D
"Dad sits on the sofa reading the newspaper, Xiao Ming eats dinner at the side, seeming a bit distracted. Xiao Qiang is Xiao Ming's older brother, he notices his younger brother's mood. At this moment, mom walks in and gives dad a cup of tea, and glances at Xiao Ming, Xiao Qiang catches mom's look. Then Xiao Qiang and mom make eye contact, points at Xiao Ming, and then leaves the room. Dad sees the eye contact between Xiao Qiang and mom, watches Xiao Qiang leave the room, picks up the newspaper again, his eyes occasionally glance at Xiao Ming.",What does dad possibly think now?,Dad is seriously reading the content on the newspaper.,Dad is curious about why Xiao Qiang leaves the room.,Dad is carefully tasting the tea mom makes for him.,Dad possibly wants to chat with Xiao Ming.,D
"Daxiong and Xiaozhi are good friends, they often go out to play together. A-Ming is their classmate, he is always with Xiaozhi every day. One day, Daxiong meets A-Ming in the corridor, but Xiaozhi is not with him. A-Ming looks out the window with a gloomy face. Daxiong asks A-Ming: ""How is Xiaozhi?"" A-Ming swallows and looks into Daxiong's eyes and says: ""Xiaozhi... I am not clear either."" A-Ming's answer confuses Daxiong. Later, Daxiong sees Xiaozhi sitting in the corner of the classroom, looking sad. Daxiong walks over, but Xiaozhi pretends not to see.",Why does Daxiong ask A-Ming how Xiaozhi is?,"Daxiong just asks casually, wants to tease A-Ming.",Daxiong wants to understand the situation of Xiaozhi.,Daxiong wants to inquire about the relationship between A-Ming and Xiaozhi.,"Daxiong admires the friendship between A-Ming and Xiaozhi, wants to get involved.",B
"Daxiong and Xiaozhi are good friends, they often go out to play together. A-Ming is their classmate, he is always with Xiaozhi every day. One day, Daxiong meets A-Ming in the corridor, but Xiaozhi is not with him. A-Ming looks out the window with a gloomy face. Daxiong asks A-Ming: ""How is Xiaozhi?"" A-Ming swallows and looks into Daxiong's eyes and says: ""Xiaozhi... I am not clear either."" A-Ming's answer confuses Daxiong. Later, Daxiong sees Xiaozhi sitting in the corner of the classroom, looking sad. Daxiong walks over, but Xiaozhi pretends not to see.",What do you think Xiaozhi thinks?,"Xiaozhi thinks life is beautiful, so he thinks about the meaning of life.","Xiaozhi is unhappy because of some troubles, he does not want to talk to Daxiong.","Xiaozhi fears that A-Ming reveals his secret, so he worries.","Xiaozhi is surprised by the arrival of Daxiong, so he pretends not to see Daxiong.",B
"Jojo is the class president, Tingting is her best friend, and Lingling is the new student in their class. Jojo is preparing for the weekend party, she looks at the invitation list in her hand, and adds Lingling's name under Tingting's name. Tingting sees Jojo writing Lingling's name, she glares at Jojo and turns her head without speaking anymore. Then, Jojo looks at Tingting, and then at Lingling, and still decides to send out the invitation. When Lingling receives the invitation, she sees the eye contact between Jojo and Tingting.",Why does Jojo decide to invite Lingling regardless of Tingting's attitude?,Jojo thinks that inviting more people makes the party more interesting.,Jojo wants to have a good time with Lingling at the party.,"Jojo is the class president, her sense of responsibility prevails, she wants Lingling to quickly integrate into the class through the party.",Jojo wants to provoke Tingting by inviting Lingling.,C
"Jojo is the class president, Tingting is her best friend, and Lingling is the new student in their class. Jojo is preparing for the weekend party, she looks at the invitation list in her hand, and adds Lingling's name under Tingting's name. Tingting sees Jojo writing Lingling's name, she glares at Jojo and turns her head without speaking anymore. Then, Jojo looks at Tingting, and then at Lingling, and still decides to send out the invitation. When Lingling receives the invitation, she sees the eye contact between Jojo and Tingting.",How does Lingling feel when she sees all this?,"Lingling feels excited about this, looking forward to the weekend party.","Lingling feels a bit conflicted, she appreciates Jojo giving her the opportunity, but she does not want to upset Tingting.","Tingting feels indifferent about this, she does not care who attends the party.","Lingling feels annoyed about this, because she does not want to get involved in the conflict between Jojo and Tingting.",B
"Xinyue and Xueying are good friends in the class. A new semester comes, a new classmate named Qing Shi joins the class, he is introverted and finds it hard to fit into the class. One day at noon, Xinyue and Xueying see him eating lunch alone in the corner, the two look at each other, Xueying nods slightly, then they walk towards Qing Shi together. Qing Shi sees this and shows confusion. Xinyue and Xueying come over, first they chat with him, then suddenly tell a joke, all three of them start to laugh.",Why do Xinyue and Xueying look at each other and then walk towards Qing Shi together?,Xinyue and Xueying find that Qing Shi's lunch is delicious.,Xinyue and Xueying want to do homework with Qing Shi.,Xinyue and Xueying plan to make Qing Shi laugh together to get closer.,Xinyue and Xueying intend to bully the lonely Qing Shi.,C
"Xinyue and Xueying are good friends in the class. A new semester comes, a new classmate named Qing Shi joins the class, he is introverted and finds it hard to fit into the class. One day at noon, Xinyue and Xueying see him eating lunch alone in the corner, the two look at each other, Xueying nods slightly, then they walk towards Qing Shi together. Qing Shi sees this and shows confusion. Xinyue and Xueying come over, first they chat with him, then suddenly tell a joke, all three of them start to laugh.","Qingshi sees Xinyue and Xueying coming, what do you think his mood is like at this moment?",He feels scared because he does not know what Xinyue and Xueying plan to do.,"He feels curious, but also a bit nervous.","He panics, he is afraid of being excluded.","He is excited, he looks forward to more communication with new friends.",B
"Hua Hua and Li Li are good friends of Yi Jia. Today, they decide to visit the sick Yi Jia in the hospital. They do not tell Yi Jia in advance before they go. When Hua Hua and Li Li arrive at the hospital, they see Yi Jia sitting on a chair in the hospital room, seemingly crying. Hua Hua enters the room first and waves to Yi Jia. Seeing that Yi Jia's reaction is a bit hesitant, Hua Hua gives Li Li a look, then smiles at Yi Jia. Li Li looks at Hua Hua, then looks at Yi Jia, and decides to wait in the corridor.",Why does Hua Hua give Li Li a look?,"Hua Hua thinks Yi Jia needs quiet now, so she decides to let Li Li wait in the corridor.",Hua Hua wants to share the joy that Yi Jia looks better than expected with Li Li.,"Hua Hua thinks Li Li should not make noise at the bedside of Yi Jia, so she gives him a look.","Hua Hua feels that Yi Jia does not want Li Li to see her, so she signals Li Li to leave.",A
"Hua Hua and Li Li are good friends of Yi Jia. Today, they decide to visit the sick Yi Jia in the hospital. They do not tell Yi Jia in advance before they go. When Hua Hua and Li Li arrive at the hospital, they see Yi Jia sitting on a chair in the hospital room, seemingly crying. Hua Hua enters the room first and waves to Yi Jia. Seeing that Yi Jia's reaction is a bit hesitant, Hua Hua gives Li Li a look, then smiles at Yi Jia. Li Li looks at Hua Hua, then looks at Yi Jia, and decides to wait in the corridor.",What do you think Yi Jia is thinking?,"Yi Jia feels angry, she does not like these two friends coming to see her without telling her in advance.","Yi Jia feels surprised by the arrival of Hua Hua and Li Li, she may want to be alone for a while.","Yi Jia feels happy about the arrival of Hua Hua and Li Li, she hopes they can accompany her.","Yi Jia feels puzzled about the arrival of Hua Hua and Li Li, she does not know why they come.",B
"Xiao Ming, Xiao Li, and Xiao Zhang are elementary school students, they often play games together after school. This day, while they are playing on the swing, Xiao Ming sneakily glances at a big apple tree not far from his home. He gives Xiao Li and Xiao Zhang each a candy, then points at the apples on the tree, shows a smile, and turns his head to look at Xiao Li and Xiao Zhang. Xiao Li and Xiao Zhang, upon hearing this, look at the big apple tree, then look at each other and nod.","Why does Xiao Ming give Xiao Li and Xiao Zhang candy, and point at the apple tree in the direction of his home with a smile?","Xiao Ming likes to share candy with good friends, he points at the apple tree just to share the beautiful natural scenery with them.",Xiao Ming wants Xiao Li and Xiao Zhang to help him with work.,"Xiao Ming hopes they notice the beautiful scenery towards his home, thereby leading them to play there.",Xiao Ming hopes to invite Xiao Li and Xiao Zhang to his home to eat apples.,B
"Xiao Ming, Xiao Li, and Xiao Zhang are elementary school students, they often play games together after school. This day, while they are playing on the swing, Xiao Ming sneakily glances at a big apple tree not far from his home. He gives Xiao Li and Xiao Zhang each a candy, then points at the apples on the tree, shows a smile, and turns his head to look at Xiao Li and Xiao Zhang. Xiao Li and Xiao Zhang, upon hearing this, look at the big apple tree, then look at each other and nod.",What do you think Xiao Li and Xiao Zhang are thinking?,Xiao Zhang and Xiao Li are about to set off to help Xiao Ming work.,Xiao Zhang and Xiao Li do not understand what Xiao Ming wants to do.,Xiao Li and Xiao Zhang want to go to Xiao Ming's house to play.,Xiao Li and Xiao Zhang want to eat the apples right away.,A
"Yilin, Siya and Jingjing are friends, but recently Siya misunderstands Jingjing. One day, they are in the library. Yilin, who is studying, sees Jingjing coming over, Jingjing's face looks a bit strange. Siya is looking for study materials, Jingjing sees it and immediately turns her head and leaves. Yilin looks at Jingjing's back, sighs deeply, and looks at Siya not far away, her eyes hint at something. Siya looks at Yilin's actions, but does not take any action. Yilin silently shakes her head and continues to study.",Why does Yilin look at Siya?,Yilin hopes that Siya can chat with her about what happens between her and Jingjing.,"Yilin notices that Siya is looking at her, so she turns her head to look at her.",Yilin hopes that Siya can see Jingjing's situation and try to resolve the misunderstanding.,Yilin hopes that Siya continues to study seriously and does not get disturbed by Jingjing's arrival.,C
"Yilin, Siya and Jingjing are friends, but recently Siya misunderstands Jingjing. One day, they are in the library. Yilin, who is studying, sees Jingjing coming over, Jingjing's face looks a bit strange. Siya is looking for study materials, Jingjing sees it and immediately turns her head and leaves. Yilin looks at Jingjing's back, sighs deeply, and looks at Siya not far away, her eyes hint at something. Siya looks at Yilin's actions, but does not take any action. Yilin silently shakes her head and continues to study.",How do you think Yilin feels?,Yilin feels angry because Siya ignores her gaze and hints.,Yilin feels confused because she does not know why Siya and Jingjing become like this.,"Yilin feels helpless because Siya ignores her hints, she cannot help the two friends reconcile.",Yilin feels happy because her relationship with Siya does not receive any impact.,C
"Xiao Ming and Xiao Gang are good friends, they walk home together every day. They notice that Xiao Guang, who just moves in, takes the same route. One day, they see Xiao Guang walking alone ahead, Xiao Ming gives Xiao Gang a look, then chuckles. They quicken their pace, walk up to Xiao Guang, and start to talk to him. At first, Xiao Guang just smiles in response to their words. But gradually, he starts to join their conversation, they walk home together.",Why does Xiao Ming chuckle at Xiao Gang?,Xiao Ming finds something Xiao Gang says earlier is interesting.,Xiao Ming finds it somewhat funny that Xiao Guang walks alone.,"Xiao Ming chuckles at Xiao Gang, indicating they can try to make friends with Xiao Guang.","Xiao Ming chuckles at Xiao Gang, indicating he wants to play a joke on Xiao Guang.",C
"Xiao Ming and Xiao Gang are good friends, they walk home together every day. They notice that Xiao Guang, who just moves in, takes the same route. One day, they see Xiao Guang walking alone ahead, Xiao Ming gives Xiao Gang a look, then chuckles. They quicken their pace, walk up to Xiao Guang, and start to talk to him. At first, Xiao Guang just smiles in response to their words. But gradually, he starts to join their conversation, they walk home together.",What do you think Xiao Guang feels when he suddenly sees Xiao Ming and Xiao Gang?,"Xiao Guang feels curious and confused, unsure of their intentions.","Xiao Guang feels happy, because they might invite him to walk together.","Xiao Guang feels nervous, because he is not ready to make friends with them yet.","Xiao Guang feels worried, fearing they might bully him.",A
"In a clear morning, Morning Light is waiting for Dawn in the corridor. They are members of the study club, they plan to attract new members to join. Star is a new classmate who just transfers. Star is walking along the corridor. Morning Light sees Star, quickly glances at Dawn, then smiles at Star. Dawn understands the meaning of Morning Light's eyes, walks to Star with a nervous expression, and matches Morning Light's smile. After a brief conversation with Star, Star responds with a smile.",Why does Morning Light glance at Dawn after seeing Star?,Because Morning Light notices that Dawn's attitude towards Star is a bit abnormal.,"To remind Dawn that Star is coming, do not block the way.","To remind Dawn that the study club needs new members, and Star is suitable.","To tell Dawn that Star is a new classmate, it is best to say hello.",C
"In a clear morning, Morning Light is waiting for Dawn in the corridor. They are members of the study club, they plan to attract new members to join. Star is a new classmate who just transfers. Star is walking along the corridor. Morning Light sees Star, quickly glances at Dawn, then smiles at Star. Dawn understands the meaning of Morning Light's eyes, walks to Star with a nervous expression, and matches Morning Light's smile. After a brief conversation with Star, Star responds with a smile.","Seeing their interaction as Star walks down the hallway, what do you think he feels?","Feels surprised, he does not expect them to take the initiative to talk to him.","Feels confused and curious, not clear about the meaning of their actions.","Feels nervous, because he is new and is not ready to make friends with everyone.","Feels very happy, because he thinks they might invite him to play.",B
"Xiaohua and Xiaogang are in the corner of the classroom, watching Xiaoli who is dozing off on the seat. Xiaoli has to prepare for an important exam recently, but he is sick and obviously feels uncomfortable. Suddenly, Xiaohua looks at Xiaogang, their eyes meet. In a blog, they find efficient learning materials for the course. He smiles at Xiaogang and nods. Then they walk towards Xiaoli, with Xiaogang holding the magazine in front.",Why does Xiaohua smile at Xiaogang?,Xiaohua wants Xiaogang to wake up Xiaoli.,Xiaohua smiles at Xiaogang because they find a way to help Xiaoli.,Xiaohua wants to share some fun things with Xiaogang.,"Xiaohua wants to form a study group with Xiaogang and Xiaoli, and work hard together.",B
"Xiaohua and Xiaogang are in the corner of the classroom, watching Xiaoli who is dozing off on the seat. Xiaoli has to prepare for an important exam recently, but he is sick and obviously feels uncomfortable. Suddenly, Xiaohua looks at Xiaogang, their eyes meet. In a blog, they find efficient learning materials for the course. He smiles at Xiaogang and nods. Then they walk towards Xiaoli, with Xiaogang holding the magazine in front.",What do you think Xiaoli thinks?,Xiaoli possibly thinks they come to mock him for dozing off before the exam.,"Xiaoli possibly thinks they prepare to say something to him, but still feels a bit confused.",Xiaoli possibly thinks they want to show him a boring magazine.,"Xiaoli possibly thinks they just pass by, not coming to find him.",B
"Huahua feels a bit down after Liangliang accidentally loses his pet puppy, and Liangliang is always working hard to find the puppy. Yuwen knows this situation, looks at the silent Huahua, he turns his head and talks to Liangliang who sits next to Huahua. Yuwen casually takes out a football from his backpack, Liangliang immediately recognizes that this is the football that Huahua always wants to buy but does not have the money to buy. Yuwen gives a slight smile to Liangliang, then gently places the football next to Liangliang, then turns his head back to read a book carelessly, as if nothing happens. Huahua looks at Yuwen with confusion. Liangliang also looks at Yuwen, their eyes meet, Liangliang nods.",Why does Yuwen smile and put the football next to Liangliang?,"Yuwen always wants to give this football to Huahua, but he is a bit shy, he wants Liangliang to help deliver it.","Yuwen wants to play football with Liangliang, so he puts the football next to Liangliang.","Yuwen tries to attract Liangliang's attention with the football, he wants Liangliang and Huahua to have some other topics to talk about, to ease their conflict.","Yuwen wants to let Liangliang know that he has this football, to make Liangliang feel envious.",C
"Huahua feels a bit down after Liangliang accidentally loses his pet puppy, and Liangliang is always working hard to find the puppy. Yuwen knows this situation, looks at the silent Huahua, he turns his head and talks to Liangliang who sits next to Huahua. Yuwen casually takes out a football from his backpack, Liangliang immediately recognizes that this is the football that Huahua always wants to buy but does not have the money to buy. Yuwen gives a slight smile to Liangliang, then gently places the football next to Liangliang, then turns his head back to read a book carelessly, as if nothing happens. Huahua looks at Yuwen with confusion. Liangliang also looks at Yuwen, their eyes meet, Liangliang nods.",How do you think Huahua feels at this moment?,"Huahua feels confused, not knowing why Yuwen puts a football next to Liangliang.","Huahua is very excited, because he thinks Yuwen is going to give him the football.","Huahua feels lost, because he also wants to have that football.","Huahua is happy, because he thinks Yuwen cares about him.",A
"Zhiming and Jiancheng work together at the community center, they are preparing for a charity event. In the midst of the hustle, Zhiming inadvertently stops to look at the clock on the wall, a sense of urgency flashes across his face, then he looks at Jiancheng. Zhiming walks over to Jiancheng, talks to him for a few moments, and hands him a document with Zhiming's name on it. Jiancheng looks at the document, then nods, his expression is somewhat helpless. Zhiming smiles, pats Jiancheng on the back, and quickly walks away, it is not yet time to get off work. Jiancheng watches Zhiming's departing figure, then looks at the document in his hand again. Xiaoling is a team member of Zhiming and Jiancheng, she notices all of Zhiming's actions.",Why does Zhiming give Jiancheng that document?,Zhiming plans to let Jiancheng take over the part of the work he does not finish.,"The document is a plan that Jiancheng gives to Zhiming before, Zhiming gives it to Jiancheng indicating that he rejects Jiancheng's plan.",Zhiming admires Jiancheng's talent and hopes he can provide some creativity and ideas.,Zhiming wants Jiancheng to deliver this document to the office of the community center.,A
"Zhiming and Jiancheng work together at the community center, they are preparing for a charity event. In the midst of the hustle, Zhiming inadvertently stops to look at the clock on the wall, a sense of urgency flashes across his face, then he looks at Jiancheng. Zhiming walks over to Jiancheng, talks to him for a few moments, and hands him a document with Zhiming's name on it. Jiancheng looks at the document, then nods, his expression is somewhat helpless. Zhiming smiles, pats Jiancheng on the back, and quickly walks away, it is not yet time to get off work. Jiancheng watches Zhiming's departing figure, then looks at the document in his hand again. Xiaoling is a team member of Zhiming and Jiancheng, she notices all of Zhiming's actions.",What do you think Xiaoling thinks?,"Xiaoling feels confused, she does not understand what Zhiming's actions mean.",Xiaoling thinks this is Zhiming's way of praising and trusting Jiancheng in the name of work.,"Xiaoling feels tired for Zhiming, she thinks he might need everyone to share some of the work.","Xiaoling feels relaxed, she is glad that Zhiming does not throw his work at her to do.",D
"Xiao Chu and Xiao Li are doing a team project together, they hope to improve their plan, so it expresses their ideas better. But another team member, Xiao Min, seems to have some doubts about their plan. One day, when Xiao Min is not there, Xiao Chu and Xiao Li discuss improving the plan together, they find a way. Xiao Chu gives Xiao Li a ""successful gesture"", and nods towards Xiao Min's empty seat, Xiao Li returns a smile. The next day, they show the improved plan to Xiao Min, her expression freezes.","Why does Xiao Chu make a ""successful gesture"" to Xiao Li?",Xiao Chu makes this gesture to Xiao Li because he thinks this plan is definitely successful.,Xiao Chu and Xiao Li manage to successfully improve the team project without Xiao Min knowing.,"Xiao Chu is encouraging Xiao Li, letting him have confidence to face Xiao Min's doubts.",Xiao Chu is expressing his approval for Xiao Li's problem-solving.,B
"Xiao Chu and Xiao Li are doing a team project together, they hope to improve their plan, so it expresses their ideas better. But another team member, Xiao Min, seems to have some doubts about their plan. One day, when Xiao Min is not there, Xiao Chu and Xiao Li discuss improving the plan together, they find a way. Xiao Chu gives Xiao Li a ""successful gesture"", and nods towards Xiao Min's empty seat, Xiao Li returns a smile. The next day, they show the improved plan to Xiao Min, her expression freezes.",How do you think Xiao Min feels when she sees the improved plan?,Xiao Min is surprised because she does not expect the project to finish so quickly.,Xiao Min is very happy because the improved plan meets her ideas.,Xiao Min is angry because Xiao Chu and Xiao Li discuss the plan without her yesterday.,Xiao Min feels frustrated because she has no say in the improved plan.,D
"Xinxin, Jiayi, and Qiaoqiao are in a group, preparing for the end-of-term project meeting. Qiaoqiao chats with other classmates on the side, while Xinxin and Jiayi dedicate themselves to this project. Seeing Jiayi completes a task, Xinxin gives Jiayi an appreciative smile, then gently points at Qiaoqiao who is chatting, and then looks at Jiayi with her eyes. After smiling at Jiayi, Xinxin's face suddenly becomes serious. Qiaoqiao sees Xinxin's pointing and the change in her face.",Why does Xinxin's face become serious after looking at Qiaoqiao?,Xinxin shows her appreciation for Jiayi in front of Qiaoqiao to stimulate Qiaoqiao's envy.,Xinxin is dissatisfied with Qiaoqiao not participating in the project work.,Xinxin sees Qiaoqiao chatting and thinks their topic is stupid.,Xinxin wants Jiayi to join her in blaming Qiaoqiao who does not work.,B
"Xinxin, Jiayi, and Qiaoqiao are in a group, preparing for the end-of-term project meeting. Qiaoqiao chats with other classmates on the side, while Xinxin and Jiayi dedicate themselves to this project. Seeing Jiayi completes a task, Xinxin gives Jiayi an appreciative smile, then gently points at Qiaoqiao who is chatting, and then looks at Jiayi with her eyes. After smiling at Jiayi, Xinxin's face suddenly becomes serious. Qiaoqiao sees Xinxin's pointing and the change in her face.",How do you think Qiaoqiao feels after seeing Xinxin's behavior?,"Qiaoqiao feels nervous, thinking that he does not participate in the project.","Qiaoqiao thinks Xinxin has no reason to be angry with him, feels angry.",Qiaoqiao is very happy because he enjoys talking with the classmates next to him.,Qiaoqiao thinks Xinxin is just joking and does not take it seriously.,A
"Xiaohua, Xiaoli, Xiao Zhang, and Xiao Liu are a project team. Xiaoli and Xiaohua are discussing how to innovate their design again to improve efficiency, they sometimes glance at Xiao Zhang who is staring at the computer, then they look at each other. There is a memo board in the corner of their room, which lists all tasks and divisions. When Xiao Zhang goes to fetch something, Xiaohua and Xiaoli decide to redistribute the work. Xiaohua looks at Xiaoli, then uses chalk to erase a key task, then writes Xiao Liu's name. Then they both nod at each other, looking at their plan, the whole room returns to the working atmosphere. Subsequently, Xiao Liu enters the office.",Why do Xiaohua and Xiaoli transfer a key task from Xiao Zhang to Xiao Liu?,Xiaohua and Xiaoli think Xiao Liu is better at this task.,"Xiaohua and Xiaoli find that Xiao Zhang does not like this task, so they change it for him.",Xiaohua and Xiaoli are a bit worried about Xiao Zhang's work quality and efficiency.,"Xiaohua has a better relationship with Xiao Liu, he wants to give him more opportunities.",C
"Xiaohua, Xiaoli, Xiao Zhang, and Xiao Liu are a project team. Xiaoli and Xiaohua are discussing how to innovate their design again to improve efficiency, they sometimes glance at Xiao Zhang who is staring at the computer, then they look at each other. There is a memo board in the corner of their room, which lists all tasks and divisions. When Xiao Zhang goes to fetch something, Xiaohua and Xiaoli decide to redistribute the work. Xiaohua looks at Xiaoli, then uses chalk to erase a key task, then writes Xiao Liu's name. Then they both nod at each other, looking at their plan, the whole room returns to the working atmosphere. Subsequently, Xiao Liu enters the office.",What do you think Xiao Liu thinks?,"Xiao Liu thinks his performance gets recognition, he feels proud.","Xiao Liu feels confused about the change in task allocation, he does not understand why they suddenly assign the task to him.",Xiao Liu thinks this is a great opportunity to improve his skills.,"Xiao Liu thinks this might be because his performance is not good, so the task increases.",B
"Chen Xiang, Wang Na, and Li Ming form a small team, and they prepare for this semester's subject research project. One day, Chen Xiang sees Wang Na and Li Ming in a meeting, Chen Xiang does not go to disturb them, he just quietly observes at the door, he notices that the atmosphere is a bit wrong. Wang Na keeps waving to Li Ming to look at a document, but Li Ming focuses more on his own work. After seeing all this, Chen Xiang walks into the room, picks up the document, and gently places it on Li Ming's desk. Chen Xiang and Wang Na exchange a few words, then start to talk with Li Ming. Wang Na and Li Ming both look at the document, then they start to discuss this issue carefully.",Why does Chen Xiang put that document on Li Ming's desk?,Chen Xiang wants to demonstrate his understanding of the research.,Chen Xiang thinks Li Ming should not ignore Wang Na's ideas.,Chen Xiang wants Li Ming to participate in his conversation with Wang Na.,Chen Xiang is not satisfied with the progress of Li Ming's work.,B
"Chen Xiang, Wang Na, and Li Ming form a small team, and they prepare for this semester's subject research project. One day, Chen Xiang sees Wang Na and Li Ming in a meeting, Chen Xiang does not go to disturb them, he just quietly observes at the door, he notices that the atmosphere is a bit wrong. Wang Na keeps waving to Li Ming to look at a document, but Li Ming focuses more on his own work. After seeing all this, Chen Xiang walks into the room, picks up the document, and gently places it on Li Ming's desk. Chen Xiang and Wang Na exchange a few words, then start to talk with Li Ming. Wang Na and Li Ming both look at the document, then they start to discuss this issue carefully.",How does Wang Na feel after Jack does this?,Wang Na feels relieved and encouraged.,Wang Na feels sad and depressed.,Wang Na feels happy and satisfied.,Wang Na feels anxious and disappointed.,A
"Songfeng, Jianyuan, and Xuefeng are members of the same group, they need to complete a school project together. Now, the core task of the project comes, everyone wants to take on this important task, but they do not want to overwork themselves. Songfeng looks at Jianyuan, then looks at Xuefeng who is playing with his phone, then he smiles at Jianyuan, he seems to have an idea. Then he goes to the corner of the classroom to get his backpack, then he leaves a small note on Jianyuan's desk as if by accident. He comes back, gives Jianyuan a look, then continues to do his work. Jianyuan sees this note, quickly unfolds it, takes a look, then he also smiles. He looks at Songfeng and says, ""I just have an idea, we do this task together, what do you think?""",Why does Songfeng go to the corner of the classroom to get his backpack and leave a note?,"Songfeng intentionally forgets his things, he wants to use this opportunity to go back to get his backpack, and write down suggestions.","Songfeng finds out he forgets to submit an important task, so he goes to get his backpack.","Songfeng uses this method to let Jianyuan know his suggestion, to avoid letting Xuefeng know this is his idea.","Songfeng goes to get his backpack is just a random act, it has nothing to do with him leaving a note.",C
"Songfeng, Jianyuan, and Xuefeng are members of the same group, they need to complete a school project together. Now, the core task of the project comes, everyone wants to take on this important task, but they do not want to overwork themselves. Songfeng looks at Jianyuan, then looks at Xuefeng who is playing with his phone, then he smiles at Jianyuan, he seems to have an idea. Then he goes to the corner of the classroom to get his backpack, then he leaves a small note on Jianyuan's desk as if by accident. He comes back, gives Jianyuan a look, then continues to do his work. Jianyuan sees this note, quickly unfolds it, takes a look, then he also smiles. He looks at Songfeng and says, ""I just have an idea, we do this task together, what do you think?""",How does Xuefeng feel after hearing Jianyuan's idea?,"Xuefeng feels happy, because she has a heavy responsibility and looks forward to someone sharing the task with her.","Xuefeng feels a bit strange, not understanding why she is suddenly excluded from the core members.","Xuefeng feels very relaxed, because this means she can do less work.","Xuefeng may be afraid, because she may worry about the cooperation effect with Jianyuan.",B
"In a school project, Jie Jie, Lin Lin, and Hao Hao are a team of partners. They need to complete a complex project together. Jie Jie and Lin Lin obviously have more technical talent than Hao Hao, but Hao Hao thinks highly of himself. One day, Jie Jie suddenly stops the work in his hands, gives a look to Lin Lin, and then looks at Hao Hao. Jie Jie smiles lightly and nods to Lin Lin. Lin Lin understands his look and walks to Hao Hao to give him a marginal task. Hao Hao does not notice the exchange between Jie Jie and Lin Lin, but he notices the difference in task difficulty among the three of them.",Why does Jie Jie look at Hao Hao and then smile at Lin Lin?,Jie Jie smiles because he finds a simple task suitable for Hao Hao.,Jie Jie smiles because he thinks Hao Hao's behavior at work is funny.,Jie Jie smiles because he approves of Hao Hao's technical talent.,Jie Jie looks at Hao Hao and smiles because he and Lin Lin have a private joke about Hao Hao.,A
"In a school project, Jie Jie, Lin Lin, and Hao Hao are a team of partners. They need to complete a complex project together. Jie Jie and Lin Lin obviously have more technical talent than Hao Hao, but Hao Hao thinks highly of himself. One day, Jie Jie suddenly stops the work in his hands, gives a look to Lin Lin, and then looks at Hao Hao. Jie Jie smiles lightly and nods to Lin Lin. Lin Lin understands his look and walks to Hao Hao to give him a marginal task. Hao Hao does not notice the exchange between Jie Jie and Lin Lin, but he notices the difference in task difficulty among the three of them.",What do you think Hao Hao thinks now?,"Hao Hao is a bit angry, thinking that Jie Jie and Lin Lin look down on his technical level.",Hao Hao feels happy because he thinks Jie Jie and Lin Lin respect him and arrange suitable tasks for him.,Hao Hao feels angry because he has a premonition that he is going to be responsible for a difficult task.,Hao Hao feels confused because he cannot understand the interaction between Jie Jie and Lin Lin.,A
"Lulu, Dapeng, and Xiaodong are members of a study project group. The project approaches the deadline, but Xiaodong's part is not complete. In a group meeting, Lulu notices that Xiaodong appears anxious, but when she asks about the homework, Xiaodong replies that he is still working on it. After the meeting, Lulu gives Dapeng a look and hands him some task notes, smiling and saying, ""I think this helps us."" Dapeng looks at her, then at the anxious Xiaodong, hesitates for a while, but still nods.",Why does Lulu give the task notes to Dapeng?,Lulu notices that Dapeng forgets to bring his notes.,Lulu hopes that Dapeng can complete the task for Xiaodong.,Lulu wants Dapeng to help her understand the complex concepts in the notes.,Lulu wants Dapeng to check her work.,B
"Lulu, Dapeng, and Xiaodong are members of a study project group. The project approaches the deadline, but Xiaodong's part is not complete. In a group meeting, Lulu notices that Xiaodong appears anxious, but when she asks about the homework, Xiaodong replies that he is still working on it. After the meeting, Lulu gives Dapeng a look and hands him some task notes, smiling and saying, ""I think this helps us."" Dapeng looks at her, then at the anxious Xiaodong, hesitates for a while, but still nods.",What do you think Dapeng's mood is?,"Dapeng feels that Lulu's worry is unnecessary, he believes Xiaodong completes the task on time.","Dapeng worries about his part of the task, he feels he cannot help Xiaodong complete the task.","Dapeng is somewhat conflicted, he does not want to take on extra tasks, but worries about Xiaodong not completing the task.","Dapeng does not care about the project, he feels as long as he does his part well, it is okay.",C
"Lele and Huanhuan are classmates, they are planning a course project. When they discuss the division of labor for the project, they worry about who to take on the role of host, then they look at Minmin. Minmin is their good friend and is also the main person in charge of this activity. Lele looks at Huanhuan, seems to wait for some response, Huanhuan shakes his head. Then Lele makes a gesture of looking around, Huanhuan shrugs when he sees it, and nods again. Minmin is doing homework seriously, she does not pay attention to the surrounding scene.",Why does Lele make a gesture of looking around?,Because Lele wants to observe the course project situation of other groups.,Because Lele wants to find the host candidate from the surrounding classmates.,Because Lele wants to let Huanhuan know they have no other choices.,Because Lele himself likes to look around.,C
"Lele and Huanhuan are classmates, they are planning a course project. When they discuss the division of labor for the project, they worry about who to take on the role of host, then they look at Minmin. Minmin is their good friend and is also the main person in charge of this activity. Lele looks at Huanhuan, seems to wait for some response, Huanhuan shakes his head. Then Lele makes a gesture of looking around, Huanhuan shrugs when he sees it, and nods again. Minmin is doing homework seriously, she does not pay attention to the surrounding scene.",What do you think Minmin is thinking now?,Minmin feels nervous because she thinks there may be problems with the project.,"Minmin feels confused, she does not understand the meaning of the eye contact between Lele and Huanhuan.",Minmin does not know that Lele and Huanhuan are going to invite her as the host.,"Minmin is happy about their behavior, she thinks they are appreciating her work.",C
"Minghan, Yulin, and Binbin are members of a research group, and they are conducting an important research topic. One day, they meet in the lab to discuss the progress of the project. Minghan keeps looking at his phone, not saying a word, but he occasionally glances at Yulin. Binbin buries his head in the experiment, and he sees Minghan's gaze at Yulin. Suddenly, Minghan winks at Yulin and points to his task materials, then he lowers his head to reply to the phone message. Yulin sees it, sneers, and continues to be busy with her work.",Why does Minghan wink at Yulin?,Minghan winks at Yulin to tease her.,"Minghan hints at Yulin, hoping that Yulin can help him complete the work he cannot finish.","Minghan easily handles the information in the phone, and is interested in Yulin's work.","Minghan finds Binbin's funny mistake, and reminds Yulin to come and see.",B
"Minghan, Yulin, and Binbin are members of a research group, and they are conducting an important research topic. One day, they meet in the lab to discuss the progress of the project. Minghan keeps looking at his phone, not saying a word, but he occasionally glances at Yulin. Binbin buries his head in the experiment, and he sees Minghan's gaze at Yulin. Suddenly, Minghan winks at Yulin and points to his task materials, then he lowers his head to reply to the phone message. Yulin sees it, sneers, and continues to be busy with her work.",How do you think Yulin views Minghan's behavior?,"Yulin finds Minghan's behavior interesting, she likes his sense of humor.","Yulin does not notice Minghan's wink, she only focuses on her own work.","Yulin despises Minghan's behavior, she does not want to deal with Minghan's request.","Yulin is confused by Minghan's behavior, she does not know what he wants to express.",C
"On the weekend, the members of the community gather in the activity room for a chess competition. Li Hua and Old Wang are old friends who know each other for many years. Xiao Ming and Old Wang have a conflict and argument during the chess game, and after the argument, Old Wang's chess game falls into a stalemate. At this time, Li Hua leaves the activity room and makes a cup of tea for Old Wang and himself. After Li Hua gives the tea to Old Wang, he lightly pats Old Wang's shoulder and smiles at Old Wang. Old Wang drinks tea while thinking, finally solves the chess game, and wins this chess competition.",Why does Li Hua quietly make a cup of tea for Old Wang and himself?,"Li Hua notices that Old Wang feels thirsty, he pours tea to quench Old Wang's thirst.","Li Hua wants to drink tea himself, and brings a cup for Old Wang by the way.","Li Hua wants Old Wang to calm down from the argument with Xiao Ming, and encourages him to win the chess game.","Li Hua wants to ease the relationship between Old Wang and Xiao Ming, and helps them to make up.",C
"On the weekend, the members of the community gather in the activity room for a chess competition. Li Hua and Old Wang are old friends who know each other for many years. Xiao Ming and Old Wang have a conflict and argument during the chess game, and after the argument, Old Wang's chess game falls into a stalemate. At this time, Li Hua leaves the activity room and makes a cup of tea for Old Wang and himself. After Li Hua gives the tea to Old Wang, he lightly pats Old Wang's shoulder and smiles at Old Wang. Old Wang drinks tea while thinking, finally solves the chess game, and wins this chess competition.",What do you think Xiao Ming feels at this time?,"Xiao Ming feels guilty, thinking he should not have a dispute with Old Wang.",Xiao Ming feels happy because the conflict between him and Old Wang resolves.,Xiao Ming feels a bit annoyed because he loses the chess game and has no friends.,Xiao Ming feels very disappointed because he loses this chess game.,C
"Mingfeng, Xiaoyu, and Xiaolin are good friends. This afternoon, Mingfeng watches Xiaoyu and her newly adopted pet dog play under the shade of the trees in the community. Suddenly, he winks at Xiaolin who is next to him, and looks at the nearby pet supply store. Xiaolin looks at Xiaoyu, then responds to Mingfeng's gaze. After that, she stands up and walks towards the pet supply store.",Why does Mingfeng wink at Xiaolin?,Mingfeng just sees the pet store not far away and wants to go and see it with Xiaolin.,Mingfeng winks at Xiaolin to suggest going to the pet store to buy some pet toys.,Mingfeng winks at Xiaolin because he does not like Xiaoyu's new pet.,"There is a joke between Mingfeng and Xiaolin, which has nothing to do with Xiaoyu.",B
"Mingfeng, Xiaoyu, and Xiaolin are good friends. This afternoon, Mingfeng watches Xiaoyu and her newly adopted pet dog play under the shade of the trees in the community. Suddenly, he winks at Xiaolin who is next to him, and looks at the nearby pet supply store. Xiaolin looks at Xiaoyu, then responds to Mingfeng's gaze. After that, she stands up and walks towards the pet supply store.",What do you think Xiaoyu thinks?,"Xiaoyu feels angry, she thinks Mingfeng and Xiaolin have secrets they do not share with her.",Xiaoyu feels puzzled and somewhat confused about their behavior.,Xiaoyu thinks Mingfeng and Xiaolin do not like her new pet.,"Xiaoyu feels a bit sad about Xiaolin's departure, thinking she does not like to play.",B
"The night is deep, and everyone in the community immerses in sweet dreams. Suddenly, Xiao Chen turns the stereo to the highest level, playing songs loudly. Xiao Guang and Xiao Li wake up because of the noise. They step onto the balcony and see Xiao Chen on the balcony of the opposite building, laughing at them with schadenfreude. Xiao Li frowns, prepares to confront Xiao Chen, and picks up a baseball bat. At this moment, Xiao Guang stops Xiao Li, waves at Xiao Li, and then walks downstairs. Xiao Chen sees Xiao Guang coming from the corridor.",Why does Xiao Guang wave at Xiao Li?,Xiao Guang laughs because he finds Xiao Chen's behavior interesting.,Xiao Guang laughs because he finds Xiao Li's frowning expression funny.,Xiao Guang laughs because he wants to solve the problem in a peaceful way and lets Xiao Li know.,Xiao Guang laughs because he comes up with a good idea to retaliate against Xiao Chen.,C
"The night is deep, and everyone in the community immerses in sweet dreams. Suddenly, Xiao Chen turns the stereo to the highest level, playing songs loudly. Xiao Guang and Xiao Li wake up because of the noise. They step onto the balcony and see Xiao Chen on the balcony of the opposite building, laughing at them with schadenfreude. Xiao Li frowns, prepares to confront Xiao Chen, and picks up a baseball bat. At this moment, Xiao Guang stops Xiao Li, waves at Xiao Li, and then walks downstairs. Xiao Chen sees Xiao Guang coming from the corridor.","Xiao Chen sees Xiao Guang coming over, how does he feel?","Xiao Chen feels excited, thinking he can continue to prank.","Xiao Chen feels nervous and surprised, he does not expect Xiao Guang to come directly to him to solve the problem.","Xiao Chen does not care, he thinks Xiao Guang just comes to play with him.","Xiao Chen feels depressed, because Xiao Li does not come with Xiao Guang.",B
"Xiaogang and Daming are neighbors, they both live on the sixth floor. Today, the new neighbor Jingjing moves to the seventh floor, Jingjing is very beautiful. Daming goes downstairs and encounters Jingjing who is moving a heavy bag of rice, he plans to go over to help, and his eyes indicate that he has this intention. At this time, Xiaogang is going upstairs, he happens to see this scene, he comes over to greet, then helps Jingjing move the bag of rice upstairs, Jingjing expresses her thanks to him. Xiaogang turns his head and looks at Daming, then he smiles, Daming's face changes slightly. Xiaogang ignores Daming, he walks to his apartment alone.",Why does Xiaogang turn his head to look at Daming?,Xiaogang wants to share his good deed with Daming happily.,"Xiaogang confronts Daming face to face, asking why he only watches and does not help.","Xiaogang looks at Daming, showing off that he does what Daming wants to do first.",Xiaogang is seeking Daming's approval for his act of helping Jingjing.,C
"Xiaogang and Daming are neighbors, they both live on the sixth floor. Today, the new neighbor Jingjing moves to the seventh floor, Jingjing is very beautiful. Daming goes downstairs and encounters Jingjing who is moving a heavy bag of rice, he plans to go over to help, and his eyes indicate that he has this intention. At this time, Xiaogang is going upstairs, he happens to see this scene, he comes over to greet, then helps Jingjing move the bag of rice upstairs, Jingjing expresses her thanks to him. Xiaogang turns his head and looks at Daming, then he smiles, Daming's face changes slightly. Xiaogang ignores Daming, he walks to his apartment alone.",What do you think Daming feels when he sees Xiaogang greet and help Jingjing?,Daming possibly feels regret and a bit of frustration.,Daming feels relieved because he does not have to help himself.,Daming praises Xiaogang's behavior.,Daming admires Xiaogang for having such strong initiative.,A
"Xiao Ming is a new neighbor who just moves to this community. One day, Xiao Ming parks a luxury car in his front yard. Old Zhang and Old Wang are sitting on Old Zhang's balcony, drinking tea and chatting, they both see Xiao Ming busy in the front yard. Old Wang notices Old Zhang's gaze towards Xiao Ming, then they look at each other. Old Zhang frowns slightly, and Old Wang's expression is also quite stern. They continue to stare at Xiao Ming, silent for a while. At some point, Xiao Ming lifts his head and sees Old Zhang and Old Wang on the balcony, the new neighbor waves from a distance. Old Zhang responds with a wave, but his face looks a bit stiff.",Why does Old Zhang frown?,The noise of the car makes him feel annoyed.,He sees Xiao Ming's new car and feels a bit envious.,"He finds out that Xiao Ming drives a luxury car that he cannot afford, and he feels uncomfortable.","In fact, he does not see Xiao Ming, he just frowns because of the strong sunlight.",C
"Xiao Ming is a new neighbor who just moves to this community. One day, Xiao Ming parks a luxury car in his front yard. Old Zhang and Old Wang are sitting on Old Zhang's balcony, drinking tea and chatting, they both see Xiao Ming busy in the front yard. Old Wang notices Old Zhang's gaze towards Xiao Ming, then they look at each other. Old Zhang frowns slightly, and Old Wang's expression is also quite stern. They continue to stare at Xiao Ming, silent for a while. At some point, Xiao Ming lifts his head and sees Old Zhang and Old Wang on the balcony, the new neighbor waves from a distance. Old Zhang responds with a wave, but his face looks a bit stiff.",What do you think Xiao Ming feels?,"Xiao Ming immerses in the joy of moving to a new home, feeling good.",Xiao Ming does not notice the communication between Lao Zhang and Lao Wang.,Xiao Ming thinks he is accepted as a new neighbor.,"Xiao Ming feels he might have upset Lao Zhang, but he does not think much about it.",A
"In a community event, Ali, Dahao, and Xiaofei are the candidate volunteers. Ali is the chairperson of the residents' committee, she needs to appoint a volunteer to be in charge of the patrol work for the coming week, this is a job with a gray income. At the beginning of the meeting, Ali walks to the front and gives a speech, then turns to Dahao, and says in a challenging tone: ""Dahao, do you have confidence to take on this heavy responsibility?"" Dahao does not respond, and Ali knows that his legs are a bit inconvenient. Ali smiles and turns to Xiaofei, says in the same tone: ""Xiaofei, do you have the courage to take this challenge?"" Xiaofei immediately nods and agrees. Ali finally chooses Xiaofei to be in charge of the patrol work in the residential area.",Why does Ali ask Dahao if he can also take this challenge?,Ali usually asks all candidates if they are willing to accept the challenge.,"Ali wants to treat all candidates fairly, hoping they all have the opportunity to accept the challenge.","Ali has already chosen Xiaofei privately, she does this by asking Dahao to create an opportunity for Xiaofei.",Ali provokes Dahao to create a tense atmosphere for the next week's activities.,C
"In a community event, Ali, Dahao, and Xiaofei are the candidate volunteers. Ali is the chairperson of the residents' committee, she needs to appoint a volunteer to be in charge of the patrol work for the coming week, this is a job with a gray income. At the beginning of the meeting, Ali walks to the front and gives a speech, then turns to Dahao, and says in a challenging tone: ""Dahao, do you have confidence to take on this heavy responsibility?"" Dahao does not respond, and Ali knows that his legs are a bit inconvenient. Ali smiles and turns to Xiaofei, says in the same tone: ""Xiaofei, do you have the courage to take this challenge?"" Xiaofei immediately nods and agrees. Ali finally chooses Xiaofei to be in charge of the patrol work in the residential area.",What do you think Xiaofei's mood is?,Xiaofei feels happy and excited.,Xiaofei feels a bit ashamed and uneasy because of this.,Xiaofei feels confused and surprised at Ali's behavior.,Xiaofei feels angry and betrayed about becoming a patrolman.,A
"Aunt Wang and Uncle Li are both old residents of the community, Aunt Wang lives under Uncle Li's apartment. Recently, Uncle Li's son and daughter-in-law come home, they often party until midnight. One afternoon, Aunt Wang sits on a bench in the park, watching the children play. Xiao Ming is Uncle Li's grandson, he plays in the park. Aunt Wang looks at Xiao Ming, then looks at Uncle Li who is maintaining the lawn in the distance. Aunt Wang takes out a note, and carefully hands it to Xiao Ming, then gently pats Xiao Ming's head. After Xiao Ming gets the note, he first looks at Aunt Wang's expression, then runs to find his grandfather, Uncle Li.",Why does Aunt Wang give Xiao Ming a note?,Aunt Wang gives Xiao Ming a note to play a game.,"Aunt Wang's note is a poem she writes, she wants to share with Xiao Ming.",Aunt Wang asks Xiao Ming to help convey some opinions about the noisy community to Uncle Li.,"Aunt Wang gives the shopping list to Xiao Ming, she asks him to help buy things.",C
"Aunt Wang and Uncle Li are both old residents of the community, Aunt Wang lives under Uncle Li's apartment. Recently, Uncle Li's son and daughter-in-law come home, they often party until midnight. One afternoon, Aunt Wang sits on a bench in the park, watching the children play. Xiao Ming is Uncle Li's grandson, he plays in the park. Aunt Wang looks at Xiao Ming, then looks at Uncle Li who is maintaining the lawn in the distance. Aunt Wang takes out a note, and carefully hands it to Xiao Ming, then gently pats Xiao Ming's head. After Xiao Ming gets the note, he first looks at Aunt Wang's expression, then runs to find his grandfather, Uncle Li.",How do you think Uncle Li feels after seeing the note?,"Uncle Li feels a bit guilty, because he does not consider that it affects Aunt Wang's rest.","Uncle Li is very happy, because he thinks Aunt Wang is very friendly to him.","Uncle Li feels relieved, he understands this may be Aunt Wang caring about his living conditions.","Uncle Li is a bit angry, he does not like others to pass messages through children.",A
"Old Wang's garden is the best looking in the community, he always takes good care of it. Recently, he needs to go out for a month, and he is very concerned about the garden. Ah Yang and Beibei are two novice gardening enthusiasts in the community, they take care of their small gardens every day. One evening, Beibei is collecting clothes on the balcony. Old Wang walks over, looks at her, then turns his head to look at Ah Yang's garden. He finally sets his gaze on the small garden in front of Beibei's door, then looks at Beibei and smiles. After that, he tells Beibei that he is about to go out for a while.",Why does Old Wang look at his own garden and Ah Yang's garden and then smile at Beibei?,Old Wang thinks that Ah Yang and Beibei's gardens are not as good as his own.,"Old Wang is proud of his garden, and he smiles at Beibei to express this emotion.",Old Wang finds through observation that Beibei is more suitable to take care of his garden than Ah Yang.,Old Wang wants to share the fun things in the garden with Beibei.,C
"Old Wang's garden is the best looking in the community, he always takes good care of it. Recently, he needs to go out for a month, and he is very concerned about the garden. Ah Yang and Beibei are two novice gardening enthusiasts in the community, they take care of their small gardens every day. One evening, Beibei is collecting clothes on the balcony. Old Wang walks over, looks at her, then turns his head to look at Ah Yang's garden. He finally sets his gaze on the small garden in front of Beibei's door, then looks at Beibei and smiles. After that, he tells Beibei that he is about to go out for a while.",What do you think Beibei thinks next?,"Beibei feels a bit nervous and uneasy about taking care of Old Wang's garden, but is also happy to be recognized.",Beibei feels curious and wants to know why Old Wang smiles so happily.,"Beibei feels very angry, she has no interest in taking care of other people's gardens.","Beibei is indifferent to Old Wang's actions, she just thinks Old Wang is admiring her garden.",A
"Ren Fei, Cong Cong, and Qiao Er are good friends, they prepare to watch a movie together at Ren Fei's house. Qiao Er comes to Ren Fei's house for the first time. Ren Fei arranges the movie discs, Cong Cong watches on the side. Qiao Er sits on the sofa reading a magazine, occasionally looking up at them. Ren Fei secretly shows a disc to Cong Cong, then smiles at him. Cong Cong looks at it, frowns, but still gives him a smile back. Ren Fei walks to the sofa, takes out that disc and says to Qiao Er: ""This movie is good, let's watch this one."" Qiao Er doesn't speak, just nods.",Why does Ren Fei say this movie is good to Qiao Er?,Because Ren Fei and Cong Cong both think this movie is good.,That is the movie Qiao Er asks to watch in advance.,Ren Fei thinks that movie is suitable for the three of them to watch tonight.,That movie is recommended by Cong Cong.,C
"Ren Fei, Cong Cong, and Qiao Er are good friends, they prepare to watch a movie together at Ren Fei's house. Qiao Er comes to Ren Fei's house for the first time. Ren Fei arranges the movie discs, Cong Cong watches on the side. Qiao Er sits on the sofa reading a magazine, occasionally looking up at them. Ren Fei secretly shows a disc to Cong Cong, then smiles at him. Cong Cong looks at it, frowns, but still gives him a smile back. Ren Fei walks to the sofa, takes out that disc and says to Qiao Er: ""This movie is good, let's watch this one."" Qiao Er doesn't speak, just nods.",What do you think Cong Cong feels about this?,"Cong Cong is slightly dissatisfied with Ren Fei's choice, but he respects Ren Fei's decision.",Cong Cong doesn't have any special feelings.,Cong Cong is very satisfied with Ren Fei's choice.,"Cong Cong is surprised by Ren Fei's decision, he thinks that movie is not good.",A
"Rui Li and Zhi Qiang are colleagues in the company, they see the birthday of Xiao Ling marked on the calendar. They look at each other when they meet in the conference room, and then glance at Xiao Ling who is still working. Later, Rui Li and Zhi Qiang open the shopping app, they start to look at some gift recommendations. They seem to have a preference for one, they nod to each other. Xiao Ling notices their little actions, she also catches a glimpse of the Taobao page they are looking at.",Why do Rui Li and Zhi Qiang open the shopping app?,Rui Li asks Zhi Qiang to help her buy lunch.,Rui Li and Zhi Qiang plan to buy a gift for Xiao Ling together.,Rui Li wants to show Zhi Qiang a recommended product she is interested in.,Rui Li wants to purchase some daily necessities,B
"Rui Li and Zhi Qiang are colleagues in the company, they see the birthday of Xiao Ling marked on the calendar. They look at each other when they meet in the conference room, and then glance at Xiao Ling who is still working. Later, Rui Li and Zhi Qiang open the shopping app, they start to look at some gift recommendations. They seem to have a preference for one, they nod to each other. Xiao Ling notices their little actions, she also catches a glimpse of the Taobao page they are looking at.",What do you think Xiao Ling thinks?,"Xiao Ling knows that Rui Li and Zhi Qiang are going to surprise her, she is very happy.",Xiao Ling thinks Rui Li and Zhi Qiang are excluding her.,Xiao Ling thinks Rui Li and Zhi Qiang are dating in private.,"Xiao Ling wants to join the conversation of Rui Li and Zhi Qiang, but she thinks she might disturb them.",A
"An important basketball game is in progress. Tianba is an important player on the opposing team, while Xuehang and Xiaohao are players on our team. When the game comes to match point, Tianba does not get the ball well, and Xiaohao quickly grabs it. When Xuehang responds to Xiaohao, he quickly and quietly says a few words to Xiaohao. Xiaohao's expression looks a bit stiff, then he raises his head and looks at Xuehang in surprise. Then, Xiaohao passes the ball to Xuehang, and Xuehang launches a low-level attack. When the referee blows the whistle, Xiaohao and Xuehang's team loses the game.",Why does Xuehang come over and talk to Xiaohao?,Xuehang wants to remind Xiaohao to defend against their opponent Tianba.,Xuehang finds that Xiaohao's game strategy has problems and wants to give him advice.,Xuehang wants to tell Xiaohao that their club is betting on the game and they must deliberately lose the game.,Xuehang wants Xiaohao to pass the ball to him so he can score.,C
"An important basketball game is in progress. Tianba is an important player on the opposing team, while Xuehang and Xiaohao are players on our team. When the game comes to match point, Tianba does not get the ball well, and Xiaohao quickly grabs it. When Xuehang responds to Xiaohao, he quickly and quietly says a few words to Xiaohao. Xiaohao's expression looks a bit stiff, then he raises his head and looks at Xuehang in surprise. Then, Xiaohao passes the ball to Xuehang, and Xuehang launches a low-level attack. When the referee blows the whistle, Xiaohao and Xuehang's team loses the game.","Seeing Xuehang's actions, what do you think Xiaohao is thinking?",Xiaohao possibly thinks that Xuehang is cooperating and hopes he does better.,Xiaohao feels shocked and helpless about Xuehang's words.,"Xiaohao possibly misunderstands, thinking that Xuehang wants to steal his leading role.","Xiaohao possibly feels relieved, thinking that Xuehang cares about his performance.",B
"Xiaodong, Xiaoxi, and Xiaonan are playing a flying chess game. Xiaonan is the birthday boy today, he is playing the game with full concentration, without paying attention to anything else. Xiaodong and Xiaoxi often exchange glances during the game, occasionally smiling slightly. Xiaodong quietly shows his chess piece to Xiaoxi. Xiaoxi looks at the chess piece in Xiaodong's hand, then glances at Xiaonan, then nods. In the subsequent game, although Xiaodong and Xiaoxi are competitors, they cooperate cleverly several times, and in the end, Xiaonan wins the game.",Why does Xiaoxi nod after looking at Xiaodong's chess piece?,Xiaoxi agrees with Xiaodong's game strategy suggestion.,Xiaoxi makes a suitable game decision after seeing the chess piece in Xiaodong's hand.,Xiaoxi understands that Xiaodong wants to help the birthday boy Xiaonan win the game.,"Xiaoxi just responds casually, without understanding Xiaodong's intention.",C
"Xiaodong, Xiaoxi, and Xiaonan are playing a flying chess game. Xiaonan is the birthday boy today, he is playing the game with full concentration, without paying attention to anything else. Xiaodong and Xiaoxi often exchange glances during the game, occasionally smiling slightly. Xiaodong quietly shows his chess piece to Xiaoxi. Xiaoxi looks at the chess piece in Xiaodong's hand, then glances at Xiaonan, then nods. In the subsequent game, although Xiaodong and Xiaoxi are competitors, they cooperate cleverly several times, and in the end, Xiaonan wins the game.",What do you think Xiaonan thinks?,"Xiaonan thinks they are playing unfairly, he is a bit unhappy.","Xiaonan does not understand why they cooperate in secret, he feels puzzled.","Xiaonan notices their interaction, but he does not think too much.",Xiaonan is happy to win the game.,D
"Xiaoliu and Xiaoming are good friends, they like mountain climbing and exploring. They plan a new outdoor activity. At this time, Xiaoliu thinks about whether to invite Xiaoyun, who likes mountain biking, to join the journey. Xiaoliu looks at Xiaoming, signals him to look at Xiaoyun with his eyes, and then shakes his head with a smile. Then, he throws an expectant look at Xiaoming, as if hinting at something. Xiaoming watches this process, seems to understand Xiaoliu's intention, so he decides to actively talk to Xiaoyun about this activity. Xiaoming and Xiaoyun talk for a few minutes, Xiaoyun hesitates at first, then nods.","Why does Xiaoliu shake his head at Xiaoming, and then throw an expectant look?",Xiaoliu hints to Xiaoming that he does not want Xiaoyun to join this activity.,Xiaoliu wants Xiaoming to invite Xiaoyun to participate in the activity.,Xiaoliu wants to let Xiaoming know that they need to do more preparation work.,The secret actions between Xiaoliu and Xiaoming are about other things.,B
"Xiaoliu and Xiaoming are good friends, they like mountain climbing and exploring. They plan a new outdoor activity. At this time, Xiaoliu thinks about whether to invite Xiaoyun, who likes mountain biking, to join the journey. Xiaoliu looks at Xiaoming, signals him to look at Xiaoyun with his eyes, and then shakes his head with a smile. Then, he throws an expectant look at Xiaoming, as if hinting at something. Xiaoming watches this process, seems to understand Xiaoliu's intention, so he decides to actively talk to Xiaoyun about this activity. Xiaoming and Xiaoyun talk for a few minutes, Xiaoyun hesitates at first, then nods.",How do you think Xiao Yun feels?,Xiao Yun feels rejected because she sees Xiao Liu shake his head at Xiao Ming.,Xiao Yun feels lost because she is not directly invited to participate in the activity.,"Xiao Yun hesitates at first, then happily participates in the outdoor activity.","Xiao Yun thinks she might be invited to their activity, feels excited.",C
"Ya Ming and Zhi Cheng are good friends, and they plan to travel together during this holiday. Zhi Cheng is too lazy to make plans, and Ya Ming is not good at this kind of thing. They both know that Xiao Hua is good at planning and has a lot of travel experience. When they eat together, Ya Ming gives Zhi Cheng a look, then turns to Xiao Hua and says, ""I hear you are a travel expert."" Then, Ya Ming gives Zhi Cheng a knowing smile. Xiao Hua sees the look and smile between Ya Ming and Zhi Cheng, and seems to understand something.",Why does Ya Ming give Zhi Cheng a look?,Ya Ming wants to remind Zhi Cheng of what to do next,Ya Ming sees something interesting and wants to share it with Zhi Cheng,Ya Ming and Zhi Cheng want Xiao Hua to help them plan the trip,Ya Ming wants to have an inside joke with Zhi Cheng,C
"Ya Ming and Zhi Cheng are good friends, and they plan to travel together during this holiday. Zhi Cheng is too lazy to make plans, and Ya Ming is not good at this kind of thing. They both know that Xiao Hua is good at planning and has a lot of travel experience. When they eat together, Ya Ming gives Zhi Cheng a look, then turns to Xiao Hua and says, ""I hear you are a travel expert."" Then, Ya Ming gives Zhi Cheng a knowing smile. Xiao Hua sees the look and smile between Ya Ming and Zhi Cheng, and seems to understand something.",What do you think Xiao Hua's mood is now?,"Xiao Hua does not pay much attention to the signals from Ya Ming and Zhi Cheng, and her mood is as usual","Xiao Hua guesses that they want to invite her to travel together, and she feels very happy inside.","Xiao Hua feels happy, thinking that she receives praise from her friends",Xiao Hua feels challenged and is a bit nervous,B
"Xiaohua and Xiaoyu are members of the hiking club, they are planning a hike next week. Xiaoyan is new and she never participates in such activities. Xiaohua looks at Xiaoyu, gently points to the date of the trip next week, and looks at Xiaoyan, but says nothing. Xiaohua looks at Xiaoyu, the two exchange knowing smiles, and together they walk towards Xiaoyan. Xiaoyan notices their gaze and smiles.","Why does Xiaohua look at Xiaoyu and then at Xiaoyan, while pointing to the date of the trip next week?",Xiaohua hopes to remind Xiaoyu of the date of the hike next week.,Xiaohua and Xiaoyu want to seek Xiaoyan's advice.,Xiaohua notices an important announcement and wants to share it with Xiaoyu and Xiaoyan.,Xiaohua and Xiaoyu are hinting at inviting Xiaoyan to join the hike next week.,D
"Xiaohua and Xiaoyu are members of the hiking club, they are planning a hike next week. Xiaoyan is new and she never participates in such activities. Xiaohua looks at Xiaoyu, gently points to the date of the trip next week, and looks at Xiaoyan, but says nothing. Xiaohua looks at Xiaoyu, the two exchange knowing smiles, and together they walk towards Xiaoyan. Xiaoyan notices their gaze and smiles.",What do you think Xiaoyan's mood is at this time?,"Xiaoyan feels scared, she thinks Xiaoming and Xiaohua are trying to provoke her.","Xiaoyan feels confused, not clear why they come.","Xiaoyan feels surprised, looking forward to the hike next week.","Xiaoyan feels happy, because she is included in the plan by Xiaohua and Xiaoyu.",B
"Lele and Xiaowei are in an outdoor sports equipment store, choosing climbing gear. They plan to participate in an upcoming climbing course, but they still lack a team member. While they are chatting, they see Qingqing in the park across the street through the glass window of the shop. Qingqing also notices them and waves at them. Lele suddenly smiles at Xiaowei, purses her lips, and points at Qingqing in the park. Xiaowei looks over with interest. Then, Lele gets up and leaves the store, and Xiaowei quickly follows and walks towards Qingqing.",Why does Lele suddenly smile at Xiaowei and point at Qingqing?,Lele smiles because she sees Qingqing having fun in the park.,Lele smiles because she thinks Xiaowei also likes to make friends with Qingqing.,Lele smiles because she wants to suggest to Xiaowei to consider inviting Qingqing to join the climbing course.,Lele smiles because she just sees a joke she knows before.,C
"Lele and Xiaowei are in an outdoor sports equipment store, choosing climbing gear. They plan to participate in an upcoming climbing course, but they still lack a team member. While they are chatting, they see Qingqing in the park across the street through the glass window of the shop. Qingqing also notices them and waves at them. Lele suddenly smiles at Xiaowei, purses her lips, and points at Qingqing in the park. Xiaowei looks over with interest. Then, Lele gets up and leaves the store, and Xiaowei quickly follows and walks towards Qingqing.","Qingqing notices Lele and Xiaowei walking towards her, what is her mood?",Qingqing feels surprised because she does not expect to see them in the park.,"Qingqing feels curious, wanting to know what they are buying in the equipment store.","Qingqing feels curious, not knowing why Lele and Xiaowei come out of the outdoor sports equipment store to find her.","Qingqing feels scared, thinking they will invite her to participate in dangerous sports.",C
"The first group outing causes a commotion in the class, everyone gathers together to discuss the outing. Weizhi sits alone at his seat, he just transfers from the neighboring school this week. Lin Jie notices this situation from the side, he looks at Tingting who is flipping through the amusement park guide on her phone next to him, then he glances at the silent Weizhi. He coughs, turns to Tingting, signals her to look at Weizhi, and gives Tingting a suggestive smile. Tingting seems to understand something, she looks at Weizhi with confusion, nods, and walks towards Weizhi with Lin Jie.",Why does Lin Jie give Tingting a suggestive smile?,Lin Jie wants to express his concern for Weizhi to Tingting and asks Tingting to help Weizhi with him.,Lin Jie and Tingting plan to go to Weizhi together in the first place.,Lin Jie finds Weizhi's behavior funny and wants to mock him.,Lin Jie just thinks of a joke about the group outing and wants to share it with Tingting.,A
"The first group outing causes a commotion in the class, everyone gathers together to discuss the outing. Weizhi sits alone at his seat, he just transfers from the neighboring school this week. Lin Jie notices this situation from the side, he looks at Tingting who is flipping through the amusement park guide on her phone next to him, then he glances at the silent Weizhi. He coughs, turns to Tingting, signals her to look at Weizhi, and gives Tingting a suggestive smile. Tingting seems to understand something, she looks at Weizhi with confusion, nods, and walks towards Weizhi with Lin Jie.",What does Weizhi possibly think now?,"Weizhi has no emotions, he just thinks about what he should do.","Weizhi possibly feels lonely, lost, not knowing how to fit into the group.","Weizhi resists, he does not want to go on the outing with others.","Weizhi is happy, he likes to be alone.",B
"Liangliang, Yuanyuan, and Xiaoxiao are classmates at school, and next Monday is Xiaoxiao's birthday. Today, while Xiaoxiao is in class, Liangliang and Yuanyuan whisper in the hallway. Liangliang looks at his mobile phone and checks the surroundings from time to time. Then, he smiles slightly and gives Yuanyuan an OK gesture. Yuanyuan glances at the classroom window, then nods at Liangliang. Later, when Xiaoxiao comes out of the classroom, he finds Liangliang and Yuanyuan are talking in low voices and occasionally look at him.",Why does Liangliang smile and give Yuanyuan an OK gesture?,Liangliang and Yuanyuan come up with a new prank idea in the school hallway.,Liangliang is playing a game and just passes the level.,Liangliang is planning a surprise party for Xiaoxiao.,Liangliang receives a joke he finds funny and decides to share it with Yuanyuan.,C
"Liangliang, Yuanyuan, and Xiaoxiao are classmates at school, and next Monday is Xiaoxiao's birthday. Today, while Xiaoxiao is in class, Liangliang and Yuanyuan whisper in the hallway. Liangliang looks at his mobile phone and checks the surroundings from time to time. Then, he smiles slightly and gives Yuanyuan an OK gesture. Yuanyuan glances at the classroom window, then nods at Liangliang. Later, when Xiaoxiao comes out of the classroom, he finds Liangliang and Yuanyuan are talking in low voices and occasionally look at him.",What do you think Xiaoxiao feels when he sees Liangliang and Yuanyuan whispering and occasionally looking at him?,"Xiaoxiao probably feels curious and confused, wanting to know what they are preparing to do to him.","Xiaoxiao probably feels scared and uneasy, thinking they are talking behind his back.",Xiaoxiao probably feels angry because he thinks they are hiding something from him and do not consider him a friend.,"Xiaoxiao probably remains indifferent, just thinking they are chatting or doing homework.",A
"Xiaoxia and Xiaoliang are good friends, they both like the same girl - Xiaomei. One weekend afternoon, Xiaoxia, Xiaoliang, and Xiaomei go to the park to skate together. Xiaoliang suddenly falls, Xiaomei is the first to rush up to care for him. Xiaoxia watches from the side, there seems to be some confusion in his eyes, he carefully observes the actions of Xiaoliang and Xiaomei, then he seems thoughtful, there seems to be some urgency. Afterwards, Xiaoxia distracts Xiaoliang, finds Xiaomei alone, and tries to give a small box to Xiaomei, saying, ""This is for you."" and carefully observes Xiaomei's subsequent performance.",Why does Xiaoxia give Xiaomei that small box?,Xiaoxia just helps Xiaoliang to pass the gift to Xiaomei.,"Xiaoxia thanks Xiaomei for caring about Xiaoliang, the gift is to express gratitude.",Xiaoxia hopes to judge whether Xiaomei has feelings for Xiaoliang by whether Xiaomei accepts what he gives.,Xiaoxia just happens to have an extra small box to give to Xiaomei.,C
"Xiaoxia and Xiaoliang are good friends, they both like the same girl - Xiaomei. One weekend afternoon, Xiaoxia, Xiaoliang, and Xiaomei go to the park to skate together. Xiaoliang suddenly falls, Xiaomei is the first to rush up to care for him. Xiaoxia watches from the side, there seems to be some confusion in his eyes, he carefully observes the actions of Xiaoliang and Xiaomei, then he seems thoughtful, there seems to be some urgency. Afterwards, Xiaoxia distracts Xiaoliang, finds Xiaomei alone, and tries to give a small box to Xiaomei, saying, ""This is for you."" and carefully observes Xiaomei's subsequent performance.",What does Xiaoliang possibly think after skating?,Xiaoliang suspects that Xiaoxia and Xiaomei have some secrets.,Xiaoliang actually does not care about what the small box that Xiaoxia gives to Xiaomei is.,Xiaoliang cannot understand why Xiaoxia gives that small box to Xiaomei.,Xiaoliang is very happy that Xiaomei cares for him when he falls.,D
"Xuanxuan, Zhiming, and Weijie are college classmates. That day, they go to a party together. Zhiming jokes that his dance skills are sure to beat Weijie. Then, Zhiming notices Xuanxuan standing alone in the corner, not dancing. He quickly walks over and calls out in a special voice: ""Weijie, watch me dance the steps you teach me yesterday."" Then Zhiming starts to dance. Zhiming dances very happily, but he occasionally glances at Xuanxuan's reaction. Xuanxuan sees Zhiming loudly calling Weijie and his dancing, and she seems less restrained.",Why does Zhiming loudly call Weijie to watch him dance?,Zhiming wants to compete with Weijie in dancing.,Zhiming is joking and wants to amuse Weijie.,Zhiming loudly calls Weijie to attract Xuanxuan's attention.,Zhiming just learns new dance steps and wants to show off to Weijie.,C
"Xuanxuan, Zhiming, and Weijie are college classmates. That day, they go to a party together. Zhiming jokes that his dance skills are sure to beat Weijie. Then, Zhiming notices Xuanxuan standing alone in the corner, not dancing. He quickly walks over and calls out in a special voice: ""Weijie, watch me dance the steps you teach me yesterday."" Then Zhiming starts to dance. Zhiming dances very happily, but he occasionally glances at Xuanxuan's reaction. Xuanxuan sees Zhiming loudly calling Weijie and his dancing, and she seems less restrained.",What does Xuanxuan possibly think in this situation?,"Xuanxuan feels disdainful, she thinks Zhiming is silly and immature.",Xuanxuan is attracted by Zhiming's exaggerated dance and finds it interesting.,"Xuanxuan feels ashamed for Zhiming, thinking he is making a fool of himself in public.",Xuanxuan is thinking about who dances better between Zhiming and Weijie.,B
"Xiao Gang and Xiao Fen are classmates, Xiao Yun has a general relationship with them. One afternoon, Xiao Gang whispers to Xiao Fen in the corner of the classroom. Xiao Yun sees their interaction from a distance, but does not hear what they are talking about. She only sees Xiao Gang smiling at Xiao Fen, carefully spreading out a movie ticket, and then blinking at Xiao Fen. Suddenly, Xiao Gang notices Xiao Yun watching them and alerts Xiao Fen. Xiao Fen immediately puts away the movie ticket and greets Xiao Yun with Xiao Gang. Xiao Yun sees the whole process.",Why does Xiao Gang alert Xiao Fen when he sees Xiao Yun watching them?,Xiao Gang has more movie tickets and wants to invite Xiao Yun to watch the movie together.,Xiao Gang wants to go to the movies with Xiao Fen alone.,Xiao Gang wants Xiao Fen to greet Xiao Yun.,Xiao Gang wants Xiao Fen to ask Xiao Yun about her opinion on the movie.,B
"Xiao Gang and Xiao Fen are classmates, Xiao Yun has a general relationship with them. One afternoon, Xiao Gang whispers to Xiao Fen in the corner of the classroom. Xiao Yun sees their interaction from a distance, but does not hear what they are talking about. She only sees Xiao Gang smiling at Xiao Fen, carefully spreading out a movie ticket, and then blinking at Xiao Fen. Suddenly, Xiao Gang notices Xiao Yun watching them and alerts Xiao Fen. Xiao Fen immediately puts away the movie ticket and greets Xiao Yun with Xiao Gang. Xiao Yun sees the whole process.",How do you think Xiao Yun feels at this time?,"Xiao Yun probably thinks that what Xiao Gang and Xiao Fen are discussing has nothing to do with her, so she feels indifferent.",Xiao Yun probably feels sad because Xiao Gang and Xiao Fen do not invite her to watch the movie.,"Xiao Yun is happy, thinking that Xiao Gang might come to show her good.","Xiao Yun is angry because she thinks Xiao Gang only gives Xiao Fen a movie ticket, not to herself.",A
"Jianjian and Jingjing are classmates, their relationship is not very close, although they often chat but they usually do not go home together after school. One day, when school is about to end, Xuanxuan joins their chat. Jianjian takes the opportunity when Jingjing turns her head to talk to Xuanxuan, makes a movie-watching gesture to Xuanxuan, then smiles at Xuanxuan, Xuanxuan also nods to Jianjian, both of them smile at Jingjing. After school, Jianjian and Xuanxuan leave the school together.",Why do Jianjian and Xuanxuan exchange a smile?,Jianjian hopes Xuanxuan helps him invite Jingjing to watch a movie together in a few days.,"Jianjian wants to signal to Xuanxuan, he wants to watch a movie alone with Xuanxuan, do not invite Jingjing.","Jianjian thinks of a movie-related joke, wants to share with Xuanxuan.","Jianjian and Xuanxuan together, secretly make fun of Jingjing.",B
"Jianjian and Jingjing are classmates, their relationship is not very close, although they often chat but they usually do not go home together after school. One day, when school is about to end, Xuanxuan joins their chat. Jianjian takes the opportunity when Jingjing turns her head to talk to Xuanxuan, makes a movie-watching gesture to Xuanxuan, then smiles at Xuanxuan, Xuanxuan also nods to Jianjian, both of them smile at Jingjing. After school, Jianjian and Xuanxuan leave the school together.",What do you think Jingjing's mood is?,"Jingjing does not have any special feelings, because she is not clear about the subsequent activities of Xuanxuan and Jianjian.","Jingjing feels happy, because she thinks Xuanxuan and Jianjian are going to give her a surprise.","Jingjing feels confused, she does not know what Jianjian and Xuanxuan are doing.","Jingjing does not care, she is focusing on her own topic.",A
"Yu Xuan and Xiao Qing are a couple, but recently they have some misunderstandings due to some minor issues, and communication is difficult. On the same day, they both go to the local stall market. The old lady sees Yu Xuan and proposes that they exchange a bouquet of flowers as a symbol of reconciliation. Yu Xuan looks at Xiao Qing, nods secretly, and among various bouquets, he picks a blooming sunflower. The old lady gives him the sunflower, and after he takes it, he looks back at Xiao Qing, but Xiao Qing is looking at other stalls at this time. Yu Xuan silently puts the flowers in her shopping bag.",Why does Yu Xuan choose sunflowers?,Yu Xuan chooses sunflowers possibly because he knows that Xiao Qing likes them and hopes to eliminate misunderstandings.,"Yu Xuan chooses sunflowers because he wants to save money, sunflowers are cheaper than other flowers.",Yu Xuan chooses sunflowers because his favorite flower is the sunflower.,Yu Xuan chooses sunflowers because they look very fresh and healthy.,A
"Yu Xuan and Xiao Qing are a couple, but recently they have some misunderstandings due to some minor issues, and communication is difficult. On the same day, they both go to the local stall market. The old lady sees Yu Xuan and proposes that they exchange a bouquet of flowers as a symbol of reconciliation. Yu Xuan looks at Xiao Qing, nods secretly, and among various bouquets, he picks a blooming sunflower. The old lady gives him the sunflower, and after he takes it, he looks back at Xiao Qing, but Xiao Qing is looking at other stalls at this time. Yu Xuan silently puts the flowers in her shopping bag.",What do you think Xiao Qing's reaction is when she sees the sunflower?,"Xiao Qing sees the sunflower and thinks Yu Xuan is too stingy, and she gets even more angry.","Xiao Qing sees the sunflower and feels confused, she does not understand Yu Xuan's intention.","Xiao Qing sees the sunflower and understands Yu Xuan's intention, she may be moved.","Xiao Qing sees the sunflower and doesn't care, because she does not like flowers.",C
"Sunny, Da Peng, and Bald Qiang are all hosts on the same channel. They often appear in the same program, but they rarely interact in private. One day, after the program recording ends, Da Peng sees Sunny preparing to leave, and he quickly goes over to talk to her. At this moment, Bald Qiang also comes over. Da Peng sees Bald Qiang, smiles, and says to Sunny, ""I have another matter to deal with, I leave first."" Then he turns and leaves. Sunny watches Da Peng's retreating figure, her face turns slightly red.",Why does Da Peng choose to leave after seeing Bald Qiang?,"Da Peng is a relatively introverted person, he does not like to interact with others.",Da Peng does not want Bald Qiang to know what he says to Sunny.,Da Peng really has another matter to deal with.,"Da Peng does not like Sunny, he just politely goes over to say hello.",B
"Sunny, Da Peng, and Bald Qiang are all hosts on the same channel. They often appear in the same program, but they rarely interact in private. One day, after the program recording ends, Da Peng sees Sunny preparing to leave, and he quickly goes over to talk to her. At this moment, Bald Qiang also comes over. Da Peng sees Bald Qiang, smiles, and says to Sunny, ""I have another matter to deal with, I leave first."" Then he turns and leaves. Sunny watches Da Peng's retreating figure, her face turns slightly red.",What do you think Sunny thinks?,"Sunny feels a bit happy and shy, she understands Dapeng wants to talk to her alone.","Sunny does not have any special feelings, she just continues to do her own things.","Sunny feels relieved at Dapeng's departure, she does not like to communicate with him.","Sunny is happy about Dapeng's departure, because she likes Bald Qiang, not Dapeng.",A
"Bai Ruo is a new employee, Tian Qi is the department manager, and Zhi Hong is Tian Qi's friend. During the company's lunch time, the spirited Tian Qi invites Bai Ruo and Zhi Hong to have lunch together. At the meal, Tian Qi implies that Zhi Hong's conditions are very good. After the meal, Zhi Hong quietly opens the folder, takes out a bunch of roses and gives them to Tian Qi, then smiles slightly at Tian Qi and leaves for some unknown reason. Tian Qi smiles and takes the roses, turns around and walks towards Bai Ruo, and gives the roses to Bai Ruo. Bai Ruo takes the roses and looks at Tian Qi and Zhi Hong in confusion.",Why does Zhi Hong give that bunch of roses to Tian Qi?,Zhi Hong wants to express his feelings to Bai Ruo through Tian Qi.,"Zhi Hong wants to pursue Tian Qi, so he gives him roses.",The bunch of roses is originally what Tian Qi asks Zhi Hong to buy on his behalf.,Someone else asks Zhi Hong to pass the roses to Tian Qi.,A
"Bai Ruo is a new employee, Tian Qi is the department manager, and Zhi Hong is Tian Qi's friend. During the company's lunch time, the spirited Tian Qi invites Bai Ruo and Zhi Hong to have lunch together. At the meal, Tian Qi implies that Zhi Hong's conditions are very good. After the meal, Zhi Hong quietly opens the folder, takes out a bunch of roses and gives them to Tian Qi, then smiles slightly at Tian Qi and leaves for some unknown reason. Tian Qi smiles and takes the roses, turns around and walks towards Bai Ruo, and gives the roses to Bai Ruo. Bai Ruo takes the roses and looks at Tian Qi and Zhi Hong in confusion.",What do you think Bai Ruo thinks after taking the roses?,Bai Ruo thinks Tian Qi wants to confess to her.,Bai Ruo feels confused about their actions and communication.,Bai Ruo feels touched by Zhi Hong's kind act.,"Bai Ruo feels uneasy, she thinks Zhi Hong and Tian Qi are playing a prank on her.",B
"Dongdong and Xiaoning are colleagues in the same company, they make a date to see the night view tonight. Xiaoning does not know about Dongdong's love history. Before leaving, Dongdong smiles as he looks at the photo he takes for Xiaoning, and he even rents a convertible sports car, preparing to give Xiaoning a surprise. When he leaves the house, Dongdong's ex-girlfriend Ruirui just passes by Dongdong's house. They do not speak, but Ruirui notices the photo and car key in Dongdong's hand, and she sneers. At this time, Xiaoning also arrives at Dongdong's house, she sees Ruirui's expression.",Why does Dongdong smile when he looks at Xiaoning's photo?,Dongdong accidentally sees the funny scene in Xiaoning's photo.,Dongdong smiles because he feels excited and anticipates about seeing Xiaoning soon.,"Dongdong sees the scenery in the photo, and he recalls the fun of the last trip.","Dongdong thinks of other fun things through the photo, his laughter has nothing to do with Xiaoning.",B
"Dongdong and Xiaoning are colleagues in the same company, they make a date to see the night view tonight. Xiaoning does not know about Dongdong's love history. Before leaving, Dongdong smiles as he looks at the photo he takes for Xiaoning, and he even rents a convertible sports car, preparing to give Xiaoning a surprise. When he leaves the house, Dongdong's ex-girlfriend Ruirui just passes by Dongdong's house. They do not speak, but Ruirui notices the photo and car key in Dongdong's hand, and she sneers. At this time, Xiaoning also arrives at Dongdong's house, she sees Ruirui's expression.",What do you think Xiaoning thinks?,"Xiaoning does not care, she thinks Ruirui just passes by.",Xiaoning feels nervous and looks forward to the upcoming date.,"Xiaoning guesses that Ruirui may still have feelings for Dongdong, so she feels a bit troubled.","Xiaoning is very confused, she does not know what happens between Dongdong and Ruirui.",D
"The class is about to hold a student council election, and the class president Bingbing really hopes to win. This day after class, the student committee member AiAi stays in the classroom, she gently taps Bingbing's shoulder, and secretly hands a small note to class president Bingbing. Xiao Li sits in a corner of the classroom, and sees all this. Before, AiAi and Bingbing have quietly discussed something in the corner, but no one hears the specific content. After Bingbing reads the note, she smiles slightly, then crumples the note into a ball and puts it in her pocket.",Why does student committee member AiAi give the note to class president Bingbing?,Student committee member AiAi just casually hands today's class notes to Bingbing.,"Student committee member AiAi just helps someone else pass the note to Bingbing, there is no other meaning.",Student committee member AiAi is reminding Bingbing of the preparation work needed for the next theme course.,Student committee member AiAi tells Bingbing some information about the election on the note.,D
"The class is about to hold a student council election, and the class president Bingbing really hopes to win. This day after class, the student committee member AiAi stays in the classroom, she gently taps Bingbing's shoulder, and secretly hands a small note to class president Bingbing. Xiao Li sits in a corner of the classroom, and sees all this. Before, AiAi and Bingbing have quietly discussed something in the corner, but no one hears the specific content. After Bingbing reads the note, she smiles slightly, then crumples the note into a ball and puts it in her pocket.",What do you think Xiao Li is thinking?,Xiao Li is very curious and wants to know what is written on the note.,"Xiao Li doesn't care, he just thinks the classroom is particularly quiet after class.","Xiao Li is happy for Ai Ai, because he hopes Ai Ai wins the student council election.","Xiao Li is nervous for Bingbing, he worries that Bingbing gets punished for interfering with the vote.",A
"Xiao Yang and Xiao Bai are members of the class activity planning group, they are discussing the class holiday activities. Xiao Chen is an active member of the class, but never participates in activity planning. Xiao Bai suddenly points at Xiao Chen who is telling jokes in the distance, making a group of people laugh, and winks at Xiao Yang. Then, Xiao Bai winks at Xiao Yang, and both of them laugh. Then they walk towards Xiao Chen's position. Xiao Chen does not see them coming, nor does he notice their previous actions.",Why do they laugh after Xiao Bai winks at Xiao Yang?,Xiao Bai and Xiao Yang both find the joke Xiao Chen tells is interesting.,"Xiao Yang finds Xiao Bai's winking funny, so he laughs.","Xiao Yang already thinks of a holiday activity, so he laughs happily.",They tacitly find that they both plan to let Xiao Chen suggest for the holiday activity.,D
"Xiao Yang and Xiao Bai are members of the class activity planning group, they are discussing the class holiday activities. Xiao Chen is an active member of the class, but never participates in activity planning. Xiao Bai suddenly points at Xiao Chen who is telling jokes in the distance, making a group of people laugh, and winks at Xiao Yang. Then, Xiao Bai winks at Xiao Yang, and both of them laugh. Then they walk towards Xiao Chen's position. Xiao Chen does not see them coming, nor does he notice their previous actions.",What do you think Xiao Chen is thinking at this moment?,"Xiao Chen is not very happy, he thinks he might be mocked by Xiao Bai and Xiao Yang.",Xiao Chen is just focusing on his jokes.,Xiao Chen feels curious and a bit nervous.,"Xiao Chen is very angry, he thinks they are coming to stop him from telling jokes to everyone.",B
"Xiaoxia, Xiaobai, and Xiaonan are classmates, they are preparing a group report. Xiaoxia, as the team leader, is responsible for assigning tasks to the three of them today. But Xiaoxia and Xiaobai have already discussed, they hope to let Xiaonan do more parts. During the discussion, Xiaoxia gives examples to explain the skills needed for the task, and looks at Xiaobai, saying: ""Xiaobai, this part of the task is very important and a bit difficult, can you complete it?"" Xiaobai immediately replies: ""I already take on the work of other parts and start doing it."" At this time, Xiaonan notices that they are looking at him together, but they do not speak.",Why do Xiaoxia and Xiaobai look at Xiaonan together after discussing?,Because they think Xiaonan is good at this task and can complete it very well.,Because Xiaoxia and Xiaobai want to use this method to make Xiaonan take on this part of the task on his own.,"Xiaoxia and Xiaobai hope that Xiaonan does not sit silently, but also participates more in the meeting.",Xiaoxia and Xiaobai think Xiaonan likes to do this part of the task and want to give this part of the task to Xiaonan.,B
"Xiaoxia, Xiaobai, and Xiaonan are classmates, they are preparing a group report. Xiaoxia, as the team leader, is responsible for assigning tasks to the three of them today. But Xiaoxia and Xiaobai have already discussed, they hope to let Xiaonan do more parts. During the discussion, Xiaoxia gives examples to explain the skills needed for the task, and looks at Xiaobai, saying: ""Xiaobai, this part of the task is very important and a bit difficult, can you complete it?"" Xiaobai immediately replies: ""I already take on the work of other parts and start doing it."" At this time, Xiaonan notices that they are looking at him together, but they do not speak.",What do you think Xiaonan feels at that time?,Xiaonan feels happy and confident about the important task she is assigned.,Xiaonan feels that she is ignored and excluded by Xiaoxia and Xiaobai.,"Xiaonan feels a bit stunned, she does not expect this complex task to fall on her.",Xiaonan feels angry because she resents Xiaoxia and Xiaobai for discussing in advance to deal with her.,C
"Sakura is the leader of the group, and the group is carrying out an academic project. Komatsu and Nan are team members, they are currently competing in the competition and completing the work with Yi. Yi is a new transfer student, he has similar competition experience, he is quite shy. In the shared workspace, Komatsu and Nan are sharing their ideas, while Yi sits between them, quietly looking at the materials in his hands. Sakura sees this scene, smiles lightly, then whispers a few words to Komatsu and Nan, Komatsu and Nan both nod. Then, Sakura walks to Yi's side, pats his shoulder with a smile, says a few words, then walks away. Yi takes the initiative to look at Komatsu and Nan, finds that they are also looking at him.",Why does Sakura come over and pat Yi on the shoulder?,Sakura wants to express affirmation of Yi's past competition results.,Sakura is questioning why Yi does not participate in the discussion.,Sakura is suggesting that Yi should discuss with Komatsu and Nan.,Sakura is asking Yi about his understanding of each part of the materials in his hands.,C
"Sakura is the leader of the group, and the group is carrying out an academic project. Komatsu and Nan are team members, they are currently competing in the competition and completing the work with Yi. Yi is a new transfer student, he has similar competition experience, he is quite shy. In the shared workspace, Komatsu and Nan are sharing their ideas, while Yi sits between them, quietly looking at the materials in his hands. Sakura sees this scene, smiles lightly, then whispers a few words to Komatsu and Nan, Komatsu and Nan both nod. Then, Sakura walks to Yi's side, pats his shoulder with a smile, says a few words, then walks away. Yi takes the initiative to look at Komatsu and Nan, finds that they are also looking at him.",What is Yi's possible mood now?,"Yi possibly feels very frustrated, because he thinks Sakura questions his ability.","Yi possibly resents Sakura's reminder, he prefers to work alone.","Yi possibly hesitates about Sakura's encouragement, but still prepares to act.",Yi thinks Komatsu and Nanami lower the efficiency of completing the work.,C
"Jingjing and Weiwei are classmates, and they have a disagreement over a small matter not long ago. After class, Baobao looks at Jingjing who is memorizing words and Weiwei who is thinking hard on the other side, then she writes something in her notebook. Then, she walks to Jingjing, gives her a note, and then walks to Weiwei, also gives him a note. Jingjing and Weiwei look at the note, look at each other, and then look at Baobao. They both nod to Baobao, and Baobao smiles.",Why does Baobao give Jingjing and Weiwei a note each?,Baobao just reminds them of the content of the homework.,"Baobao wants to help them, so she shares the tricks of memorizing words written on the note with them.",Baobao plans to pass a prank letter between them.,Baobao wants to help mediate the disagreement between Jingjing and Weiwei through her note.,D
"Jingjing and Weiwei are classmates, and they have a disagreement over a small matter not long ago. After class, Baobao looks at Jingjing who is memorizing words and Weiwei who is thinking hard on the other side, then she writes something in her notebook. Then, she walks to Jingjing, gives her a note, and then walks to Weiwei, also gives him a note. Jingjing and Weiwei look at the note, look at each other, and then look at Baobao. They both nod to Baobao, and Baobao smiles.",What do you think are the feelings of Jingjing and Weiwei after reading the note?,"Jingjing and Weiwei both feel troubled, they think Baobao is meddling.","Jingjing and Weiwei both become nervous, they think Baobao's suggestion makes their relationship worse.","Jingjing and Weiwei are both a bit surprised, but they may also be willing to try Baobao's idea.","Jingjing and Weiwei are both happy, they both like studying together.",C
"Xiaomei is the group leader, she, Xiaoyu, and Liangliang are preparing for the group presentation next week. Because Xiaomei knows that Xiaoyu's preparation is not sufficient, she plans to assign less presentation content to Xiaoyu. When Xiaomei and Liangliang are talking, Liangliang quickly browses through Xiaoyu's materials, then gives Xiaomei a slight smile and pats his chest. Then, Liangliang walks towards Xiaoyu and starts to discuss the division of work. Xiaoyu sees Liangliang's smile and the ""rest assured"" gesture, and it seems to ease a bit.",Why does Liangliang pat his chest?,Because he wants to tell Xiaomei that he thinks Xiaoyu's preparation is very good.,Because he wants to tell Xiaomei that his own work is one hundred percent complete.,Liangliang indicates that he understands Xiaoyu's insufficient work preparation and can solve this problem.,Liangliang wants to express his confidence and satisfaction with Xiaomei's work.,C
"Xiaomei is the group leader, she, Xiaoyu, and Liangliang are preparing for the group presentation next week. Because Xiaomei knows that Xiaoyu's preparation is not sufficient, she plans to assign less presentation content to Xiaoyu. When Xiaomei and Liangliang are talking, Liangliang quickly browses through Xiaoyu's materials, then gives Xiaomei a slight smile and pats his chest. Then, Liangliang walks towards Xiaoyu and starts to discuss the division of work. Xiaoyu sees Liangliang's smile and the ""rest assured"" gesture, and it seems to ease a bit.",What do you think Xiaoyu feels at this time?,Xiaoyu feels uneasy because he thinks Liangliang might already know he is not ready yet.,"Xiaoyu feels relieved, he thinks Liangliang will help him complete the remaining preparation work.",Xiaoyu feels very happy because he thinks Liangliang expresses affirmation of his work.,Xiaoyu feels more pressure because he thinks Liangliang might ask him to increase his workload.,B
"Xu Ming, Li Hua, and Zhao Lei are classmates in senior high school, they are preparing a group report. Xu Ming and Li Hua know that although Zhao Lei easily gets nervous when reporting in public, he always performs well once he gets into the state. The counselor suddenly tells them that he comes over to listen to their rehearsal right away. Xu Ming and Li Hua look at Zhao Lei at the same time. Then, Xu Ming smiles at Li Hua. Li Hua nods, walks to Zhao Lei, and whispers something. Zhao Lei appears a bit nervous, then Xu Ming comes over to comfort Zhao Lei, telling Zhao Lei that he supports him from the side.",Why does Xu Ming smile at Li Hua?,"Xu Ming tells a story to Li Hua before, the smile possibly represents that he remembers this story.",Xu Ming smiles because he looks forward to the group report.,"Xu Ming smiles at Li Hua, hinting Li Hua to tell Zhao Lei, hoping that he presents the main points in the rehearsal later.","Xu Ming's smile possibly comes from seeing Zhao Lei a bit nervous, his nervous look is somewhat funny.",C
"Xu Ming, Li Hua, and Zhao Lei are classmates in senior high school, they are preparing a group report. Xu Ming and Li Hua know that although Zhao Lei easily gets nervous when reporting in public, he always performs well once he gets into the state. The counselor suddenly tells them that he comes over to listen to their rehearsal right away. Xu Ming and Li Hua look at Zhao Lei at the same time. Then, Xu Ming smiles at Li Hua. Li Hua nods, walks to Zhao Lei, and whispers something. Zhao Lei appears a bit nervous, then Xu Ming comes over to comfort Zhao Lei, telling Zhao Lei that he supports him from the side.",What do you think Zhao Lei thinks?,"Zhao Lei feels a bit nervous, but with the encouragement of friends, he possibly looks forward to this challenge.","Zhao Lei feels that Xu Ming and Li Hua are making fun of him, he is very angry.",Zhao Lei worries that his performance possibly makes the group's performance worse.,"Zhao Lei is full of confidence in himself, he fears nothing.",A
"The teacher announces a five-minute break, and Xiao Yu looks at Xiao Jie, seeming a bit anxious in his eyes. Xiao Jie is reading a comic and doesn't pay much attention to him. Xiao Yu looks around at his classmates, looks down at his homework, and then stares at Xiao Jie again. This time, Xiao Jie looks up at Xiao Yu for a few seconds, then lowers his head to continue reading his comic. Xiao Yu glances at the teacher's position again. After the bell rings at the end of the break, Xiao Yu gives Xiao Jie a look again. At this time, the teacher re-enters the classroom and tells the students that he is about to start grading homework. At this moment, Xiao Jie looks shocked and shows a surprised expression.",Why does Xiao Yu look at Xiao Jie several times?,Xiao Yu looks at Xiao Jie because he wants to tell him that the teacher will grade the homework after the break.,Xiao Yu keeps looking at Xiao Jie because he wants to borrow his comic to read.,Xiao Yu wants Xiao Jie to lend him his homework to copy.,"Xiao Yu and Xiao Jie chat and play together during the break, so he hints at him by looking at Xiao Jie.",A
"The teacher announces a five-minute break, and Xiao Yu looks at Xiao Jie, seeming a bit anxious in his eyes. Xiao Jie is reading a comic and doesn't pay much attention to him. Xiao Yu looks around at his classmates, looks down at his homework, and then stares at Xiao Jie again. This time, Xiao Jie looks up at Xiao Yu for a few seconds, then lowers his head to continue reading his comic. Xiao Yu glances at the teacher's position again. After the bell rings at the end of the break, Xiao Yu gives Xiao Jie a look again. At this time, the teacher re-enters the classroom and tells the students that he is about to start grading homework. At this moment, Xiao Jie looks shocked and shows a surprised expression.",What does Xiao Jie feel after hearing the teacher's words?,Xiao Jie feels scared and fearful because he is reading comics all the time and doesn't finish his homework.,"Xiao Jie is very happy because he starts reading comics after finishing his homework, so he doesn't need to worry.","Xiao Jie feels indifferent, he doesn't care about homework and the teacher's behavior.","Xiao Jie feels curious, he wants to know how others do their homework.",A
"Hua Hua, Xuan Xuan, and Le Le are classmates in the class, they are working together to complete a group assignment. Le Le just returns to the classroom, sees Hua Hua talking to Xuan Xuan in front of the computer, Xuan Xuan listens very attentively. Le Le previously tells Hua Hua that she is very worried about the overall performance of the team because Xuan Xuan lacks relevant experience. When Le Le approaches, Hua Hua stops talking and gives Xuan Xuan a slight smile. Le Le only sees Hua Hua's smile, does not hear clearly what they are talking about.",Why does Hua Hua give Xuan Xuan a slight smile?,"Hua Hua is encouraging Xuan Xuan, hoping she can master the solution to the problem as soon as possible.","Hua Hua is hinting at Xuan Xuan, implying that Hua Hua's help to Xuan Xuan is a secret between them.","Hua Hua is showing friendliness to Xuan Xuan, indicating that she does not mind spending time helping.",Hua Hua is expressing satisfaction with the progress of the task to Xuan Xuan.,B
"Hua Hua, Xuan Xuan, and Le Le are classmates in the class, they are working together to complete a group assignment. Le Le just returns to the classroom, sees Hua Hua talking to Xuan Xuan in front of the computer, Xuan Xuan listens very attentively. Le Le previously tells Hua Hua that she is very worried about the overall performance of the team because Xuan Xuan lacks relevant experience. When Le Le approaches, Hua Hua stops talking and gives Xuan Xuan a slight smile. Le Le only sees Hua Hua's smile, does not hear clearly what they are talking about.",What do you think Le Le thinks?,"Le Le possibly is unhappy, he feels that the two people have secrets, but do not tell him.","Le Le possibly feels relieved and happy, because she sees Hua Hua is guiding Xuan Xuan.","Le Le is surprised at Hua Hua's behavior, but also hopes to get some help.","Le Le is very angry, because she dislikes Xuan Xuan, but Hua Hua is still so close to Xuan Xuan.",A
"Xia Xia and Xiao Dong are good friends, they are planning a backpacking trip. They invite Xiao Qiu, a new friend they just meet. One night, the three of them dine in a restaurant, discussing the details of the trip. However, Xiao Dong seems a bit distracted, he always checks the time on his phone and doesn't participate much in the discussion. Xiao Qiu finds it strange and gives Xiao Xia a questioning look. Xiao Xia sees it, smiles, and says to Xiao Dong: ""There are two weeks left before departure, you are ready, right?"" Xiao Dong lifts his head, looking somewhat noncommittal.",Why does Xiao Xia ask Xiao Dong if he is ready?,Xiao Xia notices Xiao Dong is distracted and guesses he might be unsure about the trip.,Xiao Xia just wants to confirm everyone's travel preparations.,Xiao Xia thinks Xiao Dong's preparations are interesting and wants to know what he specifically prepares.,Xiao Xia wants Xiao Dong to guide the new friend Xiao Qiu's preparations.,A
"Xia Xia and Xiao Dong are good friends, they are planning a backpacking trip. They invite Xiao Qiu, a new friend they just meet. One night, the three of them dine in a restaurant, discussing the details of the trip. However, Xiao Dong seems a bit distracted, he always checks the time on his phone and doesn't participate much in the discussion. Xiao Qiu finds it strange and gives Xiao Xia a questioning look. Xiao Xia sees it, smiles, and says to Xiao Dong: ""There are two weeks left before departure, you are ready, right?"" Xiao Dong lifts his head, looking somewhat noncommittal.",What does Xiaoqiu think before Xiaoxia speaks?,"Xiaoqiu probably feels curious, wondering why Xiaodong is distracted before.",Xiaoqiu probably feels disappointed because Xiaoxia doesn't care if she is ready for the trip.,Xiaoqiu feels happy because Xiaoxia is a very reliable trip organizer.,Xiaoqiu probably feels troubled because she doesn't want to travel with someone who is distracted.,A
"Xiao Ming and Xiao Qiang are good friends, they often travel together. Their other friend Xiao Hua, recently often mentions that he wants to join the trip. On a weekend afternoon, Xiao Ming and Xiao Qiang sit in the coffee shop, discussing where to go for a short trip this weekend. At this time, Xiao Hua suddenly comes in, Xiao Ming immediately winks at Xiao Qiang, and opens the study document on the laptop, as if discussing something. Then Xiao Hua finds them, and greets them warmly.",Why does Xiao Ming wink at Xiao Qiang?,Xiao Ming winks at Xiao Qiang because he sees their good friend Xiao Hua who they play together.,Xiao Ming winks at Xiao Qiang because he does not want Xiao Hua to find out they are going to travel.,Xiao Ming winks at Xiao Qiang because he wants to hint the travel plan to Xiao Hua in this non-verbal way.,Xiao Ming winks at Xiao Qiang because he sees Xiao Hua suddenly appears and feels surprised.,B
"Xiao Ming and Xiao Qiang are good friends, they often travel together. Their other friend Xiao Hua, recently often mentions that he wants to join the trip. On a weekend afternoon, Xiao Ming and Xiao Qiang sit in the coffee shop, discussing where to go for a short trip this weekend. At this time, Xiao Hua suddenly comes in, Xiao Ming immediately winks at Xiao Qiang, and opens the study document on the laptop, as if discussing something. Then Xiao Hua finds them, and greets them warmly.",What do you think Xiao Hua is thinking?,Xiao Hua feels happy to meet Xiao Ming and Xiao Qiang in the coffee shop.,"Xiao Hua is probably very happy, seeing their travel photos, because he also looks forward to traveling to Japan.","Xiao Hua may be a bit envious, seeing their photos, feeling that he should also go to Japan.","Xiao Hua may feel scared, he fears they are hinting that he should pay for their travel expenses.",A
"Lin Tao, Hai Lan, and Xiao Ming are good friends, they plan to go on a vacation together during the summer vacation. Xiao Ming hopes to go to the prairie, but Lin Tao and Hai Lan, after careful planning, already choose to go to the seaside. In the lounge, Lin Tao sends a message to Hai Lan. Hai Lan receives it and nods, then looks at Xiao Ming who is next to her. Xiao Ming feels Hai Lan's gaze, raises his head and looks at her. Hai Lan smiles, makes eye contact with Lin Tao, and then says, ""Xiao Ming, we decide to go to the seaside, what do you think?"" Xiao Ming looks at Lin Tao and Hai Lan, hesitates for a moment, and then also nods.",Why does Hai Lan ask Xiao Ming what he thinks?,Hai Lan really needs Xiao Ming's advice to help plan this trip.,"Hai Lan wants to draw Xiao Ming's attention to the trip, so he participates better.","Hai Lan is bored, just says something casually.","Hai Lan actually does not want to hear Xiao Ming's opinion, just wants to inform him of the confirmed result.",D
"Lin Tao, Hai Lan, and Xiao Ming are good friends, they plan to go on a vacation together during the summer vacation. Xiao Ming hopes to go to the prairie, but Lin Tao and Hai Lan, after careful planning, already choose to go to the seaside. In the lounge, Lin Tao sends a message to Hai Lan. Hai Lan receives it and nods, then looks at Xiao Ming who is next to her. Xiao Ming feels Hai Lan's gaze, raises his head and looks at her. Hai Lan smiles, makes eye contact with Lin Tao, and then says, ""Xiao Ming, we decide to go to the seaside, what do you think?"" Xiao Ming looks at Lin Tao and Hai Lan, hesitates for a moment, and then also nods.",What do you think Xiao Ming's feelings are?,Xiao Ming feels nervous because he does not know if he can provide useful advice.,Xiao Ming feels excited because he looks forward to sharing his ideas.,"Xiao Ming feels a bit helpless, but he also has no choice but to accept.","Xiao Ming has no interest in this trip, he just politely smiles.",C
"Xiaoming, Liucui, and Donger are colleagues. Recently, they are discussing going to a nearby tourist spot together on the weekend. Xiaoming and Liucui plan in advance. When Donger walks into their office, Xiaoming deliberately tells Donger about the recent food poisoning incident at the tourist spot they want to go to. At the last moment, Liucui looks at Xiaoming and secretly shows a smile. Xiaoming also nods. Donger sees all this and does not ask further about other situations of the tourist spot.",Why does Xiaoming bring up the food poisoning incident at the tourist spot?,"Xiaoming mentions it unintentionally, reminding everyone to pay attention to travel safety.",Xiaoming mentions this to make Donger give up this trip.,Xiaoming mentions this because he himself is afraid of food poisoning.,Xiaoming mentions this to make Donger bring safe food to the tourist spot.,B
"Xiaoming, Liucui, and Donger are colleagues. Recently, they are discussing going to a nearby tourist spot together on the weekend. Xiaoming and Liucui plan in advance. When Donger walks into their office, Xiaoming deliberately tells Donger about the recent food poisoning incident at the tourist spot they want to go to. At the last moment, Liucui looks at Xiaoming and secretly shows a smile. Xiaoming also nods. Donger sees all this and does not ask further about other situations of the tourist spot.",What do you think Donger thinks?,"Donger feels disappointed, he feels that Xiaoming and Liucui are a bit unwelcome to him.","Donger feels happy, he looks forward to this trip.","Donger feels comforted, he thinks Xiaoming cares about his safety.","Donger feels surprised, he does not expect food poisoning to occur at the attraction.",A
"Wu Xuan and Peng Cheng are both landscape photography enthusiasts, preparing to go on a road trip together, but they have a dispute over the choice of travel destination. Ya Nan is their friend and also a travel agency staff. When the argument starts to heat up, Wu Xuan glances at Ya Nan, she is reading a travel guide about snow mountains. After a little consideration, Wu Xuan shifts the topic to the photography equipment needed for the trip, involving professional skills of snow mountain environment photography. At this time, he looks at Ya Nan again, throwing her a glance with a smile. Ya Nan responds to his smile knowingly, then picks up the travel guide from the table and walks over. Although Peng Cheng can't see the content of the travel guide, he notices the smiles and eye contact between Wu Xuan and Ya Nan.",Why does Wu Xuan look at Ya Nan when discussing photography skills?,Wu Xuan wants to confirm whether Ya Nan listens to his explanation of photography skills.,"Wu Xuan notices that Ya Nan is reading a travel guide about snow mountains, hinting her to suggest making the snow mountain the travel destination.",Wu Xuan is expecting Ya Nan to appreciate his rich photography knowledge.,Wu Xuan wants to hear Ya Nan's opinion on photography skills.,B
"Wu Xuan and Peng Cheng are both landscape photography enthusiasts, preparing to go on a road trip together, but they have a dispute over the choice of travel destination. Ya Nan is their friend and also a travel agency staff. When the argument starts to heat up, Wu Xuan glances at Ya Nan, she is reading a travel guide about snow mountains. After a little consideration, Wu Xuan shifts the topic to the photography equipment needed for the trip, involving professional skills of snow mountain environment photography. At this time, he looks at Ya Nan again, throwing her a glance with a smile. Ya Nan responds to his smile knowingly, then picks up the travel guide from the table and walks over. Although Peng Cheng can't see the content of the travel guide, he notices the smiles and eye contact between Wu Xuan and Ya Nan.",What do you think Peng Cheng is thinking at this moment?,"Peng Cheng feels a bit confused, does not understand what happens next.","Peng Cheng finds Wu Xuan's explanation of photography equipment boring, wants to end the topic as soon as possible, continues to discuss the matter of travel destination.",Peng Cheng agrees with Yanan's idea of wanting to travel to the snow mountains.,"Peng Cheng notices that Wu Xuan wants to travel alone with Yanan more, because they have common interests.",A
"Ah Ming, Xiao Hua, and Xiao Yao are good friends, they often go out together. This time, Ah Ming has an idea, he wants to go out alone with Xiao Hua. So, when discussing the next travel plan, Ah Ming brings out a detailed itinerary, the itinerary deliberately avoids the places Xiao Yao loves to go. Then, Ah Ming looks at Xiao Hua, he blinks. Xiao Hua looks at Ah Ming, his expression is quite serious, and he cautiously says he hopes everyone can participate in the next trip. Xiao Yao watches the interaction between the two.",Why does Ah Ming blink at Xiao Hua?,"Ah Ming thinks his plan is interesting, so he blinks at Xiao Hua.",Ah Ming blinks to hint to Xiao Hua that he wants to go out alone with him.,"Ah Ming blinks to challenge Xiao Hua, to see if he can guess his plan.",Ah Ming blinks because he suddenly feels uncomfortable in his eyes.,B
"Ah Ming, Xiao Hua, and Xiao Yao are good friends, they often go out together. This time, Ah Ming has an idea, he wants to go out alone with Xiao Hua. So, when discussing the next travel plan, Ah Ming brings out a detailed itinerary, the itinerary deliberately avoids the places Xiao Yao loves to go. Then, Ah Ming looks at Xiao Hua, he blinks. Xiao Hua looks at Ah Ming, his expression is quite serious, and he cautiously says he hopes everyone can participate in the next trip. Xiao Yao watches the interaction between the two.",What do you think Xiao Yao thinks?,"Xiao Yao feels relieved, he thinks Xiao Hua always considers him when planning.","Xiao Yao is very happy, he thinks Ah Ming already makes the plan and actively invites everyone to participate.",Xiao Yao feels nervous because he is not ready to join this trip.,"Xiao Yao doesn't care, they are just having a friendly exchange, it has no impact on the plan to travel together.",A
"Liu Xu, Meng Nan, and Bai Haotian are headquarters staff of the company, they are discussing the upcoming spring team activity. Bai Haotian is the person in charge of the activity, he proposes a mountain climbing activity. However, Liu Xu and Meng Nan prefer to go fishing. Liu Xu looks at Meng Nan, gives Bai Haotian a look. Meng Nan shakes his head, seems to have no information. Liu Xu cheers up, looks confident. Bai Haotian chats with other colleagues, does not pay attention to other things.",Why does Meng Nan shake his head?,Meng Nan indicates he does not want to participate in the spring team activity.,Meng Nan indicates he cannot see Bai Haotian's activity plan.,Meng Nan wants to tell Liu Xu that he is a bit tired.,Meng Nan indicates he is unwilling to persuade Bai Haotian to change the project.,D
"Liu Xu, Meng Nan, and Bai Haotian are headquarters staff of the company, they are discussing the upcoming spring team activity. Bai Haotian is the person in charge of the activity, he proposes a mountain climbing activity. However, Liu Xu and Meng Nan prefer to go fishing. Liu Xu looks at Meng Nan, gives Bai Haotian a look. Meng Nan shakes his head, seems to have no information. Liu Xu cheers up, looks confident. Bai Haotian chats with other colleagues, does not pay attention to other things.",What do you think Bai Haotian is thinking?,"Bai Haotian does not pay attention to their interaction, he is focusing on organizing everyone to participate in the mountain climbing activity.","Bai Haotian notices the expressions of Meng Nan and Liu Xu, feeling puzzled and a bit uneasy.",Bai Haotian feels angry because Meng Nan and Liu Xu obviously do not follow his suggestion.,"Bai Haotian feels very happy, he thinks the smiles of Liu Xu and Meng Nan represent their approval of him.",A
"Mingming, Xiaohan, and Weiguang are good friends, they plan to drive together for a trip. The three people do not decide where to play, so they are discussing the details of the trip at this moment. Among many tourist attractions, most tourists choose A and B attractions, and fewer people choose C attractions. At this time, Xiaohan and Weiguang look at each other, then Xiaohan reaches out and pats Mingming who is facing away from them. Then, Xiaohan looks at Weiguang, then shows Mingming the screenshot of the netizen's share of the C attraction that she saves before, and says to Mingming, ""Look at this"". Weiguang looks back at Xiaohan and smiles at Mingming. Mingming takes the phone, the corners of his mouth rise.",Why does Xiaohan show Mingming the screenshot of the netizen's share of the C attraction?,"Xiaohan finds the C attraction fun through the screenshot shared by netizens, so she recommends it to Mingming.","Xiaohan and Weiguang intend to go to the C attraction, and ask Mingming's opinion in this way.",Xiaohan hopes that Mingming also appreciates the pictures taken by netizens together.,"Xiaohan just casually shows Mingming a picture, there is no other meaning.",B
"Mingming, Xiaohan, and Weiguang are good friends, they plan to drive together for a trip. The three people do not decide where to play, so they are discussing the details of the trip at this moment. Among many tourist attractions, most tourists choose A and B attractions, and fewer people choose C attractions. At this time, Xiaohan and Weiguang look at each other, then Xiaohan reaches out and pats Mingming who is facing away from them. Then, Xiaohan looks at Weiguang, then shows Mingming the screenshot of the netizen's share of the C attraction that she saves before, and says to Mingming, ""Look at this"". Weiguang looks back at Xiaohan and smiles at Mingming. Mingming takes the phone, the corners of his mouth rise.",What do you think Mingming thinks?,Mingming is shocked by Xiaohan's behavior because they discuss where to go but do not tell him.,"Mingming feels confused, does not understand why Xiaohan suddenly shows him the screenshot of the C attraction.","Mingming thinks Xiaohan shares a good attraction with him, he is happy to go.",Mingming feels uneasy because he originally hopes to go to attractions A or B.,C
"Zhiwei and Xiaolan are planning a short trip, they are sitting on a park bench flipping through a travel guide. Mingda, although not invited to this short trip, still stands behind them listening to their discussion. Suddenly, Zhiwei notices Mingda on the side, and gives Xiaolan a glance. Then, Xiaolan sees Zhiwei's look, shakes her head, and continues to look down at the travel guide. Mingda sees this exchange of looks, and still stands in place.",Why does Xiaolan look down at the travel guide?,Xiaolan finds a fun tourist spot and shares it with Zhiwei.,Xiaolan indicates that they do not need to invite Mingda to join the plan.,Xiaolan hopes Zhiwei greets Mingda on her behalf.,Xiaolan wants to find the information Zhiwei wants from the travel guide.,B
"Zhiwei and Xiaolan are planning a short trip, they are sitting on a park bench flipping through a travel guide. Mingda, although not invited to this short trip, still stands behind them listening to their discussion. Suddenly, Zhiwei notices Mingda on the side, and gives Xiaolan a glance. Then, Xiaolan sees Zhiwei's look, shakes her head, and continues to look down at the travel guide. Mingda sees this exchange of looks, and still stands in place.",What do you think Mingda's mood is?,"Mingda feels excited, expecting they will invite him to travel together.","Mingda feels nervous, he thinks Zhiwei and Xiaolan dislike him standing behind and listening to the plan.","Mingda feels very annoyed, it seems that Xiaolan and Zhiwei do not want to invite him.","Mingda does not care, he thinks the exchange between Zhiwei and Xiaolan has nothing to do with him directly.",C
"Dongdong and Xixi are fixing a car in the park, preparing for a weekend outing. They are discussing where to go, but neither of them comes up with a good idea. At this time, Nannan passes by. Dongdong looks at Xixi, then at Nannan. Xixi looks at Dongdong and nods. Dongdong then calls Nannan over to look at the car they are fixing. Nannan hears their conversation and interaction, then walks over.",Why does Dongdong call Nannan to look at the car they are fixing?,Dongdong wants to ask Nannan for advice on fixing cars.,Dongdong hopes that Nannan comes up with some new ideas.,Dongdong wants to show off their car repair skills to Nannan.,Dongdong and Xixi make a bet on who can get Nannan to come over and watch them fix the car.,B
"Dongdong and Xixi are fixing a car in the park, preparing for a weekend outing. They are discussing where to go, but neither of them comes up with a good idea. At this time, Nannan passes by. Dongdong looks at Xixi, then at Nannan. Xixi looks at Dongdong and nods. Dongdong then calls Nannan over to look at the car they are fixing. Nannan hears their conversation and interaction, then walks over.",What do you think Nannan is thinking now?,Nannan thinks Dongdong and Xixi are a bit childish because they want to show off their car repair skills to him.,Nannan thinks Dongdong and Xixi just want him to fix the car.,Nannan is considering possible travel plans.,Nannan thinks Dongdong and Xixi might be interested in his professional car repair knowledge.,C
