STORY,QUESTION,OPTION-A,OPTION-B,OPTION-C,OPTION-D,ANSWER
"Xiaogang and Xiaoming are wandering in the bedroom, they see a handbag, a briefcase, and a backpack, they find cabbage in the handbag, Xiaoming leaves the bedroom, Xiaogang moves the cabbage to the backpack.",Where is the cabbage now?,Backpack,Handbag,Tote bag,Briefcase,A
"Xiaogang and Xiaoming are wandering in the bedroom, they see a handbag, a briefcase, and a backpack, they find cabbage in the handbag, Xiaoming leaves the bedroom, Xiaogang moves the cabbage to the backpack.",Where is the cabbage before?,Tote bag,Handbag,Briefcase,Backpack,B
"Xiaogang and Xiaoming are wandering in the bedroom, they see a handbag, a briefcase, and a backpack, they find cabbage in the handbag, Xiaoming leaves the bedroom, Xiaogang moves the cabbage to the backpack.","After Xiaoming returns to the bedroom, where does Xiaogang look for the cabbage?",Backpack,Briefcase,Handbag,Tote bag,A
"Xiaogang and Xiaoming are wandering in the bedroom, they see a handbag, a briefcase, and a backpack, they find cabbage in the handbag, Xiaoming leaves the bedroom, Xiaogang moves the cabbage to the backpack.","After Xiaoming returns to the bedroom, where does Xiaoming look for the cabbage?",Briefcase,Suitcase,Backpack,Handbag,D
"Xiaogang and Xiaoming are wandering in the bedroom, they see a handbag, a briefcase, and a backpack, they find cabbage in the handbag, Xiaoming leaves the bedroom, Xiaogang moves the cabbage to the backpack.","After Xiaoming returns to the bedroom, where does Xiaogang think Xiaoming looks for the cabbage?",Backpack,Handbag,Crossbody bag,Briefcase,B
"Xiaogang and Xiaoming are wandering in the bedroom, they see a handbag, a briefcase, and a backpack, they find cabbage in the handbag, Xiaoming leaves the bedroom, Xiaogang moves the cabbage to the backpack.","After Xiao Ming returns to the bedroom, where does Xiao Ming think Xiao Gang looks for the cabbage?",Hand suitcase,Handbag,Briefcase,Backpack,B
"Li Lei and Han Meimei are wandering in the living room, they see the cabinet, box and handbag, they find a sweatshirt in the cabinet, Han Meimei leaves the living room, Li Lei moves the sweatshirt to the handbag.",Where is the sweatshirt now?,Briefcase,Box,Cabinet,Handbag,D
"Li Lei and Han Meimei are wandering in the living room, they see the cabinet, box and handbag, they find a sweatshirt in the cabinet, Han Meimei leaves the living room, Li Lei moves the sweatshirt to the handbag.",Where is the sweatshirt before?,Cabinet,Box,Basket,Handbag,A
"Li Lei and Han Meimei are wandering in the living room, they see the cabinet, box and handbag, they find a sweatshirt in the cabinet, Han Meimei leaves the living room, Li Lei moves the sweatshirt to the handbag.",Where does Li Lei look for the sweatshirt after Han Meimei returns to the living room?,Handbag,Cabinet,Case,Box,A
"Li Lei and Han Meimei are wandering in the living room, they see the cabinet, box and handbag, they find a sweatshirt in the cabinet, Han Meimei leaves the living room, Li Lei moves the sweatshirt to the handbag.","After Han Meimei returns to the living room, where does Han Meimei look for the sweatshirt?",Cabinet,Handbag,Box,Tote bag,A
"Li Lei and Han Meimei are wandering in the living room, they see the cabinet, box and handbag, they find a sweatshirt in the cabinet, Han Meimei leaves the living room, Li Lei moves the sweatshirt to the handbag.","After Han Meimei returns to the living room, where does Li Lei think Han Meimei looks for the sweatshirt?",Box,Cabinet,Handbag,Wardrobe,D
"Li Lei and Han Meimei are wandering in the living room, they see the cabinet, box and handbag, they find a sweatshirt in the cabinet, Han Meimei leaves the living room, Li Lei moves the sweatshirt to the handbag.","After Han Meimei returns to the living room, where does Han Meimei think Li Lei looks for the sweatshirt?",Cabinet,Box,Handbag,Backpack,A
"Xiao Li and Youyou are wandering in the basement, they see a suitcase, a backpack, and a storage locker, they find a hat in the suitcase, Youyou leaves the basement, Xiao Li moves the hat to the storage locker.",Where is the hat now?,Backpack,Suitcase,Storage locker,Cabinet,C
"Xiao Li and Youyou are wandering in the basement, they see a suitcase, a backpack, and a storage locker, they find a hat in the suitcase, Youyou leaves the basement, Xiao Li moves the hat to the storage locker.",Where is the hat before?,Storage locker,Backpack,Drawer,Suitcase,D
"Xiao Li and Youyou are wandering in the basement, they see a suitcase, a backpack, and a storage locker, they find a hat in the suitcase, Youyou leaves the basement, Xiao Li moves the hat to the storage locker.","After Youyou returns to the basement, where does Xiao Li look for the hat?",Suitcase,Storage locker,Backpack,Basket,B
"Xiao Li and Youyou are wandering in the basement, they see a suitcase, a backpack, and a storage locker, they find a hat in the suitcase, Youyou leaves the basement, Xiao Li moves the hat to the storage locker.","After Youyou returns to the basement, where does Youyou look for the hat?",Suitcase,Backpack,Storage locker,Cabinet,A
"Xiao Li and Youyou are wandering in the basement, they see a suitcase, a backpack, and a storage locker, they find a hat in the suitcase, Youyou leaves the basement, Xiao Li moves the hat to the storage locker.","After Youyou returns to the basement, where does Xiao Li think Youyou looks for the hat?",Backpack,Box,Storage locker,Suitcase,D
"Xiao Li and Youyou are wandering in the basement, they see a suitcase, a backpack, and a storage locker, they find a hat in the suitcase, Youyou leaves the basement, Xiao Li moves the hat to the storage locker.","After Youyou returns to the basement, where does Youyou think Xiao Li looks for the hat?",Storage locker,Suitcase,Backpack,Briefcase,B
"Han Meimei and Xiaoming are wandering in the kitchen, they see a fruit plate, a basket, and a handbag, they find a banana in the fruit plate, Xiaoming leaves the kitchen, Han Meimei moves the banana to the handbag.",Where is the banana now?,Fruit plate,Basket,Drawer,Handbag,D
"Han Meimei and Xiaoming are wandering in the kitchen, they see a fruit plate, a basket, and a handbag, they find a banana in the fruit plate, Xiaoming leaves the kitchen, Han Meimei moves the banana to the handbag.",Where is the banana before?,Backpack,Basket,Handbag,Fruit plate,D
"Han Meimei and Xiaoming are wandering in the kitchen, they see a fruit plate, a basket, and a handbag, they find a banana in the fruit plate, Xiaoming leaves the kitchen, Han Meimei moves the banana to the handbag.","After Xiaoming returns to the kitchen, where does Han Meimei look for the banana?",Briefcase,Fruit plate,Handbag,Basket,C
"Han Meimei and Xiaoming are wandering in the kitchen, they see a fruit plate, a basket, and a handbag, they find a banana in the fruit plate, Xiaoming leaves the kitchen, Han Meimei moves the banana to the handbag.","After Xiaoming returns to the kitchen, where does Xiaoming look for the banana?",Handbag,Basket,Cabinet,Fruit plate,D
"Han Meimei and Xiaoming are wandering in the kitchen, they see a fruit plate, a basket, and a handbag, they find a banana in the fruit plate, Xiaoming leaves the kitchen, Han Meimei moves the banana to the handbag.","After Xiaoming returns to the kitchen, where does Han Meimei think Xiaoming looks for the banana?",Cabinet,Fruit plate,Basket,Handbag,B
"Han Meimei and Xiaoming are wandering in the kitchen, they see a fruit plate, a basket, and a handbag, they find a banana in the fruit plate, Xiaoming leaves the kitchen, Han Meimei moves the banana to the handbag.","After Xiaoming returns to the kitchen, where does Xiaoming think Han Meimei looks for the banana?",Basket,Fruit plate,Cabinet,Handbag,B
"Xiao Gang and Youyou are wandering in the attic, they see drawers, suitcases, and cabinets, they find a vest in the drawer, Youyou leaves the attic, Xiao Gang moves the vest to the cabinet.",Where is the vest now?,Basket,Cabinet,Drawer,Suitcase,B
"Xiao Gang and Youyou are wandering in the attic, they see drawers, suitcases, and cabinets, they find a vest in the drawer, Youyou leaves the attic, Xiao Gang moves the vest to the cabinet.",Where is the vest before?,Handbag,Drawer,Cabinet,Hand suitcase,B
"Xiao Gang and Youyou are wandering in the attic, they see drawers, suitcases, and cabinets, they find a vest in the drawer, Youyou leaves the attic, Xiao Gang moves the vest to the cabinet.","After Youyou returns to the attic, where does Xiao Gang look for the vest?",Drawer,Suitcase,Safe,Cabinet,D
"Xiao Gang and Youyou are wandering in the attic, they see drawers, suitcases, and cabinets, they find a vest in the drawer, Youyou leaves the attic, Xiao Gang moves the vest to the cabinet.","After Youyou returns to the attic, where does Youyou look for the vest?",Box,Suitcase,Drawer,Cabinet,C
"Xiao Gang and Youyou are wandering in the attic, they see drawers, suitcases, and cabinets, they find a vest in the drawer, Youyou leaves the attic, Xiao Gang moves the vest to the cabinet.","After Youyou returns to the attic, where does Xiao Gang think Youyou looks for the vest?",Cabinet,Drawer,Suitcase,Basket,B
"Xiao Gang and Youyou are wandering in the attic, they see drawers, suitcases, and cabinets, they find a vest in the drawer, Youyou leaves the attic, Xiao Gang moves the vest to the cabinet.","After Youyou returns to the attic, where does Youyou think Xiao Gang looks for the vest?",Box,Suitcase,Cabinet,Drawer,D
"Xiao Ming and Xiao Li are hanging out in the garage, they see a suitcase, a vending machine, and a handbag, they find a hat in the suitcase, Xiao Li leaves the garage, Xiao Ming moves the hat to the handbag.",Where is the hat now?,Handbag,Vending machine,Suitcase,Storage locker,A
"Xiao Ming and Xiao Li are hanging out in the garage, they see a suitcase, a vending machine, and a handbag, they find a hat in the suitcase, Xiao Li leaves the garage, Xiao Ming moves the hat to the handbag.",Where is the hat before?,Handbag,Vending machine,Suitcase,Box,C
"Xiao Ming and Xiao Li are hanging out in the garage, they see a suitcase, a vending machine, and a handbag, they find a hat in the suitcase, Xiao Li leaves the garage, Xiao Ming moves the hat to the handbag.","After Xiao Li returns to the garage, where does Xiao Ming look for the hat?",Backpack,Suitcase,Vending machine,Handbag,D
"Xiao Ming and Xiao Li are hanging out in the garage, they see a suitcase, a vending machine, and a handbag, they find a hat in the suitcase, Xiao Li leaves the garage, Xiao Ming moves the hat to the handbag.","After Xiao Li returns to the garage, where does Xiao Li look for the hat?",Vending machine,Handbag,Suitcase,Storage locker,C
"Xiao Ming and Xiao Li are hanging out in the garage, they see a suitcase, a vending machine, and a handbag, they find a hat in the suitcase, Xiao Li leaves the garage, Xiao Ming moves the hat to the handbag.","After Xiao Li returns to the garage, where does Xiao Ming think Xiao Li looks for the hat?",Handbag,Vending machine,Storage locker,Suitcase,D
"Xiao Ming and Xiao Li are hanging out in the garage, they see a suitcase, a vending machine, and a handbag, they find a hat in the suitcase, Xiao Li leaves the garage, Xiao Ming moves the hat to the handbag.","After Xiao Li returns to the garage, where does Xiao Li think Xiao Ming looks for the hat?",Basket,Vending machine,Suitcase,Handbag,C
"Xiao Li and Xiao Zhang are wandering in the study, they see a handbag, a briefcase, and a storage cabinet, they find a carrot in the handbag, Xiao Zhang leaves the study, Xiao Li moves the carrot to the storage cabinet.",Where is the carrot now?,Shoe cabinet,Handbag,Storage cabinet,Briefcase,C
"Xiao Li and Xiao Zhang are wandering in the study, they see a handbag, a briefcase, and a storage cabinet, they find a carrot in the handbag, Xiao Zhang leaves the study, Xiao Li moves the carrot to the storage cabinet.",Where is the carrot before?,Storage cabinet,Handbag,Shoe cabinet,Briefcase,B
"Xiao Li and Xiao Zhang are wandering in the study, they see a handbag, a briefcase, and a storage cabinet, they find a carrot in the handbag, Xiao Zhang leaves the study, Xiao Li moves the carrot to the storage cabinet.","After Xiao Zhang returns to the study room, where does Xiao Li look for the carrot?",Storage cabinet,Briefcase,Handbag,Suitcase,A
"Xiao Li and Xiao Zhang are wandering in the study, they see a handbag, a briefcase, and a storage cabinet, they find a carrot in the handbag, Xiao Zhang leaves the study, Xiao Li moves the carrot to the storage cabinet.","After Xiao Zhang returns to the study, where does Xiao Zhang look for the carrot?",Storage cabinet,Briefcase,Basket,Handbag,D
"Xiao Li and Xiao Zhang are wandering in the study, they see a handbag, a briefcase, and a storage cabinet, they find a carrot in the handbag, Xiao Zhang leaves the study, Xiao Li moves the carrot to the storage cabinet.","After Xiao Zhang returns to the study, where does Xiao Li think Xiao Zhang looks for the carrot?",Storage cabinet,Basket,Handbag,Briefcase,C
"Xiao Li and Xiao Zhang are wandering in the study, they see a handbag, a briefcase, and a storage cabinet, they find a carrot in the handbag, Xiao Zhang leaves the study, Xiao Li moves the carrot to the storage cabinet.","After Xiao Zhang returns to the study, where does Xiao Zhang think Xiao Li looks for the carrot?",Briefcase,Cabinet,Handbag,Storage cabinet,C
"Li Lei and Xiao Hong are wandering in the basement, they see a handbag and a tote bag, they find a carrot in the handbag, Xiao Hong leaves the basement, Li Lei moves the carrot to the tote bag.",Where is the carrot now?,Safe,Handbag,Cabinet,Tote bag,D
"Li Lei and Xiao Hong are wandering in the basement, they see a handbag and a tote bag, they find a carrot in the handbag, Xiao Hong leaves the basement, Li Lei moves the carrot to the tote bag.",Where is the carrot before?,Basket,Cabinet,Handbag,Tote bag,C
"Li Lei and Xiao Hong are wandering in the basement, they see a handbag and a tote bag, they find a carrot in the handbag, Xiao Hong leaves the basement, Li Lei moves the carrot to the tote bag.","After Xiao Hong returns to the basement, where does Li Lei look for the carrots?",Tote bag,Briefcase,Handbag,Box,A
"Li Lei and Xiao Hong are wandering in the basement, they see a handbag and a tote bag, they find a carrot in the handbag, Xiao Hong leaves the basement, Li Lei moves the carrot to the tote bag.","After Xiao Hong returns to the basement, where does Xiao Hong look for the carrot?",Handbag,Tote bag,Backpack,Cabinet,A
"Li Lei and Xiao Hong are wandering in the basement, they see a handbag and a tote bag, they find a carrot in the handbag, Xiao Hong leaves the basement, Li Lei moves the carrot to the tote bag.","After Xiao Hong returns to the basement, where does Li Lei think Xiao Hong looks for the carrots?",Locker,Handbag,Safe,Tote bag,B
"Li Lei and Xiao Hong are wandering in the basement, they see a handbag and a tote bag, they find a carrot in the handbag, Xiao Hong leaves the basement, Li Lei moves the carrot to the tote bag.","After Xiao Hong returns to the basement, where does Xiao Hong think Li Lei looks for the carrots?",Handbag,Backpack,Tote bag,Locker,A
"Youyou and Xiao Li stroll on the terrace, they see a safe and a backpack, they find a mask in the safe, Xiao Li leaves the terrace, Youyou moves the mask to the backpack.",Where is the mask now?,Box,Backpack,Safe,Handbag,B
"Youyou and Xiao Li stroll on the terrace, they see a safe and a backpack, they find a mask in the safe, Xiao Li leaves the terrace, Youyou moves the mask to the backpack.",Where is the mask before?,Backpack,Safe,Cabinet,Briefcase,B
"Youyou and Xiao Li stroll on the terrace, they see a safe and a backpack, they find a mask in the safe, Xiao Li leaves the terrace, Youyou moves the mask to the backpack.","After Xiao Li returns to the terrace, where does Youyou look for the masks?",Briefcase,Basket,Backpack,Safe,C
"Youyou and Xiao Li stroll on the terrace, they see a safe and a backpack, they find a mask in the safe, Xiao Li leaves the terrace, Youyou moves the mask to the backpack.","After Xiao Li returns to the terrace, where does Xiao Li look for the mask?",Backpack,Cabinet,Safe,Handbag,C
"Youyou and Xiao Li stroll on the terrace, they see a safe and a backpack, they find a mask in the safe, Xiao Li leaves the terrace, Youyou moves the mask to the backpack.","After Xiao Li returns to the terrace, where does Youyou think Xiao Li looks for the masks?",Handbag,Basket,Backpack,Safe,D
"Youyou and Xiao Li stroll on the terrace, they see a safe and a backpack, they find a mask in the safe, Xiao Li leaves the terrace, Youyou moves the mask to the backpack.","After Xiao Li returns to the terrace, where does Xiao Li think Youyou looks for the mask?",Backpack,Safe,Box,Cabinet,B
"Xiao Li and Xiao Zhang are strolling on the balcony, they see a handbag and a basket, they find socks in the handbag, Xiao Zhang leaves the balcony, Xiao Li moves the socks to the basket.",Where are the socks now?,Basket,Handbag,Storage locker,Cabinet,A
"Xiao Li and Xiao Zhang are strolling on the balcony, they see a handbag and a basket, they find socks in the handbag, Xiao Zhang leaves the balcony, Xiao Li moves the socks to the basket.",Where are the socks before?,Basket,Handbag,Briefcase,Cabinet,B
"Xiao Li and Xiao Zhang are strolling on the balcony, they see a handbag and a basket, they find socks in the handbag, Xiao Zhang leaves the balcony, Xiao Li moves the socks to the basket.","After Xiao Zhang returns to the balcony, where does Xiao Li look for the socks?",Handbag,Basket,Cabinet,Suitcase,B
"Xiao Li and Xiao Zhang are strolling on the balcony, they see a handbag and a basket, they find socks in the handbag, Xiao Zhang leaves the balcony, Xiao Li moves the socks to the basket.","After Xiao Zhang returns to the balcony, where does Xiao Zhang look for the socks?",Basket,Handbag,Briefcase,Drawer,B
"Xiao Li and Xiao Zhang are strolling on the balcony, they see a handbag and a basket, they find socks in the handbag, Xiao Zhang leaves the balcony, Xiao Li moves the socks to the basket.","After Xiao Zhang returns to the balcony, where does Xiao Li think Xiao Zhang looks for the socks?",Drawer,Cabinet,Basket,Handbag,D
"Xiao Li and Xiao Zhang are strolling on the balcony, they see a handbag and a basket, they find socks in the handbag, Xiao Zhang leaves the balcony, Xiao Li moves the socks to the basket.","After Xiao Zhang returns to the balcony, where does Xiao Zhang think Xiao Li looks for the socks?",Drawer,Storage cabinet,Handbag,Basket,C
"Xiao Li and Xiao Bei are wandering in the lounge, they see the cabinet and the suitcase, they find the button in the cabinet, Xiao Bei leaves the lounge, Xiao Li moves the button to the suitcase.",Where is the button now?,Storage locker,Cabinet,Suitcase,Basket,C
"Xiao Li and Xiao Bei are wandering in the lounge, they see the cabinet and the suitcase, they find the button in the cabinet, Xiao Bei leaves the lounge, Xiao Li moves the button to the suitcase.",Where is the button before?,Box,Backpack,Cabinet,Suitcase,C
"Xiao Li and Xiao Bei are wandering in the lounge, they see the cabinet and the suitcase, they find the button in the cabinet, Xiao Bei leaves the lounge, Xiao Li moves the button to the suitcase.","After Xiao Bei returns to the lounge, where does Xiao Li look for the button?",Cabinet,Safe,Box,Suitcase,D
"Xiao Li and Xiao Bei are wandering in the lounge, they see the cabinet and the suitcase, they find the button in the cabinet, Xiao Bei leaves the lounge, Xiao Li moves the button to the suitcase.","After Xiao Bei returns to the lounge, where does Xiao Bei look for the button?",Handbag,Cabinet,Briefcase,Suitcase,B
"Xiao Li and Xiao Bei are wandering in the lounge, they see the cabinet and the suitcase, they find the button in the cabinet, Xiao Bei leaves the lounge, Xiao Li moves the button to the suitcase.","After Xiao Bei returns to the lounge, where does Xiao Li think Xiao Bei looks for the button?",Cabinet,Basket,Suitcase,Box,A
"Xiao Li and Xiao Bei are wandering in the lounge, they see the cabinet and the suitcase, they find the button in the cabinet, Xiao Bei leaves the lounge, Xiao Li moves the button to the suitcase.","After Xiao Bei returns to the lounge, where does Xiao Bei think Xiao Li looks for the buttons?",Cabinet,Suitcase,Box,Basket,A
"Xiao Hong and Xiao Bei are wandering in the library, they see a briefcase and a cabinet, they find a cup in the briefcase, Xiao Bei leaves the library, Xiao Hong moves the cup to the cabinet.",Where is the cup now?,Briefcase,Cabinet,Cupboard,Basket,B
"Xiao Hong and Xiao Bei are wandering in the library, they see a briefcase and a cabinet, they find a cup in the briefcase, Xiao Bei leaves the library, Xiao Hong moves the cup to the cabinet.",Where is the cup before?,Cabinet,Briefcase,Handbag,Drawer,B
"Xiao Hong and Xiao Bei are wandering in the library, they see a briefcase and a cabinet, they find a cup in the briefcase, Xiao Bei leaves the library, Xiao Hong moves the cup to the cabinet.","After Xiao Bei returns to the library, where does Xiao Hong look for the cup?",Basket,Cabinet,Handbag,Briefcase,B
"Xiao Hong and Xiao Bei are wandering in the library, they see a briefcase and a cabinet, they find a cup in the briefcase, Xiao Bei leaves the library, Xiao Hong moves the cup to the cabinet.","After Xiao Bei returns to the library, where does Xiao Bei look for the cup?",Suitcase,Briefcase,Basket,Cabinet,B
"Xiao Hong and Xiao Bei are wandering in the library, they see a briefcase and a cabinet, they find a cup in the briefcase, Xiao Bei leaves the library, Xiao Hong moves the cup to the cabinet.","After Xiao Bei returns to the library, where does Xiao Hong think Xiao Bei looks for the cup?",Briefcase,Cabinet,Handbag,Safe box,A
"Xiao Hong and Xiao Bei are wandering in the library, they see a briefcase and a cabinet, they find a cup in the briefcase, Xiao Bei leaves the library, Xiao Hong moves the cup to the cabinet.","After Xiao Bei returns to the library, where does Xiao Bei think Xiao Hong looks for the cup?",Basket,Backpack,Cabinet,Briefcase,D
"Xiao Ming and Youyou stroll around the farm, they see a backpack and a cabinet, they find a marker in the backpack, Youyou leaves the farm, Xiao Ming moves the marker to the cabinet.",Where is the marker now?,Cabinet,Backpack,Cupboard,Drawer,C
"Xiao Ming and Youyou stroll around the farm, they see a backpack and a cabinet, they find a marker in the backpack, Youyou leaves the farm, Xiao Ming moves the marker to the cabinet.",Where is the marker before?,Briefcase,Basket,Cupboard,Backpack,D
"Xiao Ming and Youyou stroll around the farm, they see a backpack and a cabinet, they find a marker in the backpack, Youyou leaves the farm, Xiao Ming moves the marker to the cabinet.","After Youyou returns to the farm, where does Xiao Ming look for the marker?",Cupboard,Handbag,Backpack,Storage locker,A
"Xiao Ming and Youyou stroll around the farm, they see a backpack and a cabinet, they find a marker in the backpack, Youyou leaves the farm, Xiao Ming moves the marker to the cabinet.","After Youyou returns to the farm, where does Youyou look for the marker?",Basket,Cabinet,Backpack,Suitcase,C
"Xiao Ming and Youyou stroll around the farm, they see a backpack and a cabinet, they find a marker in the backpack, Youyou leaves the farm, Xiao Ming moves the marker to the cabinet.","After Youyou returns to the farm, where does Xiao Ming think Youyou looks for the marker?",Handbag,Cabinet,Basket,Backpack,D
"Xiao Ming and Youyou stroll around the farm, they see a backpack and a cabinet, they find a marker in the backpack, Youyou leaves the farm, Xiao Ming moves the marker to the cabinet.","After Youyou returns to the farm, where does Youyou think Xiao Ming looks for the marker?",Handbag,Cabinet,Backpack,Cupboard,C
"Li Lei and Xiao Bei are wandering in the bar, they see a handbag and a briefcase, they find a cup in the handbag, Xiao Bei leaves the bar, Li Lei moves the cup to the briefcase.",Where is the cup now?,Briefcase,Handbag,Basket,Box,A
"Li Lei and Xiao Bei are wandering in the bar, they see a handbag and a briefcase, they find a cup in the handbag, Xiao Bei leaves the bar, Li Lei moves the cup to the briefcase.",Where is the cup before?,Drawer,Briefcase,Handbag,Cabinet,C
"Li Lei and Xiao Bei are wandering in the bar, they see a handbag and a briefcase, they find a cup in the handbag, Xiao Bei leaves the bar, Li Lei moves the cup to the briefcase.","After Xiao Bei returns to the bar, where does Li Lei look for the cup?",Tote bag,Box,Briefcase,Handbag,C
"Li Lei and Xiao Bei are wandering in the bar, they see a handbag and a briefcase, they find a cup in the handbag, Xiao Bei leaves the bar, Li Lei moves the cup to the briefcase.","After Xiao Bei returns to the bar, where does Xiao Bei look for the cup?",Briefcase,Safe,Handbag,Tote bag,C
"Li Lei and Xiao Bei are wandering in the bar, they see a handbag and a briefcase, they find a cup in the handbag, Xiao Bei leaves the bar, Li Lei moves the cup to the briefcase.","After Xiao Bei returns to the bar, where does Li Lei think Xiao Bei looks for the cup?",Briefcase,Handbag,Cabinet,Cupboard,B
"Li Lei and Xiao Bei are wandering in the bar, they see a handbag and a briefcase, they find a cup in the handbag, Xiao Bei leaves the bar, Li Lei moves the cup to the briefcase.","After Xiao Bei returns to the bar, where does Xiao Bei think Li Lei looks for the cup?",Safe,Basket,Handbag,Briefcase,C
"Han Meimei and Li Lei stroll in the garden, they see a backpack and a suitcase, they find tomatoes in the backpack, Li Lei leaves the garden, Han Meimei moves the tomatoes to the suitcase.",Where are the tomatoes now?,Basket,Backpack,Suitcase,Cabinet,C
"Han Meimei and Li Lei stroll in the garden, they see a backpack and a suitcase, they find tomatoes in the backpack, Li Lei leaves the garden, Han Meimei moves the tomatoes to the suitcase.",Where are the tomatoes before?,Basket,Suitcase,Cabinet,Backpack,D
"Han Meimei and Li Lei stroll in the garden, they see a backpack and a suitcase, they find tomatoes in the backpack, Li Lei leaves the garden, Han Meimei moves the tomatoes to the suitcase.","After Li Lei returns to the garden, where does Han Meimei look for the tomatoes?",Cabinet,Suitcase,Basket,Backpack,B
"Han Meimei and Li Lei stroll in the garden, they see a backpack and a suitcase, they find tomatoes in the backpack, Li Lei leaves the garden, Han Meimei moves the tomatoes to the suitcase.","After Li Lei returns to the garden, where does Li Lei look for the tomatoes?",Handbag,Suitcase,Backpack,Basket,C
"Han Meimei and Li Lei stroll in the garden, they see a backpack and a suitcase, they find tomatoes in the backpack, Li Lei leaves the garden, Han Meimei moves the tomatoes to the suitcase.","After Li Lei returns to the garden, where does Han Meimei think Li Lei looks for the tomatoes?",Backpack,Tote bag,Handbag,Suitcase,A
"Han Meimei and Li Lei stroll in the garden, they see a backpack and a suitcase, they find tomatoes in the backpack, Li Lei leaves the garden, Han Meimei moves the tomatoes to the suitcase.","After Li Lei returns to the garden, where does Li Lei think Han Meimei looks for the tomatoes?",Backpack,Briefcase,Handbag,Suitcase,A
"Xiao Ming and Xiao Li are wandering in the bank, they see a handbag and a box, they find chalk in the handbag, Xiao Li leaves the bank, Xiao Ming moves the chalk to the box.",Where is the chalk now?,Basket,Handbag,Box,Suitcase,C
"Xiao Ming and Xiao Li are wandering in the bank, they see a handbag and a box, they find chalk in the handbag, Xiao Li leaves the bank, Xiao Ming moves the chalk to the box.",Where is the chalk before?,Briefcase,Box,Cabinet,Handbag,D
"Xiao Ming and Xiao Li are wandering in the bank, they see a handbag and a box, they find chalk in the handbag, Xiao Li leaves the bank, Xiao Ming moves the chalk to the box.","After Xiao Li returns to the bank, where does Xiao Ming look for the chalk?",Drawer,Storage locker,Handbag,Box,D
"Xiao Ming and Xiao Li are wandering in the bank, they see a handbag and a box, they find chalk in the handbag, Xiao Li leaves the bank, Xiao Ming moves the chalk to the box.","After Xiao Li returns to the bank, where does Xiao Li look for the chalk?",Backpack,Tote bag,Handbag,Box,C
"Xiao Ming and Xiao Li are wandering in the bank, they see a handbag and a box, they find chalk in the handbag, Xiao Li leaves the bank, Xiao Ming moves the chalk to the box.","After Xiao Li returns to the bank, where does Xiao Ming think Xiao Li looks for the chalk?",Case,Box,Handbag,Safe,C
"Xiao Ming and Xiao Li are wandering in the bank, they see a handbag and a box, they find chalk in the handbag, Xiao Li leaves the bank, Xiao Ming moves the chalk to the box.","After Xiao Li returns to the bank, where does Xiao Li think Xiao Ming looks for the chalk?",Handbag,Box,Cabinet,Drawer,A
"Li Lei and Xiao Ming are wandering in the office, they see the storage locker and the cabinet, they find beetroot in the storage locker, Xiao Ming leaves the office, Li Lei moves the beetroot to the cabinet.",Where is the beetroot now?,Cupboard,Suitcase,Cabinet,Storage locker,C
"Li Lei and Xiao Ming are wandering in the office, they see the storage locker and the cabinet, they find beetroot in the storage locker, Xiao Ming leaves the office, Li Lei moves the beetroot to the cabinet.",Where is the beetroot before?,Box,Backpack,Storage locker,Cabinet,C
"Li Lei and Xiao Ming are wandering in the office, they see the storage locker and the cabinet, they find beetroot in the storage locker, Xiao Ming leaves the office, Li Lei moves the beetroot to the cabinet.","After Xiao Ming returns to the office, where does Li Lei look for the beetroot?",Drawer,Handbag,Cabinet,Storage locker,C
"Li Lei and Xiao Ming are wandering in the office, they see the storage locker and the cabinet, they find beetroot in the storage locker, Xiao Ming leaves the office, Li Lei moves the beetroot to the cabinet.","After Xiao Ming returns to the office, where does Xiao Ming look for the beetroot?",Box,Cabinet,Cupboard,Storage locker,D
"Li Lei and Xiao Ming are wandering in the office, they see the storage locker and the cabinet, they find beetroot in the storage locker, Xiao Ming leaves the office, Li Lei moves the beetroot to the cabinet.","After Xiao Ming returns to the office, where does Li Lei think Xiao Ming looks for the beetroot?",Box,Storage locker,Cabinet,Handbag,B
"Li Lei and Xiao Ming are wandering in the office, they see the storage locker and the cabinet, they find beetroot in the storage locker, Xiao Ming leaves the office, Li Lei moves the beetroot to the cabinet.","After Xiao Ming returns to the office, where does Xiao Ming think Li Lei looks for the beetroot?",Storage locker,Drawer,Cabinet,Backpack,A
"Xiao Li and Han Mei Mei are wandering around the factory, they see handbags and cabinets, they find eggplants in the handbag, Han Mei Mei leaves the factory, Xiao Li moves the eggplant to the cabinet.",Where is the eggplant now?,Handbag,Cabinet,Storage cabinet,Cupboard,D
"Xiao Li and Han Mei Mei are wandering around the factory, they see handbags and cabinets, they find eggplants in the handbag, Han Mei Mei leaves the factory, Xiao Li moves the eggplant to the cabinet.",Where is the eggplant before?,Tote bag,Backpack,Cabinet,Handbag,D
"Xiao Li and Han Mei Mei are wandering around the factory, they see handbags and cabinets, they find eggplants in the handbag, Han Mei Mei leaves the factory, Xiao Li moves the eggplant to the cabinet.","After Han Mei Mei returns to the factory, where does Xiao Li look for the eggplant?",Cabinet,Storage locker,Handbag,Tote bag,A
"Xiao Li and Han Mei Mei are wandering around the factory, they see handbags and cabinets, they find eggplants in the handbag, Han Mei Mei leaves the factory, Xiao Li moves the eggplant to the cabinet.","After Han Mei Mei returns to the factory, where does Han Mei Mei look for the eggplant?",Cabinet,Briefcase,Box,Handbag,D
"Xiao Li and Han Mei Mei are wandering around the factory, they see handbags and cabinets, they find eggplants in the handbag, Han Mei Mei leaves the factory, Xiao Li moves the eggplant to the cabinet.","After Han Mei Mei returns to the factory, where does Xiao Li think Han Mei Mei looks for the eggplant?",Box,Cabinet,Handbag,Drawer,C
"Xiao Li and Han Mei Mei are wandering around the factory, they see handbags and cabinets, they find eggplants in the handbag, Han Mei Mei leaves the factory, Xiao Li moves the eggplant to the cabinet.","After Han Mei Mei returns to the factory, where does Han Mei Mei think Xiao Li looks for the eggplant?",Cabinet,Handbag,Backpack,Tote bag,D
"Xiao Li and Li Lei are wandering in the hall, they see the cabinet and the box, they find a vest in the cabinet, Li Lei leaves the hall, Xiao Li moves the vest to the box.",Where is the vest now?,Box,Cabinet,Drawer,Basket,A
"Xiao Li and Li Lei are wandering in the hall, they see the cabinet and the box, they find a vest in the cabinet, Li Lei leaves the hall, Xiao Li moves the vest to the box.",Where is the vest before?,Cabinet,Handbag,Box,Suitcase,A
"Xiao Li and Li Lei are wandering in the hall, they see the cabinet and the box, they find a vest in the cabinet, Li Lei leaves the hall, Xiao Li moves the vest to the box.","After Li Lei returns to the hall, where does Xiao Li look for the vest?",Drawer,Briefcase,Cabinet,Box,D
"Xiao Li and Li Lei are wandering in the hall, they see the cabinet and the box, they find a vest in the cabinet, Li Lei leaves the hall, Xiao Li moves the vest to the box.","After Li Lei returns to the hall, where does Li Lei look for the vest?",Briefcase,Box,Cabinet,Case,C
"Xiao Li and Li Lei are wandering in the hall, they see the cabinet and the box, they find a vest in the cabinet, Li Lei leaves the hall, Xiao Li moves the vest to the box.","After Li Lei returns to the hall, where does Xiao Li think Li Lei looks for the vest?",Box,Cabinet,Storage locker,Drawer,B
"Xiao Li and Li Lei are wandering in the hall, they see the cabinet and the box, they find a vest in the cabinet, Li Lei leaves the hall, Xiao Li moves the vest to the box.","After Li Lei returns to the hall, where does Li Lei think Xiao Li looks for the vest?",Box,Drawer,Cabinet,Suitcase,C
"Xiao Li and Zhang Wei are wandering in the storage room, they see boxes and safes, they find zucchini in the box, Zhang Wei leaves the storage room, Xiao Li moves the zucchini to the safe.",Where is the zucchini now?,Safe,Handbag,Box,Basket,A
"Xiao Li and Zhang Wei are wandering in the storage room, they see boxes and safes, they find zucchini in the box, Zhang Wei leaves the storage room, Xiao Li moves the zucchini to the safe.",Where is the zucchini before?,Briefcase,Storage cabinet,Safe,Box,D
"Xiao Li and Zhang Wei are wandering in the storage room, they see boxes and safes, they find zucchini in the box, Zhang Wei leaves the storage room, Xiao Li moves the zucchini to the safe.","After Zhang Wei returns to the storage room, where does Xiao Li look for the zucchini?",Safe,Suitcase,Box,Locker,A
"Xiao Li and Zhang Wei are wandering in the storage room, they see boxes and safes, they find zucchini in the box, Zhang Wei leaves the storage room, Xiao Li moves the zucchini to the safe.","After Zhang Wei returns to the storage room, where does Zhang Wei look for the zucchini?",Box,Handbag,Safe,Basket,A
"Xiao Li and Zhang Wei are wandering in the storage room, they see boxes and safes, they find zucchini in the box, Zhang Wei leaves the storage room, Xiao Li moves the zucchini to the safe.","After Zhang Wei returns to the storage room, where does Xiao Li think Zhang Wei looks for the zucchini?",Cabinet,Box,Suitcase,Safe,B
"Xiao Li and Zhang Wei are wandering in the storage room, they see boxes and safes, they find zucchini in the box, Zhang Wei leaves the storage room, Xiao Li moves the zucchini to the safe.","After Zhang Wei returns to the storage room, where does Zhang Wei think Xiao Li looks for the zucchini?",Basket,Safe,Box,Storage cabinet,C
"Xiao Bei and Xiao Ming are wandering in the parking lot, they see a box and a briefcase, they find corn in the box, Xiao Ming leaves the parking lot, Xiao Bei moves the corn to the briefcase.",Where is the corn now?,Briefcase,Basket,Cabinet,Box,A
"Xiao Bei and Xiao Ming are wandering in the parking lot, they see a box and a briefcase, they find corn in the box, Xiao Ming leaves the parking lot, Xiao Bei moves the corn to the briefcase.",Where is the corn before?,Box,Basket,Handbag,Briefcase,A
"Xiao Bei and Xiao Ming are wandering in the parking lot, they see a box and a briefcase, they find corn in the box, Xiao Ming leaves the parking lot, Xiao Bei moves the corn to the briefcase.","After Xiao Ming returns to the parking lot, where does Xiao Bei look for the corn?",Cabinet,Box,Briefcase,Handbag,C
"Xiao Bei and Xiao Ming are wandering in the parking lot, they see a box and a briefcase, they find corn in the box, Xiao Ming leaves the parking lot, Xiao Bei moves the corn to the briefcase.","After Xiao Ming returns to the parking lot, where does Xiao Ming look for the corn?",Briefcase,Cabinet,Box,Safe,C
"Xiao Bei and Xiao Ming are wandering in the parking lot, they see a box and a briefcase, they find corn in the box, Xiao Ming leaves the parking lot, Xiao Bei moves the corn to the briefcase.","After Xiao Ming returns to the parking lot, where does Xiao Bei think Xiao Ming looks for the corn?",Cabinet,Briefcase,Backpack,Box,D
"Xiao Bei and Xiao Ming are wandering in the parking lot, they see a box and a briefcase, they find corn in the box, Xiao Ming leaves the parking lot, Xiao Bei moves the corn to the briefcase.","After Xiao Ming returns to the parking lot, where does Xiao Ming think Xiao Bei looks for the corn?",Handbag,Basket,Box,Briefcase,C
"Xiao Ming and Zhang Wei are strolling around the bell tower, they see a suitcase and a handbag, they find a hat in the suitcase, Zhang Wei leaves the bell tower, Xiao Ming moves the hat to the handbag.",Where is the hat now?,Handbag,Locker,Safe,Suitcase,A
"Xiao Ming and Zhang Wei are strolling around the bell tower, they see a suitcase and a handbag, they find a hat in the suitcase, Zhang Wei leaves the bell tower, Xiao Ming moves the hat to the handbag.",Where is the hat before?,Briefcase,Handbag,Drawer,Suitcase,D
"Xiao Ming and Zhang Wei are strolling around the bell tower, they see a suitcase and a handbag, they find a hat in the suitcase, Zhang Wei leaves the bell tower, Xiao Ming moves the hat to the handbag.","After Zhang Wei returns to the bell tower, where does Xiao Ming look for the hat?",Handbag,Box,Suitcase,Basket,A
"Xiao Ming and Zhang Wei are strolling around the bell tower, they see a suitcase and a handbag, they find a hat in the suitcase, Zhang Wei leaves the bell tower, Xiao Ming moves the hat to the handbag.","After Zhang Wei returns to the bell tower, where does Zhang Wei look for the hat?",Drawer,Handbag,Box,Suitcase,D
"Xiao Ming and Zhang Wei are strolling around the bell tower, they see a suitcase and a handbag, they find a hat in the suitcase, Zhang Wei leaves the bell tower, Xiao Ming moves the hat to the handbag.","After Zhang Wei returns to the bell tower, where does Xiao Ming think Zhang Wei looks for the hat?",Suitcase,Handbag,Drawer,Cabinet,A
"Xiao Ming and Zhang Wei are strolling around the bell tower, they see a suitcase and a handbag, they find a hat in the suitcase, Zhang Wei leaves the bell tower, Xiao Ming moves the hat to the handbag.","After Zhang Wei returns to the bell tower, where does Zhang Wei think Xiao Ming looks for the hat?",Tote bag,Handbag,Locker,Suitcase,D
"Youyou and Li Lei are wandering in the classroom, they see a drawer and a basket, they find a button in the drawer, Li Lei leaves the classroom, Youyou moves the button to the basket.",Where is the button now?,Basket,Suitcase,Drawer,Backpack,A
"Youyou and Li Lei are wandering in the classroom, they see a drawer and a basket, they find a button in the drawer, Li Lei leaves the classroom, Youyou moves the button to the basket.",Where is the button before?,Handbag,Drawer,Briefcase,Basket,B
"Youyou and Li Lei are wandering in the classroom, they see a drawer and a basket, they find a button in the drawer, Li Lei leaves the classroom, Youyou moves the button to the basket.",Where does Youyou look for the button after Li Lei returns to the classroom?,Drawer,Basket,Locker,Cabinet,B
"Youyou and Li Lei are wandering in the classroom, they see a drawer and a basket, they find a button in the drawer, Li Lei leaves the classroom, Youyou moves the button to the basket.","After Li Lei returns to the classroom, where does Li Lei look for the button?",Basket,Backpack,Drawer,Handbag,C
"Youyou and Li Lei are wandering in the classroom, they see a drawer and a basket, they find a button in the drawer, Li Lei leaves the classroom, Youyou moves the button to the basket.","After Li Lei returns to the classroom, where does Youyou think Li Lei looks for the button?",Backpack,Basket,Handbag,Drawer,D
"Youyou and Li Lei are wandering in the classroom, they see a drawer and a basket, they find a button in the drawer, Li Lei leaves the classroom, Youyou moves the button to the basket.","After Li Lei returns to the classroom, where does Li Lei think Youyou looks for the button?",Cabinet,Safe,Basket,Drawer,D
"Xiao Red and Xiao North stroll around in the reading room, they see a box and a backpack, they find bananas in the box, Xiao North leaves the reading room, Xiao Red moves the bananas to the backpack.",Where are the bananas now?,Box,Backpack,Case,Suitcase,B
"Xiao Red and Xiao North stroll around in the reading room, they see a box and a backpack, they find bananas in the box, Xiao North leaves the reading room, Xiao Red moves the bananas to the backpack.",Where are the bananas before?,Box,Cabinet,Backpack,Briefcase,A
"Xiao Red and Xiao North stroll around in the reading room, they see a box and a backpack, they find bananas in the box, Xiao North leaves the reading room, Xiao Red moves the bananas to the backpack.","After Xiao North returns to the reading room, where does Xiao Red look for the bananas?",Cabinet,Backpack,Box,Drawer,B
"Xiao Red and Xiao North stroll around in the reading room, they see a box and a backpack, they find bananas in the box, Xiao North leaves the reading room, Xiao Red moves the bananas to the backpack.","After Xiao Bei returns to the reading room, where does Xiao Bei look for the bananas?",Box,Backpack,Briefcase,Drawer,A
"Xiao Red and Xiao North stroll around in the reading room, they see a box and a backpack, they find bananas in the box, Xiao North leaves the reading room, Xiao Red moves the bananas to the backpack.","After Xiao Bei returns to the reading room, where does Xiao Hong think Xiao Bei looks for the bananas?",Box,Backpack,Safe,Handbag,A
"Xiao Red and Xiao North stroll around in the reading room, they see a box and a backpack, they find bananas in the box, Xiao North leaves the reading room, Xiao Red moves the bananas to the backpack.","After Xiao Bei returns to the reading room, where does Xiao Bei think Xiao Hong looks for the bananas?",Box,Drawer,Chest,Backpack,C
"Xiao Hong and Xiao Gang are hanging out in the smoking room, they see a box and a crate, they find a zucchini in the box, Xiao Gang leaves the smoking room, Xiao Hong moves the zucchini to the crate.",Where is the zucchini now?,Crate,Drawer,Backpack,Box,A
"Xiao Hong and Xiao Gang are hanging out in the smoking room, they see a box and a crate, they find a zucchini in the box, Xiao Gang leaves the smoking room, Xiao Hong moves the zucchini to the crate.",Where is the zucchini before?,Briefcase,Crate,Safe,Box,D
"Xiao Hong and Xiao Gang are hanging out in the smoking room, they see a box and a crate, they find a zucchini in the box, Xiao Gang leaves the smoking room, Xiao Hong moves the zucchini to the crate.","After Xiao Gang returns to the smoking room, where does Xiao Hong look for the zucchini?",Crate,Safe,Box,Storage locker,A
"Xiao Hong and Xiao Gang are hanging out in the smoking room, they see a box and a crate, they find a zucchini in the box, Xiao Gang leaves the smoking room, Xiao Hong moves the zucchini to the crate.","After Xiao Gang returns to the smoking room, where does Xiao Gang look for the zucchini?",Handbag,Crate,Box,Drawer,C
"Xiao Hong and Xiao Gang are hanging out in the smoking room, they see a box and a crate, they find a zucchini in the box, Xiao Gang leaves the smoking room, Xiao Hong moves the zucchini to the crate.","After Xiao Gang returns to the smoking room, where does Xiao Hong think Xiao Gang looks for the zucchini?",Cabinet,Box,Storage locker,Crate,B
"Xiao Hong and Xiao Gang are hanging out in the smoking room, they see a box and a crate, they find a zucchini in the box, Xiao Gang leaves the smoking room, Xiao Hong moves the zucchini to the crate.","After Xiao Gang returns to the smoking room, where does Xiao Gang think Xiao Hong looks for the zucchini?",Briefcase,Crate,Box,Safe,C
"Xiao Li and Youyou are hanging out in the laundry room, they see a handbag and a box, they find a sponge in the handbag, Youyou leaves the laundry room, Xiao Li moves the sponge to the box.",Where is the sponge now?,Box,Handbag,Backpack,Tote bag,A
"Xiao Li and Youyou are hanging out in the laundry room, they see a handbag and a box, they find a sponge in the handbag, Youyou leaves the laundry room, Xiao Li moves the sponge to the box.",Where is the sponge before?,Briefcase,Box,Storage locker,Handbag,D
"Xiao Li and Youyou are hanging out in the laundry room, they see a handbag and a box, they find a sponge in the handbag, Youyou leaves the laundry room, Xiao Li moves the sponge to the box.",Where does Xiaoli look for the sponge after Youyou returns to the laundry room?,Cabinet,Box,Handbag,Storage locker,B
"Xiao Li and Youyou are hanging out in the laundry room, they see a handbag and a box, they find a sponge in the handbag, Youyou leaves the laundry room, Xiao Li moves the sponge to the box.","After Youyou returns to the laundry room, where does Youyou look for the sponge?",Box,Briefcase,Handbag,Drawer,C
"Xiao Li and Youyou are hanging out in the laundry room, they see a handbag and a box, they find a sponge in the handbag, Youyou leaves the laundry room, Xiao Li moves the sponge to the box.","After Youyou returns to the laundry room, where does Xiao Li think Youyou looks for the sponge?",Basket,Handbag,Safe,Box,B
"Xiao Li and Youyou are hanging out in the laundry room, they see a handbag and a box, they find a sponge in the handbag, Youyou leaves the laundry room, Xiao Li moves the sponge to the box.","After Youyou returns to the laundry room, where does Youyou think Xiaoli looks for the sponge?",Cabinet,Box,Handbag,Drawer,C
"Xiao Gang and Xiao Li wander around in the waiting room, they see a handbag and a cabinet, they find a ring in the handbag, Xiao Li leaves the waiting room, Xiao Gang moves the ring to the cabinet.",Where is the ring now?,Suitcase,Handbag,Box,Cabinet,D
"Xiao Gang and Xiao Li wander around in the waiting room, they see a handbag and a cabinet, they find a ring in the handbag, Xiao Li leaves the waiting room, Xiao Gang moves the ring to the cabinet.",Where is the ring before?,Handbag,Box,Briefcase,Cabinet,A
"Xiao Gang and Xiao Li wander around in the waiting room, they see a handbag and a cabinet, they find a ring in the handbag, Xiao Li leaves the waiting room, Xiao Gang moves the ring to the cabinet.","After Xiao Li returns to the waiting room, where does Xiao Gang look for the ring?",Drawer,Handbag,Cupboard,Cabinet,D
"Xiao Gang and Xiao Li wander around in the waiting room, they see a handbag and a cabinet, they find a ring in the handbag, Xiao Li leaves the waiting room, Xiao Gang moves the ring to the cabinet.","After Xiao Li returns to the waiting room, where does Xiao Li look for the ring?",Handbag,Suitcase,Briefcase,Cabinet,A
"Xiao Gang and Xiao Li wander around in the waiting room, they see a handbag and a cabinet, they find a ring in the handbag, Xiao Li leaves the waiting room, Xiao Gang moves the ring to the cabinet.","After Xiao Li returns to the waiting room, where does Xiao Gang think Xiao Li looks for the ring?",Box,Handbag,Cabinet,Drawer,B
"Xiao Gang and Xiao Li wander around in the waiting room, they see a handbag and a cabinet, they find a ring in the handbag, Xiao Li leaves the waiting room, Xiao Gang moves the ring to the cabinet.","After Xiao Li returns to the waiting room, where does Xiao Li think Xiao Gang looks for the ring?",Handbag,Cabinet,Safe,Tote bag,D
"Han Meimei and Youyou roam around in the bedroom, they see a cabinet and a box, they find a tie in the cabinet, Youyou leaves the bedroom, Han Meimei moves the tie to the box.",Where is the tie now?,Cabinet,Drawer,Box,Basket,C
"Han Meimei and Youyou roam around in the bedroom, they see a cabinet and a box, they find a tie in the cabinet, Youyou leaves the bedroom, Han Meimei moves the tie to the box.",Where is the tie before?,Handbag,Box,Cabinet,Cupboard,C
"Han Meimei and Youyou roam around in the bedroom, they see a cabinet and a box, they find a tie in the cabinet, Youyou leaves the bedroom, Han Meimei moves the tie to the box.","After Youyou returns to the bedroom, where does Han Meimei look for the tie?",Box,Cabinet,Basket,Briefcase,A
"Han Meimei and Youyou roam around in the bedroom, they see a cabinet and a box, they find a tie in the cabinet, Youyou leaves the bedroom, Han Meimei moves the tie to the box.","After Youyou returns to the bedroom, where does Youyou look for the tie?",Cabinet,Box,Handbag,Storage locker,A
"Han Meimei and Youyou roam around in the bedroom, they see a cabinet and a box, they find a tie in the cabinet, Youyou leaves the bedroom, Han Meimei moves the tie to the box.","After Youyou returns to the bedroom, where does Han Meimei think Youyou looks for the tie?",Briefcase,Cabinet,Box,Storage locker,B
"Han Meimei and Youyou roam around in the bedroom, they see a cabinet and a box, they find a tie in the cabinet, Youyou leaves the bedroom, Han Meimei moves the tie to the box.","After Youyou returns to the bedroom, where does Youyou think Han Meimei looks for the tie?",Storage cabinet,Cabinet,Box,Handbag,B
"Li Lei and Han Meimei are wandering in the living room, they see a backpack and a briefcase, they find socks in the backpack, Han Meimei leaves the living room, Li Lei moves the socks to the briefcase.",Where are the socks now?,Backpack,Briefcase,Handbag,Drawer,B
"Li Lei and Han Meimei are wandering in the living room, they see a backpack and a briefcase, they find socks in the backpack, Han Meimei leaves the living room, Li Lei moves the socks to the briefcase.",Where are the socks before?,Box,Briefcase,Backpack,Cabinet,C
"Li Lei and Han Meimei are wandering in the living room, they see a backpack and a briefcase, they find socks in the backpack, Han Meimei leaves the living room, Li Lei moves the socks to the briefcase.","After Han Meimei returns to the living room, where does Li Lei look for the socks?",Briefcase,Backpack,Safe,Drawer,A
"Li Lei and Han Meimei are wandering in the living room, they see a backpack and a briefcase, they find socks in the backpack, Han Meimei leaves the living room, Li Lei moves the socks to the briefcase.","After Han Meimei returns to the living room, where does Han Meimei look for the socks?",Backpack,Box,Briefcase,Handbag,A
"Li Lei and Han Meimei are wandering in the living room, they see a backpack and a briefcase, they find socks in the backpack, Han Meimei leaves the living room, Li Lei moves the socks to the briefcase.","After Han Meimei returns to the living room, where does Li Lei think Han Meimei looks for the socks?",Backpack,Basket,Box,Briefcase,A
"Li Lei and Han Meimei are wandering in the living room, they see a backpack and a briefcase, they find socks in the backpack, Han Meimei leaves the living room, Li Lei moves the socks to the briefcase.","After Han Meimei returns to the living room, where does Han Meimei think Li Lei looks for the socks?",Backpack,Box,Briefcase,Case,A
"Xiao Ming and Xiao Li are wandering in the basement, they see a backpack and a box, they find tape in the backpack, Xiao Li leaves the basement, Xiao Ming moves the tape to the box.",Where is the tape now?,Box,Suitcase,Backpack,Safe,A
"Xiao Ming and Xiao Li are wandering in the basement, they see a backpack and a box, they find tape in the backpack, Xiao Li leaves the basement, Xiao Ming moves the tape to the box.",Where is the tape before?,Handbag,Case,Backpack,Box,C
"Xiao Ming and Xiao Li are wandering in the basement, they see a backpack and a box, they find tape in the backpack, Xiao Li leaves the basement, Xiao Ming moves the tape to the box.","After Xiao Li returns to the basement, where does Xiao Ming look for the tape?",Drawer,Safe,Backpack,Box,D
"Xiao Ming and Xiao Li are wandering in the basement, they see a backpack and a box, they find tape in the backpack, Xiao Li leaves the basement, Xiao Ming moves the tape to the box.","After Xiao Li returns to the basement, where does Xiao Li look for the tape?",Drawer,Box,Cabinet,Backpack,D
"Xiao Ming and Xiao Li are wandering in the basement, they see a backpack and a box, they find tape in the backpack, Xiao Li leaves the basement, Xiao Ming moves the tape to the box.","After Xiao Li returns to the basement, where does Xiao Ming think Xiao Li looks for the tape?",Backpack,Box,Container,Cabinet,A
"Xiao Ming and Xiao Li are wandering in the basement, they see a backpack and a box, they find tape in the backpack, Xiao Li leaves the basement, Xiao Ming moves the tape to the box.","After Xiao Li returns to the basement, where does Xiao Li think Xiao Ming looks for the tape?",Suitcase,Backpack,Box,Cabinet,B
"Youyou and Xiao Wang are wandering in the kitchen, they see a cabinet and a suitcase, they find a tie in the cabinet, Xiao Wang leaves the kitchen, Youyou moves the tie to the suitcase.",Where is the tie now?,Drawer,Suitcase,Handbag,Cabinet,B
"Youyou and Xiao Wang are wandering in the kitchen, they see a cabinet and a suitcase, they find a tie in the cabinet, Xiao Wang leaves the kitchen, Youyou moves the tie to the suitcase.",Where is the tie before?,Cabinet,Drawer,Handbag,Suitcase,A
"Youyou and Xiao Wang are wandering in the kitchen, they see a cabinet and a suitcase, they find a tie in the cabinet, Xiao Wang leaves the kitchen, Youyou moves the tie to the suitcase.","After Xiao Wang returns to the kitchen, where does Youyou look for the tie?",Suitcase,Cabinet,Box,Handbag,A
"Youyou and Xiao Wang are wandering in the kitchen, they see a cabinet and a suitcase, they find a tie in the cabinet, Xiao Wang leaves the kitchen, Youyou moves the tie to the suitcase.","After Xiao Wang returns to the kitchen, where does Xiao Wang look for the tie?",Suitcase,Safe,Box,Cabinet,D
"Youyou and Xiao Wang are wandering in the kitchen, they see a cabinet and a suitcase, they find a tie in the cabinet, Xiao Wang leaves the kitchen, Youyou moves the tie to the suitcase.","After Xiao Wang returns to the kitchen, where does Youyou think Xiao Wang looks for the tie?",Drawer,Briefcase,Cabinet,Suitcase,C
"Youyou and Xiao Wang are wandering in the kitchen, they see a cabinet and a suitcase, they find a tie in the cabinet, Xiao Wang leaves the kitchen, Youyou moves the tie to the suitcase.","After Xiao Wang returns to the kitchen, where does Xiao Wang think Youyou looks for the tie?",Backpack,Cabinet,Suitcase,Handbag,B
"Xiao Li and Li Lei are wandering in the attic, they see a handbag and a briefcase, they find a dress in the handbag, Li Lei leaves the attic, Xiao Li moves the dress to the briefcase.",Where is the dress now?,Briefcase,Box,Safe,Handbag,A
"Xiao Li and Li Lei are wandering in the attic, they see a handbag and a briefcase, they find a dress in the handbag, Li Lei leaves the attic, Xiao Li moves the dress to the briefcase.",Where is the dress before?,Briefcase,Handbag,Box,Cabinet,B
"Xiao Li and Li Lei are wandering in the attic, they see a handbag and a briefcase, they find a dress in the handbag, Li Lei leaves the attic, Xiao Li moves the dress to the briefcase.","After Li Lei returns to the attic, where does Xiao Li look for the dress?",Briefcase,Handbag,Safe,Tote bag,A
"Xiao Li and Li Lei are wandering in the attic, they see a handbag and a briefcase, they find a dress in the handbag, Li Lei leaves the attic, Xiao Li moves the dress to the briefcase.","After Li Lei returns to the attic, where does Li Lei look for the dress?",Handbag,Suitcase,Basket,Briefcase,A
"Xiao Li and Li Lei are wandering in the attic, they see a handbag and a briefcase, they find a dress in the handbag, Li Lei leaves the attic, Xiao Li moves the dress to the briefcase.","After Li Lei returns to the attic, where does Xiao Li think Li Lei looks for the dress?",Drawer,Handbag,Basket,Briefcase,B
"Xiao Li and Li Lei are wandering in the attic, they see a handbag and a briefcase, they find a dress in the handbag, Li Lei leaves the attic, Xiao Li moves the dress to the briefcase.","After Li Lei returns to the attic, where does Li Lei think Xiao Li looks for the dress?",Handbag,Briefcase,Safe,Box,A
"Xiao Bei and Xiao Ming are hanging out in the garage, they see a drawer and a storage cabinet, they find a jacket in the drawer, Xiao Ming leaves the garage, Xiao Bei moves the jacket to the storage cabinet.",Where is the jacket now?,Storage cabinet,Basket,Drawer,Handbag,A
"Xiao Bei and Xiao Ming are hanging out in the garage, they see a drawer and a storage cabinet, they find a jacket in the drawer, Xiao Ming leaves the garage, Xiao Bei moves the jacket to the storage cabinet.",Where is the jacket before?,Drawer,Safe,Box,Storage cabinet,A
"Xiao Bei and Xiao Ming are hanging out in the garage, they see a drawer and a storage cabinet, they find a jacket in the drawer, Xiao Ming leaves the garage, Xiao Bei moves the jacket to the storage cabinet.","After Xiao Ming returns to the garage, where does Xiao Bei look for the jacket?",Cabinet,Storage cabinet,Drawer,Box,B
"Xiao Bei and Xiao Ming are hanging out in the garage, they see a drawer and a storage cabinet, they find a jacket in the drawer, Xiao Ming leaves the garage, Xiao Bei moves the jacket to the storage cabinet.","After Xiao Ming returns to the garage, where does Xiao Ming look for the jacket?",Handbag,Box,Storage cabinet,Drawer,D
"Xiao Bei and Xiao Ming are hanging out in the garage, they see a drawer and a storage cabinet, they find a jacket in the drawer, Xiao Ming leaves the garage, Xiao Bei moves the jacket to the storage cabinet.","After Xiao Ming returns to the garage, where does Xiao Bei think Xiao Ming looks for the jacket?",Storage cabinet,Drawer,Cabinet,Suitcase,B
"Xiao Bei and Xiao Ming are hanging out in the garage, they see a drawer and a storage cabinet, they find a jacket in the drawer, Xiao Ming leaves the garage, Xiao Bei moves the jacket to the storage cabinet.","After Xiao Ming returns to the garage, where does Xiao Ming think Xiao Bei looks for the jacket?",Drawer,Storage cabinet,Suitcase,Cabinet,A
"Li Lei and Han Meimei are wandering in the study, they see the cupboard and the cabinet, they find crayons in the cupboard, Han Meimei leaves the study, Li Lei moves the crayons to the cabinet.",Where are the crayons now?,Basket,Suitcase,Cupboard,Cabinet,D
"Li Lei and Han Meimei are wandering in the study, they see the cupboard and the cabinet, they find crayons in the cupboard, Han Meimei leaves the study, Li Lei moves the crayons to the cabinet.",Where are the crayons before?,Cupboard,Handbag,Cabinet,Storage locker,A
"Li Lei and Han Meimei are wandering in the study, they see the cupboard and the cabinet, they find crayons in the cupboard, Han Meimei leaves the study, Li Lei moves the crayons to the cabinet.","After Han Meimei returns to the study, where does Li Lei look for the crayons?",Cabinet,Backpack,Safe,Cupboard,D
"Li Lei and Han Meimei are wandering in the study, they see the cupboard and the cabinet, they find crayons in the cupboard, Han Meimei leaves the study, Li Lei moves the crayons to the cabinet.","After Han Meimei returns to the study, where does Han Meimei look for the crayons?",Cabinet,Storage locker,Cupboard,Backpack,C
"Li Lei and Han Meimei are wandering in the study, they see the cupboard and the cabinet, they find crayons in the cupboard, Han Meimei leaves the study, Li Lei moves the crayons to the cabinet.","After Han Meimei returns to the study, where does Li Lei think Han Meimei looks for the crayons?",Cabinet,Handbag,Backpack,Cupboard,D
"Li Lei and Han Meimei are wandering in the study, they see the cupboard and the cabinet, they find crayons in the cupboard, Han Meimei leaves the study, Li Lei moves the crayons to the cabinet.","After Han Meimei returns to the study, where does Han Meimei think Li Lei looks for the crayons?",Cabinet,Cupboard,Drawer,Handbag,B
"Youyou and Li Lei are wandering in the basement, they see backpacks and briefcases, they find carrots in the backpack, Li Lei leaves the basement, Youyou moves the carrots to the briefcase.",Where are the carrots now?,Backpack,Safe,Briefcase,Basket,C
"Youyou and Li Lei are wandering in the basement, they see backpacks and briefcases, they find carrots in the backpack, Li Lei leaves the basement, Youyou moves the carrots to the briefcase.",Where are the carrots before?,Cabinet,Backpack,Safe,Briefcase,B
"Youyou and Li Lei are wandering in the basement, they see backpacks and briefcases, they find carrots in the backpack, Li Lei leaves the basement, Youyou moves the carrots to the briefcase.","After Li Lei returns to the basement, where does Youyou look for the carrots?",Box,Backpack,Briefcase,Drawer,C
"Youyou and Li Lei are wandering in the basement, they see backpacks and briefcases, they find carrots in the backpack, Li Lei leaves the basement, Youyou moves the carrots to the briefcase.","After Lilei returns to the basement, where does Lilei look for the carrots?",Briefcase,Suitcase,Backpack,Storage locker,C
"Youyou and Li Lei are wandering in the basement, they see backpacks and briefcases, they find carrots in the backpack, Li Lei leaves the basement, Youyou moves the carrots to the briefcase.","After Li Lei returns to the basement, where does Youyou think Li Lei looks for the carrots?",Backpack,Locker,Suitcase,Briefcase,A
"Youyou and Li Lei are wandering in the basement, they see backpacks and briefcases, they find carrots in the backpack, Li Lei leaves the basement, Youyou moves the carrots to the briefcase.","After Li Lei returns to the basement, where does Li Lei think Youyou looks for the carrots?",Backpack,Box,Briefcase,Storage locker,A
"Xiao Gang and Zhang Wei are strolling on the terrace, they see a box and a drawer, they find a shirt in the box, Zhang Wei leaves the terrace, Xiao Gang moves the shirt to the drawer.",Where is the shirt now?,Cabinet,Drawer,Suitcase,Box,B
"Xiao Gang and Zhang Wei are strolling on the terrace, they see a box and a drawer, they find a shirt in the box, Zhang Wei leaves the terrace, Xiao Gang moves the shirt to the drawer.",Where is the shirt before?,Drawer,Handbag,Box,Basket,C
"Xiao Gang and Zhang Wei are strolling on the terrace, they see a box and a drawer, they find a shirt in the box, Zhang Wei leaves the terrace, Xiao Gang moves the shirt to the drawer.","After Zhang Wei returns to the terrace, where does Xiao Gang look for the shirt?",Drawer,Storage locker,Backpack,Box,A
"Xiao Gang and Zhang Wei are strolling on the terrace, they see a box and a drawer, they find a shirt in the box, Zhang Wei leaves the terrace, Xiao Gang moves the shirt to the drawer.","After Zhang Wei returns to the terrace, where does Zhang Wei look for the shirt?",Briefcase,Cabinet,Box,Drawer,C
"Xiao Gang and Zhang Wei are strolling on the terrace, they see a box and a drawer, they find a shirt in the box, Zhang Wei leaves the terrace, Xiao Gang moves the shirt to the drawer.","After Zhang Wei returns to the terrace, where does Xiao Gang think Zhang Wei looks for the shirt?",Locker,Box,Drawer,Backpack,B
"Xiao Gang and Zhang Wei are strolling on the terrace, they see a box and a drawer, they find a shirt in the box, Zhang Wei leaves the terrace, Xiao Gang moves the shirt to the drawer.","After Zhang Wei returns to the terrace, where does Zhang Wei think Xiao Gang looks for the shirt?",Drawer,Case,Basket,Box,D
"Li Lei and Han Meimei are strolling on the balcony, they see a box and a suitcase, they find a bottle in the box, Han Meimei leaves the balcony, Li Lei moves the bottle to the suitcase.",Where is the bottle now?,Handbag,Suitcase,Box,Drawer,B
"Li Lei and Han Meimei are strolling on the balcony, they see a box and a suitcase, they find a bottle in the box, Han Meimei leaves the balcony, Li Lei moves the bottle to the suitcase.",Where is the bottle before?,Suitcase,Handbag,Box,Safe,C
"Li Lei and Han Meimei are strolling on the balcony, they see a box and a suitcase, they find a bottle in the box, Han Meimei leaves the balcony, Li Lei moves the bottle to the suitcase.","After Han Meimei returns to the balcony, where does Li Lei look for the bottle?",Basket,Suitcase,Case,Box,B
"Li Lei and Han Meimei are strolling on the balcony, they see a box and a suitcase, they find a bottle in the box, Han Meimei leaves the balcony, Li Lei moves the bottle to the suitcase.","After Han Meimei returns to the balcony, where does Han Meimei look for the bottle?",Suitcase,Basket,Box,Backpack,C
"Li Lei and Han Meimei are strolling on the balcony, they see a box and a suitcase, they find a bottle in the box, Han Meimei leaves the balcony, Li Lei moves the bottle to the suitcase.","After Han Meimei returns to the balcony, where does Li Lei think Han Meimei looks for the bottle?",Box,Briefcase,Safe,Suitcase,A
"Li Lei and Han Meimei are strolling on the balcony, they see a box and a suitcase, they find a bottle in the box, Han Meimei leaves the balcony, Li Lei moves the bottle to the suitcase.","After Han Meimei returns to the balcony, where does Han Meimei think Li Lei looks for the bottle?",Handbag,Briefcase,Box,Suitcase,C
"Han Meimei and Zhang Wei are wandering in the lounge, they see a handbag and a suitcase, they find a carrot in the handbag, Zhang Wei leaves the lounge, Han Meimei moves the carrot to the suitcase.",Where is the carrot now?,Handbag,Safe,Suitcase,Storage locker,C
"Han Meimei and Zhang Wei are wandering in the lounge, they see a handbag and a suitcase, they find a carrot in the handbag, Zhang Wei leaves the lounge, Han Meimei moves the carrot to the suitcase.",Where is the carrot before?,Handbag,Basket,Box,Suitcase,A
"Han Meimei and Zhang Wei are wandering in the lounge, they see a handbag and a suitcase, they find a carrot in the handbag, Zhang Wei leaves the lounge, Han Meimei moves the carrot to the suitcase.","After Zhang Wei returns to the lounge, where does Han Meimei look for the carrot?",Box,Handbag,Cabinet,Suitcase,D
"Han Meimei and Zhang Wei are wandering in the lounge, they see a handbag and a suitcase, they find a carrot in the handbag, Zhang Wei leaves the lounge, Han Meimei moves the carrot to the suitcase.","After Zhang Wei returns to the lounge, where does Zhang Wei look for the carrot?",Suitcase,Handbag,Box,Chest,B
"Han Meimei and Zhang Wei are wandering in the lounge, they see a handbag and a suitcase, they find a carrot in the handbag, Zhang Wei leaves the lounge, Han Meimei moves the carrot to the suitcase.","After Zhang Wei returns to the lounge, where does Han Meimei think Zhang Wei looks for the carrot?",Suitcase,Basket,Drawer,Handbag,D
"Han Meimei and Zhang Wei are wandering in the lounge, they see a handbag and a suitcase, they find a carrot in the handbag, Zhang Wei leaves the lounge, Han Meimei moves the carrot to the suitcase.","After Zhang Wei returns to the lounge, where does Zhang Wei think Han Meimei looks for the carrot?",Box,Handbag,Cabinet,Suitcase,B
"Zhang Wei and Xiao Ming are wandering in the library, they see a suitcase and a handbag, they find a sweater in the suitcase, Xiao Ming leaves the library, Zhang Wei moves the sweater to the handbag.",Where is the sweater now?,Handbag,Suitcase,Box,Briefcase,A
"Zhang Wei and Xiao Ming are wandering in the library, they see a suitcase and a handbag, they find a sweater in the suitcase, Xiao Ming leaves the library, Zhang Wei moves the sweater to the handbag.",Where is the sweater before?,Handbag,Locker,Basket,Suitcase,D
"Zhang Wei and Xiao Ming are wandering in the library, they see a suitcase and a handbag, they find a sweater in the suitcase, Xiao Ming leaves the library, Zhang Wei moves the sweater to the handbag.","After Xiao Ming returns to the library, where does Zhang Wei look for the sweater?",Cabinet,Handbag,Suitcase,Storage locker,B
"Zhang Wei and Xiao Ming are wandering in the library, they see a suitcase and a handbag, they find a sweater in the suitcase, Xiao Ming leaves the library, Zhang Wei moves the sweater to the handbag.","After Xiao Ming returns to the library, where does Xiao Ming look for the sweater?",Box,Handbag,Suitcase,Case,C
"Zhang Wei and Xiao Ming are wandering in the library, they see a suitcase and a handbag, they find a sweater in the suitcase, Xiao Ming leaves the library, Zhang Wei moves the sweater to the handbag.","After Xiao Ming returns to the library, where does Zhang Wei think Xiao Ming looks for the sweater?",Tote bag,Handbag,Suitcase,Backpack,C
"Zhang Wei and Xiao Ming are wandering in the library, they see a suitcase and a handbag, they find a sweater in the suitcase, Xiao Ming leaves the library, Zhang Wei moves the sweater to the handbag.","After Xiao Ming returns to the library, where does Xiao Ming think Zhang Wei looks for the sweater?",Suitcase,Cabinet,Handbag,Storage locker,A
"Xiao Wang and Xiao Ming stroll around the farm, they see a basket and a storage cabinet, they find a coat in the basket, Xiao Ming leaves the farm, Xiao Wang moves the coat to the storage cabinet.",Where is the coat now?,Suitcase,Handbag,Basket,Storage cabinet,D
"Xiao Wang and Xiao Ming stroll around the farm, they see a basket and a storage cabinet, they find a coat in the basket, Xiao Ming leaves the farm, Xiao Wang moves the coat to the storage cabinet.",Where is the jacket before?,Backpack,Basket,Storage cabinet,Handbag,B
"Xiao Wang and Xiao Ming stroll around the farm, they see a basket and a storage cabinet, they find a coat in the basket, Xiao Ming leaves the farm, Xiao Wang moves the coat to the storage cabinet.","After Xiao Ming returns to the farm, where does Xiao Wang look for the jacket?",Drawer,Handbag,Basket,Storage cabinet,D
"Xiao Wang and Xiao Ming stroll around the farm, they see a basket and a storage cabinet, they find a coat in the basket, Xiao Ming leaves the farm, Xiao Wang moves the coat to the storage cabinet.","After Xiao Ming returns to the farm, where does Xiao Ming look for the coat?",Box,Storage cabinet,Basket,Cabinet,C
"Xiao Wang and Xiao Ming stroll around the farm, they see a basket and a storage cabinet, they find a coat in the basket, Xiao Ming leaves the farm, Xiao Wang moves the coat to the storage cabinet.","After Xiao Ming returns to the farm, where does Xiao Wang think Xiao Ming looks for the jacket?",Cabinet,Handbag,Basket,Storage cabinet,C
"Xiao Wang and Xiao Ming stroll around the farm, they see a basket and a storage cabinet, they find a coat in the basket, Xiao Ming leaves the farm, Xiao Wang moves the coat to the storage cabinet.","After Xiao Ming returns to the farm, where does Xiao Ming think Xiao Wang looks for the jacket?",Storage cabinet,Box,Basket,Drawer,C
"Xiao Li and Xiao Gang are wandering in the bar, they see a box and a safe, they find a bottle in the box, Xiao Gang leaves the bar, Xiao Li moves the bottle to the safe.",Where is the bottle now?,Cabinet,Safe,Backpack,Box,B
"Xiao Li and Xiao Gang are wandering in the bar, they see a box and a safe, they find a bottle in the box, Xiao Gang leaves the bar, Xiao Li moves the bottle to the safe.",Where is the bottle before?,Handbag,Basket,Safe,Box,D
"Xiao Li and Xiao Gang are wandering in the bar, they see a box and a safe, they find a bottle in the box, Xiao Gang leaves the bar, Xiao Li moves the bottle to the safe.","After Xiao Gang returns to the bar, where does Xiao Li look for the bottle?",Box,Suitcase,Handbag,Safe,D
"Xiao Li and Xiao Gang are wandering in the bar, they see a box and a safe, they find a bottle in the box, Xiao Gang leaves the bar, Xiao Li moves the bottle to the safe.","After Xiao Gang returns to the bar, where does Xiao Gang look for the bottle?",Handbag,Box,Safe,Suitcase,B
"Xiao Li and Xiao Gang are wandering in the bar, they see a box and a safe, they find a bottle in the box, Xiao Gang leaves the bar, Xiao Li moves the bottle to the safe.","After Xiao Gang returns to the bar, where does Xiao Li think Xiao Gang looks for the bottle?",Safe,Box,Basket,Locker,B
"Xiao Li and Xiao Gang are wandering in the bar, they see a box and a safe, they find a bottle in the box, Xiao Gang leaves the bar, Xiao Li moves the bottle to the safe.","After Xiao Gang returns to the bar, where does Xiao Gang think Xiao Li looks for the bottle?",Handbag,Safe,Cabinet,Box,D
"Youyou and Li Lei stroll in the garden, they see a suitcase and a drawer, they find a ring in the suitcase, Li Lei leaves the garden, Youyou moves the ring to the drawer.",Where is the ring now?,Drawer,Handbag,Suitcase,Backpack,A
"Youyou and Li Lei stroll in the garden, they see a suitcase and a drawer, they find a ring in the suitcase, Li Lei leaves the garden, Youyou moves the ring to the drawer.",Where is the ring before?,Briefcase,Suitcase,Drawer,Basket,B
"Youyou and Li Lei stroll in the garden, they see a suitcase and a drawer, they find a ring in the suitcase, Li Lei leaves the garden, Youyou moves the ring to the drawer.","After Lilei returns to the garden, where does Youyou look for the ring?",Box,Backpack,Drawer,Suitcase,C
"Youyou and Li Lei stroll in the garden, they see a suitcase and a drawer, they find a ring in the suitcase, Li Lei leaves the garden, Youyou moves the ring to the drawer.","After Li Lei returns to the garden, where does Li Lei look for the ring?",Drawer,Box,Handbag,Suitcase,D
"Youyou and Li Lei stroll in the garden, they see a suitcase and a drawer, they find a ring in the suitcase, Li Lei leaves the garden, Youyou moves the ring to the drawer.","After Lilei returns to the garden, where does Youyou think Lilei looks for the ring?",Drawer,Handbag,Suitcase,Storage locker,C
"Youyou and Li Lei stroll in the garden, they see a suitcase and a drawer, they find a ring in the suitcase, Li Lei leaves the garden, Youyou moves the ring to the drawer.","After Li Lei returns to the garden, where does Li Lei think Youyou looks for the ring?",Drawer,Suitcase,Safe,Basket,B
"Xiao Hong and Xiao Bei are wandering in the bank, they see the lockers and cabinets, they find a scarf in the locker, Xiao Bei leaves the bank, Xiao Hong moves the scarf to the cabinet.",Where is the scarf now?,Locker,Cabinet,Suitcase,Handbag,B
"Xiao Hong and Xiao Bei are wandering in the bank, they see the lockers and cabinets, they find a scarf in the locker, Xiao Bei leaves the bank, Xiao Hong moves the scarf to the cabinet.",Where is the scarf before?,Cabinet,Backpack,Box,Locker,D
"Xiao Hong and Xiao Bei are wandering in the bank, they see the lockers and cabinets, they find a scarf in the locker, Xiao Bei leaves the bank, Xiao Hong moves the scarf to the cabinet.","After Xiao North returns to the bank, where does Xiao Red look for the scarf?",Handbag,Cabinet,Basket,Locker,B
"Xiao Hong and Xiao Bei are wandering in the bank, they see the lockers and cabinets, they find a scarf in the locker, Xiao Bei leaves the bank, Xiao Hong moves the scarf to the cabinet.","After Xiao North returns to the bank, where does Xiao North look for the scarf?",Box,Suitcase,Locker,Cabinet,C
"Xiao Hong and Xiao Bei are wandering in the bank, they see the lockers and cabinets, they find a scarf in the locker, Xiao Bei leaves the bank, Xiao Hong moves the scarf to the cabinet.","After Xiao Bei returns to the bank, where does Xiao Hong think Xiao Bei looks for the scarf?",Handbag,Locker,Cabinet,Basket,B
"Xiao Hong and Xiao Bei are wandering in the bank, they see the lockers and cabinets, they find a scarf in the locker, Xiao Bei leaves the bank, Xiao Hong moves the scarf to the cabinet.","After Xiao Bei returns to the bank, where does Xiao Bei think Xiao Hong looks for the scarf?",Locker,Cabinet,Drawer,Safe box,A
"Xiao Bei and Han Mei Mei wander around the office, they see the storage locker and the handbag, they find a pineapple in the storage locker, Han Mei Mei leaves the office, Xiao Bei moves the pineapple to the handbag.",Where is the pineapple now?,Storage locker,Handbag,Cabinet,Suitcase,B
"Xiao Bei and Han Mei Mei wander around the office, they see the storage locker and the handbag, they find a pineapple in the storage locker, Han Mei Mei leaves the office, Xiao Bei moves the pineapple to the handbag.",Where is the pineapple before?,Tote bag,Storage locker,Basket,Handbag,B
"Xiao Bei and Han Mei Mei wander around the office, they see the storage locker and the handbag, they find a pineapple in the storage locker, Han Mei Mei leaves the office, Xiao Bei moves the pineapple to the handbag.","After Han Mei Mei returns to the office, where does Xiao Bei look for the pineapple?",Handbag,Storage locker,Briefcase,Document bag,A
"Xiao Bei and Han Mei Mei wander around the office, they see the storage locker and the handbag, they find a pineapple in the storage locker, Han Mei Mei leaves the office, Xiao Bei moves the pineapple to the handbag.","After Han Mei Mei returns to the office, where does Han Mei Mei look for the pineapple?",Handbag,Drawer,Box,Locker,D
"Xiao Bei and Han Mei Mei wander around the office, they see the storage locker and the handbag, they find a pineapple in the storage locker, Han Mei Mei leaves the office, Xiao Bei moves the pineapple to the handbag.","After Han Mei Mei returns to the office, where does Xiao Bei think Han Mei Mei looks for the pineapple?",Box,Storage locker,Handbag,Suitcase,B
"Xiao Bei and Han Mei Mei wander around the office, they see the storage locker and the handbag, they find a pineapple in the storage locker, Han Mei Mei leaves the office, Xiao Bei moves the pineapple to the handbag.","After Han Mei Mei returns to the office, where does Han Mei Mei think Xiao Bei looks for the pineapple?",Storage locker,Cabinet,Drawer,Handbag,A
"Xiao Li and Xiao Gang stroll around the factory, they see backpacks and safes, they find raincoats in the backpack, Xiao Gang leaves the factory, Xiao Li moves the raincoat to the safe.",Where is the raincoat now?,Briefcase,Safe,Backpack,Basket,B
"Xiao Li and Xiao Gang stroll around the factory, they see backpacks and safes, they find raincoats in the backpack, Xiao Gang leaves the factory, Xiao Li moves the raincoat to the safe.",Where is the raincoat before?,Handbag,Backpack,Safe,Box,B
"Xiao Li and Xiao Gang stroll around the factory, they see backpacks and safes, they find raincoats in the backpack, Xiao Gang leaves the factory, Xiao Li moves the raincoat to the safe.","After Xiao Gang returns to the factory, where does Xiao Li look for the raincoat?",Backpack,Safe,Box,Basket,B
"Xiao Li and Xiao Gang stroll around the factory, they see backpacks and safes, they find raincoats in the backpack, Xiao Gang leaves the factory, Xiao Li moves the raincoat to the safe.","After Xiao Gang returns to the factory, where does Xiao Gang look for the raincoat?",Handbag,Carry-on suitcase,Safe,Backpack,D
"Xiao Li and Xiao Gang stroll around the factory, they see backpacks and safes, they find raincoats in the backpack, Xiao Gang leaves the factory, Xiao Li moves the raincoat to the safe.","After Xiao Gang returns to the factory, where does Xiao Li think Xiao Gang looks for the raincoat?",Basket,Backpack,Box,Safe,B
"Xiao Li and Xiao Gang stroll around the factory, they see backpacks and safes, they find raincoats in the backpack, Xiao Gang leaves the factory, Xiao Li moves the raincoat to the safe.","After Xiao Gang returns to the factory, where does Xiao Gang think Xiao Li looks for the raincoat?",Safe,Backpack,Cabinet,Handbag,B
"Xiao Ming and Zhang Wei are wandering in the hall, they see a handbag and a box, they find a sponge in the handbag, Zhang Wei leaves the hall, Xiao Ming moves the sponge to the box.",Where is the sponge now?,Box,Handbag,Storage locker,Briefcase,A
"Xiao Ming and Zhang Wei are wandering in the hall, they see a handbag and a box, they find a sponge in the handbag, Zhang Wei leaves the hall, Xiao Ming moves the sponge to the box.",Where is the sponge before?,Handbag,Cabinet,Box,Drawer,A
"Xiao Ming and Zhang Wei are wandering in the hall, they see a handbag and a box, they find a sponge in the handbag, Zhang Wei leaves the hall, Xiao Ming moves the sponge to the box.","After Zhang Wei returns to the hall, where does Xiao Ming look for the sponge?",Cabinet,Box,Suitcase,Handbag,B
"Xiao Ming and Zhang Wei are wandering in the hall, they see a handbag and a box, they find a sponge in the handbag, Zhang Wei leaves the hall, Xiao Ming moves the sponge to the box.","After Zhang Wei returns to the hall, where does Zhang Wei look for the sponge?",Handbag,Locker,Box,Cabinet,A
"Xiao Ming and Zhang Wei are wandering in the hall, they see a handbag and a box, they find a sponge in the handbag, Zhang Wei leaves the hall, Xiao Ming moves the sponge to the box.","After Zhang Wei returns to the hall, where does Xiao Ming think Zhang Wei looks for the sponge?",Handbag,Briefcase,Backpack,Box,A
"Xiao Ming and Zhang Wei are wandering in the hall, they see a handbag and a box, they find a sponge in the handbag, Zhang Wei leaves the hall, Xiao Ming moves the sponge to the box.","After Zhang Wei returns to the hall, where does Zhang Wei think Xiao Ming looks for the sponge?",Cabinet,Backpack,Handbag,Box,C
"Xiaogang and Xiaoming are wandering in the storage room, they see a suitcase and a briefcase, they find beets in the suitcase, Xiaoming leaves the storage room, Xiaogang moves the beets to the briefcase.",Where are the beets now?,Briefcase,Suitcase,Box,Cabinet,A
"Xiaogang and Xiaoming are wandering in the storage room, they see a suitcase and a briefcase, they find beets in the suitcase, Xiaoming leaves the storage room, Xiaogang moves the beets to the briefcase.",Where are the beets before?,Handbag,Suitcase,Backpack,Briefcase,B
"Xiaogang and Xiaoming are wandering in the storage room, they see a suitcase and a briefcase, they find beets in the suitcase, Xiaoming leaves the storage room, Xiaogang moves the beets to the briefcase.","After Xiao Ming returns to the storage room, where does Xiao Gang look for the beetroot?",Storage locker,Suitcase,Briefcase,Handbag,C
"Xiaogang and Xiaoming are wandering in the storage room, they see a suitcase and a briefcase, they find beets in the suitcase, Xiaoming leaves the storage room, Xiaogang moves the beets to the briefcase.","After Xiaoming returns to the storage room, where does Xiaoming look for the beets?",Backpack,Box,Suitcase,Briefcase,C
"Xiaogang and Xiaoming are wandering in the storage room, they see a suitcase and a briefcase, they find beets in the suitcase, Xiaoming leaves the storage room, Xiaogang moves the beets to the briefcase.","After Xiao Ming returns to the storage room, where does Xiao Gang think Xiao Ming looks for the beets?",Briefcase,Safe,Suitcase,Drawer,C
"Xiaogang and Xiaoming are wandering in the storage room, they see a suitcase and a briefcase, they find beets in the suitcase, Xiaoming leaves the storage room, Xiaogang moves the beets to the briefcase.","After Xiao Ming returns to the storage room, where does Xiao Ming think Xiao Gang looks for the beets?",Drawer,Suitcase,Briefcase,Cabinet,B
"Xiao Bei and Xiao Li are wandering in the parking lot, they see boxes and baskets, they find bananas in the box, Xiao Li leaves the parking lot, Xiao Bei moves the bananas to the basket.",Where are the bananas now?,Cabinet,Basket,Box,Suitcase,B
"Xiao Bei and Xiao Li are wandering in the parking lot, they see boxes and baskets, they find bananas in the box, Xiao Li leaves the parking lot, Xiao Bei moves the bananas to the basket.",Where are the bananas before?,Basket,Box,Cabinet,Briefcase,B
"Xiao Bei and Xiao Li are wandering in the parking lot, they see boxes and baskets, they find bananas in the box, Xiao Li leaves the parking lot, Xiao Bei moves the bananas to the basket.","After Xiao Li returns to the parking lot, where does Xiao Bei look for bananas?",Box,Basket,Backpack,Briefcase,B
"Xiao Bei and Xiao Li are wandering in the parking lot, they see boxes and baskets, they find bananas in the box, Xiao Li leaves the parking lot, Xiao Bei moves the bananas to the basket.","After Xiao Li returns to the parking lot, where does Xiao Li look for bananas?",Tote bag,Box,Handbag,Basket,B
"Xiao Bei and Xiao Li are wandering in the parking lot, they see boxes and baskets, they find bananas in the box, Xiao Li leaves the parking lot, Xiao Bei moves the bananas to the basket.","After Xiao Li returns to the parking lot, where does Xiao Bei think Xiao Li looks for the bananas?",Briefcase,Box,Basket,Cabinet,B
"Xiao Bei and Xiao Li are wandering in the parking lot, they see boxes and baskets, they find bananas in the box, Xiao Li leaves the parking lot, Xiao Bei moves the bananas to the basket.","After Xiao Li returns to the parking lot, where does Xiao Li think Xiao Bei looks for bananas?",Basket,Handbag,Box,Tote bag,C
"Xiao Hong and Youyou stroll around the clock tower, they see drawers and cabinets, they find pepper in the drawer, Youyou leaves the clock tower, Xiao Hong moves the pepper to the cabinet.",Where is the pepper now?,Backpack,Drawer,Cabinet,Suitcase,C
"Xiao Hong and Youyou stroll around the clock tower, they see drawers and cabinets, they find pepper in the drawer, Youyou leaves the clock tower, Xiao Hong moves the pepper to the cabinet.",Where is the pepper before?,Cabinet,Drawer,Briefcase,Storage locker,B
"Xiao Hong and Youyou stroll around the clock tower, they see drawers and cabinets, they find pepper in the drawer, Youyou leaves the clock tower, Xiao Hong moves the pepper to the cabinet.","After Youyou returns to the bell tower, where does Xiao Hong look for the pepper?",Drawer,Safe,Suitcase,Cabinet,D
"Xiao Hong and Youyou stroll around the clock tower, they see drawers and cabinets, they find pepper in the drawer, Youyou leaves the clock tower, Xiao Hong moves the pepper to the cabinet.","After Youyou returns to the clock tower, where does Youyou look for the pepper?",Cabinet,Drawer,Safe,Backpack,B
"Xiao Hong and Youyou stroll around the clock tower, they see drawers and cabinets, they find pepper in the drawer, Youyou leaves the clock tower, Xiao Hong moves the pepper to the cabinet.","After Youyou returns to the bell tower, where does Xiao Hong think Youyou looks for the pepper?",Box,Drawer,Cabinet,Basket,B
"Xiao Hong and Youyou stroll around the clock tower, they see drawers and cabinets, they find pepper in the drawer, Youyou leaves the clock tower, Xiao Hong moves the pepper to the cabinet.","After Youyou returns to the clock tower, where does Youyou think Xiao Hong looks for the pepper?",Drawer,Basket,Handbag,Cabinet,A
"Xiao Hong and Youyou are wandering in the classroom, they see a briefcase and a cabinet, they find a cucumber in the briefcase, Youyou leaves the classroom, Xiao Hong moves the cucumber to the cabinet.",Where is the cucumber now?,Cabinet,Handbag,Briefcase,Storage locker,A
"Xiao Hong and Youyou are wandering in the classroom, they see a briefcase and a cabinet, they find a cucumber in the briefcase, Youyou leaves the classroom, Xiao Hong moves the cucumber to the cabinet.",Where is the cucumber before?,Handbag,Briefcase,Cabinet,Box,B
"Xiao Hong and Youyou are wandering in the classroom, they see a briefcase and a cabinet, they find a cucumber in the briefcase, Youyou leaves the classroom, Xiao Hong moves the cucumber to the cabinet.","After Youyou returns to the classroom, where does Xiao Hong look for the cucumber?",Cabinet,Briefcase,Safe,Backpack,A
"Xiao Hong and Youyou are wandering in the classroom, they see a briefcase and a cabinet, they find a cucumber in the briefcase, Youyou leaves the classroom, Xiao Hong moves the cucumber to the cabinet.","After Youyou returns to the classroom, where does Youyou look for the cucumber?",Cabinet,Briefcase,Handbag,Suitcase,B
"Xiao Hong and Youyou are wandering in the classroom, they see a briefcase and a cabinet, they find a cucumber in the briefcase, Youyou leaves the classroom, Xiao Hong moves the cucumber to the cabinet.","After Youyou returns to the classroom, where does Xiao Hong think Youyou looks for the cucumber?",Handbag,Basket,Cabinet,Briefcase,D
"Xiao Hong and Youyou are wandering in the classroom, they see a briefcase and a cabinet, they find a cucumber in the briefcase, Youyou leaves the classroom, Xiao Hong moves the cucumber to the cabinet.","After Youyou returns to the classroom, where does Youyou think Xiao Hong looks for the cucumber?",Storage locker,Briefcase,Safe,Cabinet,B
"Xiaogang finds a handbag in the bedroom, the label on the handbag is cabbage, Xiaogang cannot see what is inside the handbag, Xiaogang opens the handbag and finds a hat, there is no cabbage in the handbag, Xiaogang closes the handbag and puts it back in its place, Xiaoming enters the bedroom and sees the handbag.",What is in the handbag?,Hat,Cabbage,Corn,Potato,A
"Xiaogang finds a handbag in the bedroom, the label on the handbag is cabbage, Xiaogang cannot see what is inside the handbag, Xiaogang opens the handbag and finds a hat, there is no cabbage in the handbag, Xiaogang closes the handbag and puts it back in its place, Xiaoming enters the bedroom and sees the handbag.",What should be in the handbag?,Corn,Cabbage,Zucchini,Hat,B
"Xiaogang finds a handbag in the bedroom, the label on the handbag is cabbage, Xiaogang cannot see what is inside the handbag, Xiaogang opens the handbag and finds a hat, there is no cabbage in the handbag, Xiaogang closes the handbag and puts it back in its place, Xiaoming enters the bedroom and sees the handbag.","After Xiaoming opens the handbag, what does Xiaogang expect to find in the handbag?",Plate ruler,Cabbage,Compass,Hat,D
"Xiaogang finds a handbag in the bedroom, the label on the handbag is cabbage, Xiaogang cannot see what is inside the handbag, Xiaogang opens the handbag and finds a hat, there is no cabbage in the handbag, Xiaogang closes the handbag and puts it back in its place, Xiaoming enters the bedroom and sees the handbag.","After Xiao Ming opens the handbag, what does Xiao Ming expect to find in the handbag?",Cabbage,Hat,Sweatshirt,Ring,A
"Xiaogang finds a handbag in the bedroom, the label on the handbag is cabbage, Xiaogang cannot see what is inside the handbag, Xiaogang opens the handbag and finds a hat, there is no cabbage in the handbag, Xiaogang closes the handbag and puts it back in its place, Xiaoming enters the bedroom and sees the handbag.","After Xiaoming opens the handbag, what does Xiaogang think Xiaoming expects to find in the handbag?",Hat,Cabbage,Corn,Pineapple,B
"Xiaogang finds a handbag in the bedroom, the label on the handbag is cabbage, Xiaogang cannot see what is inside the handbag, Xiaogang opens the handbag and finds a hat, there is no cabbage in the handbag, Xiaogang closes the handbag and puts it back in its place, Xiaoming enters the bedroom and sees the handbag.","After Xiao Ming opens the handbag, what does Xiao Ming think Xiao Gang expects to find in the handbag?",Scarf,Cabbage,Socks,Hat,B
"Li Lei finds a backpack in the living room, the tag on the backpack is a sweatshirt, Li Lei cannot see what is inside the backpack, Li Lei opens the backpack and finds a light bulb, there is no sweatshirt inside the backpack, Li Lei closes the backpack and puts it back where it belongs, Han Meimei enters the living room and sees the backpack.",What is inside the backpack?,Pepper powder,Jacket,Sweatshirt,Light bulb,D
"Li Lei finds a backpack in the living room, the tag on the backpack is a sweatshirt, Li Lei cannot see what is inside the backpack, Li Lei opens the backpack and finds a light bulb, there is no sweatshirt inside the backpack, Li Lei closes the backpack and puts it back where it belongs, Han Meimei enters the living room and sees the backpack.",What should be inside the backpack?,Sweatshirt,Jar,Sweater,Light bulb,A
"Li Lei finds a backpack in the living room, the tag on the backpack is a sweatshirt, Li Lei cannot see what is inside the backpack, Li Lei opens the backpack and finds a light bulb, there is no sweatshirt inside the backpack, Li Lei closes the backpack and puts it back where it belongs, Han Meimei enters the living room and sees the backpack.","After Han Meimei opens the backpack, what does Li Lei expect to find inside the backpack?",Light bulb,Sweatshirt,Cabbage,Corn,A
"Li Lei finds a backpack in the living room, the tag on the backpack is a sweatshirt, Li Lei cannot see what is inside the backpack, Li Lei opens the backpack and finds a light bulb, there is no sweatshirt inside the backpack, Li Lei closes the backpack and puts it back where it belongs, Han Meimei enters the living room and sees the backpack.","After Han Meimei opens the backpack, what does Han Meimei expect to find inside the backpack?",Sweatshirt,Light bulb,Sweater,Mask,A
"Li Lei finds a backpack in the living room, the tag on the backpack is a sweatshirt, Li Lei cannot see what is inside the backpack, Li Lei opens the backpack and finds a light bulb, there is no sweatshirt inside the backpack, Li Lei closes the backpack and puts it back where it belongs, Han Meimei enters the living room and sees the backpack.","After Han Meimei opens the backpack, what does Li Lei think Han Meimei expects to find inside the backpack?",Sweater,Mango,Light bulb,Sweatshirt,D
"Li Lei finds a backpack in the living room, the tag on the backpack is a sweatshirt, Li Lei cannot see what is inside the backpack, Li Lei opens the backpack and finds a light bulb, there is no sweatshirt inside the backpack, Li Lei closes the backpack and puts it back where it belongs, Han Meimei enters the living room and sees the backpack.","After Han Meimei opens the backpack, what does Han Meimei think Li Lei expects to find inside the backpack?",Sweatshirt,Pineapple,Light bulb,Coconut,A
"Xiao Li finds a box in the basement, the label on the box is a hat, Xiao Li cannot see what is inside the box, Xiao Li opens the box and finds a cup, there is no hat in the box, Xiao Li closes the box and puts it back in its place, Youyou enters the basement and sees the box.",What is in the box?,Cup,Hat,Plate ruler,Eggplant,A
"Xiao Li finds a box in the basement, the label on the box is a hat, Xiao Li cannot see what is inside the box, Xiao Li opens the box and finds a cup, there is no hat in the box, Xiao Li closes the box and puts it back in its place, Youyou enters the basement and sees the box.",What should be in the box?,Hat,Cup,Carrot,Button,A
"Xiao Li finds a box in the basement, the label on the box is a hat, Xiao Li cannot see what is inside the box, Xiao Li opens the box and finds a cup, there is no hat in the box, Xiao Li closes the box and puts it back in its place, Youyou enters the basement and sees the box.","After Youyou opens the box, what does Xiao Li expect to find in the box?",Potato,Hat,Cup,Mask,C
"Xiao Li finds a box in the basement, the label on the box is a hat, Xiao Li cannot see what is inside the box, Xiao Li opens the box and finds a cup, there is no hat in the box, Xiao Li closes the box and puts it back in its place, Youyou enters the basement and sees the box.","After Youyou opens the box, what does Youyou expect to find in the box?",Button,Hat,Scarf,Cup,B
"Xiao Li finds a box in the basement, the label on the box is a hat, Xiao Li cannot see what is inside the box, Xiao Li opens the box and finds a cup, there is no hat in the box, Xiao Li closes the box and puts it back in its place, Youyou enters the basement and sees the box.","After Youyou opens the box, what does Xiao Li think Youyou expects to find in the box?",Book,Eggplant,Cup,Hat,D
"Xiao Li finds a box in the basement, the label on the box is a hat, Xiao Li cannot see what is inside the box, Xiao Li opens the box and finds a cup, there is no hat in the box, Xiao Li closes the box and puts it back in its place, Youyou enters the basement and sees the box.","After Youyou opens the box, what does Youyou think Xiao Li expects to find in the box?",Hat,Bottle,Zucchini,Cup,A
"Han Meimei finds a briefcase in the kitchen, the label on the briefcase is banana, Han Meimei cannot see what is inside the briefcase, Han Meimei opens the briefcase and finds an apple, there is no banana in the briefcase, Han Meimei closes the briefcase and puts it back in its place, Xiao Ming enters the kitchen and sees the briefcase.",What is in the briefcase?,Banana,Apple,Mango,Cucumber,B
"Han Meimei finds a briefcase in the kitchen, the label on the briefcase is banana, Han Meimei cannot see what is inside the briefcase, Han Meimei opens the briefcase and finds an apple, there is no banana in the briefcase, Han Meimei closes the briefcase and puts it back in its place, Xiao Ming enters the kitchen and sees the briefcase.",What should be inside the briefcase?,Banana,Cucumber,Apple,Mango,A
"Han Meimei finds a briefcase in the kitchen, the label on the briefcase is banana, Han Meimei cannot see what is inside the briefcase, Han Meimei opens the briefcase and finds an apple, there is no banana in the briefcase, Han Meimei closes the briefcase and puts it back in its place, Xiao Ming enters the kitchen and sees the briefcase.","After Xiao Ming opens the briefcase, what does Han Meimei expect to find inside the briefcase?",Cabbage,Pineapple,Apple,Banana,C
"Han Meimei finds a briefcase in the kitchen, the label on the briefcase is banana, Han Meimei cannot see what is inside the briefcase, Han Meimei opens the briefcase and finds an apple, there is no banana in the briefcase, Han Meimei closes the briefcase and puts it back in its place, Xiao Ming enters the kitchen and sees the briefcase.","After Xiao Ming opens the briefcase, what does Xiao Ming expect to find in the briefcase?",Banana,Cabbage,Apple,Tomato,A
"Han Meimei finds a briefcase in the kitchen, the label on the briefcase is banana, Han Meimei cannot see what is inside the briefcase, Han Meimei opens the briefcase and finds an apple, there is no banana in the briefcase, Han Meimei closes the briefcase and puts it back in its place, Xiao Ming enters the kitchen and sees the briefcase.","After Xiao Ming opens the briefcase, what does Han Meimei think Xiao Ming expects to find inside the briefcase?",Banana,Tomato,Mango,Apple,A
"Han Meimei finds a briefcase in the kitchen, the label on the briefcase is banana, Han Meimei cannot see what is inside the briefcase, Han Meimei opens the briefcase and finds an apple, there is no banana in the briefcase, Han Meimei closes the briefcase and puts it back in its place, Xiao Ming enters the kitchen and sees the briefcase.","After Xiao Ming opens the briefcase, what does Xiao Ming think Han Meimei expects to find in the briefcase?",Banana,Apple,Mango,Tomato,A
"Xiao Gang finds a cabinet in the attic, the label on the cabinet is vest, Xiao Gang cannot see what is inside the cabinet, Xiao Gang opens the cabinet and finds cabbage, there is no vest inside the cabinet, Xiao Gang closes the cabinet and puts it back in place, Youyou enters the attic and sees the cabinet.",What is inside the cabinet?,Cabbage,Vest,Cucumber,Hat,A
"Xiao Gang finds a cabinet in the attic, the label on the cabinet is vest, Xiao Gang cannot see what is inside the cabinet, Xiao Gang opens the cabinet and finds cabbage, there is no vest inside the cabinet, Xiao Gang closes the cabinet and puts it back in place, Youyou enters the attic and sees the cabinet.",What should be in the cabinet?,Thermometer,Vest,Sweatshirt,Cabbage,B
"Xiao Gang finds a cabinet in the attic, the label on the cabinet is vest, Xiao Gang cannot see what is inside the cabinet, Xiao Gang opens the cabinet and finds cabbage, there is no vest inside the cabinet, Xiao Gang closes the cabinet and puts it back in place, Youyou enters the attic and sees the cabinet.","After Youyou opens the cabinet, what does Xiaogang expect to find inside the cabinet?",Vest,Cabbage,Fingerless gloves woolen sweater,Sweater,B
"Xiao Gang finds a cabinet in the attic, the label on the cabinet is vest, Xiao Gang cannot see what is inside the cabinet, Xiao Gang opens the cabinet and finds cabbage, there is no vest inside the cabinet, Xiao Gang closes the cabinet and puts it back in place, Youyou enters the attic and sees the cabinet.","After Youyou opens the cabinet, what does Youyou expect to find in the cabinet?",Pepper powder,Cabbage,Spoon,Vest,D
"Xiao Gang finds a cabinet in the attic, the label on the cabinet is vest, Xiao Gang cannot see what is inside the cabinet, Xiao Gang opens the cabinet and finds cabbage, there is no vest inside the cabinet, Xiao Gang closes the cabinet and puts it back in place, Youyou enters the attic and sees the cabinet.","After Youyou opens the cabinet, what does Xiaogang think Youyou expects to find in the cabinet?",Cabbage,Box,Vest,Carrot,C
"Xiao Gang finds a cabinet in the attic, the label on the cabinet is vest, Xiao Gang cannot see what is inside the cabinet, Xiao Gang opens the cabinet and finds cabbage, there is no vest inside the cabinet, Xiao Gang closes the cabinet and puts it back in place, Youyou enters the attic and sees the cabinet.","After Youyou opens the cabinet, what does Youyou think Xiaogang expects to find in the cabinet?",Cabbage,Vest,Calculator,Cup,B
"Xiao Ming finds a box in the garage, the label on the box is hats, Xiao Ming cannot see what is inside the box, Xiao Ming opens the box and finds a notebook, there are no hats inside the box, Xiao Ming closes the box and puts it back in its place, Xiao Li enters the garage and sees the box.",What is inside the box?,Pumpkin,Light bulb,Notebook,Hat,C
"Xiao Ming finds a box in the garage, the label on the box is hats, Xiao Ming cannot see what is inside the box, Xiao Ming opens the box and finds a notebook, there are no hats inside the box, Xiao Ming closes the box and puts it back in its place, Xiao Li enters the garage and sees the box.",What should be inside the box?,Notebook,Tie,Hat,Scarf,C
"Xiao Ming finds a box in the garage, the label on the box is hats, Xiao Ming cannot see what is inside the box, Xiao Ming opens the box and finds a notebook, there are no hats inside the box, Xiao Ming closes the box and puts it back in its place, Xiao Li enters the garage and sees the box.","After Xiao Li opens the box, what does Xiao Ming expect to find inside the box?",Notebook,Vest,Hat,Sock,A
"Xiao Ming finds a box in the garage, the label on the box is hats, Xiao Ming cannot see what is inside the box, Xiao Ming opens the box and finds a notebook, there are no hats inside the box, Xiao Ming closes the box and puts it back in its place, Xiao Li enters the garage and sees the box.","After Xiao Li opens the box, what does Xiao Li expect to find inside the box?",Cabbage,Hat,Pumpkin,Notebook,B
"Xiao Ming finds a box in the garage, the label on the box is hats, Xiao Ming cannot see what is inside the box, Xiao Ming opens the box and finds a notebook, there are no hats inside the box, Xiao Ming closes the box and puts it back in its place, Xiao Li enters the garage and sees the box.","After Xiao Li opens the box, what does Xiao Ming think Xiao Li expects to find in the box?",Notebook,Calculator,Hat,Cup,C
"Xiao Ming finds a box in the garage, the label on the box is hats, Xiao Ming cannot see what is inside the box, Xiao Ming opens the box and finds a notebook, there are no hats inside the box, Xiao Ming closes the box and puts it back in its place, Xiao Li enters the garage and sees the box.","After Xiao Li opens the box, what does Xiao Li think Xiao Ming expects to find inside the box?",Hat,Calculator,Notebook,Corn,A
"Xiao Li finds a storage cabinet in the study, the label on the storage cabinet is carrot, Xiao Li cannot see what is inside the storage cabinet, Xiao Li opens the storage cabinet and finds a coat, there are no carrots in the storage cabinet, Xiao Li closes the storage cabinet and puts it back in its place, Xiao Zhang enters the study and sees the storage cabinet.",What is in the storage cabinet?,Coat,Pencil,Carrot,Tape,A
"Xiao Li finds a storage cabinet in the study, the label on the storage cabinet is carrot, Xiao Li cannot see what is inside the storage cabinet, Xiao Li opens the storage cabinet and finds a coat, there are no carrots in the storage cabinet, Xiao Li closes the storage cabinet and puts it back in its place, Xiao Zhang enters the study and sees the storage cabinet.",What should be in the storage cabinet?,Shirt,Coconut,Coat,Carrot,D
"Xiao Li finds a storage cabinet in the study, the label on the storage cabinet is carrot, Xiao Li cannot see what is inside the storage cabinet, Xiao Li opens the storage cabinet and finds a coat, there are no carrots in the storage cabinet, Xiao Li closes the storage cabinet and puts it back in its place, Xiao Zhang enters the study and sees the storage cabinet.","After Xiao Zhang opens the storage cabinet, what does Xiao Li expect to find inside the storage cabinet?",Tie,Carrot,Calculator,Coat,D
"Xiao Li finds a storage cabinet in the study, the label on the storage cabinet is carrot, Xiao Li cannot see what is inside the storage cabinet, Xiao Li opens the storage cabinet and finds a coat, there are no carrots in the storage cabinet, Xiao Li closes the storage cabinet and puts it back in its place, Xiao Zhang enters the study and sees the storage cabinet.","After Xiao Zhang opens the storage cabinet, what does Xiao Zhang expect to find in the storage cabinet?",Coat,Carrot,Sweater,Eggplant,B
"Xiao Li finds a storage cabinet in the study, the label on the storage cabinet is carrot, Xiao Li cannot see what is inside the storage cabinet, Xiao Li opens the storage cabinet and finds a coat, there are no carrots in the storage cabinet, Xiao Li closes the storage cabinet and puts it back in its place, Xiao Zhang enters the study and sees the storage cabinet.","After Xiao Zhang opens the storage cabinet, what does Xiao Li think Xiao Zhang expects to find in the storage cabinet?",Coat,Calculator,Carrot,Shirt,C
"Xiao Li finds a storage cabinet in the study, the label on the storage cabinet is carrot, Xiao Li cannot see what is inside the storage cabinet, Xiao Li opens the storage cabinet and finds a coat, there are no carrots in the storage cabinet, Xiao Li closes the storage cabinet and puts it back in its place, Xiao Zhang enters the study and sees the storage cabinet.","After Xiao Zhang opens the storage cabinet, what does Xiao Zhang think Xiao Li expects to find in the storage cabinet?",Mask,Marker,Coat,Carrot,D
"Li Lei finds a suitcase in the basement, the label on the suitcase is carrot, Li Lei cannot see what is inside the suitcase, Li Lei opens the suitcase and finds a tie, there is no carrot inside the suitcase, Li Lei closes the suitcase and puts it back in its place, Xiao Hong enters the basement and sees the suitcase.",What is inside the suitcase?,Tie,Carrot,Plate ruler,Ring,A
"Li Lei finds a suitcase in the basement, the label on the suitcase is carrot, Li Lei cannot see what is inside the suitcase, Li Lei opens the suitcase and finds a tie, there is no carrot inside the suitcase, Li Lei closes the suitcase and puts it back in its place, Xiao Hong enters the basement and sees the suitcase.",What should be inside the suitcase?,Carrot,Tie,Coat,Scarf,A
"Li Lei finds a suitcase in the basement, the label on the suitcase is carrot, Li Lei cannot see what is inside the suitcase, Li Lei opens the suitcase and finds a tie, there is no carrot inside the suitcase, Li Lei closes the suitcase and puts it back in its place, Xiao Hong enters the basement and sees the suitcase.","After Xiao Hong opens the suitcase, what does Li Lei expect to find in the suitcase?",Raincoat,Watch,Tie,Carrot,C
"Li Lei finds a suitcase in the basement, the label on the suitcase is carrot, Li Lei cannot see what is inside the suitcase, Li Lei opens the suitcase and finds a tie, there is no carrot inside the suitcase, Li Lei closes the suitcase and puts it back in its place, Xiao Hong enters the basement and sees the suitcase.","After Xiao Hong opens the suitcase, what does Xiao Hong expect to find in the suitcase?",Box,Carrot,Tie,Shirt,B
"Li Lei finds a suitcase in the basement, the label on the suitcase is carrot, Li Lei cannot see what is inside the suitcase, Li Lei opens the suitcase and finds a tie, there is no carrot inside the suitcase, Li Lei closes the suitcase and puts it back in its place, Xiao Hong enters the basement and sees the suitcase.","After Xiao Hong opens the suitcase, what does Li Lei think Xiao Hong expects to find in the suitcase?",Marker,Carrot,Tie,Box,B
"Li Lei finds a suitcase in the basement, the label on the suitcase is carrot, Li Lei cannot see what is inside the suitcase, Li Lei opens the suitcase and finds a tie, there is no carrot inside the suitcase, Li Lei closes the suitcase and puts it back in its place, Xiao Hong enters the basement and sees the suitcase.","After Xiao Hong opens the suitcase, what does Xiao Hong think Li Lei expects to find in the suitcase?",Carrot,Bottle,Tie,Watch,A
"Youyou finds a handbag on the terrace, the label on the handbag is a mask, Youyou cannot see what is inside the handbag, Youyou opens the handbag and finds a hat, there is no mask inside the handbag, Youyou closes the handbag and puts it back in its place, Xiao Li enters the terrace and sees the handbag.",What is inside the handbag?,Cup,Mask,Vest,Hat,D
"Youyou finds a handbag on the terrace, the label on the handbag is a mask, Youyou cannot see what is inside the handbag, Youyou opens the handbag and finds a hat, there is no mask inside the handbag, Youyou closes the handbag and puts it back in its place, Xiao Li enters the terrace and sees the handbag.",What should be inside the handbag?,Sponge,Hat,Mask,Banana,C
"Youyou finds a handbag on the terrace, the label on the handbag is a mask, Youyou cannot see what is inside the handbag, Youyou opens the handbag and finds a hat, there is no mask inside the handbag, Youyou closes the handbag and puts it back in its place, Xiao Li enters the terrace and sees the handbag.","After Xiao Li opens the handbag, what does Youyou expect to find inside the handbag?",Shirt,Banana,Mask,Hat,D
"Youyou finds a handbag on the terrace, the label on the handbag is a mask, Youyou cannot see what is inside the handbag, Youyou opens the handbag and finds a hat, there is no mask inside the handbag, Youyou closes the handbag and puts it back in its place, Xiao Li enters the terrace and sees the handbag.","After Xiao Li opens the handbag, what does Xiao Li expect to find inside the handbag?",Mask,Hat,Compass,Coat,A
"Youyou finds a handbag on the terrace, the label on the handbag is a mask, Youyou cannot see what is inside the handbag, Youyou opens the handbag and finds a hat, there is no mask inside the handbag, Youyou closes the handbag and puts it back in its place, Xiao Li enters the terrace and sees the handbag.","After Xiao Li opens the handbag, what does Youyou think Xiao Li expects to find inside the handbag?",Hat,Cup,Can,Mask,D
"Youyou finds a handbag on the terrace, the label on the handbag is a mask, Youyou cannot see what is inside the handbag, Youyou opens the handbag and finds a hat, there is no mask inside the handbag, Youyou closes the handbag and puts it back in its place, Xiao Li enters the terrace and sees the handbag.","After Xiao Li opens the handbag, what does Xiao Li think Youyou expects to find inside the handbag?",Potato,Box,Hat,Mask,D
"Xiao Li finds a basket on the balcony, the label on the basket is socks, Xiao Li cannot see what is inside the basket, Xiao Li opens the basket and finds a jacket, there are no socks inside the basket, Xiao Li closes the basket and puts it back in its place, Xiao Zhang enters the balcony and sees the basket.",What is inside the basket?,Can,Corn,Socks,Jacket,D
"Xiao Li finds a basket on the balcony, the label on the basket is socks, Xiao Li cannot see what is inside the basket, Xiao Li opens the basket and finds a jacket, there are no socks inside the basket, Xiao Li closes the basket and puts it back in its place, Xiao Zhang enters the balcony and sees the basket.",What should be in the basket?,Socks,Jacket,Button,Sweatshirt,A
"Xiao Li finds a basket on the balcony, the label on the basket is socks, Xiao Li cannot see what is inside the basket, Xiao Li opens the basket and finds a jacket, there are no socks inside the basket, Xiao Li closes the basket and puts it back in its place, Xiao Zhang enters the balcony and sees the basket.","After Xiao Zhang opens the basket, what does Xiao Li expect to find in the basket?",Jacket,Corn,Tomato,Socks,A
"Xiao Li finds a basket on the balcony, the label on the basket is socks, Xiao Li cannot see what is inside the basket, Xiao Li opens the basket and finds a jacket, there are no socks inside the basket, Xiao Li closes the basket and puts it back in its place, Xiao Zhang enters the balcony and sees the basket.","After Xiao Zhang opens the basket, what does Xiao Zhang expect to find inside the basket?",Cup,Jacket,Socks,Can,C
"Xiao Li finds a basket on the balcony, the label on the basket is socks, Xiao Li cannot see what is inside the basket, Xiao Li opens the basket and finds a jacket, there are no socks inside the basket, Xiao Li closes the basket and puts it back in its place, Xiao Zhang enters the balcony and sees the basket.","After Xiao Zhang opens the basket, what does Xiao Li think Xiao Zhang expects to find in the basket?",Compass,Jacket,Socks,Mittens wool sweater,C
"Xiao Li finds a basket on the balcony, the label on the basket is socks, Xiao Li cannot see what is inside the basket, Xiao Li opens the basket and finds a jacket, there are no socks inside the basket, Xiao Li closes the basket and puts it back in its place, Xiao Zhang enters the balcony and sees the basket.","After Xiao Zhang opens the basket, what does Xiao Zhang think Xiao Li expects to find inside the basket?",Jacket,Mittens wool sweater,Socks,Cup,C
"Xiao Li finds a drawer in the lounge, the label on the drawer is buttons, Xiao Li cannot see what is inside the drawer, Xiao Li opens the drawer and finds a cup, there are no buttons in the drawer, Xiao Li closes the drawer and puts it back in its place, Xiao Bei enters the lounge and sees the drawer.",What is in the drawer?,Marker,Cup,Thermometer,Button,B
"Xiao Li finds a drawer in the lounge, the label on the drawer is buttons, Xiao Li cannot see what is inside the drawer, Xiao Li opens the drawer and finds a cup, there are no buttons in the drawer, Xiao Li closes the drawer and puts it back in its place, Xiao Bei enters the lounge and sees the drawer.",What should be inside the drawer?,Buttons,Cup,Mask,Book,A
"Xiao Li finds a drawer in the lounge, the label on the drawer is buttons, Xiao Li cannot see what is inside the drawer, Xiao Li opens the drawer and finds a cup, there are no buttons in the drawer, Xiao Li closes the drawer and puts it back in its place, Xiao Bei enters the lounge and sees the drawer.","After Xiao Bei opens the drawer, what does Xiao Li expect to find in the drawer?",Cup,Thermometer,Cabbage,Button,A
"Xiao Li finds a drawer in the lounge, the label on the drawer is buttons, Xiao Li cannot see what is inside the drawer, Xiao Li opens the drawer and finds a cup, there are no buttons in the drawer, Xiao Li closes the drawer and puts it back in its place, Xiao Bei enters the lounge and sees the drawer.","After Xiao Bei opens the drawer, what does Xiao Bei expect to find in the drawer?",Cabbage,Button,Cup,Light bulb,B
"Xiao Li finds a drawer in the lounge, the label on the drawer is buttons, Xiao Li cannot see what is inside the drawer, Xiao Li opens the drawer and finds a cup, there are no buttons in the drawer, Xiao Li closes the drawer and puts it back in its place, Xiao Bei enters the lounge and sees the drawer.","After Xiao Bei opens the drawer, what does Xiao Li think Xiao Bei expects to find in the drawer?",Bottle,Cup,Scarf,Button,D
"Xiao Li finds a drawer in the lounge, the label on the drawer is buttons, Xiao Li cannot see what is inside the drawer, Xiao Li opens the drawer and finds a cup, there are no buttons in the drawer, Xiao Li closes the drawer and puts it back in its place, Xiao Bei enters the lounge and sees the drawer.","After Xiao Bei opens the drawer, what does Xiao Bei think Xiao Li expects to find in the drawer?",Eggplant,Cup,Button,Dress,C
"Xiao Hong finds a cabinet in the library, the label on the cabinet is cups, Xiao Hong cannot see what is inside the cabinet, Xiao Hong opens the cabinet and finds potatoes, there are no cups in the cabinet, Xiao Hong closes the cabinet and puts it back in its place, Xiao Bei enters the library and sees the cabinet.",What is in the cabinet?,Cups,Thermometer,Tomato,Potato,D
"Xiao Hong finds a cabinet in the library, the label on the cabinet is cups, Xiao Hong cannot see what is inside the cabinet, Xiao Hong opens the cabinet and finds potatoes, there are no cups in the cabinet, Xiao Hong closes the cabinet and puts it back in its place, Xiao Bei enters the library and sees the cabinet.",What should be in the cabinet?,Corn,Cup,Sweater,Potato,B
"Xiao Hong finds a cabinet in the library, the label on the cabinet is cups, Xiao Hong cannot see what is inside the cabinet, Xiao Hong opens the cabinet and finds potatoes, there are no cups in the cabinet, Xiao Hong closes the cabinet and puts it back in its place, Xiao Bei enters the library and sees the cabinet.","After Xiao Bei opens the cabinet, what does Xiao Hong expect to find in the cabinet?",Cup,Box,Potato,Sock,C
"Xiao Hong finds a cabinet in the library, the label on the cabinet is cups, Xiao Hong cannot see what is inside the cabinet, Xiao Hong opens the cabinet and finds potatoes, there are no cups in the cabinet, Xiao Hong closes the cabinet and puts it back in its place, Xiao Bei enters the library and sees the cabinet.","After Xiao Bei opens the cabinet, what does Xiao Bei expect to find in the cabinet?",Cup,Potato,Sock,Calculator,A
"Xiao Hong finds a cabinet in the library, the label on the cabinet is cups, Xiao Hong cannot see what is inside the cabinet, Xiao Hong opens the cabinet and finds potatoes, there are no cups in the cabinet, Xiao Hong closes the cabinet and puts it back in its place, Xiao Bei enters the library and sees the cabinet.","After Xiao Bei opens the cabinet, what does Xiao Hong think Xiao Bei expects to find in the cabinet?",Jar,Potato,Cup,Crayon,C
"Xiao Hong finds a cabinet in the library, the label on the cabinet is cups, Xiao Hong cannot see what is inside the cabinet, Xiao Hong opens the cabinet and finds potatoes, there are no cups in the cabinet, Xiao Hong closes the cabinet and puts it back in its place, Xiao Bei enters the library and sees the cabinet.","After Xiao Bei opens the cabinet, what does Xiao Bei think Xiao Hong expects to find in the cabinet?",Potatoes,Cups,Carrots,Light bulbs,B
"Xiao Ming finds a safe on the farm, the label on the safe is a marker, Xiao Ming cannot see what is inside the safe, Xiao Ming opens the safe and finds a banana, there is no marker inside the safe, Xiao Ming closes the safe and puts it back in its place, Youyou enters the farm and sees the safe.",What is inside the safe?,Mask,Marker,Banana,Sponge,C
"Xiao Ming finds a safe on the farm, the label on the safe is a marker, Xiao Ming cannot see what is inside the safe, Xiao Ming opens the safe and finds a banana, there is no marker inside the safe, Xiao Ming closes the safe and puts it back in its place, Youyou enters the farm and sees the safe.",What should be in the safe?,Sweatshirt,Marker,Banana,Pepper powder,B
"Xiao Ming finds a safe on the farm, the label on the safe is a marker, Xiao Ming cannot see what is inside the safe, Xiao Ming opens the safe and finds a banana, there is no marker inside the safe, Xiao Ming closes the safe and puts it back in its place, Youyou enters the farm and sees the safe.","After Youyou opens the safe, what does Xiao Ming expect to find in the safe?",Marker,Banana,Watch,Cup,B
"Xiao Ming finds a safe on the farm, the label on the safe is a marker, Xiao Ming cannot see what is inside the safe, Xiao Ming opens the safe and finds a banana, there is no marker inside the safe, Xiao Ming closes the safe and puts it back in its place, Youyou enters the farm and sees the safe.","After Youyou opens the safe, what does Youyou expect to find inside the safe?",Marker,Jar,Book,Banana,A
"Xiao Ming finds a safe on the farm, the label on the safe is a marker, Xiao Ming cannot see what is inside the safe, Xiao Ming opens the safe and finds a banana, there is no marker inside the safe, Xiao Ming closes the safe and puts it back in its place, Youyou enters the farm and sees the safe.","After Youyou opens the safe, what does Xiao Ming think Youyou expects to find in the safe?",Tomato,Marker,Banana,Cup,B
"Xiao Ming finds a safe on the farm, the label on the safe is a marker, Xiao Ming cannot see what is inside the safe, Xiao Ming opens the safe and finds a banana, there is no marker inside the safe, Xiao Ming closes the safe and puts it back in its place, Youyou enters the farm and sees the safe.","After Youyou opens the safe, what does Youyou think Xiao Ming expects to find in the safe?",Marker,Compass,Banana,Coconut,A
"Li Lei finds a handbag in the bar, the tag on the handbag is a cup, Li Lei cannot see what is inside the handbag, Li Lei opens the handbag and finds a pencil, there is no cup inside the handbag, Li Lei closes the handbag and puts it back in its place, Xiao Bei enters the bar and sees the handbag.",What is inside the handbag?,Pencil,Cucumber,Cup,Calculator,A
"Li Lei finds a handbag in the bar, the tag on the handbag is a cup, Li Lei cannot see what is inside the handbag, Li Lei opens the handbag and finds a pencil, there is no cup inside the handbag, Li Lei closes the handbag and puts it back in its place, Xiao Bei enters the bar and sees the handbag.",What should be inside the handbag?,Pencil,Cup,Dress,Watch,B
"Li Lei finds a handbag in the bar, the tag on the handbag is a cup, Li Lei cannot see what is inside the handbag, Li Lei opens the handbag and finds a pencil, there is no cup inside the handbag, Li Lei closes the handbag and puts it back in its place, Xiao Bei enters the bar and sees the handbag.","After Xiao Bei opens the handbag, what does Li Lei expect to find inside the handbag?",Watch,Pencil,Sock,Cup,B
"Li Lei finds a handbag in the bar, the tag on the handbag is a cup, Li Lei cannot see what is inside the handbag, Li Lei opens the handbag and finds a pencil, there is no cup inside the handbag, Li Lei closes the handbag and puts it back in its place, Xiao Bei enters the bar and sees the handbag.","After Xiao Bei opens the handbag, what does Xiao Bei expect to find inside the handbag?",Cup,Jacket,Coconut,Pencil,A
"Li Lei finds a handbag in the bar, the tag on the handbag is a cup, Li Lei cannot see what is inside the handbag, Li Lei opens the handbag and finds a pencil, there is no cup inside the handbag, Li Lei closes the handbag and puts it back in its place, Xiao Bei enters the bar and sees the handbag.","After Xiao Bei opens the handbag, what does Li Lei think Xiao Bei expects to find inside the handbag?",Coat,Cup,Pencil,Beet,B
"Li Lei finds a handbag in the bar, the tag on the handbag is a cup, Li Lei cannot see what is inside the handbag, Li Lei opens the handbag and finds a pencil, there is no cup inside the handbag, Li Lei closes the handbag and puts it back in its place, Xiao Bei enters the bar and sees the handbag.","After Xiao Bei opens the handbag, what does Xiao Bei think Li Lei expects to find in the handbag?",Pencil,Mittens wool sweater,Light bulb,Cup,D
"Han Meimei finds a backpack in the garden, the label on the backpack is tomato, Han Meimei cannot see what is inside the backpack, Han Meimei opens the backpack and finds a light bulb, there are no tomatoes in the backpack, Han Meimei closes the backpack and puts it back in its place, Li Lei enters the garden and sees the backpack.",What is in the backpack?,Hat,Eggplant,Tomato,Light bulb,D
"Han Meimei finds a backpack in the garden, the label on the backpack is tomato, Han Meimei cannot see what is inside the backpack, Han Meimei opens the backpack and finds a light bulb, there are no tomatoes in the backpack, Han Meimei closes the backpack and puts it back in its place, Li Lei enters the garden and sees the backpack.",What should be inside the backpack?,Light bulb,Cucumber,Tomato,Zucchini,C
"Han Meimei finds a backpack in the garden, the label on the backpack is tomato, Han Meimei cannot see what is inside the backpack, Han Meimei opens the backpack and finds a light bulb, there are no tomatoes in the backpack, Han Meimei closes the backpack and puts it back in its place, Li Lei enters the garden and sees the backpack.","After Li Lei opens the backpack, what does Han Meimei expect to find inside the backpack?",Tomato,Light bulb,Thermometer,Dress,B
"Han Meimei finds a backpack in the garden, the label on the backpack is tomato, Han Meimei cannot see what is inside the backpack, Han Meimei opens the backpack and finds a light bulb, there are no tomatoes in the backpack, Han Meimei closes the backpack and puts it back in its place, Li Lei enters the garden and sees the backpack.","After Li Lei opens the backpack, what does Li Lei expect to find in the backpack?",Light bulb,Box,Tomato,Coat,C
"Han Meimei finds a backpack in the garden, the label on the backpack is tomato, Han Meimei cannot see what is inside the backpack, Han Meimei opens the backpack and finds a light bulb, there are no tomatoes in the backpack, Han Meimei closes the backpack and puts it back in its place, Li Lei enters the garden and sees the backpack.","After Li Lei opens the backpack, what does Han Meimei think Li Lei expects to find in the backpack?",light bulb,coconut,tomato,jacket,C
"Han Meimei finds a backpack in the garden, the label on the backpack is tomato, Han Meimei cannot see what is inside the backpack, Han Meimei opens the backpack and finds a light bulb, there are no tomatoes in the backpack, Han Meimei closes the backpack and puts it back in its place, Li Lei enters the garden and sees the backpack.","After Li Lei opens the backpack, what does Li Lei think Han Meimei expects to find inside the backpack?",Tomato,Light bulb,Banana,Jacket,A
"Xiao Ming finds a box in the bank, the label on the box is chalk, Xiao Ming cannot see what is inside the box, Xiao Ming opens the box and finds a pencil, there is no chalk in the box, Xiao Ming closes the box and puts it back in its place, Xiao Li enters the bank and sees the box.",What is in the box?,Socks,Chalk,Pencil,Mango,C
"Xiao Ming finds a box in the bank, the label on the box is chalk, Xiao Ming cannot see what is inside the box, Xiao Ming opens the box and finds a pencil, there is no chalk in the box, Xiao Ming closes the box and puts it back in its place, Xiao Li enters the bank and sees the box.",What should be in the box?,Crayon,Pencil,Light bulb,Chalk,D
"Xiao Ming finds a box in the bank, the label on the box is chalk, Xiao Ming cannot see what is inside the box, Xiao Ming opens the box and finds a pencil, there is no chalk in the box, Xiao Ming closes the box and puts it back in its place, Xiao Li enters the bank and sees the box.","After Xiao Li opens the box, what does Xiao Ming expect to find in the box?",Shirt,Socks,Pencil,Chalk,C
"Xiao Ming finds a box in the bank, the label on the box is chalk, Xiao Ming cannot see what is inside the box, Xiao Ming opens the box and finds a pencil, there is no chalk in the box, Xiao Ming closes the box and puts it back in its place, Xiao Li enters the bank and sees the box.","After Xiao Li opens the box, what does Xiao Li expect to find inside the box?",Carrot,Box,Chalk,Pencil,C
"Xiao Ming finds a box in the bank, the label on the box is chalk, Xiao Ming cannot see what is inside the box, Xiao Ming opens the box and finds a pencil, there is no chalk in the box, Xiao Ming closes the box and puts it back in its place, Xiao Li enters the bank and sees the box.","After Xiao Li opens the box, what does Xiao Ming think Xiao Li expects to find in the box?",Chalk,Thermometer,Box,Pencil,A
"Xiao Ming finds a box in the bank, the label on the box is chalk, Xiao Ming cannot see what is inside the box, Xiao Ming opens the box and finds a pencil, there is no chalk in the box, Xiao Ming closes the box and puts it back in its place, Xiao Li enters the bank and sees the box.","After Xiao Li opens the box, what does Xiao Li think Xiao Ming expects to find in the box?",Sweatshirt,Chalk,Pencil,Ring,B
"Li Lei finds a briefcase in the office, the label on the briefcase is beetroot, Li Lei cannot see what is inside the briefcase, Li Lei opens the briefcase and finds a banana, there is no beetroot inside the briefcase, Li Lei closes the briefcase and puts it back in its place, Xiao Ming enters the office and sees the briefcase.",What is inside the briefcase?,Zucchini,Banana,Cup,Beetroot,B
"Li Lei finds a briefcase in the office, the label on the briefcase is beetroot, Li Lei cannot see what is inside the briefcase, Li Lei opens the briefcase and finds a banana, there is no beetroot inside the briefcase, Li Lei closes the briefcase and puts it back in its place, Xiao Ming enters the office and sees the briefcase.",What should be inside the briefcase?,Light bulb,Scarf,Beetroot,Banana,C
"Li Lei finds a briefcase in the office, the label on the briefcase is beetroot, Li Lei cannot see what is inside the briefcase, Li Lei opens the briefcase and finds a banana, there is no beetroot inside the briefcase, Li Lei closes the briefcase and puts it back in its place, Xiao Ming enters the office and sees the briefcase.","After Xiao Ming opens the briefcase, what does Li Lei expect to find inside the briefcase?",Beetroot,Thermometer,Pumpkin,Banana,D
"Li Lei finds a briefcase in the office, the label on the briefcase is beetroot, Li Lei cannot see what is inside the briefcase, Li Lei opens the briefcase and finds a banana, there is no beetroot inside the briefcase, Li Lei closes the briefcase and puts it back in its place, Xiao Ming enters the office and sees the briefcase.","After Xiao Ming opens the briefcase, what does Xiao Ming expect to find inside the briefcase?",Banana,Pineapple,Beetroot,Scarf,C
"Li Lei finds a briefcase in the office, the label on the briefcase is beetroot, Li Lei cannot see what is inside the briefcase, Li Lei opens the briefcase and finds a banana, there is no beetroot inside the briefcase, Li Lei closes the briefcase and puts it back in its place, Xiao Ming enters the office and sees the briefcase.","After Xiao Ming opens the briefcase, what does Li Lei think Xiao Ming expects to find inside the briefcase?",Banana,Potato,Tie,Beetroot,D
"Li Lei finds a briefcase in the office, the label on the briefcase is beetroot, Li Lei cannot see what is inside the briefcase, Li Lei opens the briefcase and finds a banana, there is no beetroot inside the briefcase, Li Lei closes the briefcase and puts it back in its place, Xiao Ming enters the office and sees the briefcase.","After Xiao Ming opens the briefcase, what does Xiao Ming think Li Lei expects to find in the briefcase?",Banana,Can,Sponge,Beetroot,D
"Xiao Li finds a cabinet in the factory, the label on the cabinet is eggplant, Xiao Li cannot see what is inside the cabinet, Xiao Li opens the cabinet and finds beetroot, there is no eggplant inside the cabinet, Xiao Li closes the cabinet and puts it back in its place, Han Meimei enters the factory and sees the cabinet.",What is inside the cabinet?,Box,Cup,Beetroot,Eggplant,C
"Xiao Li finds a cabinet in the factory, the label on the cabinet is eggplant, Xiao Li cannot see what is inside the cabinet, Xiao Li opens the cabinet and finds beetroot, there is no eggplant inside the cabinet, Xiao Li closes the cabinet and puts it back in its place, Han Meimei enters the factory and sees the cabinet.",What should be inside the cabinet?,Tomato,Cabbage,Eggplant,Beetroot,C
"Xiao Li finds a cabinet in the factory, the label on the cabinet is eggplant, Xiao Li cannot see what is inside the cabinet, Xiao Li opens the cabinet and finds beetroot, there is no eggplant inside the cabinet, Xiao Li closes the cabinet and puts it back in its place, Han Meimei enters the factory and sees the cabinet.","After Han Meimei opens the cabinet, what does Xiao Li expect to find inside the cabinet?",Light bulb,Raincoat,Beetroot,Eggplant,C
"Xiao Li finds a cabinet in the factory, the label on the cabinet is eggplant, Xiao Li cannot see what is inside the cabinet, Xiao Li opens the cabinet and finds beetroot, there is no eggplant inside the cabinet, Xiao Li closes the cabinet and puts it back in its place, Han Meimei enters the factory and sees the cabinet.","After Han Meimei opens the cabinet, what does Han Meimei expect to find inside the cabinet?",Vest,Beetroot,Pencil,Eggplant,D
"Xiao Li finds a cabinet in the factory, the label on the cabinet is eggplant, Xiao Li cannot see what is inside the cabinet, Xiao Li opens the cabinet and finds beetroot, there is no eggplant inside the cabinet, Xiao Li closes the cabinet and puts it back in its place, Han Meimei enters the factory and sees the cabinet.","After Han Meimei opens the cabinet, what does Xiao Li think Han Meimei expects to find inside the cabinet?",Beetroot,Eggplant,Sponge,Tomato,B
"Xiao Li finds a cabinet in the factory, the label on the cabinet is eggplant, Xiao Li cannot see what is inside the cabinet, Xiao Li opens the cabinet and finds beetroot, there is no eggplant inside the cabinet, Xiao Li closes the cabinet and puts it back in its place, Han Meimei enters the factory and sees the cabinet.","After Han Meimei opens the cabinet, what does Han Meimei think Xiao Li expects to find inside the cabinet?",Watch,Eggplant,Pineapple,Beetroot,B
"Xiao Li finds a box in the hall, the label on the box is a vest, Xiao Li cannot see what is inside the box, Xiao Li opens the box and finds a hoodie, there is no vest inside the box, Xiao Li closes the box and puts it back in its place, Li Lei enters the hall and sees the box.",What is inside the box?,Pencil,Cucumber,Vest,Hoodie,D
"Xiao Li finds a box in the hall, the label on the box is a vest, Xiao Li cannot see what is inside the box, Xiao Li opens the box and finds a hoodie, there is no vest inside the box, Xiao Li closes the box and puts it back in its place, Li Lei enters the hall and sees the box.",What should be inside the box?,Vest,Calculator,Sponge,Hoodie,A
"Xiao Li finds a box in the hall, the label on the box is a vest, Xiao Li cannot see what is inside the box, Xiao Li opens the box and finds a hoodie, there is no vest inside the box, Xiao Li closes the box and puts it back in its place, Li Lei enters the hall and sees the box.","After Li Lei opens the box, what does Xiao Li expect to find inside the box?",Coconut,Banana,Hoodie,Vest,C
"Xiao Li finds a box in the hall, the label on the box is a vest, Xiao Li cannot see what is inside the box, Xiao Li opens the box and finds a hoodie, there is no vest inside the box, Xiao Li closes the box and puts it back in its place, Li Lei enters the hall and sees the box.","After Li Lei opens the box, what does Li Lei expect to find in the box?",Sweatshirt,Ring,Cucumber,Vest,D
"Xiao Li finds a box in the hall, the label on the box is a vest, Xiao Li cannot see what is inside the box, Xiao Li opens the box and finds a hoodie, there is no vest inside the box, Xiao Li closes the box and puts it back in its place, Li Lei enters the hall and sees the box.","After Li Lei opens the box, what does Xiao Li think Li Lei expects to find in the box?",Sponge,Pumpkin,Sweatshirt,Vest,D
"Xiao Li finds a box in the hall, the label on the box is a vest, Xiao Li cannot see what is inside the box, Xiao Li opens the box and finds a hoodie, there is no vest inside the box, Xiao Li closes the box and puts it back in its place, Li Lei enters the hall and sees the box.","After Li Lei opens the box, what does Li Lei think Xiao Li expects to find in the box?",Tomato,Hoodie,Vest,Compass,C
"Xiao Li finds a storage locker in the storage room, the label on the storage locker is zucchini, Xiao Li cannot see what is inside the storage locker, Xiao Li opens the storage locker and finds crayons, there is no zucchini in the storage locker, Xiao Li closes the storage locker and puts it back in its place, Zhang Wei enters the storage room and sees the storage locker.",What is in the storage locker?,Crayons,Coconut,Beet,Zucchini,A
"Xiao Li finds a storage locker in the storage room, the label on the storage locker is zucchini, Xiao Li cannot see what is inside the storage locker, Xiao Li opens the storage locker and finds crayons, there is no zucchini in the storage locker, Xiao Li closes the storage locker and puts it back in its place, Zhang Wei enters the storage room and sees the storage locker.",What should be inside the storage locker?,Crayons,Zucchini,Chalk,Calculator,B
"Xiao Li finds a storage locker in the storage room, the label on the storage locker is zucchini, Xiao Li cannot see what is inside the storage locker, Xiao Li opens the storage locker and finds crayons, there is no zucchini in the storage locker, Xiao Li closes the storage locker and puts it back in its place, Zhang Wei enters the storage room and sees the storage locker.","After Zhang Wei opens the storage locker, what does Xiao Li expect to find inside the storage locker?",Zucchini,Carrot,Crayon,Scarf,C
"Xiao Li finds a storage locker in the storage room, the label on the storage locker is zucchini, Xiao Li cannot see what is inside the storage locker, Xiao Li opens the storage locker and finds crayons, there is no zucchini in the storage locker, Xiao Li closes the storage locker and puts it back in its place, Zhang Wei enters the storage room and sees the storage locker.","After Zhang Wei opens the storage locker, what does Zhang Wei expect to find in the storage locker?",Compass,Mango,Zucchini,Crayon,C
"Xiao Li finds a storage locker in the storage room, the label on the storage locker is zucchini, Xiao Li cannot see what is inside the storage locker, Xiao Li opens the storage locker and finds crayons, there is no zucchini in the storage locker, Xiao Li closes the storage locker and puts it back in its place, Zhang Wei enters the storage room and sees the storage locker.","After Zhang Wei opens the storage locker, what does Xiao Li think Zhang Wei expects to find in the storage locker?",Durian,Crayon,Zucchini,Pumpkin,C
"Xiao Li finds a storage locker in the storage room, the label on the storage locker is zucchini, Xiao Li cannot see what is inside the storage locker, Xiao Li opens the storage locker and finds crayons, there is no zucchini in the storage locker, Xiao Li closes the storage locker and puts it back in its place, Zhang Wei enters the storage room and sees the storage locker.","After Zhang Wei opens the storage locker, what does Zhang Wei think Xiao Li expects to find in the storage locker?",Crayons,Zucchini,Raincoat,Compass,B
"Xiao Bei finds a suitcase in the parking lot, the label on the suitcase is corn, Xiao Bei cannot see what is inside the suitcase, Xiao Bei opens the suitcase and finds a pencil, there is no corn inside the suitcase, Xiao Bei closes the suitcase and puts it back in its place, Xiao Ming enters the parking lot and sees the suitcase.",What is inside the suitcase?,Pencil,Compass,Corn,Watch,A
"Xiao Bei finds a suitcase in the parking lot, the label on the suitcase is corn, Xiao Bei cannot see what is inside the suitcase, Xiao Bei opens the suitcase and finds a pencil, there is no corn inside the suitcase, Xiao Bei closes the suitcase and puts it back in its place, Xiao Ming enters the parking lot and sees the suitcase.",What should be inside the suitcase?,Pencil,Sweatshirt,Corn,Calculator,C
"Xiao Bei finds a suitcase in the parking lot, the label on the suitcase is corn, Xiao Bei cannot see what is inside the suitcase, Xiao Bei opens the suitcase and finds a pencil, there is no corn inside the suitcase, Xiao Bei closes the suitcase and puts it back in its place, Xiao Ming enters the parking lot and sees the suitcase.","After Xiao Ming opens the suitcase, what does Xiao Bei expect to find inside the suitcase?",Zucchini,Raincoat,Pencil,Corn,C
"Xiao Bei finds a suitcase in the parking lot, the label on the suitcase is corn, Xiao Bei cannot see what is inside the suitcase, Xiao Bei opens the suitcase and finds a pencil, there is no corn inside the suitcase, Xiao Bei closes the suitcase and puts it back in its place, Xiao Ming enters the parking lot and sees the suitcase.","After Xiao Ming opens the suitcase, what does Xiao Ming expect to find inside the suitcase?",Pencil,Watch,Corn,Socks,C
"Xiao Bei finds a suitcase in the parking lot, the label on the suitcase is corn, Xiao Bei cannot see what is inside the suitcase, Xiao Bei opens the suitcase and finds a pencil, there is no corn inside the suitcase, Xiao Bei closes the suitcase and puts it back in its place, Xiao Ming enters the parking lot and sees the suitcase.","After Xiao Ming opens the suitcase, what does Xiao Bei think Xiao Ming expects to find inside the suitcase?",Corn,Hat,Pencil,Light bulb,A
"Xiao Bei finds a suitcase in the parking lot, the label on the suitcase is corn, Xiao Bei cannot see what is inside the suitcase, Xiao Bei opens the suitcase and finds a pencil, there is no corn inside the suitcase, Xiao Bei closes the suitcase and puts it back in its place, Xiao Ming enters the parking lot and sees the suitcase.","After Xiao Ming opens the suitcase, what does Xiao Ming think Xiao Bei expects to find inside the suitcase?",Corn,Sponge,Pencil,Durian,A
"Xiao Ming finds a handbag in the bell tower, the label on the handbag is a hat, Xiao Ming cannot see what is inside the handbag, Xiao Ming opens the handbag and finds a sponge, there is no hat inside the handbag, Xiao Ming closes the handbag and puts it back in its place, Zhang Wei enters the bell tower and sees the handbag.",What is inside the handbag?,Sponge,Socks,Hat,Calculator,A
"Xiao Ming finds a handbag in the bell tower, the label on the handbag is a hat, Xiao Ming cannot see what is inside the handbag, Xiao Ming opens the handbag and finds a sponge, there is no hat inside the handbag, Xiao Ming closes the handbag and puts it back in its place, Zhang Wei enters the bell tower and sees the handbag.",What should be inside the handbag?,Cabbage,Hat,Sponge,Pencil,B
"Xiao Ming finds a handbag in the bell tower, the label on the handbag is a hat, Xiao Ming cannot see what is inside the handbag, Xiao Ming opens the handbag and finds a sponge, there is no hat inside the handbag, Xiao Ming closes the handbag and puts it back in its place, Zhang Wei enters the bell tower and sees the handbag.","After Zhang Wei opens the handbag, what does Xiao Ming expect to find inside the handbag?",Hat,Mask,Watch,Sponge,D
"Xiao Ming finds a handbag in the bell tower, the label on the handbag is a hat, Xiao Ming cannot see what is inside the handbag, Xiao Ming opens the handbag and finds a sponge, there is no hat inside the handbag, Xiao Ming closes the handbag and puts it back in its place, Zhang Wei enters the bell tower and sees the handbag.","After Zhang Wei opens the handbag, what does Zhang Wei expect to find inside the handbag?",Pumpkin,Sponge,Hat,Thermometer,C
"Xiao Ming finds a handbag in the bell tower, the label on the handbag is a hat, Xiao Ming cannot see what is inside the handbag, Xiao Ming opens the handbag and finds a sponge, there is no hat inside the handbag, Xiao Ming closes the handbag and puts it back in its place, Zhang Wei enters the bell tower and sees the handbag.","After Zhang Wei opens the handbag, what does Xiao Ming think Zhang Wei expects to find inside the handbag?",Bottle,Socks,Sponge,Hat,D
"Xiao Ming finds a handbag in the bell tower, the label on the handbag is a hat, Xiao Ming cannot see what is inside the handbag, Xiao Ming opens the handbag and finds a sponge, there is no hat inside the handbag, Xiao Ming closes the handbag and puts it back in its place, Zhang Wei enters the bell tower and sees the handbag.","After Zhang Wei opens the handbag, what does Zhang Wei think Xiao Ming expects to find inside the handbag?",Hat,Mask,Watch,Sponge,A
"Youyou finds a basket in the classroom, the label on the basket is a button, Youyou cannot see what is inside the basket, Youyou opens the basket and finds tomatoes, there are no buttons in the basket, Youyou closes the basket and puts it back in its place, Lilei enters the classroom and sees the basket.",What is in the basket?,Tomatoes,Button,Plate ruler,Potato,A
"Youyou finds a basket in the classroom, the label on the basket is a button, Youyou cannot see what is inside the basket, Youyou opens the basket and finds tomatoes, there are no buttons in the basket, Youyou closes the basket and puts it back in its place, Lilei enters the classroom and sees the basket.",What should be in the basket?,Tomatoes,Corn,Shirt,Button,D
"Youyou finds a basket in the classroom, the label on the basket is a button, Youyou cannot see what is inside the basket, Youyou opens the basket and finds tomatoes, there are no buttons in the basket, Youyou closes the basket and puts it back in its place, Lilei enters the classroom and sees the basket.","After Li Lei opens the basket, what does Youyou expect to find inside the basket?",Button,Tomato,Finger gloves wool sweater,Pineapple,B
"Youyou finds a basket in the classroom, the label on the basket is a button, Youyou cannot see what is inside the basket, Youyou opens the basket and finds tomatoes, there are no buttons in the basket, Youyou closes the basket and puts it back in its place, Lilei enters the classroom and sees the basket.","After Lilei opens the basket, what does Lilei expect to find in the basket?",Notebook,Button,Sweater,Tomato,B
"Youyou finds a basket in the classroom, the label on the basket is a button, Youyou cannot see what is inside the basket, Youyou opens the basket and finds tomatoes, there are no buttons in the basket, Youyou closes the basket and puts it back in its place, Lilei enters the classroom and sees the basket.","After Lilei opens the basket, what does Youyou think Lilei expects to find in the basket?",Tomatoes,Raincoat,Button,Tape,C
"Youyou finds a basket in the classroom, the label on the basket is a button, Youyou cannot see what is inside the basket, Youyou opens the basket and finds tomatoes, there are no buttons in the basket, Youyou closes the basket and puts it back in its place, Lilei enters the classroom and sees the basket.","After Lilei opens the basket, what does Lilei think Youyou expects to find in the basket?",Cup,Tomato,Tie,Button,D
"Xiao Hong finds a drawer in the reading room, the label on the drawer is banana, Xiao Hong cannot see what is inside the drawer, Xiao Hong opens the drawer and finds beetroot, there are no bananas in the drawer, Xiao Hong closes the drawer and puts it back in its place, Xiao Bei enters the reading room and sees the drawer.",What is in the drawer?,Banana,Beetroot,Chalk,Cup,B
"Xiao Hong finds a drawer in the reading room, the label on the drawer is banana, Xiao Hong cannot see what is inside the drawer, Xiao Hong opens the drawer and finds beetroot, there are no bananas in the drawer, Xiao Hong closes the drawer and puts it back in its place, Xiao Bei enters the reading room and sees the drawer.",What should be in the drawer?,Coconut,Banana,Beetroot,Notebook,B
"Xiao Hong finds a drawer in the reading room, the label on the drawer is banana, Xiao Hong cannot see what is inside the drawer, Xiao Hong opens the drawer and finds beetroot, there are no bananas in the drawer, Xiao Hong closes the drawer and puts it back in its place, Xiao Bei enters the reading room and sees the drawer.","After Xiao Bei opens the drawer, what does Xiao Hong expect to find in the drawer?",Beetroot,Banana,Finger gloves wool sweater,Eggplant,A
"Xiao Hong finds a drawer in the reading room, the label on the drawer is banana, Xiao Hong cannot see what is inside the drawer, Xiao Hong opens the drawer and finds beetroot, there are no bananas in the drawer, Xiao Hong closes the drawer and puts it back in its place, Xiao Bei enters the reading room and sees the drawer.","After Xiao Bei opens the drawer, what does Xiao Bei expect to find in the drawer?",Tie,Dress,Beetroot,Banana,D
"Xiao Hong finds a drawer in the reading room, the label on the drawer is banana, Xiao Hong cannot see what is inside the drawer, Xiao Hong opens the drawer and finds beetroot, there are no bananas in the drawer, Xiao Hong closes the drawer and puts it back in its place, Xiao Bei enters the reading room and sees the drawer.","After Xiao Bei opens the drawer, what does Xiao Hong think Xiao Bei expects to find in the drawer?",Plate ruler,Beetroot,Banana,Shirt,C
"Xiao Hong finds a drawer in the reading room, the label on the drawer is banana, Xiao Hong cannot see what is inside the drawer, Xiao Hong opens the drawer and finds beetroot, there are no bananas in the drawer, Xiao Hong closes the drawer and puts it back in its place, Xiao Bei enters the reading room and sees the drawer.","After Xiao Bei opens the drawer, what does Xiao Bei think Xiao Hong expects to find in the drawer?",Pumpkin,Button,Banana,Beetroot,C
"Xiao Hong finds a cabinet in the smoking room, the label on the cabinet is zucchini, Xiao Hong cannot see what is inside the cabinet, Xiao Hong opens the cabinet and finds a jacket, there is no zucchini in the cabinet, Xiao Hong closes the cabinet and puts it back in its place, Xiao Gang enters the smoking room and sees the cabinet.",What is in the cabinet?,Zucchini,Calculator,Coat,Jacket,D
"Xiao Hong finds a cabinet in the smoking room, the label on the cabinet is zucchini, Xiao Hong cannot see what is inside the cabinet, Xiao Hong opens the cabinet and finds a jacket, there is no zucchini in the cabinet, Xiao Hong closes the cabinet and puts it back in its place, Xiao Gang enters the smoking room and sees the cabinet.",What should be in the cabinet?,Banana,Sponge,Jacket,Zucchini,D
"Xiao Hong finds a cabinet in the smoking room, the label on the cabinet is zucchini, Xiao Hong cannot see what is inside the cabinet, Xiao Hong opens the cabinet and finds a jacket, there is no zucchini in the cabinet, Xiao Hong closes the cabinet and puts it back in its place, Xiao Gang enters the smoking room and sees the cabinet.","After Xiao Gang opens the cabinet, what does Xiao Hong expect to find in the cabinet?",Zucchini,Jacket,Cabbage,Tie,B
"Xiao Hong finds a cabinet in the smoking room, the label on the cabinet is zucchini, Xiao Hong cannot see what is inside the cabinet, Xiao Hong opens the cabinet and finds a jacket, there is no zucchini in the cabinet, Xiao Hong closes the cabinet and puts it back in its place, Xiao Gang enters the smoking room and sees the cabinet.","After Xiao Gang opens the cabinet, what does Xiao Gang expect to find in the cabinet?",Thermometer,Jacket,Pepper powder,Zucchini,D
"Xiao Hong finds a cabinet in the smoking room, the label on the cabinet is zucchini, Xiao Hong cannot see what is inside the cabinet, Xiao Hong opens the cabinet and finds a jacket, there is no zucchini in the cabinet, Xiao Hong closes the cabinet and puts it back in its place, Xiao Gang enters the smoking room and sees the cabinet.","After Xiao Gang opens the cabinet, what does Xiao Hong think Xiao Gang expects to find in the cabinet?",Jacket,Potato,Cup,Zucchini,D
"Xiao Hong finds a cabinet in the smoking room, the label on the cabinet is zucchini, Xiao Hong cannot see what is inside the cabinet, Xiao Hong opens the cabinet and finds a jacket, there is no zucchini in the cabinet, Xiao Hong closes the cabinet and puts it back in its place, Xiao Gang enters the smoking room and sees the cabinet.","After Xiao Gang opens the cabinet, what does Xiao Gang think Xiao Hong expects to find in the cabinet?",Ring,Jacket,Cabbage,Zucchini,D
"Xiao Li finds a safe in the laundry room, the label on the safe is sponge, Xiao Li cannot see what is inside the safe, Xiao Li opens the safe and finds pepper powder, there is no sponge inside the safe, Xiao Li closes the safe and puts it back in its place, Youyou enters the laundry room and sees the safe.",What is inside the safe?,Sponge,Pepper powder,Carrot,Coconut,B
"Xiao Li finds a safe in the laundry room, the label on the safe is sponge, Xiao Li cannot see what is inside the safe, Xiao Li opens the safe and finds pepper powder, there is no sponge inside the safe, Xiao Li closes the safe and puts it back in its place, Youyou enters the laundry room and sees the safe.",What should be inside the safe?,Beetroot,Box,Sponge,Pepper powder,C
"Xiao Li finds a safe in the laundry room, the label on the safe is sponge, Xiao Li cannot see what is inside the safe, Xiao Li opens the safe and finds pepper powder, there is no sponge inside the safe, Xiao Li closes the safe and puts it back in its place, Youyou enters the laundry room and sees the safe.","After Youyou opens the safe, what does Xiao Li expect to find inside the safe?",Pepper powder,Box,Eggplant,Sponge,A
"Xiao Li finds a safe in the laundry room, the label on the safe is sponge, Xiao Li cannot see what is inside the safe, Xiao Li opens the safe and finds pepper powder, there is no sponge inside the safe, Xiao Li closes the safe and puts it back in its place, Youyou enters the laundry room and sees the safe.","After Youyou opens the safe, what does Youyou expect to find inside the safe?",Potato,Pepper,Pumpkin,Sponge,D
"Xiao Li finds a safe in the laundry room, the label on the safe is sponge, Xiao Li cannot see what is inside the safe, Xiao Li opens the safe and finds pepper powder, there is no sponge inside the safe, Xiao Li closes the safe and puts it back in its place, Youyou enters the laundry room and sees the safe.","After Youyou opens the safe, what does Xiao Li think Youyou expects to find in the safe?",Pepper,Vest,Sponge,Dress,C
"Xiao Li finds a safe in the laundry room, the label on the safe is sponge, Xiao Li cannot see what is inside the safe, Xiao Li opens the safe and finds pepper powder, there is no sponge inside the safe, Xiao Li closes the safe and puts it back in its place, Youyou enters the laundry room and sees the safe.","After Youyou opens the safe, what does Youyou think Xiao Li expects to find in the safe?",Scarf,Pepper powder,Sponge,Light bulb,C
"Xiao Gang finds a handbag in the waiting room, the tag on the handbag is a ring, Xiao Gang cannot see what is inside the handbag, Xiao Gang opens the handbag and finds a tie, there is no ring inside the handbag, Xiao Gang closes the handbag and puts it back in its place, Xiao Li enters the waiting room and sees the handbag.",What is inside the handbag?,Cup,Ring,Jacket,Tie,D
"Xiao Gang finds a handbag in the waiting room, the tag on the handbag is a ring, Xiao Gang cannot see what is inside the handbag, Xiao Gang opens the handbag and finds a tie, there is no ring inside the handbag, Xiao Gang closes the handbag and puts it back in its place, Xiao Li enters the waiting room and sees the handbag.",What should be inside the handbag?,Pepper powder,Tie,Ring,Cup,C
"Xiao Gang finds a handbag in the waiting room, the tag on the handbag is a ring, Xiao Gang cannot see what is inside the handbag, Xiao Gang opens the handbag and finds a tie, there is no ring inside the handbag, Xiao Gang closes the handbag and puts it back in its place, Xiao Li enters the waiting room and sees the handbag.","After Xiao Li opens the handbag, what does Xiao Gang expect to find inside the handbag?",Tie,Coconut,Banana,Ring,A
"Xiao Gang finds a handbag in the waiting room, the tag on the handbag is a ring, Xiao Gang cannot see what is inside the handbag, Xiao Gang opens the handbag and finds a tie, there is no ring inside the handbag, Xiao Gang closes the handbag and puts it back in its place, Xiao Li enters the waiting room and sees the handbag.","After Xiao Li opens the handbag, what does Xiao Li expect to find inside the handbag?",Tomato,Tie,Dress,Ring,D
"Xiao Gang finds a handbag in the waiting room, the tag on the handbag is a ring, Xiao Gang cannot see what is inside the handbag, Xiao Gang opens the handbag and finds a tie, there is no ring inside the handbag, Xiao Gang closes the handbag and puts it back in its place, Xiao Li enters the waiting room and sees the handbag.","After Xiao Li opens the handbag, what does Xiao Gang think Xiao Li expects to find inside the handbag?",Tie,Cup,Ring,Durian,C
"Xiao Gang finds a handbag in the waiting room, the tag on the handbag is a ring, Xiao Gang cannot see what is inside the handbag, Xiao Gang opens the handbag and finds a tie, there is no ring inside the handbag, Xiao Gang closes the handbag and puts it back in its place, Xiao Li enters the waiting room and sees the handbag.","After Xiao Li opens the handbag, what does Xiao Li think Xiao Gang expects to find inside the handbag?",Tie,Pumpkin,Ring,Potato,C
"Han Meimei finds a backpack in the bedroom, the label on the backpack is a tie, Han Meimei cannot see what is inside the backpack, Han Meimei opens the backpack and finds a pumpkin, there is no tie inside the backpack, Han Meimei closes the backpack and puts it back in its place, Youyou enters the bedroom and sees the backpack.",What is inside the backpack?,Bottle,Tie,Notebook,Pumpkin,D
"Han Meimei finds a backpack in the bedroom, the label on the backpack is a tie, Han Meimei cannot see what is inside the backpack, Han Meimei opens the backpack and finds a pumpkin, there is no tie inside the backpack, Han Meimei closes the backpack and puts it back in its place, Youyou enters the bedroom and sees the backpack.",What should be inside the backpack?,Crayon,Pumpkin,Tie,Calculator,C
"Han Meimei finds a backpack in the bedroom, the label on the backpack is a tie, Han Meimei cannot see what is inside the backpack, Han Meimei opens the backpack and finds a pumpkin, there is no tie inside the backpack, Han Meimei closes the backpack and puts it back in its place, Youyou enters the bedroom and sees the backpack.","After Youyou opens the backpack, what does Han Meimei expect to find inside the backpack?",Tomato,Tie,Pumpkin,Tape,C
"Han Meimei finds a backpack in the bedroom, the label on the backpack is a tie, Han Meimei cannot see what is inside the backpack, Han Meimei opens the backpack and finds a pumpkin, there is no tie inside the backpack, Han Meimei closes the backpack and puts it back in its place, Youyou enters the bedroom and sees the backpack.","After Youyou opens the backpack, what does Youyou expect to find inside the backpack?",Tie,Potato,Sweater,Pumpkin,A
"Han Meimei finds a backpack in the bedroom, the label on the backpack is a tie, Han Meimei cannot see what is inside the backpack, Han Meimei opens the backpack and finds a pumpkin, there is no tie inside the backpack, Han Meimei closes the backpack and puts it back in its place, Youyou enters the bedroom and sees the backpack.","After Youyou opens the backpack, what does Han Meimei think Youyou expects to find inside the backpack?",Chalk,Tie,Compass,Pumpkin,B
"Han Meimei finds a backpack in the bedroom, the label on the backpack is a tie, Han Meimei cannot see what is inside the backpack, Han Meimei opens the backpack and finds a pumpkin, there is no tie inside the backpack, Han Meimei closes the backpack and puts it back in its place, Youyou enters the bedroom and sees the backpack.","After Youyou opens the backpack, what does Youyou think Han Meimei expects to find inside the backpack?",Tie,Pumpkin,Spoon,Durian,A
"Li Lei finds a box in the living room, the label on the box is socks, Li Lei cannot see what is inside the box, Li Lei opens the box and finds a compass, there are no socks inside the box, Li Lei closes the box and puts it back in its place, Han Meimei enters the living room and sees the box.",What is in the box?,Compass,Pumpkin,Bottle,Socks,A
"Li Lei finds a box in the living room, the label on the box is socks, Li Lei cannot see what is inside the box, Li Lei opens the box and finds a compass, there are no socks inside the box, Li Lei closes the box and puts it back in its place, Han Meimei enters the living room and sees the box.",What should be inside the box?,Socks,Hat,Coconut,Compass,A
"Li Lei finds a box in the living room, the label on the box is socks, Li Lei cannot see what is inside the box, Li Lei opens the box and finds a compass, there are no socks inside the box, Li Lei closes the box and puts it back in its place, Han Meimei enters the living room and sees the box.","After Han Meimei opens the box, what does Li Lei expect to find inside the box?",Compass,Sponge,Pencil,Socks,A
"Li Lei finds a box in the living room, the label on the box is socks, Li Lei cannot see what is inside the box, Li Lei opens the box and finds a compass, there are no socks inside the box, Li Lei closes the box and puts it back in its place, Han Meimei enters the living room and sees the box.","After Han Meimei opens the box, what does Han Meimei expect to find inside the box?",Compass,Zucchini,Socks,Pumpkin,C
"Li Lei finds a box in the living room, the label on the box is socks, Li Lei cannot see what is inside the box, Li Lei opens the box and finds a compass, there are no socks inside the box, Li Lei closes the box and puts it back in its place, Han Meimei enters the living room and sees the box.","After Han Meimei opens the box, what does Li Lei think Han Meimei expects to find inside the box?",Compass,Coconut,Socks,Pepper powder,C
"Li Lei finds a box in the living room, the label on the box is socks, Li Lei cannot see what is inside the box, Li Lei opens the box and finds a compass, there are no socks inside the box, Li Lei closes the box and puts it back in its place, Han Meimei enters the living room and sees the box.","After Han Meimei opens the box, what does Han Meimei think Li Lei expects to find in the box?",socks,compass,ring,coat,A
"Xiao Ming finds a briefcase in the basement, the label on the briefcase is a tape, Xiao Ming cannot see what is inside the briefcase, Xiao Ming opens the briefcase and finds a calculator, there is no tape inside the briefcase, Xiao Ming closes the briefcase and puts it back in its place, Xiao Li enters the basement and sees the briefcase.",What is inside the briefcase?,Pumpkin,Tape,Calculator,Jacket,C
"Xiao Ming finds a briefcase in the basement, the label on the briefcase is a tape, Xiao Ming cannot see what is inside the briefcase, Xiao Ming opens the briefcase and finds a calculator, there is no tape inside the briefcase, Xiao Ming closes the briefcase and puts it back in its place, Xiao Li enters the basement and sees the briefcase.",What should be inside the briefcase?,Coat,Tape,Calculator,Corn,B
"Xiao Ming finds a briefcase in the basement, the label on the briefcase is a tape, Xiao Ming cannot see what is inside the briefcase, Xiao Ming opens the briefcase and finds a calculator, there is no tape inside the briefcase, Xiao Ming closes the briefcase and puts it back in its place, Xiao Li enters the basement and sees the briefcase.","After Xiao Li opens the briefcase, what does Xiao Ming expect to find inside the briefcase?",Tape,Calculator,Ring,Thermometer,B
"Xiao Ming finds a briefcase in the basement, the label on the briefcase is a tape, Xiao Ming cannot see what is inside the briefcase, Xiao Ming opens the briefcase and finds a calculator, there is no tape inside the briefcase, Xiao Ming closes the briefcase and puts it back in its place, Xiao Li enters the basement and sees the briefcase.","After Xiao Li opens the briefcase, what does Xiao Li expect to find inside the briefcase?",Thermometer,Calculator,Tape,Banana,C
"Xiao Ming finds a briefcase in the basement, the label on the briefcase is a tape, Xiao Ming cannot see what is inside the briefcase, Xiao Ming opens the briefcase and finds a calculator, there is no tape inside the briefcase, Xiao Ming closes the briefcase and puts it back in its place, Xiao Li enters the basement and sees the briefcase.","After Xiao Li opens the briefcase, what does Xiao Ming think Xiao Li expects to find in the briefcase?",Calculator,Tape,Cup,Light bulb,B
"Xiao Ming finds a briefcase in the basement, the label on the briefcase is a tape, Xiao Ming cannot see what is inside the briefcase, Xiao Ming opens the briefcase and finds a calculator, there is no tape inside the briefcase, Xiao Ming closes the briefcase and puts it back in its place, Xiao Li enters the basement and sees the briefcase.","After Xiao Li opens the briefcase, what does Xiao Li think Xiao Ming expects to find inside the briefcase?",Tape,Zucchini,Calculator,Coconut,A
"Youyou finds a cabinet in the kitchen, the label on the cabinet is tie, Youyou cannot see what is inside the cabinet, Youyou opens the cabinet and finds a raincoat, there is no tie inside the cabinet, Youyou closes the cabinet and puts it back in its place, Xiao Wang enters the kitchen and sees the cabinet.",What is inside the cabinet?,Tie,Connected finger gloves woolen sweater,Eggplant,Raincoat,D
"Youyou finds a cabinet in the kitchen, the label on the cabinet is tie, Youyou cannot see what is inside the cabinet, Youyou opens the cabinet and finds a raincoat, there is no tie inside the cabinet, Youyou closes the cabinet and puts it back in its place, Xiao Wang enters the kitchen and sees the cabinet.",What should be inside the cabinet?,Raincoat,Cabbage,Spoon,Tie,D
"Youyou finds a cabinet in the kitchen, the label on the cabinet is tie, Youyou cannot see what is inside the cabinet, Youyou opens the cabinet and finds a raincoat, there is no tie inside the cabinet, Youyou closes the cabinet and puts it back in its place, Xiao Wang enters the kitchen and sees the cabinet.","After Xiao Wang opens the cabinet, what does Youyou expect to find in the cabinet?",Raincoat,Pepper,Tie,Zucchini,A
"Youyou finds a cabinet in the kitchen, the label on the cabinet is tie, Youyou cannot see what is inside the cabinet, Youyou opens the cabinet and finds a raincoat, there is no tie inside the cabinet, Youyou closes the cabinet and puts it back in its place, Xiao Wang enters the kitchen and sees the cabinet.","After Xiao Wang opens the cabinet, what does Xiao Wang expect to find in the cabinet?",Tie,Spoon,Raincoat,Bottle,A
"Youyou finds a cabinet in the kitchen, the label on the cabinet is tie, Youyou cannot see what is inside the cabinet, Youyou opens the cabinet and finds a raincoat, there is no tie inside the cabinet, Youyou closes the cabinet and puts it back in its place, Xiao Wang enters the kitchen and sees the cabinet.","After Xiao Wang opens the cabinet, what does Youyou think Xiao Wang expects to find in the cabinet?",Tie,Raincoat,Carrot,Socks,A
"Youyou finds a cabinet in the kitchen, the label on the cabinet is tie, Youyou cannot see what is inside the cabinet, Youyou opens the cabinet and finds a raincoat, there is no tie inside the cabinet, Youyou closes the cabinet and puts it back in its place, Xiao Wang enters the kitchen and sees the cabinet.","After Xiao Wang opens the cabinet, what does Xiao Wang think Youyou expects to find in the cabinet?",Tie,Sweatshirt,Raincoat,Crayon,A
"Xiao Li finds a box in the attic, the label on the box is a dress, Xiao Li cannot see what is inside the box, Xiao Li opens the box and finds a button, there is no dress in the box, Xiao Li closes the box and puts it back in its place, Li Lei enters the attic and sees the box.",What is in the box?,Jar,Thermometer,Button,Dress,C
"Xiao Li finds a box in the attic, the label on the box is a dress, Xiao Li cannot see what is inside the box, Xiao Li opens the box and finds a button, there is no dress in the box, Xiao Li closes the box and puts it back in its place, Li Lei enters the attic and sees the box.",What should be inside the box?,Sponge,Dress,Thermometer,Button,B
"Xiao Li finds a box in the attic, the label on the box is a dress, Xiao Li cannot see what is inside the box, Xiao Li opens the box and finds a button, there is no dress in the box, Xiao Li closes the box and puts it back in its place, Li Lei enters the attic and sees the box.","After Li Lei opens the box, what does Xiao Li expect to find inside the box?",Dress,Tie,Button,Mango,C
"Xiao Li finds a box in the attic, the label on the box is a dress, Xiao Li cannot see what is inside the box, Xiao Li opens the box and finds a button, there is no dress in the box, Xiao Li closes the box and puts it back in its place, Li Lei enters the attic and sees the box.","After Li Lei opens the box, what does Li Lei expect to find in the box?",Button,Chalk,Pencil,Dress,D
"Xiao Li finds a box in the attic, the label on the box is a dress, Xiao Li cannot see what is inside the box, Xiao Li opens the box and finds a button, there is no dress in the box, Xiao Li closes the box and puts it back in its place, Li Lei enters the attic and sees the box.","After Li Lei opens the box, what does Xiao Li think Li Lei expects to find in the box?",Dress,Cucumber,Corn,Button,A
"Xiao Li finds a box in the attic, the label on the box is a dress, Xiao Li cannot see what is inside the box, Xiao Li opens the box and finds a button, there is no dress in the box, Xiao Li closes the box and puts it back in its place, Li Lei enters the attic and sees the box.","After Li Lei opens the box, what does Li Lei think Xiao Li expects to find in the box?",Button,Dress,Potato,Notebook,B
"Xiao Bei finds a storage locker in the garage, the label on the storage locker is coat, Xiao Bei cannot see what is inside the storage locker, Xiao Bei opens the storage locker and finds a cup, there is no coat inside the storage locker, Xiao Bei closes the storage locker and puts it back in place, Xiao Ming enters the garage and sees the storage locker.",What is inside the storage locker?,Marker,Coat,Cup,Sponge,C
"Xiao Bei finds a storage locker in the garage, the label on the storage locker is coat, Xiao Bei cannot see what is inside the storage locker, Xiao Bei opens the storage locker and finds a cup, there is no coat inside the storage locker, Xiao Bei closes the storage locker and puts it back in place, Xiao Ming enters the garage and sees the storage locker.",What should be inside the storage locker?,Shirt,Cup,Marker,Jacket,D
"Xiao Bei finds a storage locker in the garage, the label on the storage locker is coat, Xiao Bei cannot see what is inside the storage locker, Xiao Bei opens the storage locker and finds a cup, there is no coat inside the storage locker, Xiao Bei closes the storage locker and puts it back in place, Xiao Ming enters the garage and sees the storage locker.","After Xiao Ming opens the storage locker, what does Xiao Bei expect to find inside the storage locker?",Watch,Jacket,Cup,Sweatshirt,C
"Xiao Bei finds a storage locker in the garage, the label on the storage locker is coat, Xiao Bei cannot see what is inside the storage locker, Xiao Bei opens the storage locker and finds a cup, there is no coat inside the storage locker, Xiao Bei closes the storage locker and puts it back in place, Xiao Ming enters the garage and sees the storage locker.","After Xiao Ming opens the storage locker, what does Xiao Ming expect to find inside the storage locker?",Raincoat,Cup,Corn,Jacket,D
"Xiao Bei finds a storage locker in the garage, the label on the storage locker is coat, Xiao Bei cannot see what is inside the storage locker, Xiao Bei opens the storage locker and finds a cup, there is no coat inside the storage locker, Xiao Bei closes the storage locker and puts it back in place, Xiao Ming enters the garage and sees the storage locker.","After Xiao Ming opens the storage locker, what does Xiao Bei think Xiao Ming expects to find inside the storage locker?",Coat,Cup,Tape,Sponge,A
"Xiao Bei finds a storage locker in the garage, the label on the storage locker is coat, Xiao Bei cannot see what is inside the storage locker, Xiao Bei opens the storage locker and finds a cup, there is no coat inside the storage locker, Xiao Bei closes the storage locker and puts it back in place, Xiao Ming enters the garage and sees the storage locker.","After Xiao Ming opens the storage locker, what does Xiao Ming think Xiao Bei expects to find inside the storage locker?",Cup,Marker,Coat,Vest,C
"Li Lei finds a suitcase in the study, the label on the suitcase is a crayon, Li Lei cannot see what is inside the suitcase, Li Lei opens the suitcase and finds a pineapple, there is no crayon inside the suitcase, Li Lei closes the suitcase and puts it back in its place, Han Meimei enters the study and sees the suitcase.",What is inside the suitcase?,Pineapple,Socks,Crayon,Compass,A
"Li Lei finds a suitcase in the study, the label on the suitcase is a crayon, Li Lei cannot see what is inside the suitcase, Li Lei opens the suitcase and finds a pineapple, there is no crayon inside the suitcase, Li Lei closes the suitcase and puts it back in its place, Han Meimei enters the study and sees the suitcase.",What should be inside the suitcase?,Carrot,Plate ruler,Crayon,Pineapple,C
"Li Lei finds a suitcase in the study, the label on the suitcase is a crayon, Li Lei cannot see what is inside the suitcase, Li Lei opens the suitcase and finds a pineapple, there is no crayon inside the suitcase, Li Lei closes the suitcase and puts it back in its place, Han Meimei enters the study and sees the suitcase.","After Han Meimei opens the suitcase, what does Li Lei expect to find inside the suitcase?",Mask,Crayon,Tape,Pineapple,D
"Li Lei finds a suitcase in the study, the label on the suitcase is a crayon, Li Lei cannot see what is inside the suitcase, Li Lei opens the suitcase and finds a pineapple, there is no crayon inside the suitcase, Li Lei closes the suitcase and puts it back in its place, Han Meimei enters the study and sees the suitcase.","After Han Meimei opens the suitcase, what does Han Meimei expect to find inside the suitcase?",Pineapple,Crayon,Plate ruler,Cabbage,B
"Li Lei finds a suitcase in the study, the label on the suitcase is a crayon, Li Lei cannot see what is inside the suitcase, Li Lei opens the suitcase and finds a pineapple, there is no crayon inside the suitcase, Li Lei closes the suitcase and puts it back in its place, Han Meimei enters the study and sees the suitcase.","After Han Meimei opens the suitcase, what does Li Lei think Han Meimei expects to find inside the suitcase?",Dress,Book,Pineapple,Crayon,D
"Li Lei finds a suitcase in the study, the label on the suitcase is a crayon, Li Lei cannot see what is inside the suitcase, Li Lei opens the suitcase and finds a pineapple, there is no crayon inside the suitcase, Li Lei closes the suitcase and puts it back in its place, Han Meimei enters the study and sees the suitcase.","After Han Meimei opens the suitcase, what does Han Meimei think Li Lei expects to find inside the suitcase?",Pineapple,Dress,Crayon,Cucumber,C
"Youyou finds a handbag in the basement, the label on the handbag is carrot, Youyou cannot see what is inside the handbag, Youyou opens the handbag and finds a thermometer, there are no carrots inside the handbag, Youyou closes the handbag and puts it back in its place, Lilei enters the basement and sees the handbag.",What is inside the handbag?,Carrot,Eggplant,Thermometer,Tomato,C
"Youyou finds a handbag in the basement, the label on the handbag is carrot, Youyou cannot see what is inside the handbag, Youyou opens the handbag and finds a thermometer, there are no carrots inside the handbag, Youyou closes the handbag and puts it back in its place, Lilei enters the basement and sees the handbag.",What should be inside the handbag?,Thermometer,Durian,Carrot,Notebook,C
"Youyou finds a handbag in the basement, the label on the handbag is carrot, Youyou cannot see what is inside the handbag, Youyou opens the handbag and finds a thermometer, there are no carrots inside the handbag, Youyou closes the handbag and puts it back in its place, Lilei enters the basement and sees the handbag.","After Lilei opens the handbag, what does Youyou expect to find in the handbag?",thermometer,compass,carrot,scarf,A
"Youyou finds a handbag in the basement, the label on the handbag is carrot, Youyou cannot see what is inside the handbag, Youyou opens the handbag and finds a thermometer, there are no carrots inside the handbag, Youyou closes the handbag and puts it back in its place, Lilei enters the basement and sees the handbag.","After Lilei opens the handbag, what does Lilei expect to find in the handbag?",Carrot,Thermometer,Cup,Eggplant,A
"Youyou finds a handbag in the basement, the label on the handbag is carrot, Youyou cannot see what is inside the handbag, Youyou opens the handbag and finds a thermometer, there are no carrots inside the handbag, Youyou closes the handbag and puts it back in its place, Lilei enters the basement and sees the handbag.","After Lilei opens the handbag, what does Youyou think Lilei expects to find in the handbag?",Carrot,Hat,Thermometer,Tie,A
"Youyou finds a handbag in the basement, the label on the handbag is carrot, Youyou cannot see what is inside the handbag, Youyou opens the handbag and finds a thermometer, there are no carrots inside the handbag, Youyou closes the handbag and puts it back in its place, Lilei enters the basement and sees the handbag.","After Lilei opens the handbag, what does Lilei think Youyou expects to find inside the handbag?",Carrot,Marker,Pepper powder,Thermometer,A
"Xiao Gang finds a basket on the terrace, the label on the basket is shirt, Xiao Gang cannot see what is inside the basket, Xiao Gang opens the basket and finds a coconut, there is no shirt inside the basket, Xiao Gang closes the basket and puts it back in its place, Zhang Wei enters the terrace and sees the basket.",What is inside the basket?,Cabbage,Eggplant,Shirt,Coconut,D
"Xiao Gang finds a basket on the terrace, the label on the basket is shirt, Xiao Gang cannot see what is inside the basket, Xiao Gang opens the basket and finds a coconut, there is no shirt inside the basket, Xiao Gang closes the basket and puts it back in its place, Zhang Wei enters the terrace and sees the basket.",What should be in the basket?,Fingerless gloves sweater,Ring,Shirt,Coconut,C
"Xiao Gang finds a basket on the terrace, the label on the basket is shirt, Xiao Gang cannot see what is inside the basket, Xiao Gang opens the basket and finds a coconut, there is no shirt inside the basket, Xiao Gang closes the basket and puts it back in its place, Zhang Wei enters the terrace and sees the basket.","After Zhang Wei opens the basket, what does Xiao Gang expect to find inside the basket?",Vest,Tape,Shirt,Coconut,D
"Xiao Gang finds a basket on the terrace, the label on the basket is shirt, Xiao Gang cannot see what is inside the basket, Xiao Gang opens the basket and finds a coconut, there is no shirt inside the basket, Xiao Gang closes the basket and puts it back in its place, Zhang Wei enters the terrace and sees the basket.","After Zhang Wei opens the basket, what does Zhang Wei expect to find inside the basket?",Shirt,Bottle,Coconut,Mask,A
"Xiao Gang finds a basket on the terrace, the label on the basket is shirt, Xiao Gang cannot see what is inside the basket, Xiao Gang opens the basket and finds a coconut, there is no shirt inside the basket, Xiao Gang closes the basket and puts it back in its place, Zhang Wei enters the terrace and sees the basket.","After Zhang Wei opens the basket, what does Xiaogang think Zhang Wei expects to find in the basket?",Pumpkin,Shirt,Tomato,Coconut,B
"Xiao Gang finds a basket on the terrace, the label on the basket is shirt, Xiao Gang cannot see what is inside the basket, Xiao Gang opens the basket and finds a coconut, there is no shirt inside the basket, Xiao Gang closes the basket and puts it back in its place, Zhang Wei enters the terrace and sees the basket.","After Zhang Wei opens the basket, what does Zhang Wei think Xiao Gang expects to find in the basket?",Sweater,Shirt,Coconut,Box,B
"Li Lei finds a drawer on the balcony, the label on the drawer is a bottle, Li Lei cannot see what is inside the drawer, Li Lei opens the drawer and finds a zucchini, there is no bottle in the drawer, Li Lei closes the drawer and puts it back in place, Han Meimei enters the balcony and sees the drawer.",What is in the drawer?,Zucchini,Socks,Bottle,Dress,A
"Li Lei finds a drawer on the balcony, the label on the drawer is a bottle, Li Lei cannot see what is inside the drawer, Li Lei opens the drawer and finds a zucchini, there is no bottle in the drawer, Li Lei closes the drawer and puts it back in place, Han Meimei enters the balcony and sees the drawer.",What should be inside the drawer?,Bottle,Vest,Tie,Zucchini,A
"Li Lei finds a drawer on the balcony, the label on the drawer is a bottle, Li Lei cannot see what is inside the drawer, Li Lei opens the drawer and finds a zucchini, there is no bottle in the drawer, Li Lei closes the drawer and puts it back in place, Han Meimei enters the balcony and sees the drawer.","After Han Meimei opens the drawer, what does Li Lei expect to find in the drawer?",Bottle,Sweater,Zucchini,Vest,C
"Li Lei finds a drawer on the balcony, the label on the drawer is a bottle, Li Lei cannot see what is inside the drawer, Li Lei opens the drawer and finds a zucchini, there is no bottle in the drawer, Li Lei closes the drawer and puts it back in place, Han Meimei enters the balcony and sees the drawer.","After Han Meimei opens the drawer, what does Han Meimei expect to find in the drawer?",Crayon,Zucchini,Scarf,Bottle,D
"Li Lei finds a drawer on the balcony, the label on the drawer is a bottle, Li Lei cannot see what is inside the drawer, Li Lei opens the drawer and finds a zucchini, there is no bottle in the drawer, Li Lei closes the drawer and puts it back in place, Han Meimei enters the balcony and sees the drawer.","After Han Meimei opens the drawer, what does Li Lei think Han Meimei expects to find in the drawer?",Plate ruler,Box,Bottle,Zucchini,C
"Li Lei finds a drawer on the balcony, the label on the drawer is a bottle, Li Lei cannot see what is inside the drawer, Li Lei opens the drawer and finds a zucchini, there is no bottle in the drawer, Li Lei closes the drawer and puts it back in place, Han Meimei enters the balcony and sees the drawer.","After Han Meimei opens the drawer, what does Han Meimei think Li Lei expects to find in the drawer?",Bottle,Zucchini,Eggplant,Dress,A
"Han Meimei finds a cabinet in the rest room, the label on the cabinet is carrot, Han Meimei cannot see what is inside the cabinet, Han Meimei opens the cabinet and finds a tie, there is no carrot in the cabinet, Han Meimei closes the cabinet and puts it back in place, Zhang Wei enters the rest room and sees the cabinet.",What is in the cabinet?,Bottle,Crayon,Tie,Carrot,C
"Han Meimei finds a cabinet in the rest room, the label on the cabinet is carrot, Han Meimei cannot see what is inside the cabinet, Han Meimei opens the cabinet and finds a tie, there is no carrot in the cabinet, Han Meimei closes the cabinet and puts it back in place, Zhang Wei enters the rest room and sees the cabinet.",What should be in the cabinet?,Coat,Cup,Carrot,Tie,C
"Han Meimei finds a cabinet in the rest room, the label on the cabinet is carrot, Han Meimei cannot see what is inside the cabinet, Han Meimei opens the cabinet and finds a tie, there is no carrot in the cabinet, Han Meimei closes the cabinet and puts it back in place, Zhang Wei enters the rest room and sees the cabinet.","After Zhang Wei opens the cabinet, what does Han Meimei expect to find in the cabinet?",Book,Cup,Carrot,Tie,D
"Han Meimei finds a cabinet in the rest room, the label on the cabinet is carrot, Han Meimei cannot see what is inside the cabinet, Han Meimei opens the cabinet and finds a tie, there is no carrot in the cabinet, Han Meimei closes the cabinet and puts it back in place, Zhang Wei enters the rest room and sees the cabinet.","After Zhang Wei opens the cabinet, what does Zhang Wei expect to find in the cabinet?",Tomato,Carrot,Tie,Chalk,B
"Han Meimei finds a cabinet in the rest room, the label on the cabinet is carrot, Han Meimei cannot see what is inside the cabinet, Han Meimei opens the cabinet and finds a tie, there is no carrot in the cabinet, Han Meimei closes the cabinet and puts it back in place, Zhang Wei enters the rest room and sees the cabinet.","After Zhang Wei opens the cabinet, what does Han Meimei think Zhang Wei expects to find in the cabinet?",Tie,Carrot,Socks,Pineapple,B
"Han Meimei finds a cabinet in the rest room, the label on the cabinet is carrot, Han Meimei cannot see what is inside the cabinet, Han Meimei opens the cabinet and finds a tie, there is no carrot in the cabinet, Han Meimei closes the cabinet and puts it back in place, Zhang Wei enters the rest room and sees the cabinet.","After Zhang Wei opens the cabinet, what does Zhang Wei think Han Meimei expects to find in the cabinet?",Tie,Carrot,Raincoat,Watch,B
"Zhang Wei finds a safe in the library, the label on the safe is sweater, Zhang Wei cannot see what is inside the safe, Zhang Wei opens the safe and finds a scarf, there is no sweater inside the safe, Zhang Wei closes the safe and puts it back in its place, Xiao Ming enters the library and sees the safe.",What is inside the safe?,Sweater,Marker,Scarf,Tomato,C
"Zhang Wei finds a safe in the library, the label on the safe is sweater, Zhang Wei cannot see what is inside the safe, Zhang Wei opens the safe and finds a scarf, there is no sweater inside the safe, Zhang Wei closes the safe and puts it back in its place, Xiao Ming enters the library and sees the safe.",What should be inside the safe?,Scarf,Sweater,Book,Shirt,B
"Zhang Wei finds a safe in the library, the label on the safe is sweater, Zhang Wei cannot see what is inside the safe, Zhang Wei opens the safe and finds a scarf, there is no sweater inside the safe, Zhang Wei closes the safe and puts it back in its place, Xiao Ming enters the library and sees the safe.","After Xiao Ming opens the safe, what does Zhang Wei expect to find inside the safe?",Button,Scarf,Pepper powder,Sweater,B
"Zhang Wei finds a safe in the library, the label on the safe is sweater, Zhang Wei cannot see what is inside the safe, Zhang Wei opens the safe and finds a scarf, there is no sweater inside the safe, Zhang Wei closes the safe and puts it back in its place, Xiao Ming enters the library and sees the safe.","After Xiao Ming opens the safe, what does Xiao Ming expect to find inside the safe?",Tomato,Coconut,Scarf,Sweater,D
"Zhang Wei finds a safe in the library, the label on the safe is sweater, Zhang Wei cannot see what is inside the safe, Zhang Wei opens the safe and finds a scarf, there is no sweater inside the safe, Zhang Wei closes the safe and puts it back in its place, Xiao Ming enters the library and sees the safe.","After Xiao Ming opens the safe, what does Zhang Wei think Xiao Ming expects to find inside the safe?",Scarf,Jacket,Sweater,Book,C
"Zhang Wei finds a safe in the library, the label on the safe is sweater, Zhang Wei cannot see what is inside the safe, Zhang Wei opens the safe and finds a scarf, there is no sweater inside the safe, Zhang Wei closes the safe and puts it back in its place, Xiao Ming enters the library and sees the safe.","After Xiao Ming opens the safe, what does Xiao Ming think Zhang Wei expects to find in the safe?",Sweater,Scarf,Tomato,Banana,A
"Xiao Wang finds a handbag on the farm, the label on the handbag is a jacket, Xiao Wang cannot see what is inside the handbag, Xiao Wang opens the handbag and finds corn, there is no jacket inside the handbag, Xiao Wang closes the handbag and puts it back in its place, Xiao Ming enters the farm and sees the handbag.",What is inside the handbag?,Jacket,Cucumber,Pineapple,Corn,D
"Xiao Wang finds a handbag on the farm, the label on the handbag is a jacket, Xiao Wang cannot see what is inside the handbag, Xiao Wang opens the handbag and finds corn, there is no jacket inside the handbag, Xiao Wang closes the handbag and puts it back in its place, Xiao Ming enters the farm and sees the handbag.",What should be inside the handbag?,Bottle,Jacket,Corn,Cabbage,B
"Xiao Wang finds a handbag on the farm, the label on the handbag is a jacket, Xiao Wang cannot see what is inside the handbag, Xiao Wang opens the handbag and finds corn, there is no jacket inside the handbag, Xiao Wang closes the handbag and puts it back in its place, Xiao Ming enters the farm and sees the handbag.","After Xiao Ming opens the handbag, what does Xiao Wang expect to find inside the handbag?",Jacket,Corn,Tape,Coat,B
"Xiao Wang finds a handbag on the farm, the label on the handbag is a jacket, Xiao Wang cannot see what is inside the handbag, Xiao Wang opens the handbag and finds corn, there is no jacket inside the handbag, Xiao Wang closes the handbag and puts it back in its place, Xiao Ming enters the farm and sees the handbag.","After Xiao Ming opens the handbag, what does Xiao Ming expect to find inside the handbag?",Jacket,Corn,Mittens wool sweater,Spoon,A
"Xiao Wang finds a handbag on the farm, the label on the handbag is a jacket, Xiao Wang cannot see what is inside the handbag, Xiao Wang opens the handbag and finds corn, there is no jacket inside the handbag, Xiao Wang closes the handbag and puts it back in its place, Xiao Ming enters the farm and sees the handbag.","After Xiao Ming opens the handbag, what does Xiao Wang think Xiao Ming expects to find inside the handbag?",Jacket,Durian,Corn,Marker,A
"Xiao Wang finds a handbag on the farm, the label on the handbag is a jacket, Xiao Wang cannot see what is inside the handbag, Xiao Wang opens the handbag and finds corn, there is no jacket inside the handbag, Xiao Wang closes the handbag and puts it back in its place, Xiao Ming enters the farm and sees the handbag.","After Xiao Ming opens the handbag, what does Xiao Ming think Xiao Wang expects to find inside the handbag?",Corn,Socks,Jacket,Sponge,C
"Xiao Li finds a backpack in the bar, the tag on the backpack is a bottle, Xiao Li cannot see what is inside the backpack, Xiao Li opens the backpack and finds a ring, there is no bottle inside the backpack, Xiao Li closes the backpack and puts it back in its place, Xiao Gang enters the bar and sees the backpack.",What is inside the backpack?,Ring,Notebook,Bottle,Durian,A
"Xiao Li finds a backpack in the bar, the tag on the backpack is a bottle, Xiao Li cannot see what is inside the backpack, Xiao Li opens the backpack and finds a ring, there is no bottle inside the backpack, Xiao Li closes the backpack and puts it back in its place, Xiao Gang enters the bar and sees the backpack.",What should be inside the backpack?,Pumpkin,Bottle,Ring,Jacket,B
"Xiao Li finds a backpack in the bar, the tag on the backpack is a bottle, Xiao Li cannot see what is inside the backpack, Xiao Li opens the backpack and finds a ring, there is no bottle inside the backpack, Xiao Li closes the backpack and puts it back in its place, Xiao Gang enters the bar and sees the backpack.","After Xiao Gang opens the backpack, what does Xiao Li expect to find inside the backpack?",Coat,Bottle,Tomato,Ring,D
"Xiao Li finds a backpack in the bar, the tag on the backpack is a bottle, Xiao Li cannot see what is inside the backpack, Xiao Li opens the backpack and finds a ring, there is no bottle inside the backpack, Xiao Li closes the backpack and puts it back in its place, Xiao Gang enters the bar and sees the backpack.","After Xiao Gang opens the backpack, what does Xiao Gang expect to find inside the backpack?",Watch,Ring,Bottle,Jacket,C
"Xiao Li finds a backpack in the bar, the tag on the backpack is a bottle, Xiao Li cannot see what is inside the backpack, Xiao Li opens the backpack and finds a ring, there is no bottle inside the backpack, Xiao Li closes the backpack and puts it back in its place, Xiao Gang enters the bar and sees the backpack.","After Xiao Gang opens the backpack, what does Xiao Li think Xiao Gang expects to find inside the backpack?",Ring,Bottle,Cup,Corn,B
"Xiao Li finds a backpack in the bar, the tag on the backpack is a bottle, Xiao Li cannot see what is inside the backpack, Xiao Li opens the backpack and finds a ring, there is no bottle inside the backpack, Xiao Li closes the backpack and puts it back in its place, Xiao Gang enters the bar and sees the backpack.","After Xiao Gang opens the backpack, what does Xiao Gang think Xiao Li expects to find in the backpack?",Bottle,Ring,Button,Carrot,A
"Youyou finds a box in the garden, the label on the box is a ring, Youyou cannot see what is inside the box, Youyou opens the box and finds a carrot, there is no ring in the box, Youyou closes the box and puts it back in its place, Lilei enters the garden and sees the box.",What is in the box?,Pepper powder,Ring,Carrot,Coconut,C
"Youyou finds a box in the garden, the label on the box is a ring, Youyou cannot see what is inside the box, Youyou opens the box and finds a carrot, there is no ring in the box, Youyou closes the box and puts it back in its place, Lilei enters the garden and sees the box.",What should be inside the box?,Chalk,Bottle,Ring,Carrot,C
"Youyou finds a box in the garden, the label on the box is a ring, Youyou cannot see what is inside the box, Youyou opens the box and finds a carrot, there is no ring in the box, Youyou closes the box and puts it back in its place, Lilei enters the garden and sees the box.","After Li Lei opens the box, what does Youyou expect to find in the box?",Carrot,Spoon,Jacket,Ring,A
"Youyou finds a box in the garden, the label on the box is a ring, Youyou cannot see what is inside the box, Youyou opens the box and finds a carrot, there is no ring in the box, Youyou closes the box and puts it back in its place, Lilei enters the garden and sees the box.","After Lilei opens the box, what does Lilei expect to find in the box?",Ring,Spoon,Zucchini,Carrot,A
"Youyou finds a box in the garden, the label on the box is a ring, Youyou cannot see what is inside the box, Youyou opens the box and finds a carrot, there is no ring in the box, Youyou closes the box and puts it back in its place, Lilei enters the garden and sees the box.","After Lilei opens the box, what does Youyou think Lilei expects to find in the box?",Ring,Carrot,Mask,Button,A
"Youyou finds a box in the garden, the label on the box is a ring, Youyou cannot see what is inside the box, Youyou opens the box and finds a carrot, there is no ring in the box, Youyou closes the box and puts it back in its place, Lilei enters the garden and sees the box.","After Lilei opens the box, what does Lilei think Youyou expects to find in the box?",Ring,Bottle,Carrot,Vest,A
"Xiao Hong finds a briefcase in the bank, the label on the briefcase is a scarf, Xiao Hong cannot see what is inside the briefcase, Xiao Hong opens the briefcase and finds a plate and a ruler, there is no scarf inside the briefcase, Xiao Hong closes the briefcase and puts it back in its place, Xiao Bei enters the bank and sees the briefcase.",What is inside the briefcase?,Spoon,Zucchini,Plate and ruler,Scarf,C
"Xiao Hong finds a briefcase in the bank, the label on the briefcase is a scarf, Xiao Hong cannot see what is inside the briefcase, Xiao Hong opens the briefcase and finds a plate and a ruler, there is no scarf inside the briefcase, Xiao Hong closes the briefcase and puts it back in its place, Xiao Bei enters the bank and sees the briefcase.",What should be inside the briefcase?,Plate and ruler,Bottle,Scarf,Zucchini,C
"Xiao Hong finds a briefcase in the bank, the label on the briefcase is a scarf, Xiao Hong cannot see what is inside the briefcase, Xiao Hong opens the briefcase and finds a plate and a ruler, there is no scarf inside the briefcase, Xiao Hong closes the briefcase and puts it back in its place, Xiao Bei enters the bank and sees the briefcase.","After Xiao Bei opens the briefcase, what does Xiao Hong expect to find inside the briefcase?",Button,Plate ruler,Corn,Scarf,B
"Xiao Hong finds a briefcase in the bank, the label on the briefcase is a scarf, Xiao Hong cannot see what is inside the briefcase, Xiao Hong opens the briefcase and finds a plate and a ruler, there is no scarf inside the briefcase, Xiao Hong closes the briefcase and puts it back in its place, Xiao Bei enters the bank and sees the briefcase.","After Xiao Bei opens the briefcase, what does Xiao Bei expect to find inside the briefcase?",Vest,Plate ruler,Scarf,Button,C
"Xiao Hong finds a briefcase in the bank, the label on the briefcase is a scarf, Xiao Hong cannot see what is inside the briefcase, Xiao Hong opens the briefcase and finds a plate and a ruler, there is no scarf inside the briefcase, Xiao Hong closes the briefcase and puts it back in its place, Xiao Bei enters the bank and sees the briefcase.","After Xiao Bei opens the briefcase, what does Xiao Hong think Xiao Bei expects to find inside the briefcase?",Plate ruler,Scarf,Dress,Mask,B
"Xiao Hong finds a briefcase in the bank, the label on the briefcase is a scarf, Xiao Hong cannot see what is inside the briefcase, Xiao Hong opens the briefcase and finds a plate and a ruler, there is no scarf inside the briefcase, Xiao Hong closes the briefcase and puts it back in its place, Xiao Bei enters the bank and sees the briefcase.","After Xiao Bei opens the briefcase, what does Xiao Bei think Xiao Hong expects to find in the briefcase?",Jacket,Plate ruler,Coat,Scarf,D
"Xiao Bei finds a cabinet in the office, the label on the cabinet is pineapple, Xiao Bei cannot see what is inside the cabinet, Xiao Bei opens the cabinet and finds a calculator, there is no pineapple in the cabinet, Xiao Bei closes the cabinet and puts it back in its place, Han Mei Mei enters the office and sees the cabinet.",What is in the cabinet?,Calculator,Sweatshirt,Pineapple,Beet,A
"Xiao Bei finds a cabinet in the office, the label on the cabinet is pineapple, Xiao Bei cannot see what is inside the cabinet, Xiao Bei opens the cabinet and finds a calculator, there is no pineapple in the cabinet, Xiao Bei closes the cabinet and puts it back in its place, Han Mei Mei enters the office and sees the cabinet.",What should be inside the cabinet?,Box,Calculator,Cup,Pineapple,D
"Xiao Bei finds a cabinet in the office, the label on the cabinet is pineapple, Xiao Bei cannot see what is inside the cabinet, Xiao Bei opens the cabinet and finds a calculator, there is no pineapple in the cabinet, Xiao Bei closes the cabinet and puts it back in its place, Han Mei Mei enters the office and sees the cabinet.","After Han Mei Mei opens the cabinet, what does Xiao Bei expect to find in the cabinet?",Beetroot,Ring,Calculator,Pineapple,C
"Xiao Bei finds a cabinet in the office, the label on the cabinet is pineapple, Xiao Bei cannot see what is inside the cabinet, Xiao Bei opens the cabinet and finds a calculator, there is no pineapple in the cabinet, Xiao Bei closes the cabinet and puts it back in its place, Han Mei Mei enters the office and sees the cabinet.","After Han Mei Mei opens the cabinet, what does Han Mei Mei expect to find in the cabinet?",Pineapple,Calculator,Potato,Pumpkin,A
"Xiao Bei finds a cabinet in the office, the label on the cabinet is pineapple, Xiao Bei cannot see what is inside the cabinet, Xiao Bei opens the cabinet and finds a calculator, there is no pineapple in the cabinet, Xiao Bei closes the cabinet and puts it back in its place, Han Mei Mei enters the office and sees the cabinet.","After Han Mei Mei opens the cabinet, what does Xiao Bei think Han Mei Mei expects to find in the cabinet?",Socks,Pineapple,Calculator,Dress,B
"Xiao Bei finds a cabinet in the office, the label on the cabinet is pineapple, Xiao Bei cannot see what is inside the cabinet, Xiao Bei opens the cabinet and finds a calculator, there is no pineapple in the cabinet, Xiao Bei closes the cabinet and puts it back in its place, Han Mei Mei enters the office and sees the cabinet.","After Han Mei Mei opens the cabinet, what does Han Mei Mei think Xiao Bei expects to find in the cabinet?",Calculator,Pineapple,Chalk,Dress,B
"Xiao Li finds a box in the factory, the label on the box is raincoat, Xiao Li cannot see what is inside the box, Xiao Li opens the box and finds a jacket, there is no raincoat inside the box, Xiao Li closes the box and puts it back in its place, Xiao Gang enters the factory and sees the box.",What is inside the box?,Box,Jacket,Raincoat,Compass,B
"Xiao Li finds a box in the factory, the label on the box is raincoat, Xiao Li cannot see what is inside the box, Xiao Li opens the box and finds a jacket, there is no raincoat inside the box, Xiao Li closes the box and puts it back in its place, Xiao Gang enters the factory and sees the box.",What should be inside the box?,Raincoat,Jacket,Thermometer,Sponge,A
"Xiao Li finds a box in the factory, the label on the box is raincoat, Xiao Li cannot see what is inside the box, Xiao Li opens the box and finds a jacket, there is no raincoat inside the box, Xiao Li closes the box and puts it back in its place, Xiao Gang enters the factory and sees the box.","After Xiao Gang opens the box, what does Xiao Li expect to find inside the box?",Jacket,Banana,Tomato,Raincoat,A
"Xiao Li finds a box in the factory, the label on the box is raincoat, Xiao Li cannot see what is inside the box, Xiao Li opens the box and finds a jacket, there is no raincoat inside the box, Xiao Li closes the box and puts it back in its place, Xiao Gang enters the factory and sees the box.","After Xiao Gang opens the box, what does Xiao Gang expect to find in the box?",Shirt,Jacket,Book,Raincoat,D
"Xiao Li finds a box in the factory, the label on the box is raincoat, Xiao Li cannot see what is inside the box, Xiao Li opens the box and finds a jacket, there is no raincoat inside the box, Xiao Li closes the box and puts it back in its place, Xiao Gang enters the factory and sees the box.","After Xiao Gang opens the box, what does Xiao Li think Xiao Gang expects to find in the box?",Potato,Shirt,Raincoat,Jacket,C
"Xiao Li finds a box in the factory, the label on the box is raincoat, Xiao Li cannot see what is inside the box, Xiao Li opens the box and finds a jacket, there is no raincoat inside the box, Xiao Li closes the box and puts it back in its place, Xiao Gang enters the factory and sees the box.","After Xiao Gang opens the box, what does Xiao Gang think Xiao Li expects to find in the box?",Shirt,Raincoat,Jacket,Mask,B
"Xiao Ming finds a storage locker in the hall, the label on the storage locker is sponge, Xiao Ming cannot see what is inside the storage locker, Xiao Ming opens the storage locker and finds a pumpkin, there is no sponge inside the storage locker, Xiao Ming closes the storage locker and puts it back in its place, Zhang Wei enters the hall and sees the storage locker.",What is inside the storage locker?,Sponge,Pumpkin,Tape,Plate ruler,B
"Xiao Ming finds a storage locker in the hall, the label on the storage locker is sponge, Xiao Ming cannot see what is inside the storage locker, Xiao Ming opens the storage locker and finds a pumpkin, there is no sponge inside the storage locker, Xiao Ming closes the storage locker and puts it back in its place, Zhang Wei enters the hall and sees the storage locker.",What should be inside the storage locker?,Pumpkin,Sponge,Coat,Thermometer,B
"Xiao Ming finds a storage locker in the hall, the label on the storage locker is sponge, Xiao Ming cannot see what is inside the storage locker, Xiao Ming opens the storage locker and finds a pumpkin, there is no sponge inside the storage locker, Xiao Ming closes the storage locker and puts it back in its place, Zhang Wei enters the hall and sees the storage locker.","After Zhang Wei opens the storage locker, what does Xiao Ming expect to find inside the storage locker?",Pumpkin,Light bulb,Marker,Sponge,A
"Xiao Ming finds a storage locker in the hall, the label on the storage locker is sponge, Xiao Ming cannot see what is inside the storage locker, Xiao Ming opens the storage locker and finds a pumpkin, there is no sponge inside the storage locker, Xiao Ming closes the storage locker and puts it back in its place, Zhang Wei enters the hall and sees the storage locker.","After Zhang Wei opens the storage locker, what does Zhang Wei expect to find inside the storage locker?",Cup,Sponge,Bottle,Pumpkin,B
"Xiao Ming finds a storage locker in the hall, the label on the storage locker is sponge, Xiao Ming cannot see what is inside the storage locker, Xiao Ming opens the storage locker and finds a pumpkin, there is no sponge inside the storage locker, Xiao Ming closes the storage locker and puts it back in its place, Zhang Wei enters the hall and sees the storage locker.","After Zhang Wei opens the storage locker, what does Xiao Ming think Zhang Wei expects to find inside the storage locker?",Pumpkin,Sponge,Watch,Durian,B
"Xiao Ming finds a storage locker in the hall, the label on the storage locker is sponge, Xiao Ming cannot see what is inside the storage locker, Xiao Ming opens the storage locker and finds a pumpkin, there is no sponge inside the storage locker, Xiao Ming closes the storage locker and puts it back in its place, Zhang Wei enters the hall and sees the storage locker.","After Zhang Wei opens the storage locker, what does Zhang Wei think Xiao Ming expects to find inside the storage locker?",Pumpkin,Bottle,Shirt,Sponge,D
"Xiao Gang finds a suitcase in the storage room, the label on the suitcase is beetroot, Xiao Gang cannot see what is inside the suitcase, Xiao Gang opens the suitcase and finds a marker, there is no beetroot inside the suitcase, Xiao Gang closes the suitcase and puts it back in its place, Xiao Ming enters the storage room and sees the suitcase.",What is inside the suitcase?,Marker,Beetroot,Jar,Shirt,A
"Xiao Gang finds a suitcase in the storage room, the label on the suitcase is beetroot, Xiao Gang cannot see what is inside the suitcase, Xiao Gang opens the suitcase and finds a marker, there is no beetroot inside the suitcase, Xiao Gang closes the suitcase and puts it back in its place, Xiao Ming enters the storage room and sees the suitcase.",What should be inside the suitcase?,Beetroot,Cabbage,Shirt,Marker,A
"Xiao Gang finds a suitcase in the storage room, the label on the suitcase is beetroot, Xiao Gang cannot see what is inside the suitcase, Xiao Gang opens the suitcase and finds a marker, there is no beetroot inside the suitcase, Xiao Gang closes the suitcase and puts it back in its place, Xiao Ming enters the storage room and sees the suitcase.","After Xiao Ming opens the suitcase, what does Xiao Gang expect to find inside the suitcase?",Tomato,Marker,Beetroot,Bottle,B
"Xiao Gang finds a suitcase in the storage room, the label on the suitcase is beetroot, Xiao Gang cannot see what is inside the suitcase, Xiao Gang opens the suitcase and finds a marker, there is no beetroot inside the suitcase, Xiao Gang closes the suitcase and puts it back in its place, Xiao Ming enters the storage room and sees the suitcase.","After Xiaoming opens the suitcase, what does Xiaoming expect to find inside the suitcase?",Mask,Beetroot,Marker,Pepper powder,B
"Xiao Gang finds a suitcase in the storage room, the label on the suitcase is beetroot, Xiao Gang cannot see what is inside the suitcase, Xiao Gang opens the suitcase and finds a marker, there is no beetroot inside the suitcase, Xiao Gang closes the suitcase and puts it back in its place, Xiao Ming enters the storage room and sees the suitcase.","After Xiao Ming opens the suitcase, what does Xiao Gang think Xiao Ming expects to find inside the suitcase?",Beetroot,Marker,Dress,Light bulb,A
"Xiao Gang finds a suitcase in the storage room, the label on the suitcase is beetroot, Xiao Gang cannot see what is inside the suitcase, Xiao Gang opens the suitcase and finds a marker, there is no beetroot inside the suitcase, Xiao Gang closes the suitcase and puts it back in its place, Xiao Ming enters the storage room and sees the suitcase.","After Xiao Ming opens the suitcase, what does Xiao Ming think Xiao Gang expects to find inside the suitcase?",Carrot,Hat,Marker,Beetroot,D
"Xiao Bei finds a handbag in the parking lot, the label on the handbag is banana, Xiao Bei cannot see what is inside the handbag, Xiao Bei opens the handbag and finds a mask, there is no banana in the handbag, Xiao Bei closes the handbag and puts it back in its place, Xiao Li enters the parking lot and sees the handbag.",What is in the handbag?,Chalk,Banana,Pepper powder,Mask,D
"Xiao Bei finds a handbag in the parking lot, the label on the handbag is banana, Xiao Bei cannot see what is inside the handbag, Xiao Bei opens the handbag and finds a mask, there is no banana in the handbag, Xiao Bei closes the handbag and puts it back in its place, Xiao Li enters the parking lot and sees the handbag.",What should be inside the handbag?,Mask,Banana,Durian,Finger gloves wool sweater,B
"Xiao Bei finds a handbag in the parking lot, the label on the handbag is banana, Xiao Bei cannot see what is inside the handbag, Xiao Bei opens the handbag and finds a mask, there is no banana in the handbag, Xiao Bei closes the handbag and puts it back in its place, Xiao Li enters the parking lot and sees the handbag.","After Xiao Li opens the handbag, what does Xiao Bei expect to find in the handbag?",mask,pumpkin,banana,button,A
"Xiao Bei finds a handbag in the parking lot, the label on the handbag is banana, Xiao Bei cannot see what is inside the handbag, Xiao Bei opens the handbag and finds a mask, there is no banana in the handbag, Xiao Bei closes the handbag and puts it back in its place, Xiao Li enters the parking lot and sees the handbag.","After Xiao Li opens the handbag, what does Xiao Li expect to find in the handbag?",Mask,Light bulb,Sponge,Banana,D
"Xiao Bei finds a handbag in the parking lot, the label on the handbag is banana, Xiao Bei cannot see what is inside the handbag, Xiao Bei opens the handbag and finds a mask, there is no banana in the handbag, Xiao Bei closes the handbag and puts it back in its place, Xiao Li enters the parking lot and sees the handbag.","After Xiao Li opens the handbag, what does Xiao Bei think Xiao Li expects to find in the handbag?",Banana,Mask,Pepper powder,Coconut,A
"Xiao Bei finds a handbag in the parking lot, the label on the handbag is banana, Xiao Bei cannot see what is inside the handbag, Xiao Bei opens the handbag and finds a mask, there is no banana in the handbag, Xiao Bei closes the handbag and puts it back in its place, Xiao Li enters the parking lot and sees the handbag.","After Xiao Li opens the handbag, what does Xiao Li think Xiao Bei expects to find in the handbag?",Calculator,Banana,Thermometer,Mask,B
"Xiao Hong finds a basket in the bell tower, the label on the basket is pepper powder, Xiao Hong cannot see what is inside the basket, Xiao Hong opens the basket and finds a sweater, there is no pepper powder in the basket, Xiao Hong closes the basket and puts it back in its place, Youyou enters the bell tower and sees the basket.",What is in the basket?,Pepper powder,Coat,Durian,Sweater,D
"Xiao Hong finds a basket in the bell tower, the label on the basket is pepper powder, Xiao Hong cannot see what is inside the basket, Xiao Hong opens the basket and finds a sweater, there is no pepper powder in the basket, Xiao Hong closes the basket and puts it back in its place, Youyou enters the bell tower and sees the basket.",What should be inside the basket?,Beetroot,Plate ruler,Sweater,Pepper powder,D
"Xiao Hong finds a basket in the bell tower, the label on the basket is pepper powder, Xiao Hong cannot see what is inside the basket, Xiao Hong opens the basket and finds a sweater, there is no pepper powder in the basket, Xiao Hong closes the basket and puts it back in its place, Youyou enters the bell tower and sees the basket.","After Youyou opens the basket, what does Xiao Hong expect to find inside the basket?",Sweater,Bottle,Vest,Pepper powder,A
"Xiao Hong finds a basket in the bell tower, the label on the basket is pepper powder, Xiao Hong cannot see what is inside the basket, Xiao Hong opens the basket and finds a sweater, there is no pepper powder in the basket, Xiao Hong closes the basket and puts it back in its place, Youyou enters the bell tower and sees the basket.","After Youyou opens the basket, what does Youyou expect to find in the basket?",Plate ruler,Pepper powder,Sweater,Box,B
"Xiao Hong finds a basket in the bell tower, the label on the basket is pepper powder, Xiao Hong cannot see what is inside the basket, Xiao Hong opens the basket and finds a sweater, there is no pepper powder in the basket, Xiao Hong closes the basket and puts it back in its place, Youyou enters the bell tower and sees the basket.","After Youyou opens the basket, what does Xiao Hong think Youyou expects to find in the basket?",Sweater,Banana,Pepper powder,Button,C
"Xiao Hong finds a basket in the bell tower, the label on the basket is pepper powder, Xiao Hong cannot see what is inside the basket, Xiao Hong opens the basket and finds a sweater, there is no pepper powder in the basket, Xiao Hong closes the basket and puts it back in its place, Youyou enters the bell tower and sees the basket.","After Youyou opens the basket, what does Youyou think Xiao Hong expects to find in the basket?",Calculator,Pepper powder,Sweater,Cup,B
"Xiao Hong finds a drawer in the classroom, the label on the drawer is cucumber, Xiao Hong cannot see what is inside the drawer, Xiao Hong opens the drawer and finds a book, there is no cucumber in the drawer, Xiao Hong closes the drawer and puts it back in place, Youyou enters the classroom and sees the drawer.",What is in the drawer?,Cabbage,Spoon,Book,Cucumber,C
"Xiao Hong finds a drawer in the classroom, the label on the drawer is cucumber, Xiao Hong cannot see what is inside the drawer, Xiao Hong opens the drawer and finds a book, there is no cucumber in the drawer, Xiao Hong closes the drawer and puts it back in place, Youyou enters the classroom and sees the drawer.",What should be inside the drawer?,Book,Calculator,Cucumber,Tomato,C
"Xiao Hong finds a drawer in the classroom, the label on the drawer is cucumber, Xiao Hong cannot see what is inside the drawer, Xiao Hong opens the drawer and finds a book, there is no cucumber in the drawer, Xiao Hong closes the drawer and puts it back in place, Youyou enters the classroom and sees the drawer.","After Youyou opens the drawer, what does Xiao Hong expect to find in the drawer?",Tape,Cucumber,Book,Compass,C
"Xiao Hong finds a drawer in the classroom, the label on the drawer is cucumber, Xiao Hong cannot see what is inside the drawer, Xiao Hong opens the drawer and finds a book, there is no cucumber in the drawer, Xiao Hong closes the drawer and puts it back in place, Youyou enters the classroom and sees the drawer.","After Youyou opens the drawer, what does Youyou expect to find in the drawer?",Coat,Book,Cucumber,Hat,C
"Xiao Hong finds a drawer in the classroom, the label on the drawer is cucumber, Xiao Hong cannot see what is inside the drawer, Xiao Hong opens the drawer and finds a book, there is no cucumber in the drawer, Xiao Hong closes the drawer and puts it back in place, Youyou enters the classroom and sees the drawer.","After Youyou opens the drawer, what does Xiao Hong think Youyou expects to find in the drawer?",book,cucumber,crayon,pineapple,B
"Xiao Hong finds a drawer in the classroom, the label on the drawer is cucumber, Xiao Hong cannot see what is inside the drawer, Xiao Hong opens the drawer and finds a book, there is no cucumber in the drawer, Xiao Hong closes the drawer and puts it back in place, Youyou enters the classroom and sees the drawer.","After Youyou opens the drawer, what does Youyou think Xiao Hong expects to find in the drawer?",Cucumber,Book,Eggplant,Durian,A
