STORY,QUESTION,OPTION-A,OPTION-B,OPTION-C,OPTION-D,ANSWER
"Zhang Yang and Li Ming are going to have a picnic. This is Li Ming's idea, he says today is a good day for a picnic. But just as they open the food packaging, it starts to rain from the sky, and in a short while, they are all soaked. Zhang Yang is very upset. She says: ""Oh, yes, a good weather for a picnic!""",Is what Zhang Yang says true?,Yes,No,,,B
"Zhang Yang and Li Ming are going to have a picnic. This is Li Ming's idea, he says today is a good day for a picnic. But just as they open the food packaging, it starts to rain from the sky, and in a short while, they are all soaked. Zhang Yang is very upset. She says: ""Oh, yes, a good weather for a picnic!""",Why does Zhang Yang say this?,She lies to agree with Li Ming that today is a good day for a picnic.,She lies to comfort Li Ming that today is a good day for a picnic.,She wants to mock herself for choosing this day for a picnic is not a wise choice.,She wants to mock Li Ming for saying today is a good day for a picnic.,D
"Anming's mother spends a long time making Anming's favorite fried fish and chips. But when she brings the food to Anming, Anming watches TV, she doesn't even look up, and doesn't say thank you. Anming's mother says angrily: ""You are really polite!""",Does mother tell the truth?,Yes,No,,,B
"Anming's mother spends a long time making Anming's favorite fried fish and chips. But when she brings the food to Anming, Anming watches TV, she doesn't even look up, and doesn't say thank you. Anming's mother says angrily: ""You are really polite!""",Why does the mother say this?,She thinks Anming is a very polite child,She lies to encourage Anming to be a very polite child,She wants to mock her own food is not delicious.,She wants to mock Anming is a child without manners.,D
"At a company annual meeting, Li Na and Zhang Yu are colleagues. A talent show for employees takes place at the annual meeting, and Li Na sings a bit out of tune. When Li Na performs on stage, Zhang Yu watches her sing enthusiastically and can't help but say, ""Secretary Li, your singing is really good, the boss should promote you to be a singer, right?""",Is what Zhang Yu says true?,Yes,No,,,B
"At a company annual meeting, Li Na and Zhang Yu are colleagues. A talent show for employees takes place at the annual meeting, and Li Na sings a bit out of tune. When Li Na performs on stage, Zhang Yu watches her sing enthusiastically and can't help but say, ""Secretary Li, your singing is really good, the boss should promote you to be a singer, right?""",Why does Zhang Yu say this?,Zhang Yu wants to say that Li Na's singing performance at the annual meeting is very bad.,Zhang Yu mocks Li Na because he has bad intentions towards Li Na.,Zhang Yu wants to mock Li Na for her bad singing.,Zhang Yu wants to mock Li Na for wanting to get promoted through connections.,C
"On the first day at the new job, the supervisor praises their company's new printer as the best in the industry, and Linda looks forward to using the ""super easy to use"" printer advertised. But when Linda tries to use it, a series of error messages appear, and she spends an hour and a manual to set up the printer. When the machine prints out the document, she breathes a sigh of relief and says, ""It really is a super easy to use printer, it is easy to use.""",Is what Linda says true?,Yes,No,,,B
"On the first day at the new job, the supervisor praises their company's new printer as the best in the industry, and Linda looks forward to using the ""super easy to use"" printer advertised. But when Linda tries to use it, a series of error messages appear, and she spends an hour and a manual to set up the printer. When the machine prints out the document, she breathes a sigh of relief and says, ""It really is a super easy to use printer, it is easy to use.""",Why does Linda say this?,Linda wants to mock that the printer is not very easy to use.,Linda wants to agree with the supervisor that the printer is very good to use.,Linda wants to recommend the printer to her colleagues.,Linda thinks the printer is easy to use.,A
"In a technology innovation competition, Wang Ming and Yang Hui are the team leaders of two competing teams. As the competition goes to the end, Yang Hui's team presents a technology product, which receives mixed reviews from the jury. Wang Ming looks at Yang Hui's smugness and says, ""This innovation of yours probably comes from a masterpiece left over from the last century.""",Is what Wang Ming says true?,Yes,No,,,B
"In a technology innovation competition, Wang Ming and Yang Hui are the team leaders of two competing teams. As the competition goes to the end, Yang Hui's team presents a technology product, which receives mixed reviews from the jury. Wang Ming looks at Yang Hui's smugness and says, ""This innovation of yours probably comes from a masterpiece left over from the last century.""",Why does Wang Ming say this?,Wang Ming mocks Yang Hui because he thinks the technology innovation competition is not worth participating in.,Wang Ming mocks Yang Hui because he thinks the work of Yang Hui's team is not innovative.,Wang Ming wants to praise Yang Hui for leading the entire team very well.,Wang Ming wants to praise the work of Yang Hui's team is very good.,B
"Zhang Hua is a high school student who is extremely obsessed with social media. He spends several hours every day scrolling through Weibo, using TikTok, and even sneaks his phone during class. His grades start to decline, but his number of followers continues to steadily increase. One day, his father looks at Zhang Hua's report card and says with a smile, ""It seems like you're more popular on social media than in school.""",Is the father praising Zhang Hua when he says this?,A. Yes,B. No,,,B
"Zhang Hua is a high school student who is extremely obsessed with social media. He spends several hours every day scrolling through Weibo, using TikTok, and even sneaks his phone during class. His grades start to decline, but his number of followers continues to steadily increase. One day, his father looks at Zhang Hua's report card and says with a smile, ""It seems like you're more popular on social media than in school.""",Why does the father say this?,A. Father wants to exaggerate Zhang Hua's popularity on social media.,B. Father wants to encourage Zhang Hua to gain more followers' attention.,C. Father hopes Zhang Hua will study diligently.,D. Father is sarcastically criticizing Zhang Hua for not studying properly.,D
"Xiao Hong and Xiao Ming are classmates. Today, when they go to school, all the other classmates in Xiao Hong's class are at school, and Xiao Ming, who usually doesn't like to talk, is sick at home. After school, Xiao Hong goes home, her mother asks her: ""Are all the people in your class at school today?"" Xiao Hong replies: ""Yes, mom.""",Is what Xiao Hong says true?,Yes,No,,,B
"Xiao Hong and Xiao Ming are classmates. Today, when they go to school, all the other classmates in Xiao Hong's class are at school, and Xiao Ming, who usually doesn't like to talk, is sick at home. After school, Xiao Hong goes home, her mother asks her: ""Are all the people in your class at school today?"" Xiao Hong replies: ""Yes, mom.""",Why does Xiao Hong say this?,Xiao Hong deliberately lies to cover up that Xiao Ming does not go to school.,Xiao Hong deliberately lies because Xiao Hong does not go to school today.,Xiao Hong forgets that Xiao Ming is not at school today because Xiao Hong does not go to school today.,"She forgets whether Xiao Ming is at school today or not, because Xiao Ming does not like to talk, she usually does not notice Xiao Ming.",D
"Feng Na plays with her doll in the garden. The sky suddenly starts to rain, her mother calls her to hurry home, she leaves the doll in the garden. While they eat lunch, Feng Na's mother asks Feng Na: ""Do you forget the doll in the garden?"" Feng Na says: ""No, I bring her in, mom.""",Is what Feng Na says true?,Yes,No,,,B
"Feng Na plays with her doll in the garden. The sky suddenly starts to rain, her mother calls her to hurry home, she leaves the doll in the garden. While they eat lunch, Feng Na's mother asks Feng Na: ""Do you forget the doll in the garden?"" Feng Na says: ""No, I bring her in, mom.""",Why does Feng Na say this?,Feng Na intentionally lies about bringing the doll home to cover up the fact that she loses the doll.,Feng Na intentionally lies about bringing the doll home because she worries her mother is afraid to blame her.,Feng Na forgets she doesn't bring the doll home because she rushes home due to the sudden rain and forgets she doesn't bring the doll.,Feng Na forgets she doesn't bring the doll home because she never takes the doll out.,C
"Xiao Li does his math homework in his room. His mom tells him to go to his aunt's house tonight. Xiao Li is busy doing his homework, only thinking about finishing it quickly, and casually agrees. At dinner, his dad asks, ""Are we going to your aunt's house tonight?"" Xiao Li says, ""No, we don't have plans.""",Is what Xiao Li says true?,Yes,No,,,B
"Xiao Li does his math homework in his room. His mom tells him to go to his aunt's house tonight. Xiao Li is busy doing his homework, only thinking about finishing it quickly, and casually agrees. At dinner, his dad asks, ""Are we going to your aunt's house tonight?"" Xiao Li says, ""No, we don't have plans.""",Why does Xiao Li say this?,Xiao Li deliberately lies because he does not want to go to his aunt's house.,Xiao Li forgets the plan his mother tells him because he focuses on his math homework.,Xiao Li deliberately lies because he wants to continue doing homework.,Xiao Li is busy thinking about eating and does not hear his mother's plan for tonight.,B
"Xiao Zhang borrows a book from the library. He reads in the park until it gets dark. His sister sees it is dark and calls him to hurry home. Xiao Zhang rushes home in a hurry. His sister asks, ""Do you return the library book?"" Xiao Zhang says, ""I return it.""",Is what Xiao Zhang says true?,Yes,No,,,B
"Xiao Zhang borrows a book from the library. He reads in the park until it gets dark. His sister sees it is dark and calls him to hurry home. Xiao Zhang rushes home in a hurry. His sister asks, ""Do you return the library book?"" Xiao Zhang says, ""I return it.""",Why does Xiao Zhang say this?,Xiao Zhang deliberately lies because he does not want to get blamed.,Xiao Zhang forgets that he does not return the book because he is too engrossed in reading.,Xiao Zhang deliberately lies because he wants to keep that book.,Xiao Zhang thinks he already returns the book because he usually is punctual.,B
"Li Ming plays football with his friends in the park. After the game ends, he rushes home, forgetting to take the football. He thinks the football is in his backpack. At dinner, Li Ming's brother asks, ""Where is your football? Do you bring it back?"" Li Ming replies, ""It is in my bag.""",Is what Li Ming says true?,Yes,No,,,B
"Li Ming plays football with his friends in the park. After the game ends, he rushes home, forgetting to take the football. He thinks the football is in his backpack. At dinner, Li Ming's brother asks, ""Where is your football? Do you bring it back?"" Li Ming replies, ""It is in my bag.""",Why does Li Ming say this?,Li Ming intentionally lies because he does not want to admit he forgets.,"Li Ming forgets to take the soccer ball, he rushes home.",Li Ming intentionally lies because he fears his brother blames him.,Li Ming remembers he puts the soccer ball in his bag.,B
"Zhang Li buys a new book at the bookstore. When she gets home, she casually puts the book on the sofa and goes to cook dinner.  In the evening, Grandpa asks, ""Where do you put your new book?"" Zhang Li replies, ""I put it on the bookshelf.""",Is what Zhang Li says true?,Yes,No,,,B
"Zhang Li buys a new book at the bookstore. When she gets home, she casually puts the book on the sofa and goes to cook dinner.  In the evening, Grandpa asks, ""Where do you put your new book?"" Zhang Li replies, ""I put it on the bookshelf.""",Why does Zhang Li say this?,Zhang Li really puts the book back on the bookshelf.,Zhang Li lies on purpose because she does not want her grandfather to know she puts things randomly.,Zhang Li remembers she puts the book on the bookshelf.,Zhang Li is busy cooking and forgets where she puts the book.,D
"Wang Qiang plays too late, his mother makes many calls to him to go home. He rushes home, leaves the game controller at his friend's house in a hurry. His mother asks, ""Where is your game controller?"" Wang Qiang answers, ""It is in my bag.""",Does Wang Qiang tell the truth?,Yes,No,,,B
"Wang Qiang plays too late, his mother makes many calls to him to go home. He rushes home, leaves the game controller at his friend's house in a hurry. His mother asks, ""Where is your game controller?"" Wang Qiang answers, ""It is in my bag.""",Why does Wang Qiang say this?,Wang Qiang deliberately lies because he does not want to tell his mother that he lends it out.,Wang Qiang really brings the controller home.,"Wang Qiang deliberately lies because the controller breaks, he does not want to admit.",Wang Qiang forgets that the controller stays at his friend's house.,D
"Xiao Zhao goes to the supermarket to buy things. His uncle tells him to buy a lot of things, and specifically asks him to buy milk for his sister. Xiao Zhao buys a lot of things according to the list, but forgets to buy milk and rushes home.  His uncle asks, ""Do you buy milk?"" Xiao Zhao says, ""I buy.""",Is what Xiao Zhao says true?,Yes,No,,,B
"Xiao Zhao goes to the supermarket to buy things. His uncle tells him to buy a lot of things, and specifically asks him to buy milk for his sister. Xiao Zhao buys a lot of things according to the list, but forgets to buy milk and rushes home.  His uncle asks, ""Do you buy milk?"" Xiao Zhao says, ""I buy.""",Why does Xiao Zhao say this?,Xiao Zhao deliberately lies because he does not want to be blamed.,Xiao Zhao forgets that he does not buy milk because he buys a lot of other things.,Xiao Zhao deliberately lies because he uses the money to buy other things.,Xiao Zhao thinks he buys milk because he usually is very careful.,B
"Li Lei participates in the school's football match. After the match ends, he puts the football in the locker room, but he thinks he brings the ball home. \nIn the evening, his father asks: ""Where is your football?"" Li Lei's answer: ""It is in my bag, Dad.""",Is what Li Lei says true?,Yes,No,,,B
"Li Lei participates in the school's football match. After the match ends, he puts the football in the locker room, but he thinks he brings the ball home. \nIn the evening, his father asks: ""Where is your football?"" Li Lei's answer: ""It is in my bag, Dad.""",Why does Li Lei say this?,Li Lei deliberately lies because he does not want to admit that the football is lost.,Li Lei really thinks the football is in his bag.,Li Lei wants to test whether his father pays attention to his things.,Li Lei forgets that he puts the football in the locker room.,D
"Xiao Chen promises his grandma to water her flowers. He goes to his friend's house to play, rushes out of the house, and forgets about this. He thinks he waters the flowers. \nGrandma asks, ""Do you water my flowers?"" Xiao Chen says, ""I water them.""",Is what Xiao Chen says true?,Yes,No,,,B
"Xiao Chen promises his grandma to water her flowers. He goes to his friend's house to play, rushes out of the house, and forgets about this. He thinks he waters the flowers. \nGrandma asks, ""Do you water my flowers?"" Xiao Chen says, ""I water them.""",Why does Xiao Chen say this?,Xiao Chen intentionally lies because he does not want his grandma to think he does not do well.,Xiao Chen forgets that he does not water the flowers because he is too happy playing at his friend's house.,Xiao Chen intentionally lies because he wants to go play.,Xiao Chen thinks he waters the flowers because he usually is responsible.,B
"Xiao Ming plays frisbee in the park. When the weather turns cold, he hurries home. Xiao Ming forgets that he brings the frisbee home. At dinner, his father asks Xiao Ming, ""Where is your frisbee?"" Xiao Ming replies, ""It is in my room.""",Does Xiao Ming tell the truth?,Yes,No,,,B
"Xiao Ming plays frisbee in the park. When the weather turns cold, he hurries home. Xiao Ming forgets that he brings the frisbee home. At dinner, his father asks Xiao Ming, ""Where is your frisbee?"" Xiao Ming replies, ""It is in my room.""",Why does Xiao Ming say this?,Xiao Ming deliberately lies because he does not want to be reprimanded.,Xiao Ming rushes home and forgets that he does not bring the frisbee home.,"Xiao Ming deliberately lies, worrying that Dad blames him for losing the frisbee.","Xiao Ming thinks the frisbee is in the room, but it is actually in the car.",B
"Li Lei helps with gardening at his grandmother's house. His grandmother asks him to go inside the house to get some flower seeds. He casually puts the scissors he holds at the edge of the flower bed, then goes inside to get the flower seeds. When he comes back, his grandmother asks, ""Where do you put the scissors?"" Li Lei: ""I put it in the house.""",Is what Li Lei says true?,Yes,No,,,B
"Li Lei helps with gardening at his grandmother's house. His grandmother asks him to go inside the house to get some flower seeds. He casually puts the scissors he holds at the edge of the flower bed, then goes inside to get the flower seeds. When he comes back, his grandmother asks, ""Where do you put the scissors?"" Li Lei: ""I put it in the house.""",Why does Li Lei say this?,Li Lei deliberately lies because he fears his grandmother gets angry at him for casually putting the scissors.,"Li Lei goes into the house to get flower seeds, forgets that he puts the scissors in the flower bed.",Li Lei deliberately lies because he does not want his grandmother to get sharp objects.,Li Lei really puts the scissors in the house.,B
"Milly and her colleagues attend an important business meeting together. After the meeting, she is busy arranging the tasks set out in the meeting, forgetting to organize the meeting records. When a colleague asks her if she organizes the meeting records, Milly thinks she should have organized them as usual, and answers, ""Yes, I already put the meeting files on the desk.""",Is what Milly says true?,Yes,No,,,B
"Milly and her colleagues attend an important business meeting together. After the meeting, she is busy arranging the tasks set out in the meeting, forgetting to organize the meeting records. When a colleague asks her if she organizes the meeting records, Milly thinks she should have organized them as usual, and answers, ""Yes, I already put the meeting files on the desk.""",Why does Millie say this?,Emily deliberately lies about putting the documents on the desk to avoid her colleagues blaming her.,Emily deliberately lies about putting the documents on the desk to show her efficient work attitude.,Emily forgets that she does not bring the meeting record documents back to the company because she thinks the documents are not very important.,Emily forgets that she does not bring the meeting record documents back to the company because she is busy dealing with other work when she leaves.,D
"Xiaoling promises her mother to help her clean up the room. Then, she receives a call from a friend and gets invited to a party. Xiaoling happily leaves the house, completely forgetting her mother's request. When she comes home at night, her mother asks: ""Do you clean up the room?"" Xiaoling recalls that she seems to clean up and says: ""Of course, I tidy up very neatly.""",Is what Xiaoling says true?,Yes,No,,,B
"Xiaoling promises her mother to help her clean up the room. Then, she receives a call from a friend and gets invited to a party. Xiaoling happily leaves the house, completely forgetting her mother's request. When she comes home at night, her mother asks: ""Do you clean up the room?"" Xiaoling recalls that she seems to clean up and says: ""Of course, I tidy up very neatly.""",Why does Xiaoling say this?,Xiaoling deliberately lies because she fears her mother gets angry.,Xiaoling forgets that she only cleans a part,Xiaoling deliberately lies because she prefers to attend her friend's party.,Xiaoling thinks she cleans up because she usually takes such tasks seriously.,B
"Zhang Feng participates in the school's art exhibition. After the exhibition ends, he leaves his sketchbook in the classroom, but mistakenly thinks he puts it back in his backpack. At night, his mother asks, ""Where is your sketchbook?"" Zhang Feng replies, ""I put it back in my backpack, Mom.""",Does Zhang Feng tell the truth?,Yes,No,,,B
"Zhang Feng participates in the school's art exhibition. After the exhibition ends, he leaves his sketchbook in the classroom, but mistakenly thinks he puts it back in his backpack. At night, his mother asks, ""Where is your sketchbook?"" Zhang Feng replies, ""I put it back in my backpack, Mom.""",Why does Zhang Feng say this?,Zhang Feng intentionally lies because he does not want his mother to worry.,Zhang Feng remembers the sketchbook is in his backpack.,Zhang Feng wants to test if his mother cares about his sketchbook.,Zhang Feng forgets he leaves the sketchbook in the classroom.,D
"Wang Ting participates in the school's art exhibition, and her artwork receives an award. After the exhibition ends, she puts the certificate in her backpack, but she thinks she hangs the certificate on the wall. In the evening, her mother asks, ""Where is your certificate?"" Wang Ting's reply, ""It hangs on the wall, Mom.""",Is what Wang Ting says true?,A. Yes,B. No,,,B
"Wang Ting participates in the school's art exhibition, and her artwork receives an award. After the exhibition ends, she puts the certificate in her backpack, but she thinks she hangs the certificate on the wall. In the evening, her mother asks, ""Where is your certificate?"" Wang Ting's reply, ""It hangs on the wall, Mom.""",Why does Wang Ting say this?,Wang Ting deliberately lies because she does not want her mother to know the certificate is still in the backpack.,Wang Ting remembers the certificate is on the wall.,Wang Ting wants to test whether her mother pays attention to her exhibition results.,Wang Ting forgets she puts the certificate in her backpack.,D
"Xiao Ming promised his mom to help tidy up the desk at home, but he left in a hurry and forgot that he hadn't finished tidying up completely. When he returns home, his mom asks, ""Is the desk tidied up?"" Xiao Ming thinks for a moment and says, ""It's tidied up.""",Is what Xiao Ming says true?,A. Yes,B. No,,,B
"Xiao Ming promised his mom to help tidy up the desk at home, but he left in a hurry and forgot that he hadn't finished tidying up completely. When he returns home, his mom asks, ""Is the desk tidied up?"" Xiao Ming thinks for a moment and says, ""It's tidied up.""",Why does Xiao Ming say this?,Xiao Ming intentionally lies because he does not want his mother to get angry.,Xiao Ming forgets that he tidies up but does not completely tidy up the desk.,Xiao Ming intentionally lies because he wants to continue doing what he likes.,Xiao Ming thinks he completely tidies up the desk because he usually does.,B
"Xiao Ling promised to help her mom buy groceries. Her mom told her to make sure to buy carrots. When she left, she ran into her good friend, and they went to buy groceries together. Xiao Ling bought a lot of groceries and, in the joy of chatting, forgot to buy carrots. Her mom asks, ""Have you brought back all the groceries?"" Xiao Ling looks at the many groceries and thinks for a moment and says, ""I've brought them back.""",Is what Xiao Ling says true?,A. Yes,B. No,,,B
"Xiao Ling promised to help her mom buy groceries. Her mom told her to make sure to buy carrots. When she left, she ran into her good friend, and they went to buy groceries together. Xiao Ling bought a lot of groceries and, in the joy of chatting, forgot to buy carrots. Her mom asks, ""Have you brought back all the groceries?"" Xiao Ling looks at the many groceries and thinks for a moment and says, ""I've brought them back.""",Why does Xiaoling say this?,Xiaoling deliberately lies because she does not want her mother to be angry.,Xiaoling forgets that she does not buy carrots because she is too happy chatting with her friend.,Xiaoling deliberately lies because she wants more free time with her friends.,Xiaoling thinks she buys all the groceries because she is usually very careful.,B
"Li Ming and Xiao Hong are preparing to participate in the school's evening party, but Li Ming has forgotten the dance steps for his performance. When Xiao Hong asks him, ""How do we perform?"" Li Ming tries hard to remember and quickly answers, ""Of course, it's left turn, right turn, and then jump.""",Is what Li Ming says true?,A. Yes,B. No,,,B
"Li Ming and Xiao Hong are preparing to participate in the school's evening party, but Li Ming has forgotten the dance steps for his performance. When Xiao Hong asks him, ""How do we perform?"" Li Ming tries hard to remember and quickly answers, ""Of course, it's left turn, right turn, and then jump.""",Why does Li Ming answer like this?,Li Ming does not want to tell Xiao Hong the specific steps of the dance.,Li Ming forgets the dance steps of his dance performance.,"Li Ming intentionally provides incorrect information, wanting the performance to go wrong.","Li Ming indeed thinks that turning left, turning right, jumping up are the correct performance steps.",B
"At an important business meeting, Li Hua is representing the company for a presentation. Halfway through the meeting, Li Hua suddenly forgets a key piece of data. When asked, he hastily answers, ""Our annual growth rate is 20%."" However, the actual data is 30%. His response confuses the attendees.",Is what Li Hua says true?,A. Yes,B. No,,,B
"At an important business meeting, Li Hua is representing the company for a presentation. Halfway through the meeting, Li Hua suddenly forgets a key piece of data. When asked, he hastily answers, ""Our annual growth rate is 20%."" However, the actual data is 31%. His response confuses the attendees.",Why does Li Hua answer like this?,Li Hua intentionally confuses the data to get more investment.,Li Hua forgets the correct annual growth rate data.,Li Hua wants to test whether the attendees really pay attention to the company's data.,"Li Hua thinks 20% is more acceptable, so he intentionally changes the data.",B
"At a friend's gathering, Li Ming learns that his friend Xiao Hong is going to Beijing. A week later, Li Ming unexpectedly meets Xiao Hong in Beijing, and he asks in surprise, ""Xiao Hong, how come you're here?"" Xiao Hong replies with a smile, ""Didn't you ask me last week which city I was going to?""",Is what Li Ming says true?,A. Yes,B. No,,,B
"At a friend's gathering, Li Ming learns that his friend Xiao Hong is going to Beijing. A week later, Li Ming unexpectedly meets Xiao Hong in Beijing, and he asks in surprise, ""Xiao Hong, how come you're here?"" Xiao Hong replies with a smile, ""Didn't you ask me last week which city I was going to?""",Why does Li Ming say this?,Li Ming forgets the city Xiao Hong is about to go to that he discusses with her last week.,"Li Ming knows the city Xiao Hong is going to, but he pretends to be surprised.",Xiao Hong does not tell Li Ming the city she is about to go to at the party.,Li Ming does not expect to meet Xiao Hong.,A
"Li Tong and Wang Hong are best friends. They both participate in the same painting competition. Now, Li Tong really wants to win this competition, but when the competition results come out, the winner of the competition is her best friend Wang Hong, not her. Li Tong is very upset that she does not win, but she feels happy for her friend who wins. Li Tong says to Wang Hong: ""Good job, I am really happy you win!"" Li Tong says to her mom: ""I am very sad, I do not win the competition!"" Is what Li Tong says to Wang Hong true?",Is what Li Tong says to Wang Hong true?,Yes,No,,,A
"Li Tong and Wang Hong are best friends. They both participate in the same painting competition. Now, Li Tong really wants to win this competition, but when the competition results come out, the winner of the competition is her best friend Wang Hong, not her. Li Tong is very upset that she does not win, but she feels happy for her friend who wins. Li Tong says to Wang Hong: ""Good job, I am really happy you win!"" Li Tong says to her mom: ""I am very sad, I do not win the competition!"" Is what Li Tong says to Wang Hong true?",Why does Li Tong say she is both happy and sad?,"She is happy that Wang Hong wins the competition, she is sad and very jealous that Wang Hong wins the competition.",She is happy that Wang Hong wins the competition and is not sad about it.,She is happy that Wang Hong wins the competition but is sad that Wang Hong does not comfort her for not winning the competition.,She is happy that Wang Hong wins the competition but is sad that she does not win the competition.,D
"Zhang Ming gets a promotion at work, but his good friend Zhao Lei does not. They have a conflict recently, but Zhang Ming still goes to Zhao Lei. Zhang Ming says to Zhao Lei: ""I know you work hard!"". After going home, Zhang Ming says to his sister: ""I am really sad, but I finally get what I want""",Is what Zhang Ming says to his sister true?,Yes,No,,,A
"Zhang Ming gets a promotion at work, but his good friend Zhao Lei does not. They have a conflict recently, but Zhang Ming still goes to Zhao Lei. Zhang Ming says to Zhao Lei: ""I know you work hard!"". After going home, Zhang Ming says to his sister: ""I am really sad, but I finally get what I want""",Why is Zhang Ming both happy and sad?,"He is happy that he gets promoted, but sad that Zhao Lei does not.","He is happy that Zhao Lei does not get promoted, so he can get the promotion alone.","He is sad that he gets promoted, because he does not like the extra work responsibility.","He is happy that he gets promoted, but sad that he has a conflict with Zhao Lei.",A
"Sun Wu and Liu Yun are good friends, they sign up together to participate in a marathon. Usually, Sun Wu runs much faster than Liu Yun. Sun Wu twists his ankle halfway and cannot run. Although Liu Yun sees him injured, he does not stop. Liu Yun wins first place, while Sun Wu does not finish the race. Sun Wu says to Liu Yun, ""Great, you are really amazing!"" At night when he gets home, Sun Wu says to his brother, ""I feel very disappointed, it should not be like this.""",Is what Sun Wu says to his brother true?,Yes,No,,,A
"Sun Wu and Liu Yun are good friends, they sign up together to participate in a marathon. Usually, Sun Wu runs much faster than Liu Yun. Sun Wu twists his ankle halfway and cannot run. Although Liu Yun sees him injured, he does not stop. Liu Yun wins first place, while Sun Wu does not finish the race. Sun Wu says to Liu Yun, ""Great, you are really amazing!"" At night when he gets home, Sun Wu says to his brother, ""I feel very disappointed, it should not be like this.""",Why does Sun Wu say he is both happy and disappointed?,"He is happy that Liu Yun wins, but disappointed and jealous of Liu Yun's achievement.","He is happy that Liu Yun wins, and does not feel disappointed because of this.","He is happy that Liu Yun wins, but disappointed that he does not finish the race.","He is happy that Liu Yun wins, but disappointed that Liu Yun does not help him.",C
"Zhou Jing and Zhao Lei jointly participate in a startup project, Zhao Lei receives the award for the best entrepreneur, the entire startup project wins the first prize. In the early stage of the startup project, Zhou Jing puts in a lot of effort, which leads to illness and she does not do much afterwards. Zhou Jing says to Zhao Lei: ""I am very happy, you are really amazing, congratulations on becoming the best entrepreneur!"" Zhao Lei only expresses his thanks for her blessings. Zhou Jing tells her friend Xiao Chen: ""I am very upset.""",Is what Zhou Jing says to Zhao Lei true?,Yes,No,,,A
"Zhou Jing and Zhao Lei jointly participate in a startup project, Zhao Lei receives the award for the best entrepreneur, the entire startup project wins the first prize. In the early stage of the startup project, Zhou Jing puts in a lot of effort, which leads to illness and she does not do much afterwards. Zhou Jing says to Zhao Lei: ""I am very happy, you are really amazing, congratulations on becoming the best entrepreneur!"" Zhao Lei only expresses his thanks for her blessings. Zhou Jing tells her friend Xiao Chen: ""I am very upset.""",Why does Zhou Jing say she is both happy and depressed?,"She is happy that Zhao Lei wins the best entrepreneur, but is depressed that she does not win the award.","She is happy that her startup project wins the first prize, and does not feel depressed because of this.","She is happy that her startup project wins the first prize, but is depressed that she does not receive recognition.","She is happy that Zhao Lei receives recognition, but is depressed that Zhao Lei does not thank her for her contribution.",A
"Li Ming and Zhang Nan participate in the school debate competition, Zhang Nan wins the best debater award, the whole team gets the final victory. As the team leader, Li Ming guides every teammate's debate manuscript, puts in a lot of effort.\nLi Ming says to Zhang Nan: ""I am very happy, you are really great, congratulations on winning the award!"" Li Ming says to his sister: ""I am really sad.""",Is what Li Ming says to Zhang Nan true?,Yes,No,,,A
"Li Ming and Zhang Nan participate in the school debate competition, Zhang Nan wins the best debater award, the whole team gets the final victory. As the team leader, Li Ming guides every teammate's debate manuscript, puts in a lot of effort.\nLi Ming says to Zhang Nan: ""I am very happy, you are really great, congratulations on winning the award!"" Li Ming says to his sister: ""I am really sad.""",Why does Li Ming say he is both happy and disappointed?,"He is happy that Zhang Nan wins the award, but is disappointed that Zhang Nan does not acknowledge his contribution.","He is happy that the debate team wins the competition, but his efforts do not get rewarded.","He is happy that Zhang Nan wins the award, but is disappointed that he does not win an award.","He is happy that the debate team wins the competition, but is disappointed that Zhang Nan does not acknowledge his contribution.",C
"Zhao Li and her friend Wang Qiang complete a project together. The manager praises the entire project team at the annual meeting, but only promotes Wang Qiang. \nZhao Li says to Wang Qiang: ""I am really happy, congratulations, you really deserve this promotion!"" When she goes home at night, Zhao Li says to her sister: ""I am disappointed, I can't believe I am treated like this.""",Is what Zhao Li says to her sister true?,Yes,No,,,A
"Zhao Li and her friend Wang Qiang complete a project together. The manager praises the entire project team at the annual meeting, but only promotes Wang Qiang. \nZhao Li says to Wang Qiang: ""I am really happy, congratulations, you really deserve this promotion!"" When she goes home at night, Zhao Li says to her sister: ""I am disappointed, I can't believe I am treated like this.""",Why does Zhao Li say she is both happy and disappointed?,"She is happy that Wang Qiang gets promoted, but is disappointed and jealous of him.","She is happy that Wang Qiang gets promoted, but is disappointed that her efforts are not recognized.","She is happy that the entire group gets praised, but is disappointed that she does not get promoted.","She is happy that the entire group gets praised, but is disappointed that Wang Qiang does not thank her for her help.",B
"Li Hua and her roommate Wang Lei participate in a knowledge competition together, their team gets the first place in the whole competition, but only Wang Lei gets an individual ranking. Li Hua says to Wang Lei: ""I am really happy, congratulations on getting the ranking""; when she returns to the dormitory at night, she says to her brother: ""I am really sad.""",Is what Li Hua says to her brother true?,Yes,No,,,A
"Li Hua and her roommate Wang Lei participate in a knowledge competition together, their team gets the first place in the whole competition, but only Wang Lei gets an individual ranking. Li Hua says to Wang Lei: ""I am really happy, congratulations on getting the ranking""; when she returns to the dormitory at night, she says to her brother: ""I am really sad.""",Why is Li Hua both happy and sad?,"She is happy that the team gets the first place overall, but sad that she does not get a ranking.","She is happy because Wang Lei gets a ranking, but sad that others think she is worse than Wang Lei.","She is happy that the team gets the first place overall, but sad that Wang Lei does not recognize her efforts.","She is happy because Wang Lei gets a ranking, but sad that she does not get an individual ranking.",D
"Zhang Wei, as the team leader, and Li Hua participate in a project competition. The project gets the first place in the group competition, and Li Hua wins the individual achievement award. Li Hua says to Zhang Wei, ""I am really happy, you do a great job!"" Zhang Wei expresses his thanks. At night, when he returns home, Li Hua complains to his wife, ""I am really sad.""",Is what Li Hua says to his wife true?,Yes,No,,,A
"Zhang Wei, as the team leader, and Li Hua participate in a project competition. The project gets the first place in the group competition, and Li Hua wins the individual achievement award. Li Hua says to Zhang Wei, ""I am really happy, you do a great job!"" Zhang Wei expresses his thanks. At night, when he returns home, Li Hua complains to his wife, ""I am really sad.""",Why does Li Hua say he is both happy and sad?,"He is happy that the group project wins the competition, but he does not win the competition himself.","He is happy that Zhang Wei does well, but he is sad that his efforts do not get recognition.","He is happy that Zhang Wei does well, but he is sad that Zhang Wei does not comfort him.","He is happy that the group project wins the competition, but he is sad that he does not win the competition himself.",B
"Wang Li and Chen Yue team up to participate in a cooking competition, they get the first place in the group, Chen Yue wins the first prize individually. Wang Li says to Chen Yue: ""I am very happy, I am proud of you!"" Wang Li says to her sister: ""I am really sad.""",Is what Wang Li says to her sister true?,Yes,No,,,A
"Wang Li and Chen Yue team up to participate in a cooking competition, they get the first place in the group, Chen Yue wins the first prize individually. Wang Li says to Chen Yue: ""I am very happy, I am proud of you!"" Wang Li says to her sister: ""I am really sad.""",Why does Wang Li say she is both happy and sad?,"She is happy that Chen Yue wins the award, but her own efforts do not get recognition.","She is happy that the group wins the award, but she is sad that Chen Yue does not comfort her.","She is happy that Chen Yue wins the award, but she is sad that Chen Yue does not comfort her.","She is happy that the group wins the award, but she is sad that she does not win the competition.",A
"Liu Yang, as the captain and good friend Zhao Ming, participates in a football match. Their team wins and gets the first place, Zhao Ming performs outstandingly and gets the MVP. Liu Yang, as the captain, puts in a lot of effort usually, and leads the whole team to work hard in the match. Liu Yang says to Zhao Ming, ""I am so happy, you play really well!"" Liu Yang says to his father, ""I feel very lost.""",Is what Liu Yang says to Zhao Ming true?,Yes,No,,,A
"Liu Yang, as the captain and good friend Zhao Ming, participates in a football match. Their team wins and gets the first place, Zhao Ming performs outstandingly and gets the MVP. Liu Yang, as the captain, puts in a lot of effort usually, and leads the whole team to work hard in the match. Liu Yang says to Zhao Ming, ""I am so happy, you play really well!"" Liu Yang says to his father, ""I feel very lost.""",Why does Liu Yang say he is both happy and sad?,"He is happy that Zhao Ming performs well, but his own efforts do not get recognition.","He is happy that the whole team wins the match, but his own performance is not good.","He is happy that Zhao Ming performs well, but feels sad that Zhao Ming does not comfort him.",". He is happy that the whole team wins the match, but his own efforts do not get recognition.",A
"Li Xiao and Wang Qiang team up to participate in an academic competition, their team wins the first place, Wang Qiang receives the best paper award. Li Xiao says to Wang Qiang: ""I am really so happy, congratulations my friend!"" In the evening, when she returns home, Li Xiao says to her father: ""I am very sad.""",Is what Li Xiao says to her father true?,Yes,No,,,A
"Li Xiao and Wang Qiang team up to participate in an academic competition, their team wins the first place, Wang Qiang receives the best paper award. Li Xiao says to Wang Qiang: ""I am really so happy, congratulations my friend!"" In the evening, when she returns home, Li Xiao says to her father: ""I am very sad.""",Why does Li Xiao say she is both happy and sad?,"She is happy that Wang Qiang wins the best paper, but sad that she does not win an individual award.","She is happy that their team wins the first place, but sad that Wang Qiang does not comfort her.","She is happy that Wang Qiang wins the best paper, but sad that Wang Qiang does not comfort her.","She is happy that their team wins the first place, but sad that she does not win an individual award.",A
"Wang Mei and her friend Zhao Min form a team to participate in a speech competition. The speech team wins the first place, Zhao Min wins the first place individually, but Wang Mei does not make it to the top three. Wang Mei says to Zhao Min, ""I am so happy. You are great, congratulations!"" But she says to her sister, ""I am really disappointed.""",Is what Wang Mei says to her sister true?,Yes,No,,,A
"Wang Mei and her friend Zhao Min form a team to participate in a speech competition. The speech team wins the first place, Zhao Min wins the first place individually, but Wang Mei does not make it to the top three. Wang Mei says to Zhao Min, ""I am so happy. You are great, congratulations!"" But she says to her sister, ""I am really disappointed.""",Why does Wang Mei express both happiness and disappointment?,"She is happy that Zhao Min wins, but disappointed that Zhao Min does not comfort her.","She is happy that the team wins the competition, but disappointed that she does not win.","She is happy that Zhao Min wins, but disappointed that she does not win the individual competition.","She is happy that the team wins the competition, but disappointed that Zhao Min does not comfort her.",C
"Liu Yang and Wang Gang participate in a basketball game together. Liu Yang, as the captain, puts in a lot of effort and leads the basketball team to win the final victory. Wang Gang plays very well and wins the MVP. Liu Yang says to Wang Gang, ""I am so happy, you are really great, congratulations!"" But he says to his mother, ""I feel I am not performing well, I am a bit depressed.""",Is what Liu Yang says to his mother true?,Yes,No,,,A
"Liu Yang and Wang Gang participate in a basketball game together. Liu Yang, as the captain, puts in a lot of effort and leads the basketball team to win the final victory. Wang Gang plays very well and wins the MVP. Liu Yang says to Wang Gang, ""I am so happy, you are really great, congratulations!"" But he says to his mother, ""I feel I am not performing well, I am a bit depressed.""",Why does Liu Yang express both happiness and depression?,"He is happy that the basketball team wins the game, but is disappointed that Wang Gang does not comfort her.","He is happy that Wang Gang wins the MVP, but is disappointed that Wang Gang does not comfort her.","He is happy that Wang Gang wins the MVP, but is disappointed that he does not win the MVP.","He is happy that the basketball team wins the game, but is disappointed that he does not win the MVP.",C
"Zhang Ming, as a leader, completes an important project with Zhao Li. The project is successful, and Zhao Li receives the best employee award.  Zhang Ming says to Zhao Li: ""I am really happy that you receive the best employee award."" In the evening, Zhang Ming says to her sister: ""I am actually a little sad.""",Is what Zhao Li says to her sister true?,Yes,No,,,A
"Zhang Ming, as a leader, completes an important project with Zhao Li. The project is successful, and Zhao Li receives the best employee award.  Zhang Ming says to Zhao Li: ""I am really happy that you receive the best employee award."" In the evening, Zhang Ming says to her sister: ""I am actually a little sad.""",Why does Zhang Ming express both happiness and disappointment?,"Zhang Ming is happy that the project is successful, but is disappointed that he does not complete it independently.","Zhang Ming is happy that Zhao Li wins the award, but is disappointed that he does not receive individual recognition.","Zhang Ming is happy that the project is successful, but is disappointed that he does not receive individual recognition.","Zhang Ming is happy that Zhao Li wins the award, but is disappointed that Zhao Li does not thank her.",B
"Li Chen gets second place in the school speech competition, and his good friend wins first place. Li Chen says to his teacher: ""I am happy that my friend wins!"" Li Chen says to his dad: ""I am really disappointed, I want to win.""",Is what Li Chen says to his dad true?,Yes,No,,,A
"Li Chen gets second place in the school speech competition, and his good friend wins first place. Li Chen says to his teacher: ""I am happy that my friend wins!"" Li Chen says to his dad: ""I am really disappointed, I want to win.""",Why does Li Chen feel both happy and disappointed?,"He is happy that his friend wins, but disappointed with his own ranking.","He does not care about the competition results, he just wants to make his dad happy.","He is happy that his friend wins, but disappointed that he does not get first place.","He is happy because the competition ends, but disappointed because he thinks he does not speak well.",C
"In a small town, Wang Li and Wang Ben are a pair of close siblings. One day, Wang Ben, because of his outstanding musical talent, gets accepted by a well-known music academy, becoming the first person in their family to get accepted by a university, while Wang Li does not receive an admission notice. Wang Li says during the celebration, ""I am really happy for you!"" But when she is alone, she sighs deeply.",Is what Wang Li says to Wang Ben true?,Yes,No,,,A
"In a small town, Wang Li and Wang Ben are a pair of close siblings. One day, Wang Ben, because of his outstanding musical talent, gets accepted by a well-known music academy, becoming the first person in their family to get accepted by a university, while Wang Li does not receive an admission notice. Wang Li says during the celebration, ""I am really happy for you!"" But when she is alone, she sighs deeply.",Why does Wang Li express both happiness and disappointment?,"Wang Li is happy that Wang Ben gets accepted, but disappointed that she does not get accepted.","Wang Li is happy that Wang Ben gets accepted, but disappointed that Wang Ben does not discuss the decision with her.","Wang Li is happy that Wang Ben gets accepted, but disappointed that Wang Ben does not invite her to celebrate together.","Wang Li is happy that Wang Ben gets accepted, but disappointed that Wang Ben is about to leave her.",A
"Lin Ting and Chen Yang are a young couple. They haven't saved much money since they started working not long ago. Chen Yang has spent a lot of time, effort, and money planning a romantic vacation for Lin Ting. When they arrive at their destination, Lin Ting says to Chen Yang, ""This is the vacation spot I've been dreaming of; I'm so happy!"" Chen Yang hears this and feels very happy. However, when they are alone, Chen Yang's expression becomes somewhat melancholic.",Is Chen Yang really happy?,A. Yes,B. No,,,A
"Lin Ting and Chen Yang are a young couple. They haven't saved much money since they started working not long ago. Chen Yang has spent a lot of time, effort, and money planning a romantic vacation for Lin Ting. When they arrive at their destination, Lin Ting says to Chen Yang, ""This is the vacation spot I've been dreaming of; I'm so happy!"" Chen Yang hears this and feels very happy. However, when they are alone, Chen Yang's expression becomes somewhat melancholic.",Why does Chen Yang appear both happy and melancholy at the vacation spot?,"Chen Yang is very happy that Lin Ting really likes this vacation plan, but he is melancholy because he feels that this vacation costs too much and puts pressure on finances.","Chen Yang is very happy that Lin Ting really likes this vacation plan, but he is melancholy because he feels that his interests and preferences are not fully considered in the vacation plan.","Chen Yang really likes this vacation, but he is melancholy because Lin Ting has high expectations for the vacation spot, he worries that future plans are hard to meet.","Chen Yang really likes this vacation, but he is melancholy because he feels that his interests and preferences are not fully considered in the vacation plan.",A
"Wang Zhi and Liu Mei are colleagues, and they worked together on an urgent project. After completing the project, Wang Zhi is very happy and says to Liu Mei, ""We really did a great job, and I am proud."" The leader publicly praised the project team and promoted and gave a raise to Liu Mei. However, Wang Zhi's expression becomes somewhat disheartened.",Is Wang Zhi really proud?,A. Yes,B. No,,,A
"Wang Zhi and Liu Mei are colleagues, and they worked together on an urgent project. After completing the project, Wang Zhi is very happy and says to Liu Mei, ""We really did a great job, and I am proud."" The leader publicly praised the project team and promoted and gave a raise to Liu Mei. However, Wang Zhi's expression becomes somewhat disheartened.",Wang Zhi expresses pride but appears depressed?,"Wang Zhi is proud of the project's success, but is depressed because he feels exhausted from putting too much into the project.","Wang Zhi is proud of the project's success, but is depressed because he feels the leader does not recognize his hard work in the project.","Wang Zhi is proud of the project's success, but is depressed because his colleagues do not give enough recognition.","Wang Zhi is proud of the project's success, but is depressed because he does not fully utilize his potential in the project.",B
"Lily and Mark are a young couple, and they have just moved into a new house they bought with a loan. Mark is excited about the new home and says, ""This will be the start of our new life!"" However, when Lily sees Mark sitting quietly alone in the room, he says to her, ""I've actually been worrying if we made the right decision all along.""",Is Mark really excited?,A. Yes,B. No,,,A
"Lily and Mark are a young couple, and they have just moved into a new house they bought with a loan. Mark is excited about the new home and says, ""This will be the start of our new life!"" However, when Lily sees Mark sitting quietly alone in the room, he says to her, ""I've actually been worrying if we made the right decision all along.""",Why does Mark express both excitement and worry?,"Mark is excited about the start of new life, but worries about family finances.","Mark is excited about moving into a new home, but worries about job prospects.","Mark is excited about life changes, but worries about social issues.","Mark is excited about new home life, but worries about emotional stability.",A
"Wang Liang is a successful entrepreneur, and he runs a company together with his partner, Liu Na. One day, the company secures a large contract, and Liu Na feels very excited about it. She says to Wang Liang, ""We have finally succeeded!"" However, in the evening at home, Liu Na complains to her friend, ""The contract task is quite heavy, and I'm a bit worried.""",Is Liu Na really excited?,A. Yes,B. No,,,A
"Wang Liang is a successful entrepreneur, and he runs a company together with his partner, Liu Na. One day, the company secures a large contract, and Liu Na feels very excited about it. She says to Wang Liang, ""We have finally succeeded!"" However, in the evening at home, Liu Na complains to her friend, ""The contract task is quite heavy, and I'm a bit worried.""",Why does Liu Na express both happy and worried emotions?,"Liu Na is happy that the company gets a large contract, but is disappointed that she does not receive more rewards.","Liu Na is happy about the company's success, but worries that the company will be affected if the contract is not completed.","Liu Na is happy that the company gets a large contract, but is disappointed that the internal relations in the company become more tense.","Liu Na is happy about the company's success, but is disappointed that her partner does not cherish their cooperation.",B
"Xiao Ming's teacher often gives students a lot of homework. This weekend, Xiao Ming wants to go to his friend Xiao Chen's house to play games together. But Xiao Ming still has a lot of homework that he does not finish. Xiao Ming's father sees him working hard all day on his homework, and asks Xiao Ming if he finishes his homework? Does he want to go out and play for a rest? Xiao Ming says, ""No, I do not want to.""",Is what Xiao Ming says to his father true?,Yes,No,,,B
"Xiao Ming's teacher often gives students a lot of homework. This weekend, Xiao Ming wants to go to his friend Xiao Chen's house to play games together. But Xiao Ming still has a lot of homework that he does not finish. Xiao Ming's father sees him working hard all day on his homework, and asks Xiao Ming if he finishes his homework? Does he want to go out and play for a rest? Xiao Ming says, ""No, I do not want to.""",Why does Xiao Ming say he does not want to go out and play?,"Because he thinks the homework is too hard, so he lies and says he does not want to go.",Because he finds it hard to finish the homework.,Because he forgets the homework.,Because he does not want his father to think he is a child who loves to play.,B
"Li Lei really likes to play basketball, but his skills are not very good. Li Lei's friends often invite him to play basketball after school. Lei's sister always mocks his basketball skills. He is now in his senior year of high school and his coursework is heavy. Today is the weekend, Li Lei's friend invites him to play basketball. When Lei's sister asks him, ""Do you go to play basketball today?"" Li Lei answers, ""No.""",Is what Li Lei says to his sister true?,Yes,No,,,B
"Li Lei really likes to play basketball, but his skills are not very good. Li Lei's friends often invite him to play basketball after school. Lei's sister always mocks his basketball skills. He is now in his senior year of high school and his coursework is heavy. Today is the weekend, Li Lei's friend invites him to play basketball. When Lei's sister asks him, ""Do you go to play basketball today?"" Li Lei answers, ""No.""","Why does Li Lei want to play basketball, but he says no?",Because he thinks basketball is not interesting.,Because he is afraid of being mocked by his friends.,Because he does not want his sister to mock him anymore.,"Because he is in his senior year of high school and his coursework is heavy, he does not want to affect his studies by playing basketball.",C
"Ah Fang and her friend Wang Hong do not see each other for a long time. Ah Fang promises Wang Hong that she definitely goes out shopping with her today, even though she has a lot of schoolwork recently. But Ah Fang's mother does not like her going out often. When Ah Fang's mother asks her, ""Do you go out today?"" Ah Fang replies, ""No, I do homework at home.""",Is what Ah Fang tells her mother true?,Yes,No,,,B
"Ah Fang and her friend Wang Hong do not see each other for a long time. Ah Fang promises Wang Hong that she definitely goes out shopping with her today, even though she has a lot of schoolwork recently. But Ah Fang's mother does not like her going out often. When Ah Fang's mother asks her, ""Do you go out today?"" Ah Fang replies, ""No, I do homework at home.""",Why does Ah Fang say she wants to stay at home even though she wants to go shopping?,Because she actually does not like shopping.,Because she does not want her mother to worry and lies.,Because she suddenly feels tired.,Because she has a lot of homework that she does not finish.,B
"Xiaohua's school has a strict rule that students who do not complete their homework cannot participate in extracurricular activities. Xiaohua enjoys extracurricular activity time. Today, Xiaohua wants to participate in the school's basketball game. Xiaohua's dad asks him, ""Do you want to participate in extracurricular activities today?"" Xiaohua replies, ""No.""",Is what Xiaohua tells his dad true?,Yes,No,,,B
"Xiaohua's school has a strict rule that students who do not complete their homework cannot participate in extracurricular activities. Xiaohua enjoys extracurricular activity time. Today, Xiaohua wants to participate in the school's basketball game. Xiaohua's dad asks him, ""Do you want to participate in extracurricular activities today?"" Xiaohua replies, ""No.""","Why does Xiaohua clearly want to participate in the basketball game, but says there are no extracurricular activities?",Because he actually does not like basketball.,Because he forgets there are extracurricular activities.,Because he fears that the teacher finds out he plays without doing homework.,Because he wants to play basketball secretly without his dad knowing.,C
"Xiao Ming's school organizes a science exhibition, but Xiao Ming is afraid to speak in front of everyone. Today, Xiao Ming's science project is selected to be displayed at the exhibition. When Xiao Ming's teacher asks him: ""Are you ready to display your project at the exhibition?"" Xiao Ming replies: ""No, I do not want to display it, I am not ready yet.""",Is what Xiao Ming says to the teacher true?,Yes,No,,,A
"Xiao Ming's school organizes a science exhibition, but Xiao Ming is afraid to speak in front of everyone. Today, Xiao Ming's science project is selected to be displayed at the exhibition. When Xiao Ming's teacher asks him: ""Are you ready to display your project at the exhibition?"" Xiao Ming replies: ""No, I do not want to display it, I am not ready yet.""","Why does Xiao Ming want to display his science project, but says he does not want to display it?",Because he thinks his project is not good.,Because he does not want to speak in front of everyone.,Because he likes other activities more.,Because he is not ready with the presentation speech yet.,B
"Xiaoli does not watch movies for a long time, she gets invited by her friend to watch a movie today. Xiaoli's grandfather really likes to have dinner with the family. Tonight, Xiaoli's family celebrates her grandfather's birthday. Grandfather asks Xiaoli if she goes out tonight, Xiaoli says ""does not go out"".",Is what Xiaoli tells her grandfather true?,Yes,No,,,A
"Xiaoli does not watch movies for a long time, she gets invited by her friend to watch a movie today. Xiaoli's grandfather really likes to have dinner with the family. Tonight, Xiaoli's family celebrates her grandfather's birthday. Grandfather asks Xiaoli if she goes out tonight, Xiaoli says ""does not go out"".","Why does Xiaoli want to watch a movie, but says she wants to have dinner with her family?",Because she does not want to disappoint her grandfather.,Because she worries her friend cancels the plan.,Because she actually prefers to be with her family.,Because she does not like the movie she prepares to watch.,A
"Xiaohua's sister recently buys a new computer, she worries that others damage the computer, she never allows others to use it.\nToday, a new game comes out, Xiaohua wants to play the game on the new computer. When Xiaohua's friend asks him if he wants to play the new game, Xiaohua says he does not.",Is what Xiaohua says to his friend true?,Yes,No,,,A
"Xiaohua's sister recently buys a new computer, she worries that others damage the computer, she never allows others to use it.\nToday, a new game comes out, Xiaohua wants to play the game on the new computer. When Xiaohua's friend asks him if he wants to play the new game, Xiaohua says he does not.","Why does Xiaohua want to play the new game, but he says he does not?",Because he does not want his friends to know he cannot play the new game.,Because he fears that his sister gets angry if he uses her new computer to play games.,Because he actually does not know how to play computer games very well.,Because she does not have the time and equipment to play the new game.,B
"Xiao Ming's father gives him a new science book, Xiao Ming is very interested in science. He likes to listen to his father talk about scientific knowledge, but rarely expresses his own opinions. Xiao Ming's teacher asks him if he wants to participate in the school's science reading club, Xiao Ming answers ""does not want to go"".",Does Xiao Ming really not want to participate in the science reading club?,Yes,No,,,A
"Xiao Ming's father gives him a new science book, Xiao Ming is very interested in science. He likes to listen to his father talk about scientific knowledge, but rarely expresses his own opinions. Xiao Ming's teacher asks him if he wants to participate in the school's science reading club, Xiao Ming answers ""does not want to go"".","Xiao Ming really wants to read the new science book, why does he say he doesn't want to participate in the reading club?",He thinks the reading club is not as wonderful as what his father says.,He worries that participating in the book discussion is too noisy.,He prefers to read alone.,He doesn't like to express himself in reading social activities.,D
"Xiao Ming really likes to eat chocolate, but he recently starts a healthy diet plan. There is a famous chocolate shop near Xiao Ming's school, he particularly likes the chocolate there. The chocolate shop releases a new product recently, he has too much homework, plans to find a day to try it. His friend asks him if he wants to go buy chocolate together after school, Xiao Ming replies: ""I have something to do after school, so I don't go with you?""",Does Xiao Ming really not want to eat chocolate?,Yes,No,,,B
"Xiao Ming really likes to eat chocolate, but he recently starts a healthy diet plan. There is a famous chocolate shop near Xiao Ming's school, he particularly likes the chocolate there. The chocolate shop releases a new product recently, he has too much homework, plans to find a day to try it. His friend asks him if he wants to go buy chocolate together after school, Xiao Ming replies: ""I have something to do after school, so I don't go with you?""",Why does Xiao Ming say he doesn't want to go buy chocolate with his friend?,Because his schoolwork is too heavy.,Because he wants to stay healthy.,Because he doesn't want his friend to know he breaks his healthy diet plan.,Because he doesn't have money to buy chocolate.,C
"Xiao Hong always wants to go to the movies with her boyfriend. But she thinks the movie tickets are too expensive and she is reluctant to buy them. Her friend Xiao Zhang gives her two movie tickets, which are for a horror movie. Xiao Hong's sister asks her if she wants to go to the movies together, Xiao Hong replies ""I am not sure if I have time, so I am not going"".",Does Xiao Hong really not want to go to the movies?,Yes,No,,,B
"Xiao Hong always wants to go to the movies with her boyfriend. But she thinks the movie tickets are too expensive and she is reluctant to buy them. Her friend Xiao Zhang gives her two movie tickets, which are for a horror movie. Xiao Hong's sister asks her if she wants to go to the movies together, Xiao Hong replies ""I am not sure if I have time, so I am not going"".","Xiao Hong really wants to watch a movie, why does she say she does not go?",Because she is afraid of the darkness in the cinema.,Because she does not want to watch a movie with her sister.,Because she is too busy recently and does not want to go.,Because she is afraid of the horror scenes in the movie.,B
"Xiaohua really likes to sing and wants to participate in competitions for practice, but he is afraid to perform in public. When the teacher asks him if he wants to participate in the school's singing competition, he answers that he does not want to.",Does Xiaohua really not want to participate in the singing competition?,Yes,No,,,B
"Xiaohua really likes to sing and wants to participate in competitions for practice, but he is afraid to perform in public. When the teacher asks him if he wants to participate in the school's singing competition, he answers that he does not want to.",Why does Xiaohua say he does not want to participate in the singing competition?,Because he does not like to sing.,Because he is afraid to perform in public.,Because he is not good at singing.,Because he has other plans that day.,B
"Xiao Ming loves football very much, always dreams of becoming a football player. He often plays matches with his school football team classmates. But he is in senior year three recently, he is very busy with his studies, his parents hope he studies well and gets into a good university. When the school football team recruits new members, his team classmates ask him if he wants to participate in the selection? He says: ""I do not participate.""",Does Xiao Hua really not want to participate in the team selection?,Yes,No,,,A
"Xiao Ming loves football very much, always dreams of becoming a football player. He often plays matches with his school football team classmates. But he is in senior year three recently, he is very busy with his studies, his parents hope he studies well and gets into a good university. When the school football team recruits new members, his team classmates ask him if he wants to participate in the selection? He says: ""I do not participate.""",Why does Xiao Ming not participate in the football team selection?,He fears that his friends laugh at him if he does not get selected.,He fears rejection because he is not good enough.,He is very busy with his studies and cannot participate in the football team training.,He does not want to disappoint his parents by playing football.,D
"Xiaohua passes by a luxurious toy store every day, she particularly wants a beautiful doll there. However, when her parents ask her what she wants for her birthday, Xiaohua says she wants nothing.",Does Xiaohua really want nothing?,Yes,No,,,B
"Xiaohua passes by a luxurious toy store every day, she particularly wants a beautiful doll there. However, when her parents ask her what she wants for her birthday, Xiaohua says she wants nothing.",Why does Xiaohua tell her parents she wants nothing?,She really wants no gifts.,"She thinks the doll is too expensive, she does not want her parents to spend money.",She hopes her parents give her a surprise.,She does not like that toy store.,B
"Li Lei really likes a very famous band, this band plans to hold many concerts nationwide, but the ticket price is very expensive. He saves money for a long time, wants to save enough to go to the concert of his favorite band with his girlfriend. When his friend invites him to go, Li Lei says he does not want to go.",Does Li Lei really not want to go?,Yes,No,,,A
"Li Lei really likes a very famous band, this band plans to hold many concerts nationwide, but the ticket price is very expensive. He saves money for a long time, wants to save enough to go to the concert of his favorite band with his girlfriend. When his friend invites him to go, Li Lei says he does not want to go.",Why does Li Lei refuse the invitation to the concert from his friend?,He prefers to watch with his girlfriend.,The band is too famous and tickets are hard to get.,He already has other plans.,He does not have enough money to buy tickets.,A
"Xiao Lin is very afraid of the dark, and everyone knows that he needs to keep a nightlight on every night when sleeping. However, when his friend comes to stay overnight at his house, Xiao Lin turns off the nightlight.",Does Xiao Lin really want to turn off the nightlight?,A. Yes,B. No,,,B
"Xiao Lin is very afraid of the dark, and everyone knows that he needs to keep a nightlight on every night when sleeping. However, when his friend comes to stay overnight at his house, Xiao Lin turns off the nightlight.",Why does Xiao Lin turn off the night light when his friend comes over?,He suddenly is not afraid of the dark anymore.,He does not want his friend to think he is a coward.,His night light is broken.,He does not want to disturb his friend's sleep.,D
"Jack likes to play frisbee, usually every weekend no matter what the weather is, he goes to the park to play frisbee with friends. But recently it is close to the final exam, he is busy reviewing. The forecast for Saturday is rain, when friends invite him to play frisbee on Saturday, Jack says he is busy, he may not go to the park.",Is what Jack says true?,Yes,No,,,A
"Jack likes to play frisbee, usually every weekend no matter what the weather is, he goes to the park to play frisbee with friends. But recently it is close to the final exam, he is busy reviewing. The forecast for Saturday is rain, when friends invite him to play frisbee on Saturday, Jack says he is busy, he may not go to the park.",Why does Jack say he may not go to the park?,Because he no longer likes to play frisbee,Because he needs to help with housework,Because the forecast is rain,Because he needs to seriously review for the final exam,D
"Xiaohua is a top student in the class, and cares a lot about grades. The school has a very difficult math competition, and Xiaohua always wants to challenge it. When mom asks Xiaohua if she wants to participate in the math competition, Xiaohua says ""no"".",Does Xiaohua really not want to participate in the math competition?,Yes,No,,,B
"Xiaohua is a top student in the class, and cares a lot about grades. The school has a very difficult math competition, and Xiaohua always wants to challenge it. When mom asks Xiaohua if she wants to participate in the math competition, Xiaohua says ""no"".","Why does Xiaohua, although he really wants to participate in the math competition, say he does not want to participate?",Because he fears his competition grades are average and friends mock him,Because he does not have time to prepare,Because his friends do not participate,Because he thinks the questions are too simple,A
"Xiao Li really wants to go to her friend Xiao Hong's birthday party, but Xiao Hong invites classmates she does not like. When her mother asks her if she wants to go to the party, Xiao Li says: ""I do not want to go.""",Is what Xiao Li says to her mother true?,Yes,No,,,B
"Xiao Li really wants to go to her friend Xiao Hong's birthday party, but Xiao Hong invites classmates she does not like. When her mother asks her if she wants to go to the party, Xiao Li says: ""I do not want to go.""",Why does Xiao Li say she does not want to go to the birthday party?,Because she does not like parties.,Because she is afraid of meeting classmates she does not like.,Because she does not feel well.,Because she has other plans.,B
"Xiaoli's father is a chef, he often cooks delicious dishes at home. Xiaoli really likes to eat the braised pork that her father makes. When her father makes braised pork, he likes to put a lot of oil and fry the meat first, the fried meat smells very good. Making braised pork takes a lot of time. One night, when her father asks Xiaoli if she wants to eat braised pork, she says ""I do not want to eat.""","Does Xiaoli say she does not want to eat braised pork, is this true?",Yes,No,,,B
"Xiaoli's father is a chef, he often cooks delicious dishes at home. Xiaoli really likes to eat the braised pork that her father makes. When her father makes braised pork, he likes to put a lot of oil and fry the meat first, the fried meat smells very good. Making braised pork takes a lot of time. One night, when her father asks Xiaoli if she wants to eat braised pork, she says ""I do not want to eat.""",Why does Xiaoli say she doesn't want to eat braised pork?,Because she wants to lose weight.,Because she thinks braised pork is not healthy.,"Because she eats too many snacks, she is not hungry anymore.",Because she doesn't want to bother her father to spend too much time.,D
"Today, Dekai wants to go to the playground to swing. But she knows she must pass Mr. Wang's house to go to the playground. Mr. Wang's house has a fierce dog, every time Dekai passes his house, the dog jumps to the front door and barks incessantly. This scares Dekai a lot, she hates walking past the house because of that annoying dog. But Dekai really wants to swing. Dekai's mother asks her: ""Do you want to go to the playground?"" Dekai says: ""I don't want to.""",Is what Dekai says to her mother true?,Yes,No,,,B
"Today, Dekai wants to go to the playground to swing. But she knows she must pass Mr. Wang's house to go to the playground. Mr. Wang's house has a fierce dog, every time Dekai passes his house, the dog jumps to the front door and barks incessantly. This scares Dekai a lot, she hates walking past the house because of that annoying dog. But Dekai really wants to swing. Dekai's mother asks her: ""Do you want to go to the playground?"" Dekai says: ""I don't want to.""","Dekai wants to go to the amusement park to swing so much, why does she say she doesn't want to go?","Because she doesn't like the amusement park, so she says she doesn't want to go to the amusement park.",Because she thinks it's too far and too troublesome to go to the amusement park.,Because she thinks the amusement park is too far away and doesn't want to go.,"Because she is afraid of walking past the dogs, so she doesn't want to go to the amusement park.",D
"Xiao Ming is a big liar. Xiao Ming's brother, Xiao Yang, secretly knows that Xiao Ming is a big liar, but Xiao Ming thinks he can escape punishment for anything! Yesterday, Xiao Ming steals Xiao Yang's ping pong paddle, Xiao Yang knows where Xiao Ming hides it, but he cannot find it. He is very angry. So he finds Xiao Ming and says: ""Where is my paddle? You must hide it in the cabinet or under the bed, because I search everywhere else. Where is it? In the cabinet or under the bed?"" Xiao Ming tells him the paddle is under the bed.",Does Xiao Ming tell Xiao Yang the truth?,Yes,No,,,B
"Xiao Ming is a big liar. Xiao Ming's brother, Xiao Yang, secretly knows that Xiao Ming is a big liar, but Xiao Ming thinks he can escape punishment for anything! Yesterday, Xiao Ming steals Xiao Yang's ping pong paddle, Xiao Yang knows where Xiao Ming hides it, but he cannot find it. He is very angry. So he finds Xiao Ming and says: ""Where is my paddle? You must hide it in the cabinet or under the bed, because I search everywhere else. Where is it? In the cabinet or under the bed?"" Xiao Ming tells him the paddle is under the bed.","Where does Xiao Yang go to find his paddle, and why?",Under the bed,Cabinet,,,B
"Xiao Ming is a big liar. Xiao Ming's brother, Xiao Yang, secretly knows that Xiao Ming is a big liar, but Xiao Ming thinks he can escape punishment for anything! Yesterday, Xiao Ming steals Xiao Yang's ping pong paddle, Xiao Yang knows where Xiao Ming hides it, but he cannot find it. He is very angry. So he finds Xiao Ming and says: ""Where is my paddle? You must hide it in the cabinet or under the bed, because I search everywhere else. Where is it? In the cabinet or under the bed?"" Xiao Ming tells him the paddle is under the bed.",Why does Xiao Yang want to look for the paddle in the cabinet?,"Because he knows the paddle is in the cabinet, he sees it before.","Xiao Ming is a big liar, he doesn't believe Xiao Ming's words, so he wants to look in the cabinet.","He knows the paddle is not under the bed, because he has searched there",He wants to verify Xiao Ming's words.,B
"During the war, the Red Army captures a member of the Blue Army. They want him to tell them where the Blue Army's tank is, they know the tank is either by the sea or in the mountains. They know the prisoner does not want to tell them, he wants to save his own army, so he definitely lies to them. The prisoner is brave and smart, he does not let them find his tank. Now when they ask him where the tank is, he says: ""In the mountains.""",Is what the Blue Army member says true?,Yes,No,,,B
"During the war, the Red Army captures a member of the Blue Army. They want him to tell them where the Blue Army's tank is, they know the tank is either by the sea or in the mountains. They know the prisoner does not want to tell them, he wants to save his own army, so he definitely lies to them. The prisoner is brave and smart, he does not let them find his tank. Now when they ask him where the tank is, he says: ""In the mountains.""",Where does the Red Army go to find his tank?,In the mountains,At the sea,,,B
"During the war, the Red Army captures a member of the Blue Army. They want him to tell them where the Blue Army's tank is, they know the tank is either by the sea or in the mountains. They know the prisoner does not want to tell them, he wants to save his own army, so he definitely lies to them. The prisoner is brave and smart, he does not let them find his tank. Now when they ask him where the tank is, he says: ""In the mountains.""",Why does the Red Army go to the sea to find the tank?,The Red Army wants to verify what the Blue Army member says.,The Red Army already knows the tank is at sea.,The Red Army does not believe what the Blue Army member says as a captive.,The Red Army already knows the tank is not in the mountains.,C
"Li Hua is a famous businessman, and he faces significant competition in his business from his rival, Wang Qiang. One day, Li Hua learns that Wang Qiang is planning a large project, and he decides to take action. Li Hua deliberately leaks false information that he is also preparing for a larger, similar project. Upon hearing this news, Wang Qiang decides to suspend his project.",Is what Li Hua said true?,A. Yes,B. No,,,B
"Li Hua is a famous businessman, and he faces significant competition in his business from his rival, Wang Qiang. One day, Li Hua learns that Wang Qiang is planning a large project, and he decides to take action. Li Hua deliberately leaks false information that he is also preparing for a larger, similar project. Upon hearing this news, Wang Qiang decides to suspend his project.",Why does Wang Qiang suspend his project?,He is afraid of competing with Li Hua,He wants to observe Li Hua's next move,He needs more funds to complete the project,He loses confidence in his project,B
"In an international espionage storm, Agent Xiao Jie is captured. He knows that an important document is in the western city's lookout tower, but he is determined not to let the enemy find it. The enemy wants him to tell them where the document is, and they know it's either in the western city's lookout tower or in a building in the city center. Xiao Jie is clever and resolute. When the enemy asks where the document is, he answers without hesitation, ""In a building in the city center."" In the end, the enemy goes to the western city's lookout tower to search for the document.",Is what Xiao Jie said true?,A. Yes,B. No,,,B
"In an international espionage storm, Agent Xiao Jie is captured. He knows that an important document is in the western city's lookout tower, but he is determined not to let the enemy find it. The enemy wants him to tell them where the document is, and they know it's either in the western city's lookout tower or in a building in the city center. Xiao Jie is clever and resolute. When the enemy asks where the document is, he answers without hesitation, ""In a building in the city center."" In the end, the enemy goes to the western city's lookout tower to search for the document.",Why does the enemy finally go to the watchtower in the west of the city to look for the document?,The enemy knows in advance that there is no document in the city center.,The enemy knows in advance the location of the document.,"The enemy does not believe what Xiao Jie says as a captive, so they do not believe the location Xiao Jie points out.",The enemy wants to verify the watchtower in the west first.,C
"Zhao Jun is a young entrepreneur, and his company has recently encountered some financial difficulties. His competitor has announced that their company is about to launch a new product. In order to prevent investors from losing confidence, he has posted a series of false news on social media about his company soon receiving a large investment.",Is the news released by Zhao Jun true?,A. Yes,B. No,,,B
"Zhao Jun is a young entrepreneur, and his company has recently encountered some financial difficulties. His competitor has announced that their company is about to launch a new product. In order to prevent investors from losing confidence, he has posted a series of false news on social media about his company soon receiving a large investment.",Why does Zhao Jun release false news?,He wants to attract more potential investors to invest.,He wants to attract more investors to be interested in the company's products and services,He wants to use false news to cover up the company's financial problems,He wants to openly compete with the competitor for investment,C
"Jesse and Lily are two young chefs who participated in a cooking competition. In order to gain an advantage in the competition, Jesse deliberately revealed before the competition that he was proficient in some rare cooking techniques. Lily knew that Jesse was just trying to intimidate her, so she pretended to have no confidence in the competition but secretly practiced her cooking skills.",Is what Jesse revealed true?,A. Yes,B. No,,,B
"Jesse and Lily are two young chefs who participated in a cooking competition. In order to gain an advantage in the competition, Jesse deliberately revealed before the competition that he was proficient in some rare cooking techniques. Lily knew that Jesse was just trying to intimidate her, so she pretended to have no confidence in the competition but secretly practiced her cooking skills.",Why does Lily pretend to have no confidence in the competition?,Lily really thinks the other party has rare cooking skills.,Lily does this to boost her own confidence.,Lily does not want to disappoint the audience.,"Lily wants to confuse Jesse, making him think that she is scared.",D
"Zhang Feng and Wang Li are business rivals, both operating companies in the same field. To break the stalemate, Zhang Feng released a fabricated financial report to make the outside world believe that his company was thriving. Wang Li noticed Zhang Feng's move, and she deliberately had someone announce on social media that she was about to launch a disruptive innovation to get Zhang Feng's attention.",Is the message Zhang Feng released true?,A. Yes,B. No,,,B
"Zhang Feng and Wang Li are business rivals, both operating companies in the same field. To break the stalemate, Zhang Feng released a fabricated financial report to make the outside world believe that his company was thriving. Wang Li noticed Zhang Feng's move, and she deliberately had someone announce on social media that she was about to launch a disruptive innovation to get Zhang Feng's attention.",Why does Wang Li announce that she is about to launch a disruptive innovation?,Wang Li hopes Zhang Feng thinks the innovation her company is about to launch poses a major threat to his business.,Wang Li thinks her company urgently needs an innovation to stay competitive.,Wang Li thinks Zhang Feng's move is not worth mentioning.,Wang Li learns that Zhang Feng's company financial report shows his business is in good condition.,A
"Li Ming and Zhao Li are colleagues in the same team. They both desire an important promotion opportunity. To make the leader believe they are the most suitable candidates, Li Ming exaggerates his past achievements during the meeting. After seeing this, Zhao Li intentionally encourages Li Ming to submit a promotion application during the meeting but secretly gathers evidence of Li Ming's exaggerations.",Is Zhao Li really encouraging Li Ming?,A. Yes,B. No,,,B
"Li Ming and Zhao Li are colleagues in the same team. They both desire an important promotion opportunity. To make the leader believe they are the most suitable candidates, Li Ming exaggerates his past achievements during the meeting. After seeing this, Zhao Li intentionally encourages Li Ming to submit a promotion application during the meeting but secretly gathers evidence of Li Ming's exaggerations.",Why does Zhao Li encourage Li Ming to submit a promotion application?,Zhao Li affirms the contribution Li Ming makes in the team.,Zhao Li wants to prove her leadership position in the team.,Zhao Li wants to confuse Li Ming to make him think she really supports his promotion.,Zhao Li hopes the leader thinks she is good to her colleagues.,C
"Zhou Li and Lin Tao are rival singers. At a music awards ceremony, Zhou Li publicly announces that she is about to collaborate with an internationally renowned singer, even though this collaboration has not been finalized yet. Lin Tao feels that his position in the music industry is threatened and, unwilling to be outdone, also announces that his new album will be produced by a world-class producer, even though this is only a preliminary discussion.",Is what Zhou Li announced true?,A. Yes,B. No,,,B
"Zhou Li and Lin Tao are rival singers. At a music awards ceremony, Zhou Li publicly announces that she is about to collaborate with an internationally renowned singer, even though this collaboration has not been finalized yet. Lin Tao feels that his position in the music industry is threatened and, unwilling to be outdone, also announces that his new album will be produced by a world-class producer, even though this is only a preliminary discussion.",Why does Lin Tao announce that his new album is produced by a world-class producer?,Lin Tao indeed reaches a cooperation with a world-class producer.,Lin Tao hopes to reach a cooperation with a world-class producer by making the announcement.,"Lin Tao tries to enhance his fame through a fictitious collaboration, in response to Zhou Li's announcement.",Lin Tao disdains Zhou Li's ability to collaborate with an international singer.,C
"In a political debate, Andy is a candidate, and Lily is another competitor. To appear more leadership-oriented, Andy exaggerates his political achievements during the debate and claims to have broad support. Lily vaguely notices Andy's tactics, so she stays put without publicly accusing Andy, but she collects evidence of Andy's false political achievements behind the scenes.",Is what Andy said true?,A. Yes,B. No,,,B
"In a political debate, Andy is a candidate, and Lily is another competitor. To appear more leadership-oriented, Andy exaggerates his political achievements during the debate and claims to have broad support. Lily vaguely notices Andy's tactics, so she stays put without publicly accusing Andy, but she collects evidence of Andy's false political achievements behind the scenes.",Why does Lily not publicly accuse Andre?,Lily really thinks Andre's political achievements are better.,"Lily does not want to publicly accuse Andre, she wants voters to see her kindness.","Lily wants to confuse Andre to let him relax his guard, secretly collect evidence to defeat Andre.","Lily does not know Andre is faking, she fears Andre this competitor.",C
"One day, Lily plays at home and accidentally knocks over and breaks her mother's favorite crystal vase. Oh no, her mother definitely gets angry when she finds out! Therefore, when Lily's mother comes home, sees the broken vase and asks Lily what happens, Lily says, ""The dog knocks it over, it is not my fault!""",Is what Lily says true?,Yes,No,,,B
"One day, Lily plays at home and accidentally knocks over and breaks her mother's favorite crystal vase. Oh no, her mother definitely gets angry when she finds out! Therefore, when Lily's mother comes home, sees the broken vase and asks Lily what happens, Lily says, ""The dog knocks it over, it is not my fault!""",Why does Lily say this?,Lily sees the dog knock over the vase and wants to protect the dog from her mother's blame.,Lily jokes to protect herself from her mother's blame.,Lily lies to protect the dog from her mother's blame.,Lily lies to protect herself from her mother's blame.,D
"Qianru lends a beautiful novel to her friend Jianguo, but when Jianguo returns the book, Qianru finds the book is dirty. Jianguo says his puppy makes the book dirty, but in fact, he accidentally splashes water on the book.",Is what Jianguo says true?,Yes,No,,,B
"Qianru lends a beautiful novel to her friend Jianguo, but when Jianguo returns the book, Qianru finds the book is dirty. Jianguo says his puppy makes the book dirty, but in fact, he accidentally splashes water on the book.",Why does Jianguo say this?,"Jianguo indeed sees the dog making the book dirty, he does not want Qianru to get angry and blame the dog.",Jianguo jokes because he does not want Qianru to get angry and blame himself.,Jianguo lies because he does not want Qianru to get angry and blame the dog.,Jianguo lies because he does not want Qianru to get angry and blame himself.,D
"Cheng Hong hates to go to the dentist, because every time he goes to the dentist, he needs to fill a tooth, and that hurts. But Cheng Hong knows, when his tooth hurts, his mother always takes him to the dentist. Now Cheng Hong's tooth hurts a lot, but when his mother notices he looks uncomfortable, she asks him: ""Cheng Hong, does your tooth hurt?"" Cheng Hong says: ""No, mom.""",Does Cheng Hong tell the truth?,Yes,No,,,B
"Cheng Hong hates to go to the dentist, because every time he goes to the dentist, he needs to fill a tooth, and that hurts. But Cheng Hong knows, when his tooth hurts, his mother always takes him to the dentist. Now Cheng Hong's tooth hurts a lot, but when his mother notices he looks uncomfortable, she asks him: ""Cheng Hong, does your tooth hurt?"" Cheng Hong says: ""No, mom.""",Why does Cheng Hong say this?,Cheng Hong jokes to not make his mother worry.,Cheng Hong jokes to not go to the dentist.,Cheng Hong lies to not make his mother worry.,Cheng Hong lies to not go to the dentist.,D
"Mr. Zhao is a respected doctor with exceptional medical skills, often having many patients waiting in line for consultations. However, he is someone who cares deeply about others' opinions. A while back, Mr. Li's cow had damaged Mr. Zhao's vegetable garden, leading to a heated argument between them. This incident, though, is now in the past for Mr. Zhao. One day, Mr. Li approached Mr. Zhao, hoping he could help figure out why his cow suddenly stopped eating. Upon hearing it was for the cow, Mr. Zhao told Mr. Li, ""I'm too busy lately, with several surgeries lined up. It's better for you to find another veterinarian to take a look."" Despite some disappointment, Mr. Li thanked Mr. Zhao and turned away.",Is what Mr. Zhao says true?,A. Yes,B. No,,,B
"Mr. Zhao is a respected doctor with exceptional medical skills, often having many patients waiting in line for consultations. However, he is someone who cares deeply about others' opinions. A while back, Mr. Li's cow had damaged Mr. Zhao's vegetable garden, leading to a heated argument between them. This incident, though, is now in the past for Mr. Zhao. One day, Mr. Li approached Mr. Zhao, hoping he could help figure out why his cow suddenly stopped eating. Upon hearing it was for the cow, Mr. Zhao told Mr. Li, ""I'm too busy lately, with several surgeries lined up. It's better for you to find another veterinarian to take a look."" Despite some disappointment, Mr. Li thanked Mr. Zhao and turned away.",Why does Mr. Zhao say so?,"A. Mr. Zhao often has many patients waiting for consultations, and he is indeed very busy recently.","B. Mr. Zhao harbors some resentment towards Mr. Li's cow for previously damaging his vegetable garden, so he doesn't want to help.","C. Mr. Zhao actually doesn't like Mr. Li, so when he seeks help, Mr. Zhao deliberately finds excuses to decline.","D. Mr. Zhao is afraid that if people in the village see him unable to treat the cow, it lowers his respected status. Therefore, he finds a reason to decline.",D
"Mr. Lin runs an antique shop, famous for its rare antiques. One day, a customer named Ms. Li enters the shop, showing great interest in a valuable jade artifact. Mr. Lin knows that this jade artifact is actually a modern product he buys on an overseas trip a few years ago, but he tells Ms. Li that it is a precious relic from the Ming Dynasty, with a history of hundreds of years. Ms. Li listens and is very happy, she does not hesitate to pay a high price for the jade artifact. Afterwards, Mr. Lin mentions to other customers that this jade artifact is indeed the star product in his shop, not only because of its historical value, but also because it attracts the attention of many collectors.",Does Mr. Lin tell the truth?,Yes,No,,,B
"Mr. Lin runs an antique shop, famous for its rare antiques. One day, a customer named Ms. Li enters the shop, showing great interest in a valuable jade artifact. Mr. Lin knows that this jade artifact is actually a modern product he buys on an overseas trip a few years ago, but he tells Ms. Li that it is a precious relic from the Ming Dynasty, with a history of hundreds of years. Ms. Li listens and is very happy, she does not hesitate to pay a high price for the jade artifact. Afterwards, Mr. Lin mentions to other customers that this jade artifact is indeed the star product in his shop, not only because of its historical value, but also because it attracts the attention of many collectors.",Why does Mr. Lin say this?,"Mr. Lin says this because he and Ms. Li are old friends, and he hopes to relive their past good times by exaggerating the value of the jade artifact.","Mr. Lin just experiences an unpleasant thing, and he says these just to change the subject, trying to avoid having a deep conversation with Ms. Li.","Mr. Lin receives an anonymous letter before, warning him not to sell any genuine products, so he deliberately exaggerates the value of the jade artifact to get rid of those genuine products.","Mr. Lin says this because he wants to deceive Ms. Li for economic benefits, making her think that the jade artifact has high historical value and scarcity, and thus is willing to pay a high price. At the same time, he also wants to maintain the reputation of his antique shop, making other customers also believe in the rarity and value of the goods in the shop.",D
"In the ancient temple in the deep mountains, Monk Zhikong is the abbot of the temple and receives great respect from the believers. However, one night, a priceless relic in the temple gets stolen. The believers are in a heated discussion, and Monk Zhikong, in order to avoid the believers doubting the safety of the temple, says to everyone: ""The relic is not stolen, it just hides temporarily and comes back in a few days.""",Is what Monk Zhikong says true?,Yes,No,,,B
"In the ancient temple in the deep mountains, Monk Zhikong is the abbot of the temple and receives great respect from the believers. However, one night, a priceless relic in the temple gets stolen. The believers are in a heated discussion, and Monk Zhikong, in order to avoid the believers doubting the safety of the temple, says to everyone: ""The relic is not stolen, it just hides temporarily and comes back in a few days.""",Why does Monk Zhikong say this?,"Monk Zhikong says this to cover up the fact that he is the real thief, he hopes time gives him a chance to quietly put the relic back in place.","Monk Zhikong says this because he wants the thief to turn himself in, giving the thief a chance to reform through this statement.","Monk Zhikong actually sees the thief with his own eyes, he says this because he wants to retrieve the relic by himself, giving the believers a surprise.","Monk Zhikong says this because he wants to cover up the security lapses within the temple, thereby maintaining the reputation of the temple and the trust of the believers.",D
"In the small town, Aunt Wang is a beloved neighbor. She often shares fresh vegetables and fruits from her own garden. One day, someone steals her watermelon, but she does not make a fuss. When the neighbors ask, she just says, ""My watermelon is not ripe yet.",Is what Aunt Wang says true?,Yes,No,,,B
"In the small town, Aunt Wang is a beloved neighbor. She often shares fresh vegetables and fruits from her own garden. One day, someone steals her watermelon, but she does not make a fuss. When the neighbors ask, she just says, ""My watermelon is not ripe yet.",Why does Aunt Wang say this?,"Aunt Wang just learns a new agricultural technique and wants to let the watermelon ripen a bit more before picking, so she tells the neighbors that the watermelon is not ripe yet.","The watermelon at Aunt Wang's home is actually a special variety that needs more time to ripen, so she tells the neighbors it is not ripe yet.",Aunt Wang says this because she wants to protect her own privacy and avoid letting everyone know that her watermelon gets stolen.,Aunt Wang says this because she hopes the neighbors think the quality of her watermelon is especially good and needs some time to ripen.,C
"In a high-end office building, Mr. Zhang is a well-known entrepreneur, his company always is considered as the industry leader. One Monday, the company's competitors suddenly claim that Mr. Zhang's company has serious financial flaws, and they imply that they are about to face bankruptcy. When facing questions from reporters, Mr. Zhang firmly denies these allegations, stating that the company's financial situation always is very healthy.",Does Mr. Zhang tell the truth?,Yes,No,,,B
"In a high-end office building, Mr. Zhang is a well-known entrepreneur, his company always is considered as the industry leader. One Monday, the company's competitors suddenly claim that Mr. Zhang's company has serious financial flaws, and they imply that they are about to face bankruptcy. When facing questions from reporters, Mr. Zhang firmly denies these allegations, stating that the company's financial situation always is very healthy.",Why does Mr. Zhang say this?,"Mr. Zhang says this because he really does not know about the financial flaws in the company, he is deceived by other senior executives of the company.","Mr. Zhang denies the existence of financial flaws in order to protect the company's image, avoid investors and partners losing confidence, and ensure the stability of the company's stock price and market value.","Mr. Zhang actually secretly plans to sell the company, he denies the financial flaws in order to increase the company's valuation before selling.","Mr. Zhang wants to deceive his peers in this way, and seize their market when they are unprepared.",B
"Zhou Ming becomes famous because he always gets high scores in math exams. Once, his classmate Xiao Li asks him the secret of the math exam, Zhou Ming tells him, he spends several hours studying advanced mathematical theories every day, and he joins an online course hosted by a famous mathematician. In fact, Zhou Ming is not so outstanding in mathematics, his high score is because he finds the answers to the exam.",Does Zhou Ming tell the truth?,Yes,No,,,B
"Zhou Ming becomes famous because he always gets high scores in math exams. Once, his classmate Xiao Li asks him the secret of the math exam, Zhou Ming tells him, he spends several hours studying advanced mathematical theories every day, and he joins an online course hosted by a famous mathematician. In fact, Zhou Ming is not so outstanding in mathematics, his high score is because he finds the answers to the exam.",Why does Zhou Ming say this?,"Zhou Ming says this because he wants to protect his image as a math genius among his classmates, by making up stories to make people believe that his high scores are due to his own efforts and talents.",Zhou Ming says this because he wants to inspire Xiao Li to also work hard to learn math.,"Zhou Ming just has a dispute with his math teacher, he says this to attract the teacher's attention, hoping to reconcile with the teacher.","Zhou Ming says this because he really participates in an online course hosted by a famous mathematician, but he does not want others to also participate, to maintain his own advantage.",A
"Officer Wang is in charge of investigating a complex theft case. Based on preliminary investigations, he suspects Mr. Li. However, Mr. Li is a well-known figure in the town and has close ties with his political friends. Although Officer Wang never interacts with Mr. Li, Officer Wang knows that if he directly accuses Mr. Li, it possibly causes unnecessary trouble. Therefore, he decides to hide his suspicions and writes in the report that the case is still under further investigation and the suspect is not yet determined.",Is Officer Wang telling the truth?,Yes,No,,,B
"Officer Wang is in charge of investigating a complex theft case. Based on preliminary investigations, he suspects Mr. Li. However, Mr. Li is a well-known figure in the town and has close ties with his political friends. Although Officer Wang never interacts with Mr. Li, Officer Wang knows that if he directly accuses Mr. Li, it possibly causes unnecessary trouble. Therefore, he decides to hide his suspicions and writes in the report that the case is still under further investigation and the suspect is not yet determined.",Why does Officer Wang say this?,"Officer Wang says this because he wants to cover up his suspicion of Mr. Li, avoid conflict with Mr. Li's political friends, and protect his career from unnecessary impact.",Officer Wang says this because he fears Mr. Li's retaliation and worries about the safety of himself and his family.,Officer Wang thinks Mr. Li does a lot of good things in the town and does not believe he is a thief.,"Officer Wang has a personal relationship with Mr. Li, he does not want to ruin their friendship.",A
"Professor Wang is a renowned historian, teaching at a university in Beijing. He earns respect for his profound historical knowledge and attention to detail. Once, the school asks him to give a speech at an important international conference. Professor Wang is not good at public speaking, and he is not interested in the theme of this conference, planning to find an excuse to withdraw from this speech. When his colleague asks him about the preparation for the upcoming speech, Professor Wang says he is preparing a wonderful speech about ancient Chinese history, he is doing a lot of research.",Is what Professor Wang says true?,Yes,No,,,B
"Professor Wang is a renowned historian, teaching at a university in Beijing. He earns respect for his profound historical knowledge and attention to detail. Once, the school asks him to give a speech at an important international conference. Professor Wang is not good at public speaking, and he is not interested in the theme of this conference, planning to find an excuse to withdraw from this speech. When his colleague asks him about the preparation for the upcoming speech, Professor Wang says he is preparing a wonderful speech about ancient Chinese history, he is doing a lot of research.",Why does Professor Wang say this?,"Professor Wang says this because he really does a lot of research, but he does not want to reveal the content of the speech too early.","Professor Wang previously accepts an urgent research project, he concentrates his time and energy on this project, so he does not have time to prepare the speech.","Professor Wang says this because he is not good at public speaking, lacks enthusiasm for the conference theme, so he wants to find an excuse to avoid giving a speech at the conference.",Professor Wang says this because he wants to leave a professional and diligent impression on his colleagues.,C
"Mr. Zhang is a busy lawyer, often works overtime until late at night. His old friend Mr. Li invites him to a weekend fishing activity. Mr. Zhang does not like fishing, so he tells Mr. Li that his wife arranges an important family gathering, he must attend. On the weekend, Mr. Zhang spends the whole day at home resting and reading books.",Is what Mr. Zhang says true?,Yes,No,,,B
"Mr. Zhang is a busy lawyer, often works overtime until late at night. His old friend Mr. Li invites him to a weekend fishing activity. Mr. Zhang does not like fishing, so he tells Mr. Li that his wife arranges an important family gathering, he must attend. On the weekend, Mr. Zhang spends the whole day at home resting and reading books.",Why does Mr. Zhang say this?,"Mr. Zhang says this because he wants to give Mr. Li a surprise, in fact, he plans to arrange a bigger party privately.","Mr. Zhang says this because he does not want to participate in the fishing activity, but does not want to directly refuse his friend, so he makes up the excuse of a family gathering.","Mr. Zhang just finds out that he is going to receive an important professional award, he says these to hide his success, so as not to appear too proud.","Mr. Zhang previously promises his wife to reduce the workload, he makes up the excuse of the gathering to show that he is trying to change.",B
"Miss Zhou is a well-known novelist, famous for drawing inspiration from her rich life experiences for her works. At a literary symposium, an enthusiastic reader asks her if she ever experiences the intense love story described in her novel. Miss Zhou smiles and answers that her inspiration mostly comes from the books and movies she reads, and her own life is relatively plain. In fact, she has a passionate but short-lived romance, which directly influences her creation.",Does Miss Zhou tell the truth?,Yes,No,,,B
"Miss Zhou is a well-known novelist, famous for drawing inspiration from her rich life experiences for her works. At a literary symposium, an enthusiastic reader asks her if she ever experiences the intense love story described in her novel. Miss Zhou smiles and answers that her inspiration mostly comes from the books and movies she reads, and her own life is relatively plain. In fact, she has a passionate but short-lived romance, which directly influences her creation.",Why does Miss Zhou say this?,"Miss Zhou says this because she hopes to encourage readers to believe that good novel creation can rely entirely on imagination, not on personal experience.","Miss Zhou just gets nominated for an important literary award, she says this to show her professionalism and dedication as a writer.","Miss Zhou says this because she wants to protect her privacy, she does not want to publicly discuss her personal life, especially her emotional experiences.","Miss Zhou is misunderstood in a previous interview, she deliberately answers this way to avoid being misunderstood again or causing unnecessary controversy.",C
"Mr. Zhao is a respected historian, focusing on the study of ancient Chinese military strategy. In a public lecture, someone asks Mr. Zhao if he ever provides advice to the military. Mr. Zhao replies that his research only limits to the academic field and never involves in actual military strategy. He adds that his interest only lies in history, unrelated to the present. In fact, Mr. Zhao secretly participates in an important national defense project.",Is what Mr. Zhao says true?,Yes,No,,,B
"Mr. Zhao is a respected historian, focusing on the study of ancient Chinese military strategy. In a public lecture, someone asks Mr. Zhao if he ever provides advice to the military. Mr. Zhao replies that his research only limits to the academic field and never involves in actual military strategy. He adds that his interest only lies in history, unrelated to the present. In fact, Mr. Zhao secretly participates in an important national defense project.",Why does Mr. Zhao say this?,"Mr. Zhao says this because he is not actually interested in military strategy, preferring to study ancient culture and art.","Mr. Zhao just experiences a failed collaboration, he says this to avoid getting involved in unpleasant projects again.","Mr. Zhao is misunderstood as having a military background, he says this to clarify that he is just a scholar, unrelated to the military.","Mr. Zhao says this because he needs to cover up the truth of participating in the national defense project, to protect himself and the safety of the project.",D
"Xiao Li is a very excellent high school student. One day, her math test paper accidentally gets a very low score. When her friends ask about this score, Xiao Li answers that she does not concentrate on preparing for the exam because of a cold, so the exam does not go well. She also mentions that she already starts to review, and she definitely does better next time. In fact, Xiao Li cheats in the exam that day and gets caught.",Is what Xiao Li says true?,Yes,No,,,B
"Xiao Li is a very excellent high school student. One day, her math test paper accidentally gets a very low score. When her friends ask about this score, Xiao Li answers that she does not concentrate on preparing for the exam because of a cold, so the exam does not go well. She also mentions that she already starts to review, and she definitely does better next time. In fact, Xiao Li cheats in the exam that day and gets caught.",Why does Xiao Li say this?,"Xiao Li says this because she fears the truth will ruin her reputation, so she makes up the excuse of having a cold.","Xiao Li says this because she indeed has a cold, which prevents her from concentrating during the exam.","Xiao Li just experiences a family dispute, she says these to avoid showing her family problems in front of her friends.",Xiao Li says this because she does not want others to worry about her health condition due to a previous accident.,A
"Miss Wang is a social activist, famous for hosting grand parties. At one party, her friend Mr. Zhang asks her opinion about a new guest. Miss Wang smiles and answers that she greatly admires the guest's demeanor and conversation. She also mentions that she hopes to have more opportunities to interact with this guest in the future. However, Miss Wang tells her friends that she does not like the guest's behavior.",Does Miss Wang tell the truth?,Yes,No,,,B
"Miss Wang is a social activist, famous for hosting grand parties. At one party, her friend Mr. Zhang asks her opinion about a new guest. Miss Wang smiles and answers that she greatly admires the guest's demeanor and conversation. She also mentions that she hopes to have more opportunities to interact with this guest in the future. However, Miss Wang tells her friends that she does not like the guest's behavior.",Why does Miss Wang say this?,"Miss Wang says this because she truly admires the guest, especially his demeanor and conversation.","Miss Wang just recovers from a failed business cooperation, she answers this way to avoid showing her true emotions in social situations.","Miss Wang previously has unpleasant contact with the guest, she says this to cover up past contradictions and maintain her image.","Miss Wang says this because of social etiquette, she does not want to show dissatisfaction with the guest at the party, so she chooses a polite answer.",D
"Miss Zhou is a professional in the competitive advertising industry. At an industry gathering, someone asks her about the details of an innovative advertising strategy her company is about to launch. Miss Zhou replies that her team develops a brand new marketing method that changes the industry landscape, but currently cannot reveal more information. She also emphasizes that this is a major breakthrough in the industry. After the industry gathering ends, Miss Zhou lets her team start planning the innovative strategy within this week.",Is what Miss Zhou says true?,Yes,No,,,B
"Miss Zhou is a professional in the competitive advertising industry. At an industry gathering, someone asks her about the details of an innovative advertising strategy her company is about to launch. Miss Zhou replies that her team develops a brand new marketing method that changes the industry landscape, but currently cannot reveal more information. She also emphasizes that this is a major breakthrough in the industry. After the industry gathering ends, Miss Zhou lets her team start planning the innovative strategy within this week.",Why does Miss Zhou say this?,Miss Zhou says this because her team is really developing a new marketing method that changes the industry landscape.,"Miss Zhou just recovers from a failed project, she answers this way to cover up her team's shortcomings.","Miss Zhou says this because she wants to establish her company's leading position among her peers, even though her team does not develop any innovative strategies.","Miss Zhou receives doubts from insiders in the industry before, she says this to enhance the outside world's trust in her professional ability.",C
"Mr. Zhang is a scientist who enjoys a high reputation in the academic world and is famous for his breakthrough research in the field of biotechnology. At an academic conference, someone asks Mr. Zhang if he is conducting a secret research project. Mr. Zhang replies that he is completely focused on publicly published projects and does not conduct any secret research. He also mentions that transparency and openness are important principles of his research work. In fact, Mr. Zhang is conducting a highly confidential government-funded project.",Is what Mr. Zhang says true?,Yes,No,,,B
"Mr. Zhang is a scientist who enjoys a high reputation in the academic world and is famous for his breakthrough research in the field of biotechnology. At an academic conference, someone asks Mr. Zhang if he is conducting a secret research project. Mr. Zhang replies that he is completely focused on publicly published projects and does not conduct any secret research. He also mentions that transparency and openness are important principles of his research work. In fact, Mr. Zhang is conducting a highly confidential government-funded project.",Why does Mr. Zhang say this?,Mr. Zhang says this because he is indeed only conducting publicly published projects and does not conduct any secret research.,Mr. Zhang says this because he needs to hide the highly confidential government-funded project he is conducting to protect the safety and confidentiality of the project.,"Mr. Zhang recently experiences a career crisis, and he says this to avoid attracting more attention and suspicion.","Mr. Zhang is dissatisfied with the current research direction, and he says this to divert the attention of his peers and cover up his career setbacks.",B
"Mr. Yang is a senior manager of a large company. At a company meeting, a department head asks Mr. Yang if he supports a controversial restructuring plan recently proposed. Mr. Yang replies that he fully supports this plan, believes it is the right direction for the company's development, and change is crucial for the company's long-term success. Mr. Yang's assistant knows that actually, due to the upcoming board of directors meeting, Mr. Yang has serious concerns about this plan.",Does Mr. Yang tell the truth?,Yes,No,,,B
"Mr. Yang is a senior manager of a large company. At a company meeting, a department head asks Mr. Yang if he supports a controversial restructuring plan recently proposed. Mr. Yang replies that he fully supports this plan, believes it is the right direction for the company's development, and change is crucial for the company's long-term success. Mr. Yang's assistant knows that actually, due to the upcoming board of directors meeting, Mr. Yang has serious concerns about this plan.",Why does Mr. Yang say this?,"Mr. Yang says this because he fears expressing his real concerns about the restructuring plan, worrying that this may cause him to lose his position or affect his status in the company.",Mr. Yang says this because he truly believes that the restructuring plan is crucial for the company's long-term success.,"Mr. Yang just completes a successful project, he says these to maintain his leadership position in the company.","Mr. Yang previously has a dispute with the colleagues who propose the plan, he answers this way to publicly support them and mend the relationship.",A
"At a class reunion, a classmate asks Li Yang if he likes the recent activity organized by a not-so-popular classmate. Li Yang smiles and answers that he thinks the activity is interesting, it is a good team-building opportunity, and everyone should have the chance to show their organizational skills. Li Yang actually only goes once, and he does not go to the activities held afterwards.",Is what Li Yang says true?,Yes,No,,,B
"At a class reunion, a classmate asks Li Yang if he likes the recent activity organized by a not-so-popular classmate. Li Yang smiles and answers that he thinks the activity is interesting, it is a good team-building opportunity, and everyone should have the chance to show their organizational skills. Li Yang actually only goes once, and he does not go to the activities held afterwards.",Why does Li Yang say this?,"Li Yang says this because he really thinks the activity is interesting, it is a good experience for him.","Li Yang just experiences a personal setback, he says this to cover up his dissatisfaction.","Li Yang says this because he does not want to hurt the organizer's feelings, and he also wants to maintain harmonious social relations among classmates.","Li Yang wants to establish an image of an active participant among classmates, he answers this way to improve his social status.",C
"One day, Aunt Jian visits Jianjun. Jianjun really likes his aunt, but today she wears a new hat; Jianjun thinks this new hat is really ugly. Jianjun thinks she looks silly with it, her old hat looks much better. But when Aunt Jian asks Jianjun: ""Do you like my new hat?"", Jianjun says: ""Oh, it looks good.""",Does Jianjun tell the truth?,Yes,No,,,B
"One day, Aunt Jian visits Jianjun. Jianjun really likes his aunt, but today she wears a new hat; Jianjun thinks this new hat is really ugly. Jianjun thinks she looks silly with it, her old hat looks much better. But when Aunt Jian asks Jianjun: ""Do you like my new hat?"", Jianjun says: ""Oh, it looks good.""",Why does Jianjun say this?,Jianjun convinces Aunt Jian because the new hat looks good.,Jianjun convinces Aunt Jian to consider her feelings.,Jianjun tells a white lie because the new hat is expensive.,Jianjun tells a white lie to consider Aunt Jian's feelings.,D
"Cai Wan looks forward to Christmas all year round, because she knows she can ask her parents for a rabbit at Christmas. Cai Wan wants a rabbit more than anything else in the world. Finally, Christmas comes, and Cai Wan runs to open the big box her parents give her. She is sure there is a little rabbit in a cage inside. However, when she opens it in front of all her family, she finds her gift is just a set of boring old encyclopedias, which Cai Wan does not want at all! However, when Cai Wan's parents ask her if she likes her Christmas gift, she says, ""It is very cute, thank you. This is exactly what I want.""",Is what Cai Wan says true?,Yes,No,,,B
"Cai Wan looks forward to Christmas all year round, because she knows she can ask her parents for a rabbit at Christmas. Cai Wan wants a rabbit more than anything else in the world. Finally, Christmas comes, and Cai Wan runs to open the big box her parents give her. She is sure there is a little rabbit in a cage inside. However, when she opens it in front of all her family, she finds her gift is just a set of boring old encyclopedias, which Cai Wan does not want at all! However, when Cai Wan's parents ask her if she likes her Christmas gift, she says, ""It is very cute, thank you. This is exactly what I want.""",Why does Cai Wan say this?,Cai Wan convinces her parents because she really likes the encyclopedia.,Cai Wan convinces her parents so as not to disappoint them.,Cai Wan tells a white lie because the encyclopedia is indeed better than a rabbit.,Cai Wan tells a white lie so as not to disappoint her parents.,D
"In an office meeting, Si Xuan is asked if she likes the new boss. Although she does not really like him, Si Xuan answers, ""Yes, I really like him!""",Is what Si Xuan says true?,Yes,No,,,B
"In a office meeting, Si Xuan is asked if she likes the new boss. Although she does not really like him, considering the harmony of the office, Si Xuan answers: ""Yes, I like him very much!""",Why does Si Xuan say this?,"Si Xuan actually likes the new boss very much, her answer is completely sincere.","Si Xuan tells everyone that she likes them, regardless of how she actually feels.","Si Xuan is planning to leave the company, so her answer does not matter.","Si Xuan wants to maintain the harmony of the office, avoiding unnecessary conflicts by expressing dislike for the new boss.",D
"At a family gathering, Meng Hua's cousin asks him if he believes in the real existence of Santa Claus. Meng Hua does not want to break his cousin's fantasy, so he says: ""Of course, Santa Claus is real!""",Does Meng Hua tell the truth?,Yes,No,,,B
"At a family gathering, Meng Hua's cousin asks him if he believes in the real existence of Santa Claus. Meng Hua does not want to break his cousin's fantasy, so he says: ""Of course, Santa Claus is real!""",Why does Meng Hua say this?,Meng Hua convinces his cousin because Santa Claus is real.,Meng Hua convinces his cousin because he does not want to shatter his illusion.,Meng Hua tells a white lie because he wants to give his cousin a surprise.,Meng Hua tells a white lie because he does not want to shatter his cousin's illusion.,D
"The residents of the town all know, Li Yue grows up with her grandmother, and the bond between the grandmother and granddaughter is very deep. One day, the grandmother takes out a traditional cheongsam she sews by herself, and lets Li Yue try it on. Although Li Yue thinks the color and style of the cheongsam are a bit outdated, she praises her grandmother that the cheongsam is very beautiful and fits very well.",Does Li Yue tell the truth?,Yes,No,,,B
"The residents of the town all know, Li Yue grows up with her grandmother, and the bond between the grandmother and granddaughter is very deep. One day, the grandmother takes out a traditional cheongsam she sews by herself, and lets Li Yue try it on. Although Li Yue thinks the color and style of the cheongsam are a bit outdated, she praises her grandmother that the cheongsam is very beautiful and fits very well.",Why does Li Yue say this?,Li Yue praises the cheongsam as beautiful because she wants to please her grandmother in order to gain the inheritance rights of her grandmother.,"Li Yue does not want to disappoint or embarrass her grandmother, which shows Li Yue's deep love and respect for her grandmother.","Li Yue says this because she is threatened by her grandmother, if she does not praise the cheongsam, she will be punished.","Li Yue thinks the cheongsam is really beautiful, her praise is completely out of her own true feelings.",B
"General Manager Zhang and Manager Li are competitors for many years. This time, the company only has one promotion opportunity, and both of them work hard for it. When General Manager Zhang finds out that he gets the promotion, and Manager Li does not, he openly states at the meeting announcing the results that Manager Li's work ability is not inferior to his own, and even surpasses him in some aspects.",Does General Manager Zhang tell the truth?,Yes,No,,,B
"General Manager Zhang and Manager Li are competitors for many years. This time, the company only has one promotion opportunity, and both of them work hard for it. When General Manager Zhang finds out that he gets the promotion, and Manager Li does not, he openly states at the meeting announcing the results that Manager Li's work ability is not inferior to his own, and even surpasses him in some aspects.",Why does General Manager Zhang say this?,"General Manager Zhang says this to maintain the harmony between the company and the team, to prevent Manager Li from feeling dissatisfied or jealous because of not being selected, thereby ensuring the stability of the company.","General Manager Zhang truly believes that Manager Li's work ability is stronger than his own, his evaluation comes from sincerity and respect.",General Manager Zhang says these words because he wants to make Manager Li feel ashamed and disappointed,"General Manager Zhang wants to show off his victory in front of Manager Li, so he deliberately says this to provoke him.",A
"CEO Zhao invites his business partner, Manager Wang, to a high-end restaurant for dinner. At the dinner table, CEO Zhao notices that Manager Wang shows great interest in a dish, but in fact, this dish is a bit salty. Then, CEO Zhao immediately praises that the taste of this dish is just right.",Does CEO Zhao tell the truth?,Yes,No,,,B
"CEO Zhao invites his business partner, Manager Wang, to a high-end restaurant for dinner. At the dinner table, CEO Zhao notices that Manager Wang shows great interest in a dish, but in fact, this dish is a bit salty. Then, CEO Zhao immediately praises that the taste of this dish is just right.",Why does Mr. Zhao say this?,"Mr. Zhao thinks this dish is really delicious, so he tells the truth.",Mr. Zhao wants to please Manager Wang in order to gain an advantageous position in future business cooperation.,"Mr. Zhao is a regular customer of this restaurant, out of respect for the restaurant, he always praises every dish.","Mr. Zhao does this out of politeness and social customs, in order to avoid embarrassment and maintain a harmonious dining atmosphere, so he chooses to praise this dish.",D
"Zhang Hua receives an invitation to attend a wedding of an important client. The wedding is too luxurious and impractical. At the wedding, the client asks Zhang Hua about his opinion on the wedding. Zhang Hua smiles and responds that the wedding is very wonderful and unforgettable. His answer makes the client very happy because this client spends a lot of time and money to prepare for this wedding.",Is what Zhang Hua says true?,Yes,No,,,B
"Zhang Hua receives an invitation to attend a wedding of an important client. The wedding is too luxurious and impractical. At the wedding, the client asks Zhang Hua about his opinion on the wedding. Zhang Hua smiles and responds that the wedding is very wonderful and unforgettable. His answer makes the client very happy because this client spends a lot of time and money to prepare for this wedding.",Why does Zhang Hua say this?,Zhang Hua says this because he truly thinks the wedding is very exciting and unforgettable.,Zhang Hua tries to get extra business benefits from the client by praising the wedding.,"Zhang Hua has some misunderstandings with the client before, he says this to make up for the previous unpleasantness.","Zhang Hua says this because he is out of social politeness, wants to avoid hurting the client's feelings, and maintains a good client relationship.",D
"Uncle Zhang prepares a special dish for the community's Spring Festival gathering. At the party, Aunt Wang tries this dish and feels something is off about the taste. When Uncle Zhang asks her opinion about the dish, Aunt Wang smiles and says this is one of the most delicious dishes she ever eats.",Does Aunt Wang tell the truth?,Yes,No,,,B
"Uncle Zhang prepares a special dish for the community's Spring Festival gathering. At the party, Aunt Wang tries this dish and feels something is off about the taste. When Uncle Zhang asks her opinion about the dish, Aunt Wang smiles and says this is one of the most delicious dishes she ever eats.",Why does Aunt Wang say this?,"Aunt Wang says this because she respects Uncle Zhang and considers maintaining community relationships, she does not want to make Uncle Zhang feel embarrassed or disappointed.",Aunt Wang says this because she really thinks it is one of the most delicious dishes she ever eats.,"Aunt Wang wants to establish her good person image in the community, so she chooses to praise Uncle Zhang's dish.","Aunt Wang says this because she worries that if she tells the truth, it damages her reputation in the community.",A
"In a business meeting, the representative of Company A proposes a cooperation suggestion. After listening, the representative of Company B feels this is not the direction they currently want, but he does not directly refuse, instead, he says they will seriously consider. After the meeting, the representative of Company B privately tells the representative of Company A that their proposal does not quite match the long-term strategy of Company B.",Does the representative of Company B tell the truth?,Yes,No,,,B
"In a business meeting, the representative of Company A proposes a cooperation suggestion. After listening, the representative of Company B feels this is not the direction they currently want, but he does not directly refuse, instead, he says they will seriously consider. After the meeting, the representative of Company B privately tells the representative of Company A that their proposal does not quite match the long-term strategy of Company B.",Why does the representative of Company B say this?,The representative of Company B says this because he is afraid of the representative of Company A and dares not directly refuse their proposal.,The representative of Company B says this because he wants to maintain the harmony between the two companies and avoid causing embarrassment or conflict by directly refusing the proposal at the meeting.,The representative of Company B says this because he has no interest in the proposal and just wants to end the meeting quickly.,"The representative of Company B says this because he wants to please Company A, hoping they can give more support on other projects.",B
"Zhang Wei is a highly respected painter. His good friend Li Hua, although he loves painting, his skills are average. One day, Li Hua excitedly shows his latest work, asking for Zhang Wei's opinion. Zhang Wei praises the unique color and Li Hua's creativity when he sees this painting.",Does Zhang Wei tell the truth?,Yes,No,,,B
"Zhang Wei is a highly respected painter. His good friend Li Hua, although he loves painting, his skills are average. One day, Li Hua excitedly shows his latest work, asking for Zhang Wei's opinion. Zhang Wei praises the unique color and Li Hua's creativity when he sees this painting.",Why does Zhang Wei say this?,"Zhang Wei, out of kindness, does not want to hurt Li Hua's self-esteem. He knows that frankness may dampen Li Hua's enthusiasm and confidence.","Zhang Wei really thinks that Li Hua's work is superb, his praise comes from the heart.",Zhang Wei hopes to introduce more friends in the art world to him in the future by praising Li Hua's paintings.,"Zhang Wei praises Li Hua because he wants to flatter Li Hua, so he deliberately pleases him.",A
"Zhang Hao's good friend Yang Li shows him a short story she writes in her writing table, hoping to get his opinion. Yang Li's novel lacks appeal, and the story plot is also quite bland. When she asks Zhang Hao for his opinion, Zhang Hao praises her novel for its creativity and encourages her to keep trying.",Does Zhang Hao tell the truth?,Yes,No,,,B
"Zhang Hao's good friend Yang Li shows him a short story she writes in her writing table, hoping to get his opinion. Yang Li's novel lacks appeal, and the story plot is also quite bland. When she asks Zhang Hao for his opinion, Zhang Hao praises her novel for its creativity and encourages her to keep trying.",Why does Zhang Hao say this?,Zhang Hao says this because he truly thinks Yang Li's novel is very creative and greatly appreciates her writing talent.,"Zhang Hao says this because he maintains a friendly relationship with Yang Li out of politeness, avoiding direct criticism that hurts feelings.","Zhang Hao is participating in the same competition, he says this to avoid forming a competitive relationship with Yang Li in the competition.","Zhang Hao does not have much insight into literary creation, he says this just to casually deal with Yang Li's question.",B
"Zhao Xiao receives love from teachers and students because of his excellent grades and friendly attitude. One day, his roommate Wang Ming feels depressed because of his unsatisfactory final exam results. Wang Ming shows his report card to Zhao Xiao, asking Zhao Xiao what he thinks of his grades. After seeing the report card, although Zhao Xiao thinks Wang Ming probably does not study hard, he still encourages Wang Ming, saying the grades are not bad, and as long as he works a little harder, he can improve.",Is what Zhao Xiao says true?,Yes,No,,,B
"Zhao Xiao receives love from teachers and students because of his excellent grades and friendly attitude. One day, his roommate Wang Ming feels depressed because of his unsatisfactory final exam results. Wang Ming shows his report card to Zhao Xiao, asking Zhao Xiao what he thinks of his grades. After seeing the report card, although Zhao Xiao thinks Wang Ming probably does not study hard, he still encourages Wang Ming, saying the grades are not bad, and as long as he works a little harder, he can improve.",Why does Zhao Xiao say this?,"Zhao Xiao says this because he really thinks Wang Ming's grades are not bad, he just needs to work harder.","Zhao Xiao just gets elected as the class representative, he answers this way to establish an image of supporting and encouraging classmates.","Zhao Xiao says this because he wants to encourage Wang Ming, and maintain their friendly relationship and the harmonious atmosphere of the dormitory.","Zhao Xiao is also dissatisfied with the exam, he says these to cover up his own sense of disappointment.",C
"Xiao Zhang and his good friend Xiao Zhao participate in the school's painting competition. After the results of the competition come out, Xiao Zhao's work does not win any awards, but Xiao Zhang's work gets first place. Xiao Zhao, a bit dejected, shows his painting to Xiao Zhang and asks for his opinion on his work. Xiao Zhang thinks that Xiao Zhao's painting skills and creativity are very average, but he says, ""Your painting has a unique style, it is very likely to win an award in the next competition.",Is what Xiao Zhang says true?,Yes,No,,,B
"Xiao Zhang and his good friend Xiao Zhao participate in the school's painting competition. After the results of the competition come out, Xiao Zhao's work does not win any awards, but Xiao Zhang's work gets first place. Xiao Zhao, a bit dejected, shows his painting to Xiao Zhang and asks for his opinion on his work. Xiao Zhang thinks that Xiao Zhao's painting skills and creativity are very average, but he says, ""Your painting has a unique style, it is very likely to win an award in the next competition.",Why does Xiao Zhang say this?,"Xiao Zhang, considering his friendship with Xiao Zhao, does not want him to feel more dejected, so he chooses encouraging words to comfort him.","Xiao Zhang thinks Xiao Zhao's painting indeed has the potential to win, his praise comes from a genuine recognition of Xiao Zhao's artistic talent.","Xiao Zhang says this because he wants to motivate Xiao Zhao to work harder, so as to beat more competitors in future competitions.","Xiao Zhang appreciates Xiao Zhao's painting out of dissatisfaction with the competition results, he thinks Xiao Zhao's work should receive a higher evaluation.",A
"Xiaolin prepares a speech about environmental protection for the club activities at the university. After the speech, Xiaolin nervously asks Xiaochen about his opinion on his speech. Xiaochen notices a few factual errors and unclear expressions in the speech, but he thinks this is Xiaolin's first speech, so he says, ""Your speech is great, it gives me a new understanding of environmental protection.""",Is what Xiaochen says true?,Yes,No,,,B
"Xiaolin prepares a speech about environmental protection for the club activities at the university. After the speech, Xiaolin nervously asks Xiaochen about his opinion on his speech. Xiaochen notices a few factual errors and unclear expressions in the speech, but he thinks this is Xiaolin's first speech, so he says, ""Your speech is great, it gives me a new understanding of environmental protection.""",Why does Xiaochen say this?,"Xiaochen thinks Xiaolin's speech is indeed very outstanding, his praise is based on the real appreciation of the content and style of the speech.",Xiaochen says this because he wants to encourage Xiaolin to continue to work hard in public speaking and improve his skills.,"Xiaochen appreciates Xiaolin's speech in order to leave a good impression in the club, so as to get the support of the club in the future.","Xiaochen chooses positive comments to maintain social etiquette and a harmonious club atmosphere, even though he notices some problems in the speech.",B
"Aunt proudly displays her new variety of vegetables at the market, but these vegetables are actually not fresh. Xiao Li sees the actual situation of the vegetables, but seeing Aunt's hard work and enthusiasm, he praises, ""These vegetables look really good, I definitely buy when I come next time.",Is what Xiao Li says true?,Yes,No,,,B
"Aunt proudly displays her new variety of vegetables at the market, but these vegetables are actually not fresh. Xiao Li sees the actual situation of the vegetables, but seeing Aunt's hard work and enthusiasm, he praises, ""These vegetables look really good, I definitely buy when I come next time.",Why does Xiao Li say this?,"Xiao Li thinks Aunt's vegetables are indeed fresh, his praise is based on the real evaluation of the vegetable quality.",Xiao Li says this because he hopes to get Aunt's discount price through praise.,"Xiao Li thinks the vegetables are fresh and also wants to maintain a good relationship with Aunt, so he chooses to praise Aunt's vegetables.","Xiao Li praises Aunt's vegetables out of politeness, even though he does not actually plan to buy.",D
"Nurse Xiao Wang in the hospital is working hard to comfort a nervous patient Xiao Li who is about to undergo surgery. Xiao Li is very scared of the surgery and expresses doubts about the success rate of the surgery. Xiao Wang knows the complexity and risks of this surgery, but she still smiles and says, ""Don't worry, the surgery is very simple, it definitely goes smoothly.",Is what Xiao Wang says true?,Yes,No,,,B
"Nurse Xiao Wang in the hospital is working hard to comfort a nervous patient Xiao Li who is about to undergo surgery. Xiao Li is very scared of the surgery and expresses doubts about the success rate of the surgery. Xiao Wang knows the complexity and risks of this surgery, but she still smiles and says, ""Don't worry, the surgery is very simple, it definitely goes smoothly.",Why does Xiao Wang say this?,"Xiao Wang says this to make Xiao Li trust the hospital more, even if she has doubts about the success rate of the surgery.","Xiao Wang truly believes that the risk of this surgery is low, her words are based on trust in the hospital and the medical team.","Xiao Wang says this because she wants to hide the real risks of the surgery, to avoid the patient refusing the surgery.","Xiao Wang says this to relieve Xiao Li's tension and anxiety, and at the same time maintain a harmonious relationship between the hospital and the patient, she chooses comforting words.",A
"A amateur basketball game is taking place in the gym. Xiao Zhao is a spectator, and his friend Xiao Chen is a member of one of the teams. After the game ends, Xiao Chen's team loses, but Xiao Chen's personal performance is not outstanding. When Xiao Zhao sees Xiao Chen, even if he thinks Xiao Chen's performance is average, he still says, ""Your performance today is great, it is a wonderful game!",Is what Xiao Zhao says true?,Yes,No,,,B
"A amateur basketball game is taking place in the gym. Xiao Zhao is a spectator, and his friend Xiao Chen is a member of one of the teams. After the game ends, Xiao Chen's team loses, but Xiao Chen's personal performance is not outstanding. When Xiao Zhao sees Xiao Chen, even if he thinks Xiao Chen's performance is average, he still says, ""Your performance today is great, it is a wonderful game!",Why does Xiao Zhao say this?,"Xiao Zhao thinks Xiao Chen's performance is indeed excellent, his praise is based on the real evaluation of the game performance.","Xiao Zhao says this to show support and politeness to his friend, and to maintain their friendly relationship.",Xiao Zhao says this because he wants Xiao Chen to represent their team in the next game.,Xiao Zhao praises Xiao Chen to make himself look more optimistic and positive in the circle of friends.,B
"Mei and her good friend Xiaoli go to the amusement park together. Xiaoli just tries a new roller coaster game, this is her first time designing a game for the amusement park. Xiaoli asks Mei about the game, although Mei thinks the design of the roller coaster is a bit ordinary and lacks excitement, considering Xiaoli designs for the first time, she smiles and says, ""This game is really interesting, you design it very well!",Does Mei tell the truth?,Yes,No,,,B
"Mei and her good friend Xiaoli go to the amusement park together. Xiaoli just tries a new roller coaster game, this is her first time designing a game for the amusement park. Xiaoli asks Mei about the game, although Mei thinks the design of the roller coaster is a bit ordinary and lacks excitement, considering Xiaoli designs for the first time, she smiles and says, ""This game is really interesting, you design it very well!",Why does Mei say this?,"Mei thinks the roller coaster game is really interesting, her praise is based on the real evaluation of the game design.",Mei praises Xiaoli's design to make herself appear more optimistic and supportive in the circle of friends.,"Mei says this because she wants to encourage Xiaoli to continue to work hard in game design, even if she thinks the game needs improvement.","Although Mei and Xiaoli are not very familiar, but to avoid disappointing Xiaoli, she chooses positive encouraging words.",C
"The cheerleading captain, Xiao Hong, is instructing the new member Xiao Lan's dance moves. After one rehearsal, Xiao Lan asks Xiao Hong what she thinks of her performance. Xiao Hong notices that Xiao Lan is a new member of the team, her movements are not coordinated and smooth enough, but she says, ""You are doing very well, as long as you work harder, you can cooperate better with everyone.",Is what Xiao Hong says true?,Yes,No,,,B
"The cheerleading captain, Xiao Hong, is instructing the new member Xiao Lan's dance moves. After one rehearsal, Xiao Lan asks Xiao Hong what she thinks of her performance. Xiao Hong notices that Xiao Lan is a new member of the team, her movements are not coordinated and smooth enough, but she says, ""You are doing very well, as long as you work harder, you can cooperate better with everyone.",Why does Xiao Hong say this?,"Xiao Hong thinks Xiao Lan's performance is indeed very good, her praise is based on a real evaluation of Xiao Lan's dance skills.","Xiao Hong says this because she thinks Xiao Lan really performs well, she wants Xiao Lan to work harder to achieve better results in future competitions.","Xiao Hong encourages Xiao Lan to continue to work hard, while avoiding hurting her self-esteem.",Xiao Hong praises Xiao Lan in order to show her positive and encouraging attitude as a captain.,C
"Today, Bohan goes to Xiuya's house for the first time. He goes to her house for coffee and looks forward to seeing the dog that Xiuya often mentions. Bohan really likes dogs. When Bohan arrives at Xiuya's house, Xiuya runs to open the door, and her dog jumps up to welcome Bohan. Xiuya's dog is very big, almost as big as Bohan! When Bohan sees Xiuya's huge dog, he says, ""Xiuya, you don't have a dog at all. What you have is an elephant!""",Is what Bohan says true?,Yes,No,,,B
"Today, Bohan goes to Xiuya's house for the first time. He goes to her house for coffee and looks forward to seeing the dog that Xiuya often mentions. Bohan really likes dogs. When Bohan arrives at Xiuya's house, Xiuya runs to open the door, and her dog jumps up to welcome Bohan. Xiuya's dog is very big, almost as big as Bohan! When Bohan sees Xiuya's huge dog, he says, ""Xiuya, you don't have a dog at all. You have an elephant!""",Why does Bohan say this?,Bohan really misunderstands that Xiuya keeps an elephant.,Bohan lies to make Xiuya laugh.,Bohan jokes because he also wants to keep a dog.,Bohan jokes to make Xiuya laugh.,D
"Rongxuan and Jinyu one day see Mrs. Tang coming out of the hair salon. Because the hairdresser cuts her hair too short, she looks a bit funny. Rongxuan says to Jinyu: ""She definitely fights with a lawnmower!""",Is what Rongxuan says true?,Yes,No,,,B
"Rongxuan and Jinyu one day see Mrs. Tang coming out of the hair salon. Because the hairdresser cuts her hair too short, she looks a bit funny. Rongxuan says to Jinyu: ""She definitely fights with a lawnmower!""",Why does Rongxuan say this?,Rongxuan really misunderstands that Mrs. Tang fights with a lawnmower.,Rongxuan lies to make Jinyu laugh.,Rongxuan jokes to get Mrs. Tang's attention.,Rongxuan jokes to make Jinyu laugh.,D
"The math teacher takes a leave today, Jin Peng tells his classmates: ""The math teacher gets taken away by aliens today, so there is no class!"". Upon hearing this, the classmates all start to laugh and chat with Jin Peng.",Is what Jin Peng says true?,Yes,No,,,B
"The math teacher takes a leave today, Jin Peng tells his classmates: ""The math teacher is taken away by aliens today, so there is no class!"". Upon hearing this, the classmates all start to laugh and chat with Jin Peng.",Why does Jin Peng say this?,Jin Peng really misunderstands that the math teacher is taken away by aliens.,Jin Peng lies to make his classmates laugh.,Jin Peng jokes because he does not need to do math homework.,Jin Peng jokes to make his classmates laugh.,B
"Old Li and his friends gather together, the topic somehow turns to work pressure, everyone starts to vent their dissatisfaction. Old Li notices the subtle change in the atmosphere, so he raises his eyebrows and mysteriously says, ""Do you know? I meet an alien at the company today! It tells me a secret, saying that as long as we laugh every day, work pressure reduces by half!"" After saying that, he laughs loudly. His friends also start to laugh.",Is what Old Li says true?,Yes,No,,,B
"Old Li and his friends gather together, and the topic somehow turns to work pressure. Everyone starts to vent their dissatisfaction. Old Li notices the subtle change in the atmosphere, raises his eyebrows, and mysteriously says, ""Do you know? I meet an alien at the company today! It tells me a secret, saying that as long as we laugh every day, work pressure reduces by half!"" After saying this, he laughs loudly. His friends also start to laugh.",Why does Old Li say this?,Old Li says this because he wants to change the topic and ease the tension in the gathering.,Old Li says this because he really meets an alien at the company and wants to share the strange encounter with his friends.,"Old Li says this because he wants to show off that he can easily deal with work pressure, making his friends envious.","Old Li says this because he believes that laughing every day truly reduces half of the work pressure, giving practical advice.",A
"At an artist gathering, Zhang San proudly shows his latest painting to everyone. Everyone praises his work and expresses their approval. However, in this warm atmosphere, Li Si suddenly jokes, ""Zhang San, are the colors in your painting stolen from the rainbow? Haha, it seems you are a real 'color thief'!"" After hearing this, Zhang San first is stunned, then laughs and shakes his head.",Is what Li Si says true?,Yes,No,,,B
"At an artist gathering, Zhang San proudly shows his latest painting to everyone. Everyone praises his work and expresses their approval. However, in this warm atmosphere, Li Si suddenly jokes, ""Zhang San, are the colors in your painting stolen from the rainbow? Haha, it seems you are a real 'color thief'!"" After hearing this, Zhang San first is stunned, then laughs and shakes his head.",Why does Li Si say this?,"Li Si really thinks Zhang San is a ""color thief"", expressing doubt about his painting skills.",Li Si wants to praise Zhang San's painting for its beautiful color combination in a humorous way.,"Li Si feels jealous of Zhang San's painting, so he uses this joking way to belittle Zhang San.","Li Si thinks there are some shortcomings in Zhang San's painting, and wants to mock the shortcomings of the painting in a joking way.",B
"Xiao Wang gives a profound opinion at a literary symposium. Everyone admires his point of view. At this time, Xiao Li suddenly stands up, shows a cunning smile, and says, ""Oh, Xiao Wang, you are so talented, why don't you write a sequel to 'Dream of the Red Chamber'? I definitely buy!"" The whole audience laughs. Xiao Wang also smiles and says, ""Okay, when I finish writing, I give it to you to read first.""",Is what Xiao Li says true?,Yes,No,,,B
"Xiao Wang gives a profound opinion at a literary symposium. Everyone admires his point of view. At this time, Xiao Li suddenly stands up, shows a cunning smile, and says, ""Oh, Xiao Wang, you are so talented, why don't you write a sequel to 'Dream of the Red Chamber'? I definitely buy!"" The whole audience laughs. Xiao Wang also smiles and says, ""Okay, when I finish writing, I give it to you to read first.""",Why does Xiao Li say this?,Xiao Li really thinks Xiao Wang has the talent to write a sequel to 'Dream of the Red Chamber'.,Xiao Li thinks Xiao Wang's viewpoint is too profound and wants to make him speak simpler through this way.,Xiao Li says this because he wants to tease Xiao Wang through a joke and express his admiration for Xiao Wang.,Xiao Li says this because he wants to show their close relationship to everyone through a joke.,C
"Zhang San walks into the conference room and finds the atmosphere is extremely tense. The company's top leaders are all here, and they just go through a very sensitive topic discussion. To break this deadlock, Zhang San takes a deep breath, then says with a smile, ""Dear leaders, do you know why our company's performance is always so good? That is because we have the most professional team and the top technology, of course, and the good luck my handsome face brings!"" After hearing this, everyone can't help but laugh.",Is what Zhang San says true?,Yes,No,,,B
"Zhang San walks into the conference room and finds the atmosphere is extremely tense. The company's top leaders are all here, and they just go through a very sensitive topic discussion. To break this deadlock, Zhang San takes a deep breath, then says with a smile, ""Dear leaders, do you know why our company's performance is always so good? That is because we have the most professional team and the top technology, of course, and the good luck my handsome face brings!"" After hearing this, everyone can't help but laugh.",Why does Zhang San say this?,Zhang San thinks the company's performance really relates to his handsome face.,Zhang San thinks he is the company's top technical staff.,Zhang San says this because he wants to ease the tense atmosphere in the conference room.,Zhang San wants to take this opportunity to show his confidence and professional ability to the leadership.,C
"Xiao Wang and his cousin Xiao Li meet for the first time at a family gathering. Everyone doesn't talk much because they are unfamiliar with each other, Xiao Li suddenly says, ""I am actually a special envoy from Mars, specifically coming to Earth to observe human living habits."" He then describes some absurd ""Martian customs"", everyone laughs out loud.",Is what Xiao Li says true?,Yes,No,,,B
"Xiao Wang and his cousin Xiao Li meet for the first time at a family gathering. Everyone doesn't talk much because they are unfamiliar with each other, Xiao Li suddenly says, ""I am actually a special envoy from Mars, specifically coming to Earth to observe human living habits."" He then describes some absurd ""Martian customs"", everyone laughs out loud.",Why does Xiao Li say this?,Xiao Li says this because he believes he is really an envoy from Mars and wants to share his identity with his family.,"Xiao Li says this because he wants to show his imagination and creativity, making a deep impression on his family.",Xiao Li says this because he thinks talking about Mars can arouse his family's interest in science and educate everyone.,"Xiao Li says this because he wants to establish and strengthen connections with his family, easing the awkward atmosphere of the first meeting at the gathering.",D
"In a new company, Xiao Zhang just joins and is not very familiar with his colleagues. At lunchtime, he notices a colleague sitting alone, so he takes the initiative to go and sit down, laughing and saying, ""Do you know? When I come today, I see a cat wearing a tie at the door, it must be the CEO of the company!"" The colleague laughs uncontrollably.",Is what Xiao Zhang says true?,Yes,No,,,B
"In a new company, Xiao Zhang just joins and is not very familiar with his colleagues. At lunchtime, he notices a colleague sitting alone, so he takes the initiative to go and sit down, laughing and saying, ""Do you know? When I come today, I see a cat wearing a tie at the door, it must be the CEO of the company!"" The colleague laughs uncontrollably.",Why does Xiao Zhang say this?,Xiao Zhang says this because he wants to close the distance with his colleagues and enhance their friendship and interaction.,Xiao Zhang says this because he really sees a cat wearing a tie and finds it very interesting and wants to share with his colleagues.,Xiao Zhang says this because he wants to show off his observation skills and make his colleagues like him.,"Xiao Zhang says this because he thinks the company's CEO should be a cat, expressing dissatisfaction with the company's management.",A
"Xiao Ming's father feels a lot of pressure from work recently, and his mood is not very good. Xiao Ming notices this and says, ""Dad, do you know, I find a talking tree at school today! It tells me, as long as we say nice things to it every day, it blesses our whole family smoothly."" After saying this, Xiao Ming deliberately makes a mysterious expression, and his father also starts to laugh.",Is what Xiao Ming says true?,Yes,No,,,B
"Xiao Ming's father feels a lot of pressure from work recently, and his mood is not very good. Xiao Ming notices this and says, ""Dad, do you know, I find a talking tree at school today! It tells me, as long as we say nice things to it every day, it blesses our whole family smoothly."" After saying this, Xiao Ming deliberately makes a mysterious expression, and his father also starts to laugh.",Why does Xiao Ming say this?,Xiao Ming says this to alleviate the bad mood caused by his father's work pressure.,Xiao Ming says this because he really finds a talking tree at school and wants to share this interesting discovery.,Xiao Ming says this because he wants to attract the attention of his family and become the focus of the gathering.,Xiao Ming says this because he believes in magical things and thinks that the talking tree really brings good luck.,A
"In a class cleaning activity, the atmosphere is a bit dull, everyone seems a bit tired. Liu suddenly stands up and says, ""Do you know how the blackboard in the classroom learns to clean itself? Because it always listens to our classes, it learns 'self-cleaning'!"" The classmates all laugh after hearing this.",Is what Liu says true?,Yes,No,,,B
"In a class cleaning activity, the atmosphere is a bit dull, everyone seems a bit tired. Liu suddenly stands up and says, ""Do you know how the blackboard in the classroom learns to clean itself? Because it always listens to our classes, it learns 'self-cleaning'!"" The classmates all laugh after hearing this.",Why does Liu say this?,"Liu says this because he truly believes that the blackboard can self-clean, and wants to convey this peculiar idea.","Liu says this to liven up the atmosphere of the class cleaning, and strengthen the interaction and connection among classmates.","Liu says this because he wants to attract the teacher's attention, showing his sense of humor.","Liu says this because he wants to attract everyone's attention, recommending himself as the class representative.",B
"Xiao Li and his friends are waiting in the restaurant for the dishes they order a long time ago, everyone starts to become a little impatient. Xiao Li says: ""Do you know why our dishes are not coming up yet? Because the chef is playing hide and seek with the vegetables, he cannot find them!"" His friends all start to laugh after hearing this.",Is what Xiao Li says true?,Yes,No,,,B
"Xiao Li and his friends are waiting in the restaurant for the dishes they order a long time ago, everyone starts to become a little impatient. Xiao Li says: ""Do you know why our dishes are not coming up yet? Because the chef is playing hide and seek with the vegetables, he cannot find them!"" His friends all start to laugh after hearing this.",Why does Xiao Li say this?,"Xiao Li says this because he truly believes that the chef is playing games with the vegetables, wanting to express dissatisfaction with the restaurant service.","Xiao Li says this because he wants to win the favor of his friends, to avoid having him pay the bill after the meal.",Xiao Li says this to alleviate the impatience of his friends while waiting for the dishes.,"Xiao Li says this because he has a funny and interesting imagination about the chef's way of working, wanting to share it with his friends.",C
"Xiao Zhao and his mother buy vegetables in the market. There are many people in the market, the atmosphere is a bit tense and noisy, his mother gets bumped by a passerby, and she does not feel very comfortable. Xiao Zhao points to a pile of potatoes and laughs at his mother, ""Mom, do you know why these potatoes look so melancholy? Because they know their future is to become mashed potatoes!"" After saying this, Little Zhao deliberately makes a sympathetic expression. His mother hears this and laughs.",Is what Xiao Zhao says true?,Yes,No,,,B
"Xiao Zhao and his mother buy vegetables in the market. There are many people in the market, the atmosphere is a bit tense and noisy, his mother gets bumped by a passerby, and she does not feel very comfortable. Xiao Zhao points to a pile of potatoes and laughs at his mother, ""Mom, do you know why these potatoes look so melancholy? Because they know their future is to become mashed potatoes!"" After saying this, Little Zhao deliberately makes a sympathetic expression. His mother hears this and laughs.",Why does Xiao Zhao say this?,Xiao Zhao says this to relieve his mother's unhappy mood.,Xiao Zhao says this to communicate with his mother in a relaxed and happy way through humor and jokes.,Xiao Zhao says this because he really thinks that potatoes have feelings and wants to express his sympathy for them.,"Xiao Zhao says this because he has interesting imaginations about the shape and expression of potatoes, and wants to share this fun with his mother.",A
"In a drama performance, Xiao Gang is an actor, he notices that the audience under the stage seems to be somewhat unfocused on the performance. Xiao Gang deliberately adds a line in a dialogue: ""Do you know why the lights on the stage are so bright? Because they are all distant relatives of the sun!"" After saying this, Xiao Gang makes an exaggerated expression. The audience hears this sudden joke, and they all start to laugh.",Is what Xiao Gang says true?,Yes,No,,,B
"In a drama performance, Xiao Gang is an actor, he notices that the audience under the stage seems to be somewhat unfocused on the performance. Xiao Gang deliberately adds a line in a dialogue: ""Do you know why the lights on the stage are so bright? Because they are all distant relatives of the sun!"" After saying this, Xiao Gang makes an exaggerated expression. The audience hears this sudden joke, and they all start to laugh.",Why does Xiao Gang say this?,"Xiao Gang says this because he wants to show his sense of humor, increase his personal charm in the drama, and attract the attention of the audience.",Xiao Gang says this to use humor and jokes to relieve the tension of the audience.,"Xiao Gang says this because he really thinks that the stage lighting has a special source, and wants to express his admiration for stage technology.","Xiao Gang says this because he has a special view on the lighting effects in the drama, and wants to provoke the audience to think about it.",A
"Xiao Li studies cooking in the kitchen, her sister watches from the side. Xiao Li tries to make fried rice for the first time, but the final product does not look ideal, it is a bit burnt. Seeing Xiao Li's disappointed expression, her sister laughs and says, ""Do you know why today's fried rice smells so good? Because it has a 'unique charcoal grilled flavor'!"" Xiao Li hears this and laughs.",Does the sister tell the truth?,Yes,No,,,B
"Xiao Li studies cooking in the kitchen, her sister watches from the side. Xiao Li tries to make fried rice for the first time, but the final product does not look ideal, it is a bit burnt. Seeing Xiao Li's disappointed expression, her sister laughs and says, ""Do you know why today's fried rice smells so good? Because it has a 'unique charcoal grilled flavor'!"" Xiao Li hears this and laughs.",Why does the sister say this?,"The sister says this because she really thinks the burnt fried rice has a unique flavor, and wants to encourage Xiao Li to continue trying new flavors.","The sister says this because she wants to teach Xiao Li to accept the side of failure, expressing the philosophy of life in a humorous way.",The sister says this to use humor and jokes to alleviate Xiao Li's disappointment from failing at cooking.,"The sister says this because she really thinks the fried rice smells very good, and also wants to divert Xiao Li's attention from the failure.",C
"Xiao Li and his colleagues are conducting an important experiment in the laboratory. Some unexpected results occur during the experiment, making the atmosphere in the laboratory a bit tense. Xiao Li says, ""Do you know why the experiment always goes wrong? Because the experimental equipment comes from aliens, they are still learning the scientific rules of the Earth!"" After saying this, Xiao Li deliberately makes a thoughtful look. His colleagues all laugh when they hear this.",Is what Xiao Li says true?,Yes,No,,,B
"Xiao Li and his colleagues are conducting an important experiment in the laboratory. Some unexpected results occur during the experiment, making the atmosphere in the laboratory a bit tense. Xiao Li says, ""Do you know why the experiment always goes wrong? Because the experimental equipment comes from aliens, they are still learning the scientific rules of the Earth!"" After saying this, Xiao Li deliberately makes a thoughtful look. His colleagues all laugh when they hear this.",Why does Xiao Li say this?,Xiao Li says this because he really thinks there is a problem with the experimental equipment and wants to express his dissatisfaction with the quality of the equipment.,Xiao Li says this to relieve the tension in the experiment and make his colleagues feel more relaxed and happy at work.,Xiao Li says this because he wants to attract the attention of his colleagues and show his sense of humor.,Xiao Li says this because he has a unique view of scientific experiments and wants to express his thoughts in a humorous way.,B
"Zhang and his friends are in line at the amusement park waiting to ride the roller coaster. The line is long and everyone seems a little impatient. Zhang says, ""Do you know why the roller coaster is always so high? Because it wants to say hello to the sun!"" After saying this, Zhang makes a funny gesture of waving to the sky, and his friends all laugh.",Is what Zhang says true?,Yes,No,,,B
"Zhang and his friends are in line at the amusement park waiting to ride the roller coaster. The line is long and everyone seems a little impatient. Zhang says, ""Do you know why the roller coaster is always so high? Because it wants to say hello to the sun!"" After saying this, Zhang makes a funny gesture of waving to the sky, and his friends all laugh.",Why does Zhang say this?,Zhang says this because he truly believes that the design of the roller coaster has a special meaning and wants to share this interesting view.,Zhang says this because he wants to divert his friends' attention and make himself the focus.,Zhang says this to create a more relaxed and enjoyable waiting experience with humor and jokes.,Zhang says this because he has a special understanding of the height of the roller coaster and wants to express his thoughts in a humorous way.,C
"In a school debate, the atmosphere is tense. When it is debater Xiao Wang's turn to speak, he smiles and says, ""Do you know why my argument is so strong today? Because I eat two bowls of 'Victory Brand' cereal this morning!"" After saying this, Xiao Wang deliberately puts on a confident look. The audience and judges all laugh after hearing this.",Is what Xiao Wang says true?,Yes,No,,,B
"In a school debate, the atmosphere is tense. When it is his turn to speak, the debater Xiao Wang smiles and says, ""Do you know why my argument is so strong today? Because I eat two bowls of 'Victory Brand' cereal this morning!"" After saying this, Xiao Wang deliberately puts on a confident look. The audience and the judges all laugh.",Why does Xiao Wang say this?,Xiao Wang says this because he really eats two bowls of cereal and wants to use a joke to ease the tension of the debate.,Xiao Wang says this because he really thinks that the cereal he eats in the morning gives him the power to debate and wants to share this secret.,"Xiao Wang says this because he wants to attract the attention of the judges and the audience, and truly believes that eating a specific cereal helps him win the debate.",Xiao Wang says this because he has a special view on breakfast choices and wants to show his personality in this way.,A
"Xiao Chen and his friends are walking in the park, but because they are not very familiar with each other, there are occasional silences during the conversation. Xiao Chen points to a duck swimming by the lake and says, ""Look at that duck, it is actually a secret agent of the park, specifically monitoring the feeding tourists!"" After saying this, Xiao Chen makes a mysterious expression. His friends all laugh when they hear this.",Is what Xiao Chen says true?,Yes,No,,,B
"Xiao Chen and his friends are walking in the park, but because they are not very familiar with each other, there are occasional silences during the conversation. Xiao Chen points to a duck swimming by the lake and says, ""Look at that duck, it is actually a secret agent of the park, specifically monitoring the feeding tourists!"" After saying this, Xiao Chen makes a mysterious expression. His friends all laugh when they hear this.",Why does Xiao Chen say this?,Xiao Chen says this because he really thinks that the duck has a special task and wants to share this interesting imagination.,Xiao Chen says this to break the silence and promote interaction among friends.,Xiao Chen says this because he wants to attract the attention of his friends and show his sense of humor.,Xiao Chen says this because he has unique insights into the animals in the park and wants to spark interesting discussions in this way.,B
"Xiao Zhao and his friends prepare for a swimming friendship match. Everyone is a swimming novice, and they do not participate in any competitions, some feel uneasy. Xiao Zhao says, ""Do you know why we swim so slowly today? Because the water adds 'slow swim liquid', specifically designs for novices!"" Friends listen and all start to laugh.",Is what Xiao Zhao says true?,Yes,No,,,B
"Xiao Zhao and his friends prepare for a swimming friendship match. Everyone is a swimming novice, and they do not participate in any competitions, some feel uneasy. Xiao Zhao says, ""Do you know why we swim so slowly today? Because the water adds 'slow swim liquid', specifically designs for novices!"" Friends listen and all start to laugh.",Why does Xiao Zhao say this?,"Xiao Zhao says this because he truly believes that a special liquid is added to the swimming pool, slowing down the swimming speed.",Xiao Zhao says this because he wants to attract his friends' attention and become the focus of the swimming competition.,Xiao Zhao says this to relieve his friends' nervousness and make the swimming competition more relaxed and enjoyable.,Xiao Zhao says this because he has a special understanding of the water quality of the swimming pool and wants to express his views in a humorous way.,C
"Yichun and Yating are good friends, playing a telephone game in the house. Yichun has never seen a telephone before. At this moment, their mother brings a fruit platter with apples, bananas, and pears. Yating, who loves bananas the most, picks up a banana from the fruit platter and puts it to her ear. She says to Yichun, ""Look! This banana is a telephone!""",Is what Yating says true?,A. Yes,B. No,,,B
"Yichun and Yating are good friends, playing a telephone game in the house. Yichun has never seen a telephone before. At this moment, their mother brings a fruit platter with apples, bananas, and pears. Yating, who loves bananas the most, picks up a banana from the fruit platter and puts it to her ear. She says to Yichun, ""Look! This banana is a telephone!""",Why does Yating say so?,A. Because Yating loves bananas the most,B. Because a banana looks more like a telephone than apples and pears,C. Because she wants to tease Yichun,D. Because she is playing around with Yichun,D
"Jinpeng and Wenhao are a pair of very mischievous brothers. Accidentally spilling water on the kitchen floor, they have a great time playing after mopping it up. They turn the kitchen table over, sit inside it, and use rolled-up newspapers as oars. When their mother walks in, she laughs. ""What are you two doing?"" she asks. Wenhao says, ""This table is a pirate ship. You better get on quickly, or you'll sink — because you're standing in the sea!""",Is what Wenhao says true?,A. Yes,B. No,,,B
"Jinpeng and Wenhao are a pair of very mischievous brothers. Accidentally spilling water on the kitchen floor, they have a great time playing after mopping it up. They turn the kitchen table over, sit inside it, and use rolled-up newspapers as oars. When their mother walks in, she laughs. ""What are you two doing?"" she asks. Wenhao says, ""This table is a pirate ship. You better get on quickly, or you'll sink — because you're standing in the sea!""",Why does Wenhao say so?,A. Wenhao is afraid that his mother will be angry because they spilled water in the kitchen,B. Because the water on the floor looks like the sea,C. Because their mother needs a pirate ship to be saved in the sea,D. Because he is playing with Jinpeng,D
"At a birthday party, Wen Qing pretends to be a superhero and says, ""I am a wise and powerful superhero!"". Her friends all watch happily.",Is what Wen Qing says true?,Yes,No,,,B
"At a birthday party, Wen Qing pretends to be a superhero and says, ""I am a wise and powerful superhero!"". Her friends all watch happily.",Why does Wen Qing say this?,Wen Qing misunderstands that she is a wise and powerful superhero.,Wen Qing lies because she wants to make her friends happy.,Wen Qing says this because she is a real superhero.,Wen Qing plays the role of a superhero because she wants to make her friends happy.,D
"The village holds a grand temple fair every year. On the day of the temple fair, Xiao Li chooses to play a role-playing game. He puts on the clothes of an old man, wears a white wig, picks up a cane, and pretends to be a kind old man. He walks into the crowd, starts to imitate the tone and actions of the old man, says that he is in his twilight years and has some kind of superpower. Xiao Li interacts with the villagers, shares wisdom, and makes everyone laugh.",Is what Xiao Li says true?,Yes,No,,,B
"The village holds a grand temple fair every year. On the day of the temple fair, Xiao Li chooses to play a role-playing game. He puts on the clothes of an old man, wears a white wig, picks up a cane, and pretends to be a kind old man. He walks into the crowd, starts to imitate the tone and actions of the old man, says that he is in his twilight years and has some kind of superpower. Xiao Li interacts with the villagers, shares wisdom, and makes everyone laugh.",Why does Xiao Li say this?,Xiao Li chooses to disguise to bring surprise and joy to everyone.,Xiao Li says this because he really possesses the wisdom and superpower of a very old age and wants to share with everyone.,Xiao Li says this because he wants to gain the respect and awe of the villagers by disguising himself.,"Xiao Li says this because he wants to satirize those truly older villagers, implying that they do not have real wisdom.",A
"Business tycoon Mr. Zhao recently faced difficulties and failures, experiencing significant losses. Prepared to bid on a highly valuable piece of land in the city, on the eve of the bidding, he invited several competitors to a dinner. During the dinner, he openly discussed his recent business failures and challenges. He appeared so sincere that his competitors couldn't help but feel sympathy, believing that he had no chance in the upcoming bid.",Is what Mr. Zhao says true?,A. Yes,B. No,,,A
"Business tycoon Mr. Zhao recently faced difficulties and failures, experiencing significant losses. Prepared to bid on a highly valuable piece of land in the city, on the eve of the bidding, he invited several competitors to a dinner. During the dinner, he openly discussed his recent business failures and challenges. He appeared so sincere that his competitors couldn't help but feel sympathy, believing that he had no chance in the upcoming bid.",Why does Mr. Zhao say so?,"A. Mr. Zhao says this because he really faces business failures and challenges, hoping his competitors will offer support.","B. Mr. Zhao says this to conceal his true intentions, making his competitors relax their guard and gain an advantage in the bid.",C. Mr. Zhao says this because he wants to establish a closer cooperation with his competitors to collectively address market challenges.,"D. Mr. Zhao says this to flaunt his wealth and success, deliberately appearing generous and magnanimous at the dinner.",B
"In a college campus activity, the usually quiet and introverted Xiao Zhang suddenly shines on stage. He wears sunglasses, wears his hat backwards, imitates the singing and movements of a famous singer, says he is that singer, and gives a stunning performance. His classmates all laugh at his performance, and the recorded video quickly becomes popular on the internet.",Does Xiao Zhang tell the truth?,Yes,No,,,B
"In a college campus activity, the usually quiet and introverted Xiao Zhang suddenly shines on stage. He wears sunglasses, wears his hat backwards, imitates the singing and movements of a famous singer, says he is that singer, and gives a stunning performance. His classmates all laugh at his performance, and the recorded video quickly becomes popular on the internet.",Why does Xiao Zhang say this?,"Xiao Zhang does this because he really wants to become that famous singer, this is his career dream.",Xiao Zhang disguises himself because he is tired of his real identity and wants to hide his true face.,"Xiao Zhang chooses to disguise as a famous singer for entertaining his classmates, bringing everyone a surprise, and also for challenging himself, trying different lifestyles.","Xiao Zhang chooses to do this because of the encouragement and support from his classmates, he wants to show his versatility.",C
"Wang Xiaoming participates in a costume party at the amusement park, where he plays a magician. He puts on a gorgeous robe, wears a pointed hat with star patterns, holds a delicate magic wand, starts to walk around the amusement park, and interacts with visitors in a mysterious voice. He says he performs magic, which makes the surrounding children cheer and jump for joy. He appears very natural in this fantasy-filled environment, like a visitor from the magical world.",Does Wang Xiaoming tell the truth?,Yes,No,,,B
"Wang Xiaoming participates in a costume party at the amusement park, where he plays a magician. He puts on a gorgeous robe, wears a pointed hat with star patterns, holds a delicate magic wand, starts to walk around the amusement park, and interacts with visitors in a mysterious voice. He says he performs magic, which makes the surrounding children cheer and jump for joy. He appears very natural in this fantasy-filled environment, like a visitor from the magical world.",Why does Wang Xiaoming say this?,Wang Xiaoming does this to adapt to the fantasy environment of the amusement park and better integrate into this environment.,Wang Xiaoming does this because he truly believes he has magical powers and wants to show everyone.,Wang Xiaoming does this because he wants to attract the attention of visitors by performing magic and become the focus of the amusement park.,"Wang Xiaoming does this because he conducts a social experiment, observing people's reactions to magic.",A
"Li Hua is a very handsome young man who has a crush on his classmate Xiao Qian, although his classmates are unaware of his feelings. Li Hua excels in academics and often helps classmates solve difficult problems. However, he dislikes doing laborious tasks like sweeping and window cleaning. Coincidentally, he sees on the task list that there are light tasks such as arranging desks and chairs. Therefore, when tasks are assigned during the class cleanup day, he forcefully coughs and sneezes. Seeing this, his classmates decide to assign him some light work and have him organize desks and chairs with Xiao Qian.",Is what Li Hua says true?,A. Yes,B. No,,,B
"Li Hua is a very handsome young man who has a crush on his classmate Xiao Qian, although his classmates are unaware of his feelings. Li Hua excels in academics and often helps classmates solve difficult problems. However, he dislikes doing laborious tasks like sweeping and window cleaning. Coincidentally, he sees on the task list that there are light tasks such as arranging desks and chairs. Therefore, when tasks are assigned during the class cleanup day, he forcefully coughs and sneezes. Seeing this, his classmates decide to assign him some light work and have him organize desks and chairs with Xiao Qian.",Why does Li Hua do this?,"A. Because Li Hua catches a cold and is very weak, unable to handle heavy work.",B. Because Li Hua wants to avoid doing tasks like sweeping and window cleaning.,"C. Because Li Hua excels in academics and helps classmates, and this time he hopes his classmates will help him.","D. Because Li Hua wants to work together with his crush, Xiao Qian, to organize desks and chairs.",B
"Zhao Yang pretends to be a foreign tourist in the supermarket, and says he does not understand Chinese, using exaggerated body language and a stiff foreign language to ask employees and customers for product information. Zhao Yang's behavior attracts the attention of many customers, they are amused by his body language, some even try to help him.",Why did Li Hua do this?,"A. Because Li Hua caught a cold and was very weak, unable to handle heavy work.",B. Because Li Hua wanted to avoid doing tasks like sweeping and window cleaning.,"C. Because Li Hua excels in academics and helps classmates, and this time he hoped his classmates would help him.","D. Because Li Hua wanted to work together with his crush, Xiao Qian, to organize desks and chairs.",B
"Zhao Yang pretends to be a foreign tourist in the supermarket, and says he does not understand Chinese, using exaggerated body language and a stiff foreign language to ask employees and customers for product information. Zhao Yang's behavior attracts the attention of many customers, they are amused by his body language, some even try to help him.",Why does Zhao Yang do this?,"Zhao Yang does this because he is really a foreign tourist who does not understand Chinese, and is seeking help.","Zhao Yang does this because he has a task at hand, needing to test the reactions of supermarket employees and customers.","Zhao Yang does this because he is conducting a social experiment, observing the impact of language barriers in communication.","Zhao Yang does this for entertainment, bringing some fun to the people around him.",D
"Zhang Wei disguises himself as an ancient poet, dresses in ancient clothes, wears a wide-brimmed hat, and holds a folding fan. He walks around the vegetable market, recites ancient poems as he walks, communicates with stall owners and customers in an ancient tone, asks about prices and jokes with ancient currency names, and talks about his adventures in that era. His ancient style and behavior attract the attention of people in the market, many people stop to watch and laugh to participate in the interaction, enjoying this unique experience.",Is what Zhang Wei says true?,Yes,No,,,B
"Zhang Wei disguises himself as an ancient poet, dresses in ancient clothes, wears a wide-brimmed hat, and holds a folding fan. He walks around the vegetable market, recites ancient poems as he walks, communicates with stall owners and customers in an ancient tone, asks about prices and jokes with ancient currency names, and talks about his adventures in that era. His ancient style and behavior attract the attention of people in the market, many people stop to watch and laugh to participate in the interaction, enjoying this unique experience.",Why does Zhang Wei do this?,Zhang Wei does this because he really thinks he is an ancient poet and wants to experience the life of the ancients.,Zhang Wei does this because he wants to attract everyone's attention through ancient style acting and promote his products.,Zhang Wei does this to bring fun to friends and people in the market.,Zhang Wei does this because he conducts a social experiment on the impact of ancient culture on modern people.,C
"Wang Xiaohong is a supermarket promoter, she plays a famous cartoon character in the supermarket's anniversary celebration. She puts on colorful clothes, wears a specially made mask, and imitates the unique tone and movements of the character, saying she has the superpower to fulfill wishes. In the supermarket, she recommends products to customers as this character, interacts with children, takes photos for memory, and attracts many customers.",Does Wang Xiaohong tell the truth?,Yes,No,,,B
"Wang Xiaohong is a supermarket promoter, she plays a famous cartoon character in the supermarket's anniversary celebration. She puts on colorful clothes, wears a specially made mask, and imitates the unique tone and movements of the character, saying she has the superpower to fulfill wishes. In the supermarket, she recommends products to customers as this character, interacts with children, takes photos for memory, and attracts many customers.",Why does Wang Xiaohong do this?,Wang Xiaohong does this because she really thinks she is that cartoon character and wants to experience the life of this character.,Wang Xiaohong does this because she wants to escape daily work responsibilities by playing the role.,Wang Xiaohong does this to respond to the supermarket's promotional activities and attract customer attention.,Wang Xiaohong does this because she conducts a market research on the impact of role-playing on customer shopping behavior.,C
"Lin Feng is an athlete who participates in a basketball game. He deliberately shows some technical errors and unstable performance during his warm-up before the game. He intentionally misses the target when shooting, and deliberately slows down in dribbling. He says in a pre-game interview that he pulls a ligament not long ago, this behavior makes opponents and spectators think that he probably does not have outstanding performance in the game. However, after the official game starts, Lin Feng suddenly shows his real strength, scores continuously, and helps the team gain a leading advantage.",Is what Lin Feng says true?,Yes,No,,,B
"Lin Feng is an athlete who participates in a basketball game. He deliberately shows some technical errors and unstable performance during his warm-up before the game. He intentionally misses the target when shooting, and deliberately slows down in dribbling. He says in a pre-game interview that he pulls a ligament not long ago, this behavior makes opponents and spectators think that he probably does not have outstanding performance in the game. However, after the official game starts, Lin Feng suddenly shows his real strength, scores continuously, and helps the team gain a leading advantage.",Why does Lin Feng behave like this?,Lin Feng does this to hide his real skills and make his opponents underestimate him.,"Lin Feng does this because he really loses confidence before the game, feels nervous and uneasy.",Lin Feng does this because he suffers a minor injury and cannot perform at his best.,Lin Feng does this because he wants to show the coach that he needs more training and guidance.,A
"Zhou Jie goes to the park and pretends to be a time traveler. He walks around the park, communicates with people using exaggerated actions and futuristic language, asks various questions about ""modern"" life, and also describes his adventures in that era. His strange dress and behavior attract the attention of many people, many tourists laugh, and some even actively join his role-playing game.",Does Zhou Jie tell the truth?,Yes,No,,,B
"Zhou Jie goes to the park and pretends to be a time traveler. He walks around the park, communicates with people using exaggerated actions and futuristic language, asks various questions about ""modern"" life, and also describes his adventures in that era. His strange dress and behavior attract the attention of many people, many tourists laugh, and some even actively join his role-playing game.",Why does Zhou Jie do this?,Zhou Jie does this because he truly believes he is a time traveler from the future.,Zhou Jie does this because he participates in the on-site shooting of a science fiction movie.,Zhou Jie does this because he conducts a social experiment on the public's reaction to future technology.,Zhou Jie does this to bring joy to the park's visitors.,D
"At a lively birthday party, Xiao Li is the birthday girl today. She dresses up as her favorite movie character, a superhero, puts on carefully selected clothes, and applies makeup that matches the character. Xiao Li interacts with the guests in the identity of this character, saying she has superpowers and can fulfill everyone's wishes. The guests all laugh out loud.",Is what Xiao Li says true?,Yes,No,,,B
"At a lively birthday party, Xiao Li is the birthday girl today. She dresses up as her favorite movie character, a superhero, puts on carefully selected clothes, and applies makeup that matches the character. Xiao Li interacts with the guests in the identity of this character, saying she has superpowers and can fulfill everyone's wishes. The guests all laugh out loud.",Why does Xiao Li say this?,Xiao Li does this because she really thinks she becomes the character in the movie.,Xiao Li does this because she wants to escape the pressure of real life by playing the role.,"Xiao Li does this to make the birthday party more interesting and memorable, and to blend into this special celebration atmosphere.",Xiao Li does this because she is conducting a psychological experiment on the impact of role-playing on interpersonal relationships.,C
"Xiao Wang is a freshman, he joins the school drama club, but he is not familiar with the members of the drama club. In a public performance of the drama club, he plays a scholar. He not only puts on the costume of an ancient scholar, but also learns the speech and manners of that era, saying that he is writing an autobiography. Such behavior makes him very popular in the campus, and classmates are attracted by his talent and unique personality.",Is what Xiao Wang says true?,Yes,No,,,B
"Xiao Wang is a freshman, he joins the school drama club, but he is not familiar with the members of the drama club. In a public performance of the drama club, he plays a scholar. He not only puts on the costume of an ancient scholar, but also learns the speech and manners of that era, saying that he is writing an autobiography. Such behavior makes him very popular in the campus, and classmates are attracted by his talent and unique personality.",Why does Xiao Wang do this?,Xiao Wang does this because he really thinks he is a reborn ancient scholar.,Xiao Wang does this because he wants to improve his academic achievements by imitating ancient scholars.,Xiao Wang does this because he is conducting a social experiment on the impact of ancient culture on modern students.,Xiao Wang does this in order to better adapt to the campus environment and integrate into the student social circle.,D
"Li Ming is a spectator at a basketball game, and he is also a blogger who runs a sports account. He sees many reporters at the event, so he dresses up as a sports star and says he plans to retire within the next year and no longer plays ball, attracting the attention of the surrounding audience. Many people start to take pictures and interact with him, and for a while, a wave of laughter and lively atmosphere sweeps through the sports hall.",Is what Li Ming says true?,Yes,No,,,B
"Li Ming is a spectator at a basketball game, and he is also a blogger who runs a sports account. He sees many reporters at the event, so he dresses up as a sports star and says he plans to retire within the next year and no longer plays ball, attracting the attention of the surrounding audience. Many people start to take pictures and interact with him, and for a while, a wave of laughter and lively atmosphere sweeps through the sports hall.",Why does Li Ming do this?,"Li Ming does this for entertainment effect, and he really thinks he is a sports star.",Li Ming does this because he really mistakes himself for that sports star.,Li Ming does this because he hopes to be captured by the TV camera and become the focus.,Li Ming does this because he is conducting a social psychology experiment about the celebrity effect.,C
"Xiaohua is the new bride in the family. She knows that her husband's family greatly respects the culture of the Republic of China period. Therefore, on the first day of her marriage, she dresses up as a housewife from the Republic of China period, carefully prepares a rich dinner, puts on a traditional apron, and wears a headpiece in the style of the Republic of China. She entertains her family while telling about her life experiences in that era, making her family listen with great interest.",Is what Xiaohua says true?,Yes,No,,,B
"Xiaohua is the new bride in the family. She knows that her husband's family greatly respects the culture of the Republic of China period. Therefore, on the first day of her marriage, she dresses up as a housewife from the Republic of China period, carefully prepares a rich dinner, puts on a traditional apron, and wears a headpiece in the style of the Republic of China. She entertains her family while telling about her life experiences in that era, making her family listen with great interest.",Why does Xiaohua do this?,Xiaohua does this to adapt to her husband's family environment and integrate into the new family.,"Xiaohua does this because she naturally loves housework and cooking, and enjoys this role.",Xiaohua does this because she wants to show her abilities to her family members and win the competition.,Xiaohua does this because she conducts a sociological study on family roles.,A
"Liu dresses up as a chef at home, puts on a chef hat, wears professional chef clothes, and tells his family that he is a Michelin three-star chef. He shows off his skills in the kitchen, cooking and making humorous comments as if he is recording a cooking show. His family laughs at his performance, and the atmosphere becomes very relaxed and happy.",Does Liu tell the truth?,Yes,No,,,B
"Liu dresses up as a chef at home, puts on a chef hat, wears professional chef clothes, and tells his family that he is a Michelin three-star chef. He shows off his skills in the kitchen, cooking and making humorous comments as if he is recording a cooking show. His family laughs at his performance, and the atmosphere becomes very relaxed and happy.",Why does Liu do this?,Liu does this because he really thinks he has cooking skills comparable to a TV chef.,Liu does this because he wants to show his cooking skills to his family and win praise.,Liu does this to bring fun and surprises to the family gathering.,Liu does this because he is simulating a cooking show for a school project.,C
"At a children's birthday party, Aunt Xiao Fang dresses up as a fairy. She puts on a gorgeous fairy costume, wears wings and a crown, interacts with the children in a gentle voice and magical gestures, and tells a story full of magic and adventure. She also says that at midnight, the fairy gives a mysterious gift to the sleeping children. The children participate excitedly, experiencing a wonderful fairy tale world with Fairy Xiao Fang.",Does Xiao Fang tell the truth?,Yes,No,,,B
"At a children's birthday party, Aunt Xiao Fang dresses up as a fairy. She puts on a gorgeous fairy costume, wears wings and a crown, interacts with the children in a gentle voice and magical gestures, and tells a story full of magic and adventure. She also says that at midnight, the fairy gives a mysterious gift to the sleeping children. The children participate excitedly, experiencing a wonderful fairy tale world with Fairy Xiao Fang.",Why does Xiao Fang do this?,Xiao Fang does this because she truly believes she is a fairy and wants to teach magic to the children.,Xiao Fang does this because she wants to be the focus at the birthday party and attract everyone's attention.,Xiao Fang does this to better integrate into the children's world and make them have a pleasant experience at the birthday party.,Xiao Fang does this because she conducts a study on child psychology.,C
"Manager Zhang faces a promotion opportunity at the company. Although he craves this opportunity, he acts uninterested in the management position in his daily work to hide his ambition from others. He says he prefers his current technical work over management work. In discussions, he always humbly gives opportunities to other colleagues.",Does Manager Zhang tell the truth?,Yes,No,,,B
"Manager Zhang faces a promotion opportunity at the company. Although he craves this opportunity, he acts uninterested in the management position in his daily work to hide his ambition from others. He says he prefers his current technical work over management work. In discussions, he always humbly gives opportunities to other colleagues.",Why does Manager Zhang act this way?,Manager Zhang does this because he really has no interest in the management position and prefers technical work.,Manager Zhang does this because he feels uncertain about the future direction of the company and does not want to take on more responsibilities.,Manager Zhang does this because he wants to test the company management's views and evaluations of him.,"Manager Zhang does this to hide his real desire for promotion, to avoid colleagues' jealousy and negative views from management.",D
"Emma coughs. During the whole lunchtime, she keeps coughing. Dad says, ""Poor Emma, you must have a frog in your throat!""",Does Dad tell the truth?,Yes,No,,,B
"Emma coughs. During the whole lunchtime, she keeps coughing. Dad says, ""Poor Emma, you must have a frog in your throat!""",Why does Dad say this?,"He thinks Emma's cough sounds like a frog's call, trying to make his daughter laugh and feel better.",He is sure there is a real frog in Emma's throat,He thinks coughing attracts a frog into the throat,He wants to scare Emma to stop her from coughing,A
"Zhang Haoyu is a very untidy boy. One day, his mother walks into his bedroom, which is messier than usual! Clothes, toys, and comics are everywhere. Zhang Haoyu's mother says to Zhang Haoyu: ""This room is like a pigsty!""",Does Zhang Haoyu keep pigs in his room?,Yes,No,,,B
"Zhang Haoyu is a very untidy boy. One day, his mother walks into his bedroom, which is messier than usual! Clothes, toys, and comics are everywhere. Zhang Haoyu's mother says to Zhang Haoyu: ""This room is like a pigsty!""",Why does Zhang Haoyu's mother say this?,"Zhang Haoyu's mother says this because she uses a metaphor, comparing the messiness of Zhang Haoyu's room to a pigsty, to emphasize the room's clutter and chaos.",Zhang Haoyu's mother says this because she thinks William keeps a pig,Zhang Haoyu's mother says this because she thinks there are many comic books and toys in the pigsty,Zhang Haoyu's mother says this because she thinks the pigsty and Zhang Haoyu's room are equally tidy,A
"Xiao Jie sees his roommate Xiao Lei wearing colorful clothes today, he thinks the colors of his outfit are flashy, so he says to Xiao Lei: ""You are a walking palette today, haha!""",Does Xiao Jie tell the truth?,Yes,No,,,B
"Xiao Jie sees his roommate Xiao Lei wearing colorful clothes today, he thinks the colors of his outfit are flashy, so he says to Xiao Lei: ""You are a walking palette today, haha!""",Why does Xiao Jie say this?,He uses a palette to metaphorically describe Xiao Lei's flashy outfit.,He thinks Xiao Lei looks like a painter today.,He is jokingly mocking Xiao Lei for not learning his fashion course well.,He thinks Xiao Lei is a musician who is out of tune.,A
"Today, Grandpa Zhang comes to visit Xiao Hong's house, and Xiao Hong is very hospitable, so she makes a rich dinner. Xiao Hong has a characteristic when she cooks: she pays special attention to the color matching of the dishes, striving to achieve a combination of color, aroma, and taste. Grandpa Zhang looks at the rich dinner prepared by Xiao Hong and says with emotion, ""Today's dishes are just like a colorful painting!""",Does Grandpa Zhang tell the truth?,Yes,No,,,B
"Today, Grandpa Zhang comes to visit Xiao Hong's house, and Xiao Hong is very hospitable, so she makes a rich dinner. Xiao Hong has a characteristic when she cooks: she pays special attention to the color matching of the dishes, striving to achieve a combination of color, aroma, and taste. Grandpa Zhang looks at the rich dinner prepared by Xiao Hong and says with emotion, ""Today's dishes are just like a colorful painting!""",Why does Grandpa Zhang say this?,He praises Xiao Hong for being very hospitable and cooking delicious food.,He thinks the color combination of the dinner is like a colorful painting.,He thinks the taste of the dinner is as fragrant as a painting.,He thinks the color combination of the dinner is too monotonous.,B
"Sister Zhang is always the cooking master at home, but she catches a cold recently, and everything she eats has no taste. Today is a family gathering, her husband takes a bite of the food Sister Zhang makes and directly says, ""Do you rob the salt seller?""",Is what Sister Zhang's husband says true?,Yes,No,,,B
"Sister Zhang is always the cooking master at home, but she catches a cold recently, and everything she eats has no taste. Today is a family gathering, her husband takes a bite of the food Sister Zhang makes and directly says, ""Do you rob the salt seller?""",Why does Sister Zhang's husband say this?,He thinks Sister Zhang robs the salt seller.,"He thinks the food is too salty, using the salt seller as a metaphor.",He thinks the food Sister Zhang makes has no taste.,He thinks Sister Zhang is the salt seller.,B
"At the company annual meeting, Manager Wang listens to Xiao Liu's work progress report and frowns at Xiao Liu, saying, ""Your work style seems like a leisurely snail, slowly crawling."" Xiao Liu feels a bit embarrassed.",Is Xiao Liu a snail?,Yes,No,,,B
"At the company annual meeting, Manager Wang listens to Xiao Liu's work progress report and frowns at Xiao Liu, saying, ""Your work style seems like a leisurely snail, slowly crawling."" Xiao Liu feels a bit embarrassed.",Why does Manager Wang say this?,He thinks Xiao Liu is a leisurely snail.,He is a person who likes to joke.,He uses a metaphor to describe Xiao Liu's work as slow.,He thinks Xiao Liu works as seriously as a snail.,C
"Wang Feng is a girl from the northeast, she speaks very directly. One day, she walks on the road, suddenly a motorcycle brushes past her at a high speed, almost hits her. Wang Feng scares into a cold sweat, directly curses at the person riding the motorcycle: ""Are you in a hurry to reincarnate, driving so fast""","Does Wang Feng really mean that the person driving the motorcycle is ""in a hurry to reincarnate""?",Yes,No,,,B
"Wang Feng is a girl from the northeast, she speaks very directly. One day, she walks on the road, suddenly a motorcycle brushes past her at a high speed, almost hits her. Wang Feng scares into a cold sweat, directly curses at the person riding the motorcycle: ""Are you in a hurry to reincarnate, driving so fast""",Why does Wang Feng say this?,"She is a very direct person, stating the fact that the motorcyclist is in a hurry to reincarnate.","She is very angry, using a metaphor to describe that the motorcyclist drives too hastily and too fast.","She is a Northeastern girl, her speaking style is humorous and funny, she jokes with the motorcyclist.","Because she almost gets hit, breaks out in a cold sweat, so she uses a metaphor.",B
"In the school's sports field, Xiao Gang is the sprinter of the school track team, and he always rushes to the finish line quickly in every race. After a race, classmate Xiao Ming says, ""Xiao Gang, you definitely have the superpower of teleportation.""",Does Xiao Ming tell the truth?,Yes,No,,,B
"In the school's sports field, Xiao Gang is the sprinter of the school track team, and he always rushes to the finish line quickly in every race. After a race, classmate Xiao Ming says, ""Xiao Gang, you definitely have the superpower of teleportation.""",Why does Xiao Gang say this?,He thinks Xiao Gang has the superpower of teleportation.,"He uses a metaphor to express his admiration for Xiao Gang's sprinting speed, congratulating him on winning first place again.",He thinks Xiao Gang is an outstanding long-distance runner.,He uses a metaphor to describe how fast Xiao Gang runs in the race.,D
"Li Lei and Huang Rong are a loving and interesting couple. If they argue, they coax each other and everything is fine. But one day, because of the wife's carelessness, they almost lose their child, and the husband is very angry. After the incident, the wife knows she is wrong, and smiles at her husband, saying, ""Dear, you are the prime minister now, and the prime minister's belly can hold a boat, so don't be angry.""",Is what the wife says true?,Yes,No,,,B
"Li Lei and Huang Rong are a loving and interesting couple. If they argue, they coax each other and everything is fine. But one day, because of the wife's carelessness, they almost lose their child, and the husband is very angry. After the incident, the wife knows she is wrong, and smiles at her husband, saying, ""Dear, you are the prime minister now, and the prime minister's belly can hold a boat, so don't be angry.""","Why does the wife say her husband's ""prime minister's belly can hold up a boat""?","She knows she is wrong, she is coaxing her husband, hoping he is not angry.","She thinks her husband's belly is fat, big enough to hold up a boat, using the prime minister's belly as a metaphor for her husband's belly.","She uses a proverb to metaphorically hope that her husband is magnanimous, more tolerant, and hopes he is not angry.","She thinks her husband is like a captain, who can hold up a boat.",C
"On a scorching summer day, Xiao Wei stays alone at home, sweats like rain, feels exceptionally hot. He opens the window, tries to enjoy the breeze, but the sun outside the window still burns hot. Seeing the corn outside the window, Xiao Wei talks to himself, says, ""I am like this corn kernel, I am about to turn into popcorn!""",Does Xiao Wei tell the truth?,Yes,No,,,B
"On a scorching summer day, Xiao Wei stays alone at home, sweats like rain, feels exceptionally hot. He opens the window, tries to enjoy the breeze, but the sun outside the window still burns hot. Seeing the corn outside the window, Xiao Wei talks to himself, says, ""I am like this corn kernel, I am about to turn into popcorn!""",Why does Xiao Wei say this?,"He compares himself to a corn kernel about to turn into popcorn, expressing the hot weather.","He sweats like rain, feels exceptionally hot, and wants to become popcorn.","He imagines himself as corn, hoping to cool down in this way.","He likes to eat popcorn, so he looks forward to becoming popcorn, forgetting about the heat.",A
"One afternoon, the school announces the latest exam results. Xiao Ming is always the top student in the class, but his performance in this exam is not as good as before. When he sees his report card, he feels very upset. Teacher Li sees his expression, comes over, and says to him: ""Xiao Ming, grades do not represent everything, you are still that shining diamond!""",Does Teacher Li really say Xiao Ming is a diamond?,Yes,No,,,B
"One afternoon, the school announces the latest exam results. Xiao Ming is always the top student in the class, but his performance in this exam is not as good as before. When he sees his report card, he feels very upset. Teacher Li sees his expression, comes over, and says to him: ""Xiao Ming, grades do not represent everything, you are still that shining diamond!""",Why does Teacher Li say this?,"Because she thinks Xiao Ming is actually a diamond, grades are not important.","Because she uses a metaphor to encourage Xiao Ming, so he does not worry too much about grades.","Because she sees that Xiao Ming's grades are really bad, so she uses a white lie.","Because Xiao Ming is always the top student in the class, so the teacher does not accept his grades are not as good as before, she hopes he becomes a diamond.",B
"One day, a girl is browsing online stores, when her boyfriend suddenly sends a message asking, ""Dear, what are you doing?"" The girl says, ""I am thinking about money and thickness"", the boy understands instantly and says, ""Tell me, what do you want to buy?"" The girl says, ""I find a very special bookstore, called Good Product Shop"", the boy says, ""What book do you like, brother goes to buy"", the girlfriend happily says, ""From Hundred Grass Taste to Three Squirrels"", the boyfriend understands instantly and says, ""Received, wait for the delivery, baby"". In the end, the girl receives the gift she thinks of.",Does the girl really want to buy a book?,Yes,No,,,B
"One day, a girl is browsing an online store, when her boyfriend suddenly sends a message asking, ""Dear, what are you doing?"" The girl says, ""I am thinking about money and thickness"", the boy understands instantly and says, ""Tell me, what do you want to buy?"" The girl says ""I find a very special bookstore, called Good Product Shop"", the boy says: ""What book do you like, brother goes to buy"", the girlfriend happily says: ""From Hundred Grass Taste to Three Squirrels"", the boyfriend understands instantly and says: ""Received, wait for the delivery, baby"". In the end, the girl receives the gift she thinks of.",Does the boy buy a book for the girl?,Yes,No,,,B
"One day, a girl is browsing an online store, when her boyfriend suddenly sends a message asking, ""Dear, what are you doing?"" The girl says, ""I am thinking about money and thickness"", the boy understands instantly and says, ""Tell me, what do you want to buy?"" The girl says, ""I find a very special bookstore, called Good Product Shop"", the boy says, ""What book do you like, brother goes to buy"", the girlfriend happily says, ""From Hundred Grass Taste to Three Squirrels"", the boyfriend understands instantly and says, ""Received, wait for the delivery, baby"". In the end, the girl receives the gift she thinks of.",Why does the girl say this?,"The girl wants her money to be very thick and a lot, she wants to buy more things.",The girl finds a special bookstore and wants to buy some books.,"The girl wants her boyfriend to buy the book ""From Hundred Grass Taste to Three Squirrels"".",The girl uses metaphor to want her boyfriend to buy her some snacks.,D
"One day, a girl is browsing an online store, when her boyfriend suddenly sends a message asking, ""Dear, what are you doing?"" The girl says, ""I am thinking about money and thickness"", the boy understands instantly and says, ""Tell me, what do you want to buy?"" The girl says, ""I find a very special bookstore, called Good Product Shop"", the boy says, ""What book do you like, brother goes to buy"", the girlfriend happily says, ""From Hundred Grass Taste to Three Squirrels"", the boyfriend understands instantly and says, ""Received, wait for the delivery, baby"". In the end, the girl receives the gift she thinks of.",Why does the boy really buy the gift that the girl has in mind?,"The boy knows that the girl likes to read, so he buys a book as a gift.","The boy understands that the girl is talking about snack brands, so he buys some snacks as a gift.","The boy accurately buys the book ""From Hundred Grass Taste to Three Squirrels"" that the girl wants based on her description.",The boy really finds a good shop and buys a lot of related books for the girl.,B
"At a friends gathering, Old Zhang and Old Li are discussing family issues. Old Li knows that a lot happens in Old Zhang's family recently, so he asks Old Zhang about his family with concern. Old Zhang sighs and says, 'Our family is like a ship full of holes, it can sink at any time.",Is what Old Zhang says true?,Yes,No,,,B
"At a friends gathering, Old Zhang and Old Li are discussing family issues. Old Li knows that a lot happens in Old Zhang's family recently, so he asks Old Zhang about his family with concern. Old Zhang sighs and says, 'Our family is like a ship full of holes, it can sink at any time.",Why does Old Zhang say this?,Old Zhang lives on a broken ship that can sink at any time.,"Old Zhang likes ships, so he uses a ship to metaphorize the situation of the family.",Old Zhang wants to express through this metaphor that the family is full of problems and crises.,"A lot of happy things happen in Old Zhang's family recently, so he uses a ship as a metaphor.",C
"During a family meal, the father comments on Xiao Ming's academic performance, saying, ""Xiao Ming, your grades are like a tractor, slowly moving forward."" Xiao Ming feels very angry, and responds, ""Dad, your analogy is like a tractor, not modern at all!""",Is the father satisfied with Xiao Ming's academic performance?,Yes,No,,,B
"During a family meal, the father comments on Xiao Ming's academic performance, saying, ""Xiao Ming, your grades are like a tractor, slowly moving forward."" Xiao Ming feels very angry, and responds, ""Dad, your analogy is like a tractor, not modern at all!""",Why does Xiao Ming's father say this?,The father uses a tractor to metaphor Xiao Ming's academic progress is too slow.,"The father thinks Xiao Ming's academic progress is very large, like a tractor.","The father thinks Xiao Ming's academic performance is not modern at all, so he uses a tractor as a metaphor.","The father is very humorous, joking with Xiao Ming during the family meal.",A
"Teacher Li is teaching the class, he sees student Xiaohua take out a chocolate from his backpack, then take out a bag of spicy strips, secretly eat behind the book. After seeing all this, Teacher Li walks to Xiaohua and says, ""So your backpack is a small shop.""",Is what Teacher Li says true?,Yes,No,,,B
"Teacher Li is teaching the class, he sees student Xiaohua take out a chocolate from his backpack, then take out a bag of spicy strips, secretly eat behind the book. After seeing all this, Teacher Li walks to Xiaohua and says, ""So your backpack is a small shop.""",Why does Teacher Li say this?,"Teacher Li uses a metaphor to hint that he discovers him secretly eating snacks, and is tactfully criticizing him and warning him.","Because the teacher sees that Xiao Hua's backpack has all kinds of items, which can be sold.","Teacher Li knows that Xiao Hua's backpack is bought from a small shop, and can hold many items.","Because Teacher Li is teaching the class, Xiao Hua always holds his backpack.",A
"Li Haoran is celebrating Halloween, he is going to a costume party. He dresses up as a ghost, wearing a large white bedsheet with eyes cut out. On his way to the party in his ghost costume, he accidentally bumps into Uncle Chen Qing. Because it is dark, Uncle Chen Qing says, ""Oh! Who is it?"" Li Haoran replies, ""It is a ghost, Uncle Chen Qing!""",Is what Li Haoran says true?,Yes,No,,,B
"Li Haoran is celebrating Halloween, he is going to a costume party. He dresses up as a ghost, wearing a large white bedsheet with eyes cut out. On his way to the party in his ghost costume, he accidentally bumps into Uncle Chen Qing. Because it is dark, Uncle Chen Qing says, ""Oh! Who is it?"" Li Haoran replies, ""It is a ghost, Uncle Chen Qing!""",Why does Li Haoran say this?,"Li Haoran dresses up as a ghost and pretends to be a ghost, meaning to play or joke",Because he is really a ghost at that time.,He wants to scare Uncle Chen Qing,Because he is very humorous,A
"On the eve of Christmas, Mr. Liuyang, the neighbor of Yihan, decides to dress up as Santa Claus and delivers gifts to all the houses on the street. The first house he visits is Yihan's house. Yihan hears Mr. Liuyang knocking on the door. Without opening the door, she shouts back, ""Who is it?"" Mr. Liuyang replies, ""It is Santa Claus!""",Is what Mr. Liuyang says true?,Yes,No,,,B
"On the eve of Christmas, Mr. Liuyang, the neighbor of Yihan, decides to dress up as Santa Claus and delivers gifts to all the houses on the street. The first house he visits is Yihan's house. Yihan hears Mr. Liuyang knocking on the door. Without opening the door, she shouts back, ""Who is it?"" Mr. Liuyang replies, ""It is Santa Claus!""",Why does Mr. Liu Yang say this?,"He dresses up as Santa Claus and pretends to be Santa Claus to deliver gifts, which is a kind of humor.",Mr. Liu Yang has a humorous personality.,"He wears Santa Claus clothes, so he really is Santa Claus.","On the eve of Christmas, Santa Claus delivers gifts to the door.",A
"On a Saturday morning, Li Hua attends her favorite yoga class. She always pays attention to maintaining her figure, so she wears professional sportswear every time she goes to yoga class. She always wants to be a yoga instructor, so today she tries on a yoga instructor's outfit for fun. The yoga instructor walks over to her and says, ""Li Hua, you dress like a professional yoga instructor today!"" Li Hua says, ""Yes, I am the instructor today.",Is what Li Hua says true?,Yes,No,,,B
"On a Saturday morning, Li Hua attends her favorite yoga class. She always pays attention to maintaining her figure, so she wears professional sportswear every time she goes to yoga class. She always wants to be a yoga instructor, so today she tries on a yoga instructor's outfit for fun. The yoga instructor walks over to her and says, ""Li Hua, you dress like a professional yoga instructor today!"" Li Hua says, ""Yes, I am the instructor today.",Why does Li Hua say this?,She wants to wear yoga clothes to tease the yoga teacher.,She thinks the coach's clothes are more comfortable.,She always pays attention to keep her figure and likes to wear professional clothes.,"She tries to appear in the image of a coach, she longs to be a yoga instructor.",D
"On Sunday afternoon, an important football match takes place at the city stadium. Li Qi is a fanatical football fan, his budget is limited. He comes up with a ""smart"" plan. He learns that staff can enter the stadium without tickets. So, Li Qi decides to disguise himself as a staff member to watch the match for free. Li Qi goes to a clothing store and buys a set of clothes similar to the staff uniform. He also puts on a hat with the stadium emblem, trying to make himself look like a staff member. When the ticket checker asks him to show his ticket, he says ""I am your colleague!",Is what Li Qi says true?,Yes,No,,,B
"On Sunday afternoon, an important football match takes place at the city stadium. Li Qi is a fanatical football fan, his budget is limited. He comes up with a ""smart"" plan. He learns that staff can enter the stadium without tickets. So, Li Qi decides to disguise himself as a staff member to watch the match for free. Li Qi goes to a clothing store and buys a set of clothes similar to the staff uniform. He also puts on a hat with the stadium emblem, trying to make himself look like a staff member. When the ticket checker asks him to show his ticket, he says ""I am your colleague!",Why does Li Qi say this when the ticket checker asks him to show his ticket?,"Because he is a colleague of the ticket checker, so he can enter the stadium.",Because he wants to experience the work of the staff and provide services for the match.,"Because he does not have enough money to buy tickets, so he can only use this plan.",Because he disguises himself to deceive the ticket checker to get free admission.,D
"Xiao Ai is a professional female actress, she is playing a ghost in an escape room game. Her makeup and costume are very scary, but she is a friendly actress. Xiao Ai is a person who is very afraid of ghosts, one day, a group of female students including Xiao Ting participate in this escape room game. When Xiao Ting sees Xiao Ai's terrifying appearance, she cries out in fear, screaming loudly: ""Help! The ghost comes!""",Is what Xiao Ting says true?,Yes,No,,,B
"Xiao Ai is a professional female actress, she is playing a ghost in an escape room game. Her makeup and costume are very scary, but she is a friendly actress. Xiao Ai is a person who is very afraid of ghosts, one day, a group of female students including Xiao Ting participate in this escape room game. When Xiao Ting sees Xiao Ai's terrifying appearance, she cries out in fear, screaming loudly: ""Help! The ghost comes!""",Why does Xiao Ting shout so loudly?,"Xiao Ting sees the fake ghost in the room looks like a real ghost, so she screams for help.","Xiao Ting knows the ghost is fake, she deliberately creates a scary atmosphere to scare others.","Xiao Ting believes that it is a real ghost, so she screams for help.","Xiao Ting does not want to participate in the escape room game, she is afraid there are ghosts inside.",A
"On a sunny weekend afternoon, Xiao Ming and his family decide to spend a pleasant time in a theme park. This theme park is themed with classic fairy tales and animated characters, and there are all kinds of costumes and performances inside. When they enter the park, Xiao Ming is attracted by a knight in golden armor. He looks very realistic, almost like he comes out of a storybook. Xiao Ming excitedly rushes to the knight and asks in surprise: ""Are you a real knight?"" The knight smiles and answers: ""Yes, I am a real knight, here to protect everyone in this park."" Xiao Ming feels very excited, he can't wait to take a photo with this real knight. His family also joins this lively scene, they take a lot of photos.",Does the 'knight' in the park tell the truth?,Yes,No,,,B
"On a sunny weekend afternoon, Xiao Ming and his family decide to spend a pleasant time in a theme park. This theme park is themed with classic fairy tales and animated characters, and there are all kinds of costumes and performances inside. When they enter the park, Xiao Ming is attracted by a knight in golden armor. He looks very realistic, almost like he comes out of a storybook. Xiao Ming excitedly rushes to the knight and asks in surprise: ""Are you a real knight?"" The knight smiles and answers: ""Yes, I am a real knight, here to protect everyone in this park."" Xiao Ming feels very excited, he can't wait to take a photo with this real knight. His family also joins this lively scene, they take a lot of photos.",Why does the park's 'knight' say this?,"The 'knight' is a professional actor who plays, his task is to make visitors feel happy and believe he is a real knight.","The 'knight' is actually a historian, he shares knowledge about medieval knights here.","The 'knight' is a real knight, needs to protect everyone in the park.","The real identity of the 'knight' is a security guard, he enforces the law in the park and ensures the safety of visitors.",A
"In a costume role-playing competition, Yang Qing participates and plays an ancient martial arts master, wearing a gorgeous warrior costume, and a helmet studded with jewels. During the competition, a spectator suddenly comes on stage and enthusiastically greets Yang Qing: ""Hello, I am Ah Long, who are you?"" Yang Qing answers without hesitation: ""I am the martial arts master here.""",Does Yang Qing tell the truth?,Yes,No,,,B
"In a costume role-playing competition, Yang Qing participates and plays an ancient martial arts master, wearing a gorgeous warrior costume, and a helmet studded with jewels. During the competition, a spectator suddenly comes on stage and enthusiastically greets Yang Qing: ""Hello, I am Ah Long, who are you?"" Yang Qing answers without hesitation: ""I am the martial arts master here.""",Why does Yang Qing say this?,He really thinks he is the ancient martial arts master he plays in the competition.,"Yang Qing plays a martial arts master, integrating himself with the role he plays to enhance the performance effect.","The spectator's greeting is too sudden, causing Yang Qing to be a bit confused when answering.","Because Yang Qing wears a gorgeous warrior costume and a helmet inlaid with jewels, he looks like a martial arts master.",B
"Wang Xiaoming is a senior Cosplay enthusiast of mechanical warriors. He wears a suit of armor and holds a mechanical warrior outfit that he designs and makes in the exhibition. During the exhibition, a little audience member can't wait to come up and ask in confusion, ""Brother, who are you?"" Wang Xiaoming answers with a smile, ""I am the most powerful mechanical warrior!""",Is what Wang Xiaoming says true?,Yes,No,,,B
"Wang Xiaoming is a senior Cosplay enthusiast of mechanical warriors. He wears a suit of armor and holds a mechanical warrior outfit that he designs and makes in the exhibition. During the exhibition, a little audience member can't wait to come up and ask in confusion, ""Brother, who are you?"" Wang Xiaoming answers with a smile, ""I am the most powerful mechanical warrior!""",Why does Wang Xiaoming say this?,"Because Wang Xiaoming is playing a mechanical warrior, he tells the child his cosplay character.",Because Wang Xiaoming wears a suit of armor and holds the mechanical warrior costume he designs and makes in the exhibition.,"Because the audience is curious about Xiaoming's costume, Wang Xiaoming lies to the audience.","Wang Xiaoming is a senior cosplay enthusiast of mechanical warriors, he answers the audience's question humorously.",A
"Zhao Lili is a very serious person, she focuses very much on what she does. In the role-playing game event held at People's Square, Zhao Lili plays a mysterious magician, wears a gorgeous robe, holds a crystal ball, and chants spells. A younger tourist sees Zhao Lili and loudly says, ""Are you doing magic?"" Zhao Lili responds without hesitation, ""Yes, I am proficient in all kinds of magic.""",Is what Zhao Lili says true?,Yes,No,,,B
"Zhao Lili is a very serious person, she focuses very much on what she does. In the role-playing game event held at People's Square, Zhao Lili plays a mysterious magician, wears a gorgeous robe, holds a crystal ball, and chants spells. A younger tourist sees Zhao Lili and loudly says, ""Are you doing magic?"" Zhao Lili responds without hesitation, ""Yes, I am proficient in all kinds of magic.""",Why does Zhao Lili say this?,"Zhao Lili is actually a magician, she shows her real ability in the event.","The audience possibly underestimates Zhao Lili's acting skills, making her character look more real.","She plays a magician, so she jokes to the tourist that she is proficient in magic spells.","The game event sets special rules, requiring participants to act as if they are real in role-playing, Zhao Lili is just following the rules.",C
"One day, Grandma Wang walks home very late at night. She does not like walking home alone in the dark because she always fears that someone attacks and robs her. She really is a very nervous person! Suddenly, a man comes out of the shadows. He wants to ask Mrs. Wang what time it is now, so he walks towards her. When Grandma Wang sees the man walking towards her, she starts to tremble and says, ""Take my wallet, just please do not hurt me!""",Does the man feel surprised by what Grandma Wang says?,Yes,No,,,A
"One day, Grandma Wang walks home very late at night. She does not like walking home alone in the dark because she always fears that someone attacks and robs her. She really is a very nervous person! Suddenly, a man comes out of the shadows. He wants to ask Mrs. Wang what time it is now, so he walks towards her. When Grandma Wang sees the man walking towards her, she starts to tremble and says, ""Take my wallet, just please do not hurt me!""",Why does Grandma Wang say this when the man just wants to ask her what time it is now?,"Grandma Wang mistakenly thinks the man wants to rob her, not understanding the man's intention.","Because the man wants to rob her, so she persuades the man not to hurt her.","The man wants to rob her wallet, she is scared and nervous.","Grandma Wang, not knowing what time it is now, fears the man will attack her.",A
"A thief who just robs a store is on the run. When he runs home, a patrolling police officer sees him drop a glove. The police officer does not know this man is a thief, he just wants to tell him he drops a glove. But when the police officer yells at the thief, ""Hey, you! Stop!"", the thief turns around, sees the police officer, and then surrenders. He raises his hands to admit he commits the crime of robbing the local store.",Is the police officer surprised by what the thief does?,Yes,No,,,A
"A thief who just robs a store is on the run. When he runs home, a patrolling police officer sees him drop a glove. The police officer does not know this man is a thief, he just wants to tell him he drops a glove. But when the police officer yells at the thief, ""Hey, you! Stop!"", the thief turns around, sees the police officer, and then surrenders. He raises his hands to admit he commits the crime of robbing the local store.",Why does the thief do this when the police officer just wants to return his glove?,The thief thinks the police officer knows he robs the store.,The thief wants to show his goodwill and honesty,The thief wants to give the police officer a surprise and unexpected gain.,The thief thinks because he drops a glove the police officer might want to arrest him.,A
"One afternoon, Xiao Ming takes a walk in the park and accidentally finds a mobile phone. Xiao Ming is a person who likes to help others and always wants to help others. The owner of the phone carelessly leaves the phone on the bench. Xiao Ming picks up the phone and prepares to find the owner of the phone. The owner of the phone realizes that her phone is missing, suspects it is stolen, and so she goes back to look for it. At this time, she sees Xiao Ming holding her phone, so she walks towards Xiao Ming and angrily says, ""Your behavior is too despicable, give me back my phone!""",Does Xiao Ming feel surprised by what the owner of the phone says?,Yes,No,,,A
"One afternoon, Xiao Ming takes a walk in the park and accidentally finds a mobile phone. Xiao Ming is a person who likes to help others and always wants to help others. The owner of the phone carelessly leaves the phone on the bench. Xiao Ming picks up the phone and prepares to find the owner of the phone. The owner of the phone realizes that her phone is missing, suspects it is stolen, and so she goes back to look for it. At this time, she sees Xiao Ming holding her phone, so she walks towards Xiao Ming and angrily says, ""Your behavior is too despicable, give me back my phone!""",Why does the owner of the phone say this?,The owner of the phone thinks Xiao Ming steals her phone and angrily demands it back.,Xiao Ming prepares to hide the found phone and the owner of the phone sees it.,"The owner of the phone feels happy because she finds her phone, so she says that sentence in a happy tone.",The owner of the phone sees Xiao Ming holding her stolen phone.,A
"Xiao Ming is a child who does not like to joke. One afternoon, in the classroom of the school, Xiao Ming decides to ask his teacher for the secret of success. He goes to the teacher and asks, ""Teacher, can you tell me what the secret of success is?"" The teacher thinks for a moment, then uses a metaphor to answer, ""Success is like a seed, it needs patient cultivation, constant watering, to grow robustly."" After hearing this, Xiao Ming is stunned for a moment, then suddenly says, ""Okay, I go get some mud and water now, and start watering my success seed!"",",Does the teacher feel surprised by what Xiao Ming says?,Yes,No,,,A
"Xiao Ming is a child who does not like to joke. One afternoon, in the classroom of the school, Xiao Ming decides to ask his teacher for the secret of success. He goes to the teacher and asks, ""Teacher, can you tell me what the secret of success is?"" The teacher thinks for a moment, then uses a metaphor to answer, ""Success is like a seed, it needs patient cultivation, constant watering, to grow robustly."" After hearing this, Xiao Ming is stunned for a moment, then suddenly says, ""Okay, I go get some mud and water now, and start watering my success seed!"",",Why does Xiao Ming say this?,Cultivating a seed to grow requires soil cultivation and water irrigation.,"Xiao Ming does not realize that the teacher is using a metaphor to answer the secret of success, thinking that it really needs water and mud for irrigation and cultivation.","Xiao Ming understands the teacher's metaphor, but his response is a humorous way to express his desire to obtain the method of success.","Xiao Ming is confused by the teacher's answer, does not know how to respond, so he just goes along with it.",B
"A man in a neat suit goes to a bakery and buys a box of cookies. He answers a phone call, hangs up the phone, turns around and sees the cookies he just buys on the table, so he sits down and eats. At this time, an old man in ragged clothes also sits across and eats the cookies on the table. The man looks disgusted, dislikes the old man for eating his cookies, and says to the old man, ""If you can't afford it, don't eat it."" After finishing the cookies, he leaves. When the man walks out the door and takes out the documents from his backpack, he finds his cookies in the bag, and the man immediately feels guilty.",Does the old man feel surprised when he hears what the man says?,Yes,No,,,A
"A man in a neat suit goes to a bakery and buys a box of cookies. He answers a phone call, hangs up the phone, turns around and sees the cookies he just buys on the table, so he sits down and eats. At this time, an old man in ragged clothes also sits across and eats the cookies on the table. The man looks disgusted, dislikes the old man for eating his cookies, and says to the old man, ""If you can't afford it, don't eat it."" After finishing the cookies, he leaves. When the man walks out the door and takes out the documents from his backpack, he finds his cookies in the bag, and the man immediately feels guilty.",Why does the man immediately feel guilty?,"Seeing his cookies in the bag, he immediately understands that he misunderstands the old man. The cookies he just ate are the old man's, and he scolds him.",The man dislikes the old man in ragged clothes for eating his cookies.,"The man forgets to put the cookies in the bag while making a phone call, and knows that the cookies on the table are not his.","The man's conscience finds out when he goes out, he feels he should not say that to the old man, so he feels guilty.",A
"Four people play mahjong, the room suddenly catches fire, they all do not notice. Firefighters arrive, shout into the room: How many people are inside? At this moment, just a person plays a card: Four Ten Thousand! The firefighter asks again: How many people die? At this moment, another person plays a card: Two Ten Thousand! The firefighter is shocked, hastily asks: Where are the remaining people? Only hears a crash, then, a scream comes: Mahjong! The firefighter hears and calls for more rescue forces, prepares to extinguish the fire and rescue. After thinking for a while, he cancels the previous support request.",Do the people in the house tell the truth?,Yes,No,,,B
"Four people play mahjong, the room suddenly catches fire, they all do not notice. Firefighters arrive, shout into the room: How many people are inside? At this moment, just a person plays a card: Four Ten Thousand! The firefighter asks again: How many people die? At this moment, another person plays a card: Two Ten Thousand! The firefighter is shocked, hastily asks: Where are the remaining people? Only hears a crash, then, a scream comes: Mahjong! The firefighter hears and calls for more rescue forces, prepares to extinguish the fire and rescue. After thinking for a while, he cancels the previous support request.",Why does the firefighter later cancel the support request?,"Because the firefighter understands that the people in the house are actually playing mahjong, they do not provide real information about the fire.","Because the firefighter receives a new emergency call, he needs to dispatch resources to other places.","Because the firefighter finds that the fire is not serious, so he cancels the unnecessary support request.","Because the firefighter thinks that the people in the house are just joking, there is no real danger.",A
"A young woman gets on the bus, attracting the driver's attention. The driver says, ""Which passenger gives up their seat for this lady?"" The woman is in her 20s, of average height, a bit fat, wears a black down jacket, and the scarf around her neck tucks into her clothes, her belly noticeably protrudes. The kind passenger, Xiao Zhou, quickly stands up, saying, ""Come sit here, be careful with your belly, take it slow!"" The woman directly tells this kind-hearted young man, ""Are you blind, am I just a bit fat?"" This undoubtedly pours cold water on the young man, ""I make a mistake, being kind to give up a seat doesn't need to be scolded so harshly!""",Is the woman pregnant?,Yes,No,,,B
"A young woman gets on the bus, attracting the driver's attention. The driver says, ""Which passenger gives up their seat for this lady?"" The woman is in her 20s, of average height, a bit fat, wears a black down jacket, and the scarf around her neck tucks into her clothes, her belly noticeably protrudes. The kind passenger, Xiao Zhou, quickly stands up, saying, ""Come sit here, be careful with your belly, take it slow!"" The woman directly tells this kind-hearted young man, ""Are you blind, am I just a bit fat?"" This undoubtedly pours cold water on the young man, ""I make a mistake, being kind to give up a seat doesn't need to be scolded so harshly!""",Why does passenger Xiao Zhou say this to the woman?,"Xiao Zhou wants to offer a seat because the woman's appearance looks uncomfortable, to alleviate her discomfort.","Xiao Zhou wants to offer a seat because the woman's appearance looks like she is pregnant, to make her more comfortable.","Xiao Zhou wants to offer a seat because the woman's appearance looks elderly, to respect her.","Xiao Zhou wants to offer a seat because the woman's appearance looks like his friend, to help her.",B
"A young woman gets on the bus, attracting the driver's attention. The driver says, ""Which passenger gives up their seat for this lady?"" The woman is in her 20s, of average height, a bit fat, wears a black down jacket, and the scarf around her neck tucks into her clothes, her belly noticeably protrudes. The kind passenger, Xiao Zhou, quickly stands up, saying, ""Come sit here, be careful with your belly, take it slow!"" The woman directly tells this kind-hearted young man, ""Are you blind, am I just a bit fat?"" This undoubtedly pours cold water on the young man, ""I make a mistake, being kind to give up a seat doesn't need to be scolded so harshly!""",Why does the woman say this to the kind-hearted young man?,"The woman thinks Xiao Zhou's reminder offends her, because Xiao Zhou thinks she is pregnant, which is openly saying she is fat, so she is very angry.","The woman wants Xiao Zhou to offer a seat, but her expression leads to misunderstanding. She responds to Xiao Zhou to clarify her needs, not because she is angry.","The woman feels Xiao Zhou's reminder makes her feel embarrassed, because although she is pregnant, she does not announce it yet, so she does not like Xiao Zhou's reminder.","Because the woman is very cold and wears a down jacket, she really does not like Xiao Zhou, so she deliberately responds sharply.",A
"Xiao Ping learns a dish at school today, and excitedly goes home to cook a dish for his mother. When Xiao Ping's mother comes home, she sees that her son actually cooks a dish for her. She takes a bite and it tastes quite good. She feels very gratified and moved, and her eyes become moist. Xiao Ping sees his mother crying, and guiltily says ""Sorry mom, I don't know how to cook, if it doesn't taste good, don't eat it.""",Does the mother feel surprised after hearing her son's words?,Yes,No,,,A
"Xiao Ping learns a dish at school today, and excitedly goes home to cook a dish for his mother. When Xiao Ping's mother comes home, she sees that her son actually cooks a dish for her. She takes a bite and it tastes quite good. She feels very gratified and moved, and her eyes become moist. Xiao Ping sees his mother crying, and guiltily says ""Sorry mom, I don't know how to cook, if it doesn't taste good, don't eat it.""",Why does Xiao Ping say this?,"Because he sees his mother crying, he feels sorry for his mother, so he apologizes.","Because he doesn't know how to cook, the food he cooks is not delicious, which makes his mother cry, he feels guilty.","Because he mistakenly thinks that his mother thinks the food he cooks is not delicious, which makes his mother cry, he feels guilty.","Because there is a habit in Xiao Ping's family that if the food is not delicious, they don't eat it.",C
"In a friend gathering, everyone talks about work, talks about partners, when Xiao Ling talks about her boyfriend's issue, Xiao Ling sees a work message on WeChat, her expression becomes a bit heavy, she ponders for a while. Friends notice her expression change. After Xiao Ling deals with the work message, she lifts her head, a friend says: ""Boyfriend, if he is not good, change him, Xiao Ling, you deserve better.""",Does Xiao Ling feel surprised when she hears what her friend says?,Yes,No,,,A
"In a friend gathering, everyone talks about work, talks about partners, when Xiao Ling talks about her boyfriend's issue, Xiao Ling sees a work message on WeChat, her expression becomes a bit heavy, she ponders for a while. Friends notice her expression change. After Xiao Ling deals with the work message, she lifts her head, a friend says: ""Boyfriend, if he is not good, change him, Xiao Ling, you deserve better.""",Why does Xiao Ling's friend say this?,"The friend sees Xiao Ling's heavy expression, mistakenly thinks there is a problem between Xiao Ling and her boyfriend, so advises.","Because they see Xiao Ling's heavy expression, and she ponders for a while.","The friend's view on boyfriend-girlfriend relationship is ""if it doesn't work, change it, deserve better.""","The friend worries about Xiao Ling, advises Xiao Ling not to worry about her current boyfriend.",A
"Zhou Zihan always feels very hungry. Today at school, he has his favorite meal - sausages and beans. He is a very greedy boy, he wants to eat more sausages than anyone else, even though his mother cooks him a delicious meal when he gets home! But everyone only gets to eat two sausages, no more. When it is Zhou Zihan's turn to serve, he says, ""Oh, can you give me four sausages, because I don't eat dinner when I get home!""",Is what Zhou Zihan says true?,Yes,No,,,B
"Zhou Zihan always feels very hungry. Today at school, he has his favorite meal - sausages and beans. He is a very greedy boy, he wants to eat more sausages than anyone else, even though his mother cooks him a delicious meal when he gets home! But everyone only gets to eat two sausages, no more. When it is Zhou Zihan's turn to serve, he says, ""Oh, can you give me four sausages, because I don't eat dinner when I get home!""",Why does Zhou Zihan say this?,"Zhou Zihan tries to arouse sympathy, is deceptive, in order to eat more sausages","Zhou Zihan is a very greedy person, he wants more sausages.","His mother cooks a delicious dinner for him, so Zhou Zihan does not need extra sausages.",Zhou Zihan does not get to eat sausages when he goes home.,A
"One afternoon, Li Ming shops at a nearby mall. He walks into a clothing store and sees a shirt he really likes. The salesperson comes over to help him immediately. Li Ming starts to try on the shirt and finds it really suits him. Then, the salesperson starts to persuade him to buy the whole outfit, including pants, a tie, and shoes. Li Ming hesitates for a moment, but the salesperson firmly says, ""Only this whole outfit truly shows your taste!"" Li Ming suddenly says, ""Okay, I take the whole set."" The salesperson can't help but laugh out loud, thinking to himself, ""This guy really believes it!",Does the salesperson tell the truth to Li Ming?,Yes,No,,,B
"One afternoon, Li Ming shops at a nearby mall. He walks into a clothing store and sees a shirt he really likes. The salesperson comes over to help him immediately. Li Ming starts to try on the shirt and finds it really suits him. Then, the salesperson starts to persuade him to buy the whole outfit, including pants, a tie, and shoes. Li Ming hesitates for a moment, but the salesperson firmly says, ""Only this whole outfit truly shows your taste!"" Li Ming suddenly says, ""Okay, I take the whole set."" The salesperson can't help but laugh out loud, thinking to himself, ""This guy really believes it!",Why does the salesperson say this?,The salesperson thinks the whole outfit suits Li Ming to show his taste.,"The salesperson thinks Li Ming already wears the whole outfit, so he should buy it.",The salesperson jokes and does not think the whole outfit has a special function.,"The salesperson hopes to sell more goods, so he persuades Li Ming to buy the whole set.",D
"On a beautiful night, Zhang Sheng decides to propose to his beloved girlfriend Li Lei in the park. He carefully plans a romantic proposal and prepares a beautiful engagement ring. When they walk to the fountain in the center of the park, Zhang Sheng nervously takes out the ring and kneels down, ready to propose to Li Lei. However, he is full of unease because he knows that Li Lei always longs to live far away from city life, to live in a quiet place. He also wants to spend his life with her, but he does not want to leave his city job, and he does not leave the city. In order to persuade Li Lei to agree to marry him as soon as possible, he says, ""Li Lei, I am willing to leave the city and go to the quiet place you want.""",Does Li Lei feel surprised?,Yes,No,,,A
"On a beautiful night, Zhang Sheng decides to propose to his beloved girlfriend Li Lei in the park. He carefully plans a romantic proposal and prepares a beautiful engagement ring. When they walk to the fountain in the center of the park, Zhang Sheng nervously takes out the ring and kneels down, ready to propose to Li Lei. However, he is full of unease because he knows that Li Lei always longs to live far away from city life, to live in a quiet place. He also wants to spend his life with her, but he does not want to leave his city job, and he does not leave the city. In order to persuade Li Lei to agree to marry him as soon as possible, he says, ""Li Lei, I am willing to leave the city and go to the quiet place you want.""",Why does Zhang Sheng say this?,"He does not want to leave the city, so he hopes Li Lei changes her mind.","Zhang Sheng wants to spend his life with Li Lei, so he is willing to give up city life.",Zhang Sheng says this in order to persuade Li Lei to agree to marry him as soon as possible.,Zhang Sheng thinks leaving the city is the only way to persuade Li Lei to marry him.,C
"Xiao Ya just graduates from university and is about to start a new career. She decides to rent a house near her workplace for convenience. One day, she meets with a real estate agent and they look at many houses together. After a long search, she finally finds a relatively satisfactory house. However, she still hesitates because of the high rent. The sharp agent notices Xiaoya's hesitation, he decides to use a little trick. He blurts out: ""Another person schedules to see this house tomorrow, if you do not sign the contract today, it may be taken by others tomorrow.""",Is what the agent says true?,Yes,No,,,B
"Xiao Ya just graduates from university and is about to start a new career. She decides to rent a house near her workplace for convenience. One day, she meets with a real estate agent and they look at many houses together. After a long search, she finally finds a relatively satisfactory house. However, she still hesitates because of the high rent. The sharp agent notices Xiaoya's hesitation, he decides to use a little trick. He blurts out: ""Another person schedules to see this house tomorrow, if you do not sign the contract today, it may be taken by others tomorrow.""",Why does the agent say this?,The agent hopes that Xiao Ya signs the contract quickly to ensure that the house is not taken by others.,"The agent knows that someone is coming to see the house tomorrow, so he wants to urge Xiao Ya to decide quickly.",The agent hopes that Xiao Ya signs the contract for this house by making up lies.,Because the agent is tired from looking at many houses with Xiaoya.,C
"Xiao Mei  and Mr. Li meet in a coffee shop, Xiao Mei  is considering resigning. She says to Mr. Li: ""I really do not want to work in that company anymore, the boss always points fingers at me, I feel enough."" In fact, Mr. Li also knows that the boss always deliberately makes things difficult for Xiao Mei , but in order to retain Xiao Mei , he smiles and says: ""You do not take it too seriously, the boss just cares about your work.""",Is what Mr. Li says true?,Yes,No,,,B
"Xiao Mei  and Mr. Li meet in a coffee shop, Xiao Mei  is considering resigning. She says to Mr. Li: ""I really do not want to work in that company anymore, the boss always points fingers at me, I feel enough."" In fact, Mr. Li also knows that the boss always deliberately makes things difficult for Xiao Mei , but in order to retain Xiao Mei , he smiles and says: ""You do not take it too seriously, the boss just cares about your work.""",Why does Mr. Li say this?,Mr. Li thinks Xiao Mei  should resign because the boss points fingers at her.,Mr. Li tries to keep Xiao Mei  from resigning because he thinks the boss just cares about her work.,Mr. Li thinks Xiao Mei  takes it too seriously and should not resign.,Mr. Li deliberately says that the boss just cares about her in order to persuade Xiao Mei  not to resign.,D
"Liu Jun and his younger brother have a good relationship, they like to share their food with each other. Today, Liu Jun buys a lemon, he wants to tease his younger brother, he tells his brother: ""This lemon is very sweet, you try it."" His brother takes a bite, he feels uncomfortable because it is sour, but in order to let his brother also feel the sourness, he shows a happy expression and says to his brother: ""This lemon is really sweet, you don't believe it, you try it."" His brother curiously tries it, he knows he gets tricked, it is sour.",Is what the younger brother says true?,Yes,No,,,B
"Liu Jun and his younger brother have a good relationship, they like to share their food with each other. Today, Liu Jun buys a lemon, he wants to tease his younger brother, he tells his brother: ""This lemon is very sweet, you try it."" His brother takes a bite, he feels uncomfortable because it is sour, but in order to let his brother also feel the sourness, he shows a happy expression and says to his brother: ""This lemon is really sweet, you don't believe it, you try it."" His brother curiously tries it, he knows he gets tricked, it is sour.",Why does the younger brother say this?,"The younger brother wants to 'retaliate' against his brother, he also wants to persuade his brother to taste it, to feel the sourness of the lemon","The younger brother shows a happy expression, the lemon is really sweet, he also wants to persuade his brother to taste it.","The lemon is sour, so the younger brother is joking with his brother that the lemon is sweet.","The younger brother wants to share his favorite food with his brother, he wants to share the lemon with his brother.",A
"Xiao Hong does not like to eat. She sees other children enjoy their meals, which makes her parents very worried about how to feed her. They later find out that Xiao Hong cannot live without her mother. So when Xiao Hong refuses to eat, her mother says, ""If you do not eat properly, I can only become the mother of another child.""",Does Xiao Hong's mother tell the truth?,Yes,No,,,B
"Xiao Hong does not like to eat. She sees other children enjoy their meals, which makes her parents worry about how to feed her. They later find out that Xiao Hong is very attached to her mother. So when Xiao Hong refuses to eat, her mother says, ""If you do not eat properly, I can only become the mother of other children.""",Why does Xiao Hong's mother say this?,"Xiao Hong does not like to eat, her mother is angry and does not want to be a mother anymore.","Xiao Hong's mother is angry, she sees other children enjoy their meals and wants to become their mother.",Xiao Hong's mother maintains the warmth and humor of the parent-child relationship.,"She uses Xiao Hong's dependence on her mother, trying to make Xiao Hong eat properly.",D
"Xiao Ling's roommate is someone who always pushes household chores onto her, relying on Xiao Ling's care. Xiao Ling has had enough and complains to her husband who is in a different location, saying, ""I'm really fed up with my roommate. He always makes me do all the cleaning. I want to rent a new place."" In reality, her husband also knows about Xiao Ling's situation with her roommate, but to avoid spending money on renting a new place, he laughs and says, ""Maybe you just need to look at it from a different perspective. Perhaps your roommate sees you as a good sister. Don't be too anxious; after all, there will always be challenges in life.""",Is what Xiao Ling's husband said true?,A. Yes,B. No,,,B
"Xiao Ling's roommate is someone who always pushes household chores onto her, relying on Xiao Ling's care. Xiao Ling has had enough and complains to her husband who is in a different location, saying, ""I'm really fed up with my roommate. He always makes me do all the cleaning. I want to rent a new place."" In reality, her husband also knows about Xiao Ling's situation with her roommate, but to avoid spending money on renting a new place, he laughs and says, ""Maybe you just need to look at it from a different perspective. Perhaps your roommate sees you as a good sister. Don't be too anxious; after all, there will always be challenges in life.""",Why did Xiao Ling's husband say so?,A. Xiao Ling's husband thinks she should find a new roommate to avoid being overburdened with household chores.,B. He is trying to encourage Xiao Ling to continue taking on household chores because he believes she is better at handling them.,C. Xiao Ling's husband thinks Xiao Ling is overly anxious and shouldn't feel too much pressure about household chores.,"D. Xiao Ling's husband, to convince her to stay, intentionally suggests that her roommate sees her as a good sister.",D
"Xiao Li and Mr. Wang are neighbors, and their relationship has become quite good because they live in the same building. The neighbors upstairs are often noisy late at night, and Mr. Wang has complained to them several times without any improvement. Xiao Li is currently complaining to Mr. Wang, saying, ""I've had enough of our upstairs neighbors. They always have parties at night, the music is deafening, and it's hard for me to sleep. I really want to move out."" In reality, Mr. Wang also knows about this situation, but to prevent Xiao Li from moving out, he laughs and says, ""Maybe you just need to look at it from a different perspective. Perhaps the people upstairs aren't doing it on purpose. Don't be too anxious; after all, there will always be challenges in life.""",Is what Mr. Wang said true?,A. Yes,B. No,,,B
"Xiao Li and Mr. Wang are neighbors, and their relationship has become quite good because they live in the same building. The neighbors upstairs are often noisy late at night, and Mr. Wang has complained to them several times without any improvement. Xiao Li is currently complaining to Mr. Wang, saying, ""I've had enough of our upstairs neighbors. They always have parties at night, the music is deafening, and it's hard for me to sleep. I really want to move out."" In reality, Mr. Wang also knows about this situation, but to prevent Xiao Li from moving out, he laughs and says, ""Maybe you just need to look at it from a different perspective. Perhaps the people upstairs aren't doing it on purpose. Don't be too anxious; after all, there will always be challenges in life.""",Why did Mr. Wang say so?,A. Mr. Wang believes Xiao Li should consider moving to avoid the impact of upstairs noise.,"B. He is trying to encourage Xiao Li to continue enduring, as the people upstairs might just want to gather with friends.","C. Mr. Wang, to maintain a good neighborhood relationship with Xiao Li, intentionally suggests that the people upstairs might not be doing it on purpose.",D. Mr. Wang thinks Xiao Li is overly anxious and shouldn't feel too much pressure about the noise from upstairs.,C
"Xiao Ming's boyfriend is a scoundrel who has always relied on Xiao Ming for support. Xiao Ming is currently bothered by her job. She complains to her boyfriend, saying, ""I've had enough of my current work environment. The boss keeps harassing me, asking me to accompany clients for drinks."" In reality, her boyfriend also knows that Xiao Ming's work environment is challenging, but to maintain the source of high income, he laughs and says, ""Maybe you just need to look at it from a different perspective. Perhaps your boss thinks you're capable. Don't be too anxious; after all, there will always be challenges in work.""",Is what Xiao Ming's boyfriend said true?,A. Yes,B. No,,,B
"Xiao Ming's boyfriend is a scoundrel who has always relied on Xiao Ming for support. Xiao Ming is currently bothered by her job. She complains to her boyfriend, saying, ""I've had enough of my current work environment. The boss keeps harassing me, asking me to accompany clients for drinks."" In reality, her boyfriend also knows that Xiao Ming's work environment is challenging, but to maintain the source of high income, he laughs and says, ""Maybe you just need to look at it from a different perspective. Perhaps your boss thinks you're capable. Don't be too anxious; after all, there will always be challenges in work.""",Why did Xiao Ming's boyfriend say so?,A. Xiao Ming's boyfriend thinks she should consider finding a new job to avoid workplace harassment.,B. He is trying to encourage Xiao Ming to stay in her current job because he believes the boss values her capabilities.,C. Xiao Ming's boyfriend thinks Xiao Ming is overly anxious and shouldn't feel too much pressure about workplace challenges.,"D. Xiao Ming's boyfriend, to convince her to stay in the high-paying job, intentionally suggests that the boss values her capabilities.",D
"In a role-playing game held at home, each family member portrayed their favorite characters. Yang Ming, who is a big fan of martial arts novels, particularly admires Yang Guo and has always wanted to be a hero like him. So, Yang Ming dressed in all black, carried a large eagle toy on his back, and even left one arm without a sleeve. When his mom asked, ""Who are you?"" without hesitation, Yang Ming replied, ""I am Yang Guo.""",Is what Yang Ming said true?,A. Yes,B. No,,,B
"In a role-playing game held at home, each family member portrayed their favorite characters. Yang Ming, who is a big fan of martial arts novels, particularly admires Yang Guo and has always wanted to be a hero like him. So, Yang Ming dressed in all black, carried a large eagle toy on his back, and even left one arm without a sleeve. When his mom asked, ""Who are you?"" without hesitation, Yang Ming replied, ""I am Yang Guo.""",Why did Yang Ming say so?,A. He truly believes he is the character Yang Guo from the novel.,"B. By saying he is Yang Guo, Yang Ming feels closer to his idol.",C. Yang Ming has a strong preference for the character Yang Guo in martial arts novels.,"D. In the family role-playing game, Yang Ming is playing the role of Yang Guo.",D
