index,STORY,QUESTION,OPTION-A,OPTION-B,OPTION-C,OPTION-D,ANSWER,SOURCE_FILE,claude_reasoning,claude_response,gpt_reasoning,gpt_response,gemini_reasoning,gemini_response,llama_reasoning,llama_response,qwen_reasoning,qwen_response
1,"Xiao Hua is in the kitchen preparing dinner when suddenly he hears the doorbell ring. He turns down the fire and goes to open the door, finding it is his friend Xiao Li. Xiao Li holds some movie tickets in his hand and invites Xiao Hua to watch a movie. Xiao Hua thinks for a moment and tells Xiao Li that he must finish dinner first. At this time, Xiao Hua's sister also runs over and says she can help cook, letting Xiao Hua go play. Xiao Hua looks at the half-cooked dinner in the kitchen and hesitates.",What does Xiao Hua do next after hearing Xiao Li's invitation?,He continues to cook dinner.,He accepts Xiao Li's invitation and goes to watch a movie.,He lets his sister finish dinner and he rests.,He goes to discuss with other friends whether to go to the movies.,B,Completion of failed actions,"Let me analyze this step by step.

**Understanding the sequence of events:**
1. Xiao Hua is cooking dinner in the kitchen
2. The doorbell rings, he turns down the fire and opens the door
3. Xiao Li invites him to watch a movie with tickets in hand
4. Xiao Hua tells Xiao Li he must finish dinner first
5. Xiao Hua's sister offers to help cook so he can go play
6. Xiao Hua looks at the half-cooked dinner and hesitates

**Analyzing the question:**
The question asks ""What does Xiao Hua do next after hearing Xiao Li's invitation?""

**Examining each answer option:**

A. **He continues to cook dinner** - This aligns with Xiao Hua's immediate response to Xiao Li, where he says ""he must finish dinner first."" This shows his initial priority is completing the cooking.

B. **He accepts Xiao Li's invitation and goes to watch a movie** - While his sister offers to help, the story ends with Xiao Hua hesitating, not accepting the invitation yet.

C. **He lets his sister finish dinner and he rests** - The sister offers to help so he can ""go play"" (watch the movie), not rest. This doesn't match the context.

D. **He goes to discuss with other friends whether to go to the movies** - There's no mention of other friends or any indication he would do this.

**Key observation:**
The question asks what happens ""after hearing Xiao Li's invitation"" - this is immediately after the invitation, and Xiao Hua's first response is to say he must finish dinner first. The story shows he hasn't made a final decision yet (he's hesitating), but his immediate action/intention after the invitation is to continue with dinner.",A,"The story says that after Xiao Li invites him, Xiao Hua thinks for a moment and **tells Xiao Li that he must finish dinner first**, implying he will keep cooking rather than go out immediately.

So the most likely answer is:",A,"*   **Step-by-step analysis:**
    1.  **Analyze the story's sequence of events:**
        *   Xiao Hua is cooking dinner.
        *   His friend, Xiao Li, arrives and invites him to a movie.
        *   Xiao Hua's immediate response is to think and then state, ""he must finish dinner first."" This shows his initial intention and sense of responsibility.
        *   His sister then offers to finish the cooking for him.
        *   Faced with this new option, Xiao Hua ""hesitates."" The story ends here, without revealing his final decision.

    2.  **Analyze the question:** The question asks what Xiao Hua does *next* after hearing Xiao Li's invitation. The sequence is: Invitation -> Xiao Hua's reaction.

    3.  **Evaluate the candidate answers:**
        *   **A. He continues to cook dinner.** This aligns with Xiao Hua's first stated intention: ""he must finish dinner first."" Although he is at the door talking, his stated plan is to return to cooking. This is a direct inference from his words.
        *   **B. He accepts Xiao Li's invitation and goes to watch a movie.** The story explicitly states that he ""hesitates."" It does not say he accepts the invitation. This would be a possible outcome of his hesitation, but it's not confirmed by the text.
        *   **C. He lets his sister finish dinner and he rests.** The story does not mention him resting. The sister's offer was to let him go *play* (i.e., go to the movie), not rest. This option introduces an unsupported action.
        *   **D. He goes to discuss with other friends whether to go to the movies.** The story mentions no other friends. This option is entirely fabricated and not based on the text.

    4.  **Conclusion:** We must choose the most likely answer based on the provided text. Option D is incorrect as it introduces new characters. Option C is incorrect as it misrepresents the sister's offer and adds the action of ""resting."" We are left with A and B. The story ends with Xiao Hua's hesitation, so his final action is unknown. However, his only stated intention in response to the invitation is that he ""must finish dinner first."" Therefore, the action of continuing to cook dinner (Option A) is the most directly supported choice based on his explicit statement, even though his sister's offer later causes him to reconsider. His initial, responsible declaration is the most concrete piece of evidence regarding his intended action.",A,"To determine what Xiao Hua does next after hearing Xiao Li's invitation, let's analyze the given story step by step.

1. **Xiao Hua is initially busy cooking dinner**: The story begins with Xiao Hua in the kitchen, preparing dinner. This establishes that he is currently occupied.

2. **Xiao Li invites Xiao Hua to watch a movie**: Upon arriving, Xiao Li invites Xiao Hua to watch a movie, presenting an alternative activity to cooking dinner.

3. **Xiao Hua's initial response to the invitation**: Xiao Hua thinks for a moment and then tells Xiao Li that he must finish dinner first. This indicates that Xiao Hua is not immediately willing to abandon his current task (cooking dinner) to go watch a movie.

4. **Xiao Hua's sister offers to help**: Before Xiao Hua can take any further action following his response to Xiao Li, his sister intervenes, offering to help finish cooking dinner. This introduces a new variable that could potentially change Xiao Hua's situation or decision.

5. **Xiao Hua's reaction to his sister's offer**: The story states that Xiao Hua ""looks at the half-cooked dinner in the kitchen and hesitates."" This hesitation indicates that Xiao Hua is considering his next step, weighing the options now available to him.

Given these steps, let's analyze the candidate answers:

- **A. He continues to cook dinner.** The story indicates that after Xiao Li's invitation, Xiao Hua tells him that he must finish dinner first. However, before he can continue cooking, his sister offers to help. So, while initially, he intended to continue cooking, the situation changes with his sister's offer.

- **B. He accepts Xiao Li's invitation and goes to watch a movie.** After his sister offers to help, Xiao Hua hesitates, which could imply he is considering going to the movie since his obligation to finish dinner might be alleviated by his sister's help.

- **C. He lets his sister finish dinner and he rests.** The story doesn't directly indicate that Xiao Hua decides to rest. It only mentions that he hesitates after looking at the half-cooked dinner.

- **D. He goes to discuss with other friends whether to go to the movies.** There is no mention of Xiao Hua going to discuss with other friends, so this action is not supported by the information provided.

Given the information and the steps analyzed, Xiao Hua's most likely next action after hearing Xiao Li's invitation and his sister's subsequent offer to help is related to how he responds to these developments. Since he was initially going to continue cooking but then his sister offered to help, his hesitation suggests he is considering his options. The most direct next action related to the choices given",,"

Xiao Hua is in the kitchen preparing dinner when he hears the doorbell. He turns down the fire and opens the door to find Xiao Li with movie tickets. His immediate response is to say he must finish dinner first, indicating he intends to continue cooking. After this, his sister offers to help, but the question specifically asks what he does *next after hearing Xiao Li's invitation*. The very first action he takes in response to the invitation is to state he must finish dinner, which directly implies he will continue cooking. The sister's intervention occurs *after* this initial response, so it does not change the immediate next action. The hesitation mentioned later is a reaction to the sister's offer, not the original invitation. Since the question focuses solely on the action taken right after hearing the invitation, the correct choice is A.

[[A]]",A
2,"Li Hua is a person who is passionate about outdoor adventures, and he goes hiking or camping every weekend. He always seeks fresh and exciting experiences. Wang Fang, a quiet librarian, spends her weekends in a quiet library, reading and organizing books. She likes a calm and orderly environment. This weekend, Li Hua invites Wang Fang to go out for the weekend.",Where does Li Hua plan to spend the weekend with Wang Fang?,Hiking,Library,Sports Park,Skiing,B,Discrepant desires,"Let me analyze this step by step.

**Understanding the characters:**
1. **Li Hua**: Passionate about outdoor adventures, goes hiking or camping every weekend, seeks fresh and exciting experiences
2. **Wang Fang**: Quiet librarian, spends weekends in the library reading and organizing books, likes calm and orderly environments

**The situation:**
Li Hua invites Wang Fang to go out for the weekend.

**Analyzing the answer options:**

**A. Hiking** - This aligns with Li Hua's regular weekend activity (hiking or camping every weekend). Since Li Hua is the one extending the invitation, it's most natural that he would invite Wang Fang to join him in his typical weekend activity.

**B. Library** - This is Wang Fang's preferred environment, but the story says Li Hua invites Wang Fang to ""go out"" for the weekend. The phrase ""go out"" suggests leaving one's usual environment, and since Wang Fang already spends her weekends at the library, this wouldn't be ""going out.""

**C. Sports Park** - While this could be an outdoor activity, there's no mention of sports in Li Hua's interests. His specific interests are hiking and camping.

**D. Skiing** - This is an outdoor adventure activity, but it's not mentioned as one of Li Hua's regular activities. The story specifically states he does hiking or camping.

**Conclusion:**
Since Li Hua is the one making the invitation and he regularly goes hiking every weekend, the most logical answer is that he would invite Wang Fang to join him in his typical weekend activity - hiking.",A,"Li Hua is passionate about outdoor adventures and typically goes hiking or camping every weekend, so it’s most likely he plans to take Wang Fang hiking.",A,"*   **Step 1: Analyze Li Hua's character and habits.** The story describes Li Hua as ""passionate about outdoor adventures"" and states that ""he goes hiking or camping every weekend."" This establishes a strong pattern of behavior for him. He seeks ""fresh and exciting experiences.""

*   **Step 2: Analyze Wang Fang's character and habits.** Wang Fang is the opposite. She is a ""quiet librarian"" who enjoys a ""calm and orderly environment"" and spends her weekends in the library.

*   **Step 3: Analyze the invitation.** Li Hua invites Wang Fang ""to go out for the weekend."" The phrase ""go out"" coming from an outdoor enthusiast like Li Hua strongly suggests an outdoor activity, not an indoor one.

*   **Step 4: Evaluate the candidate answers based on the analysis.**
    *   **A. Hiking:** This is one of the two activities explicitly mentioned as Li Hua's regular weekend routine. It perfectly aligns with his character and his invitation to ""go out."" It is a very strong possibility.
    *   **B. Library:** This is Wang Fang's usual activity, not Li Hua's. It's the opposite of ""going out"" in the adventurous sense. It's highly unlikely that Li Hua, the adventurer, would plan a weekend at the library.
    *   **C. Sports Park:** While this is an outdoor activity, it is not specifically mentioned in the story. ""Hiking"" is explicitly stated as something Li Hua does every weekend, making it a more specific and likely choice than a generic sports park.
    *   **D. Skiing:** This is an outdoor adventure, but like the sports park, it is not mentioned in the story. Furthermore, skiing is often seasonal and requires specific locations/conditions. The story states Li Hua goes ""hiking or camping every weekend,"" implying these are his standard, go-to activities. Therefore, hiking is a more probable plan for any given weekend.

*   **Step 5: Conclude the most likely answer.** Based on the explicit information that Li Hua goes hiking every weekend and has invited Wang Fang to ""go out,"" the most logical and directly supported inference is that he plans to take her hiking.",A,"To determine where Li Hua plans to spend the weekend with Wang Fang, let's analyze the information given in the story.

1. **Li Hua's Preferences**: Li Hua is described as someone who is passionate about outdoor adventures. He goes hiking or camping every weekend and seeks fresh and exciting experiences. This indicates that his preferred activities are outdoors and involve some level of adventure or exploration.

2. **Wang Fang's Preferences**: Wang Fang, on the other hand, is a quiet librarian who spends her weekends in a quiet library, reading and organizing books. She prefers a calm and orderly environment, which is quite the opposite of Li Hua's preferences.

3. **Li Hua's Invitation to Wang Fang**: Despite their differing preferences, Li Hua invites Wang Fang to go out for the weekend. Given Li Hua's nature, it's likely that he is inviting her to participate in one of his preferred activities.

4. **Analyzing the Options**:
   - **A. Hiking**: This is an activity Li Hua enjoys. It's outdoors and involves adventure, aligning with his preferences.
   - **B. Library**: This is where Wang Fang spends her time. It's quiet and orderly, fitting her preferences but not Li Hua's.
   - **C. Sports Park**: While this could be considered an outdoor activity, it's not specifically mentioned as something Li Hua enjoys. However, it could be seen as a place for outdoor activities.
   - **D. Skiing**: This is an outdoor adventure activity. Although it's not mentioned that Li Hua goes skiing, it fits the description of an exciting outdoor experience.

5. **Making an Inference**: Since Li Hua is the one inviting Wang Fang, it's reasonable to infer that the activity or location would be more aligned with Li Hua's preferences than Wang Fang's. While Wang Fang's preferences are for quieter activities, Li Hua's enthusiasm for outdoor adventures is highlighted.

6. **Choosing the Most Likely Answer**: 
   - Li Hua's activity preferences (hiking, camping) are directly mentioned.
   - Among the given options, **A. Hiking** is directly related to Li Hua's interests.
   - **D. Skiing** is also a plausible option as it fits the description of an outdoor adventure, but it's not directly mentioned as one of Li Hua's regular activities.

Given the information and focusing on Li Hua's known preferences, **A. Hiking** is the most directly related activity to Li Hua's described interests.

Therefore, the most likely answer is: [[A]]",A,"

The story describes Li Hua as someone passionate about outdoor adventures who goes hiking or camping every weekend and seeks fresh, exciting experiences. Wang Fang, in contrast, prefers calm and orderly environments, spending her weekends in the library. The question asks where Li Hua *plans* to spend the weekend with Wang Fang. 

Li Hua is the one extending the invitation, and his usual activities are hiking or camping. While Wang Fang's preferences lean toward quiet settings, the question focuses on *Li Hua's plan*, not whether Wang Fang would enjoy it. The story does not indicate that Li Hua is adjusting his plans to suit Wang Fang's preferences. 

Considering the options:
- **A. Hiking**: Aligns directly with Li Hua's described behavior (hiking every weekend).
- **B. Library**: Contradicts the phrase ""go out for the weekend,"" as Wang Fang already spends weekends there; Li Hua would not invite her to a place she is already accustomed to.
- **C. Sports Park**: Less specific to Li Hua's described ""outdoor adventures"" and not mentioned in the story.
- **D. Skiing**: Possible but less likely, as the story does not mention skiing or seasonal conditions, and hiking is explicitly stated as his regular activity.

Thus, the most likely plan based on Li Hua's habits is hiking.

[[A]]",A
3,"Jianning and Mingkai are the co-captains of the football team. They still lack one team member. They joke that the remaining unselected players are ""the best players"". After a while, Mingkai does not speak, winks at Jianning, and then looks at Taotao, Taotao is one of the remaining unselected players. Mingkai turns his head and smiles at Jianning. Jianning nods his head, chooses Taotao to join their team. Taotao sees the wink and smile of Mingkai and Jianning.",What does Taotao do next?,"He walks towards Jianning and Mingkai, extends his hand, and shows a positive and friendly attitude.","He talks to a good friend about his feelings, seeks support and comfort.","He reinterprets this situation in a positive way, such as considering himself as a ""hidden treasure"" or ""secret weapon"", not the last one to be selected.","He shifts his attention to the upcoming game, not focusing on the order of being selected.",D,Emotion Regulation,"Let me analyze this step by step.

**Understanding the situation:**
1. Jianning and Mingkai are co-captains selecting team members
2. They need one more player
3. Mingkai winks at Jianning, then looks at Taotao
4. Mingkai smiles at Jianning
5. Jianning nods and chooses Taotao
6. **Crucially: Taotao sees the wink and smile between Mingkai and Jianning**

**Analyzing what just happened:**
- Taotao has just been selected to join the team
- He witnessed the non-verbal communication (wink and smile) between the captains
- This suggests the captains were communicating positively about selecting him
- Taotao is now officially part of their team

**Evaluating each answer option:**

**A. He walks towards Jianning and Mingkai, extends his hand, and shows a positive and friendly attitude.**
- This is the immediate, natural response to being selected
- He's been chosen for the team, so joining them physically makes sense
- The friendly gesture is appropriate for team bonding

**B. He talks to a good friend about his feelings, seeks support and comfort.**
- This seems like something done when upset or needing emotional support
- Taotao was just selected (a positive outcome), so this doesn't fit the immediate context

**C. He reinterprets this situation in a positive way...**
- This implies he needs to reframe a negative situation
- But he was selected and saw positive signals (wink, smile), so there's nothing negative to reinterpret

**D. He shifts his attention to the upcoming game...**
- While possible, this seems premature as he hasn't even joined the team physically yet
- The immediate action would be to acknowledge his selection first

**Conclusion:**
The most logical immediate next action is for Taotao to join his new team by walking toward the captains and showing a friendly, positive attitude. This is the natural social response to being selected.",A,"Taotao has just been chosen and has seen the friendly, inclusive nonverbal cues (wink, smile) from Mingkai and Jianning. The most plausible immediate next action in this context is that he joins them in a positive, friendly way, rather than going off to talk to someone else or just silently reinterpreting the situation.

So the best answer is:",A,"*   **Step 1: Analyze the story's context.**
    The story describes a team selection process on a football field. Jianning and Mingkai, the co-captains, need one more player. Taotao is one of the last players remaining. After a non-verbal exchange (a wink and a smile) between the captains, which Taotao observes, he is chosen to join the team. Taotao is aware he was picked last and witnessed a potentially ambiguous interaction between the captains right before his selection.

*   **Step 2: Evaluate the core of the question.**
    The question asks what Taotao will do *next*. This implies the most immediate and logical action following the event of being chosen. The setting is an active, public situation on a sports field.

*   **Step 3: Analyze the candidate answers.**
    *   **A. He walks towards Jianning and Mingkai, extends his hand, and shows a positive and friendly attitude.** This describes a physical action that is a direct and conventional response to being selected for a team. Regardless of his internal feelings about being picked last or the captains' behavior, the socially expected and practical next step is to join the team. Showing a positive attitude is a sign of good sportsmanship and a willingness to be a team player. This is a very plausible and immediate action.
    *   **B. He talks to a good friend about his feelings, seeks support and comfort.** This action is plausible if Taotao feels hurt or embarrassed. However, it's unlikely to be his *immediate* next action. The team selection is happening on the field. He would first have to join the team; talking to a friend for comfort would likely happen later, after practice or when there is a break. It's not the direct next step in the sequence of events.
    *   **C. He reinterprets this situation in a positive way, such as considering himself as a ""hidden treasure"" or ""secret weapon"", not the last one to be selected.** This describes an internal cognitive process, a way of thinking or a coping mechanism. While Taotao might be thinking this, it's not a physical action. The question ""What does Taotao do next?"" usually implies an observable behavior. This mental reframing could happen concurrently with a physical action, but it is not the action itself.
    *   **D. He shifts his attention to the upcoming game, not focusing on the order of being selected.** Similar to option C, this is an internal mental process—a shift in focus. It's a mature way to handle the situation mentally, but it is not a physical action that one would observe as the next step. This mental shift would likely accompany or follow the physical act of joining the team.

*   **Step 4: Compare the options and determine the most likely answer.**
    Options C and D describe internal thoughts or mental strategies, not external actions. Option B describes an action that is out of sequence; it would logically occur after the immediate on-field activities are concluded. Option A describes the most direct, observable, and socially appropriate physical action that follows being selected for a team in this context. After being called, the next thing to *do* is to physically join the group that has called you. Therefore, walking towards the captains is the most logical and immediate next action.",A,"To determine Taotao's next action, let's analyze the given story and the options provided.

1. **Understanding the Context**: Jianning and Mingkai are co-captains of a football team. They need one more team member and are joking about the remaining unselected players being ""the best players."" Mingkai winks at Jianning, then looks at Taotao (one of the unselected players), smiles at Jianning, and Jianning nods in response. This non-verbal communication indicates they have decided to select Taotao.

2. **Taotao's Perception**: Taotao notices Mingkai's wink and smile directed at Jianning after looking at him, and Jianning's subsequent nod. This suggests to Taotao that he has been chosen for the team.

3. **Analyzing Taotao's Likely Reaction**:
    - **A. He walks towards Jianning and Mingkai, extends his hand, and shows a positive and friendly attitude.** This is a plausible reaction if Taotao feels happy and accepted upon realizing he's been chosen. It shows enthusiasm and a positive attitude towards being selected.
    - **B. He talks to a good friend about his feelings, seeks support and comfort.** This reaction might occur if Taotao is unsure or negative about being chosen last. However, the story doesn't directly indicate Taotao's emotional state regarding being ""the last"" pick.
    - **C. He reinterprets this situation in a positive way, such as considering himself as a ""hidden treasure"" or ""secret weapon"", not the last one to be selected.** This is a possible reaction if Taotao feels positive about being chosen and interprets the selection in a favorable light.
    - **D. He shifts his attention to the upcoming game, not focusing on the order of being selected.** This reaction implies Taotao is professional and focused on the game rather than the selection process. It could be a valid reaction if Taotao is indeed chosen and decides to focus on the game.

4. **Reasoning**:
    - The story implies that Taotao is chosen for the team through a non-verbal agreement between Jianning and Mingkai. Taotao is aware of this selection.
    - The most likely positive outcome of being selected is that Taotao would react with a positive and friendly attitude, as it is a moment of achievement and acceptance.
    - Options B and C imply different emotional handling or interpretations of the situation. While possible, they are more internal and not directly observable actions like in A.
    - Option D suggests a shift in focus, which is plausible but doesn't directly relate to the immediate reaction to being selected.

5. **Conclusion**: Given that Taotao is aware he's been selected and assuming a positive context to being chosen, the most straightforward and likely immediate reaction is to show enthusiasm and a positive attitude towards being part of the team.

The most likely answer is **[[A]]**. 

Reasoning steps led to the conclusion that Taotao, upon realizing he has been selected, would likely react positively and show enthusiasm by walking towards Jianning and Mingkai and displaying a friendly attitude.",A,"

The story describes Jianning and Mingkai, the co-captains, joking that the remaining unselected players are ""the best players."" This is likely a sarcastic or friendly way to soften the blow of being the last ones picked, as it's common in team selections for such jokes to mask the reality that unselected players are typically considered less desirable. Mingkai winks at Jianning, looks at Taotao, and smiles, signaling that Taotao is the one they've chosen. Taotao sees this interaction and realizes he has been selected. 

The question is what Taotao does next. The key lies in interpreting his emotional and cognitive response. Being the last to be selected often carries a subtle stigma, even if the selection is framed as a compliment. The co-captains' joke about ""the best players"" may not be literal, but rather a way to make the unselected feel valued. In such scenarios, it's common for individuals to reinterpret the situation positively to cope with potential embarrassment or feelings of being undervalued. 

Option A suggests Taotao walks toward them and extends his hand, showing friendliness. While this could be a reaction, the story emphasizes the *joke* about ""best players,"" which implies the selection might not be entirely positive. A direct physical action like this might not fully capture the internal processing of the situation. 

Option B involves seeking support from a friend, which is unlikely if the selection was framed positively and there's no indication of distress. 

Option D suggests shifting attention to the game, which is plausible but less specific to the emotional context of being selected last. 

Option C, however, directly addresses the psychological reinterpretation: Taotao sees the wink and smile as a signal of being chosen, and instead of feeling like the ""last"" pick, he reframes it positively—seeing himself as a ""hidden treasure"" or ""secret weapon."" This aligns with common coping strategies where individuals reframe negative experiences into positive self-perceptions, especially when the selection process is framed with irony or humor. Given the context of the joke and the subtle signaling, this is the most likely internal response and action Taotao would take next. 

[[C]]",C
4,"Last Friday, all classmates in the fifth grade of elementary school participate in a Chinese composition competition. Xiao Ming really wants to win first place in this competition. The competition results come out, Xiao Hong wins the competition, and Xiao Ming happens to take a leave of absence and does not go to school that day. When going to school on Monday, Xiao Hong is the first to see Xiao Ming and says: ""Xiao Ming, I read your composition and it is not bad, just a bit regrettable."" Xiao Ming is very surprised when he hears this and says: ""What do you mean, can you be more clear?"" Xiao Hong looks at Xiao Ming and says: ""Oh, it is nothing, let's go to class.""","If there is one, which sentence is inappropriate?","Xiao Ming, I read your composition and it is not bad, it is just a bit regrettable.","What do you mean, can you explain it more clearly?","Oh, it is nothing, let's go to class.",No one in the story says anything inappropriate.,A,Faux-pas Recognition Test,"Let me analyze this step by step.

**Understanding the situation:**
- Xiao Ming really wanted to win first place in the composition competition
- Xiao Hong won the competition
- Xiao Ming was absent when results were announced
- On Monday, Xiao Hong speaks to Xiao Ming about his composition

**Analyzing each statement:**

**Option A: ""Xiao Ming, I read your composition and it is not bad, it is just a bit regrettable.""**
- This is what Xiao Hong said to Xiao Ming
- Xiao Hong won the competition, so Xiao Ming did not win first place
- By saying ""not bad"" but ""a bit regrettable,"" Xiao Hong is being vague and somewhat condescending
- She's hinting at Xiao Ming's loss without being direct
- This could be seen as insensitive given that Xiao Ming wanted to win first place

**Option B: ""What do you mean, can you explain it more clearly?""**
- This is Xiao Ming's reasonable response asking for clarification
- This seems appropriate given the vague comment

**Option C: ""Oh, it is nothing, let's go to class.""**
- Xiao Hong says this after Xiao Ming asks for clarification
- She brought up something that clearly matters (the competition results), made Xiao Ming curious/concerned, then dismissed it
- This is inappropriate because she's avoiding the conversation she initiated
- It leaves Xiao Ming confused and possibly anxious

**Option D: No one says anything inappropriate**
- This would only be correct if all statements were appropriate

**Conclusion:**
Both A and C could be considered inappropriate, but C is particularly problematic because Xiao Hong initiates a sensitive topic, makes a vague negative comment, and then refuses to clarify when asked directly. This is a classic example of poor communication that can cause unnecessary worry.",C,,,,,,,,
5,"Xinxin wants to go to her friend's party tonight, but she has a stomachache. She knows, if she tells her mother she has a stomachache, her mother does not let her go. She tries to hide her feelings, so her mother lets her go to the party.",What are Xinxin's real feelings?,Sad,Scared,Happy,Disappointed,A,Hidden emotions,"Let me analyze this step by step.

**Understanding the situation:**
- Xinxin wants to go to her friend's party tonight
- She has a stomachache (physical discomfort)
- She knows her mother won't let her go if she finds out about the stomachache
- She tries to hide her feelings/condition so she can still go to the party

**Analyzing Xinxin's real feelings:**

The question asks about her ""real feelings,"" which refers to her emotional state, not just her physical condition.

Let me consider each option:

**A. Sad** - There's no indication she's sad. She wants to go to the party and is actively trying to make that happen.

**B. Scared** - While she might be concerned about not being allowed to go, ""scared"" seems too strong. She's not in a fearful situation.

**C. Happy** - Despite having a stomachache, she wants to go to the party. The fact that she's willing to hide her discomfort suggests she's excited or happy about the prospect of attending her friend's party. Her desire to go despite physical discomfort indicates positive feelings about the event.

**D. Disappointed** - She would only be disappointed if she couldn't go or if something went wrong. Since she's actively working to ensure she can attend, disappointment doesn't fit her current emotional state.

**Conclusion:**
Xinxin's real feelings are likely happy/excited about going to the party, which is why she's willing to hide her stomachache. Her enthusiasm for the party outweighs her physical discomfort.",C,,,"*   **Step 1: Analyze the story's core elements.**
    *   Xinxin has a goal: to go to a friend's party.
    *   Xinxin has a problem: a stomachache.
    *   Xinxin anticipates a negative consequence: if her mother knows about the stomachache, she won't be allowed to go to the party.
    *   Xinxin's action: She decides to hide her real condition (the stomachache).

*   **Step 2: Evaluate the question.**
    *   The question asks for Xinxin's ""real feelings"". This refers to her internal emotional state, which she is trying to conceal.

*   **Step 3: Analyze the candidate answers based on the story.**
    *   **A. Sad:** Xinxin might feel sad because she is in pain (stomachache) and because she might miss the party. This is a plausible emotion.
    *   **B. Scared:** Xinxin's primary motivation for hiding her stomachache is the fear that her mother will discover it and prevent her from going to the party. The story highlights her calculated action (""She tries to hide her feelings, so her mother lets her go"") which is driven by a fear of a negative outcome. This is a very strong possibility.
    *   **C. Happy:** This is incorrect. The story explicitly states she has a stomachache, which is a source of physical discomfort, not happiness.
    *   **D. Disappointed:** Xinxin is likely disappointed that she got a stomachache on the day of the party. This feeling of ""bad luck"" is a form of disappointment. This is also a plausible emotion.

*   **Step 4: Compare the plausible answers (A, B, D) to find the most likely one.**
    *   While Xinxin might be sad about her pain or disappointed about the timing of her illness, the central action of the story—deceiving her mother—is directly motivated by fear. She is scared of the consequence of telling the truth. The story's conflict revolves around her trying to avoid a specific, feared outcome. Therefore, ""scared"" is the most direct and primary emotion driving her actions in the described scenario.

*   **Step 5: Conclude the most likely answer.**
    *   Based on the analysis, the feeling that best explains Xinxin's decision to hide her condition is fear. She is scared of being caught and having her plans ruined.",B,"To determine Xinxin's real feelings about going to her friend's party, let's analyze the given information step by step.

1. **Xinxin wants to go to her friend's party tonight**: This indicates that Xinxin is interested in attending the party, suggesting a positive inclination towards the event.

2. **She has a stomachache**: This is a negative factor that could prevent her from going to the party. Having a stomachache is typically associated with discomfort or illness.

3. **If she tells her mother she has a stomachache, her mother does not let her go**: This shows that Xinxin's mother is cautious and will not allow her to go out if she's not feeling well. It implies that Xinxin is aware that admitting to having a stomachache will result in not being allowed to attend the party.

4. **She tries to hide her feelings, so her mother lets her go to the party**: This indicates that Xinxin is motivated to attend the party enough that she is willing to conceal her current state of health (having a stomachache) from her mother. The act of hiding her feelings (or condition, in this case) suggests that she is keen on going to the party.

Now, let's analyze the given answer options in the context of Xinxin's situation:

- **A. Sad**: There's no direct information in the story that suggests Xinxin is feeling sad. Her primary concern is attending the party.

- **B. Scared**: The story doesn't directly indicate that Xinxin is scared. While she might be anxious about her mother's reaction if she knew about the stomachache, ""scared"" isn't explicitly supported as her primary feeling.

- **C. Happy**: Given that Xinxin wants to go to the party and is trying to ensure she can attend by hiding her stomachache, it's reasonable to infer that she is looking forward to the party, which could imply happiness or at least a strong desire to participate.

- **D. Disappointed**: If Xinxin couldn't go to the party, she might feel disappointed. The story implies that she is trying to avoid this outcome by hiding her stomachache, suggesting that she would be disappointed if she couldn't go.

Considering Xinxin's actions and motivations, her real feelings seem to be centered around her desire to attend the party. She is not letting her current discomfort (stomachache) stop her from going, indicating a strong interest in attending. The most likely feeling associated with this scenario is disappointment if she were not able to go, which aligns with her taking action to ensure she can attend.

Therefore, the most likely answer is **[[D]]**, as Xinxin would likely feel disappointed if she couldn't go to the party, and her actions are driven by avoiding this disappointment.

[[D]]",D,"

Xinxin wants to go to her friend's party but has a stomachache. She knows that if she tells her mother about the stomachache, she won't be allowed to go. To avoid this, she hides her feelings, and her mother lets her go. The question asks about her *real feelings*. 

The key is to determine what emotion she is experiencing *despite* the stomachache. While the stomachache is a physical discomfort, the story emphasizes her desire to attend the party and her successful effort to hide the stomachache to go. Her primary motivation is to attend the party, and she is able to do so. This suggests that her dominant emotional state is positive—she is happy to go to the party. The stomachache is a physical issue she is suppressing, but her underlying emotion related to the situation (going to the party) is happiness. 

Options like ""Sad"" or ""Disappointed"" might relate to the stomachache itself, but the story focuses on her successfully achieving her goal (going to the party), which aligns with a positive emotion. ""Scared"" is less likely because there's no indication of fear in the story—she is actively hiding the stomachache to achieve her goal, not out of fear of being caught. 

Thus, her real feelings are best described as **Happy**.

[[C]]",C
6,"Xinxin wants to go to her friend's party tonight, but she has a stomachache. She knows, if she tells her mother she has a stomachache, her mother does not let her go. She tries to hide her feelings, so her mother lets her go to the party.",Why is Xinxin's true feeling sad?,Because she does not like parties,Because of the stomachache,She cannot attend the party,Because she fears her mother worries,B,Hidden emotions,"Let me analyze this step by step.

**Understanding the story:**
- Xinxin wants to go to her friend's party tonight
- She has a stomachache
- She knows if she tells her mother about the stomachache, her mother won't let her go
- She hides her feelings so her mother will let her go to the party

**Analyzing the question:**
The question asks ""Why is Xinxin's true feeling sad?""

**Evaluating each answer option:**

A. ""Because she does not like parties"" - This contradicts the story. Xinxin WANTS to go to the party, so she clearly likes parties or at least wants to attend this one.

B. ""Because of the stomachache"" - A stomachache could make someone feel sad or uncomfortable, but the story doesn't explicitly state she feels sad about having a stomachache itself.

C. ""She cannot attend the party"" - This is incorrect because the story indicates she successfully hides her feelings and her mother lets her go to the party.

D. ""Because she fears her mother worries"" - This suggests Xinxin feels sad because she has to hide her stomachache from her mother, and she might feel bad about this deception or worry that her mother would be concerned. This reflects an emotional conflict - she wants to go to the party but feels sad about having to hide the truth from her mother.

**Conclusion:**
Option D best captures the emotional complexity of the situation - Xinxin's sadness stems from the conflict between wanting to attend the party and having to hide her condition from her mother, potentially because she doesn't want her mother to worry (or she feels guilty about the deception).",D,,,,,"To determine why Xinxin's true feeling is sad, let's analyze the given story and the candidate answers step by step.

1. **Understanding the Story**: Xinxin wants to attend her friend's party but has a stomachache. She doesn't want her mother to know about the stomachache because she believes that if her mother knows, she won't be allowed to go to the party. So, Xinxin hides her stomachache to attend the party.

2. **Analyzing the Question**: The question asks why Xinxin's true feeling is sad. This implies we need to understand Xinxin's emotional state or the reason behind her sadness.

3. **Examining the Candidate Answers**:
   - **A. Because she does not like parties**: The story states that Xinxin wants to go to her friend's party, indicating she is interested in attending. Therefore, it's unlikely that her sadness is due to not liking parties.
   - **B. Because of the stomachache**: Xinxin has a stomachache, which is a physical discomfort. It's plausible that this discomfort or the fact that she has to hide it could contribute to her emotional state.
   - **C. She cannot attend the party**: The story actually indicates the opposite; Xinxin is trying to attend the party by hiding her stomachache from her mother. So, this is not the reason for her sadness.
   - **D. Because she fears her mother worries**: Xinxin is hiding her stomachache from her mother to avoid not being allowed to go to the party. This implies she is aware that her mother might worry if she knew about the stomachache, and this could be a source of emotional distress for Xinxin.

4. **Reasoning**: 
   - Xinxin's primary motivation is to attend the party despite having a stomachache. This shows she is keen on going, ruling out **A** and **C** as they contradict the information given in the story.
   - The fact that Xinxin has a stomachache (**B**) could be a source of distress. However, the question is about her ""true feeling"" being sad, which suggests an emotional state rather than just physical discomfort.
   - **D. Because she fears her mother worries** is a plausible reason for Xinxin's sadness. She is in a situation where she has to hide her true condition to achieve her goal (attending the party), which could cause emotional distress due to the fear of being discovered or the guilt of not being honest with her mother.

5. **Conclusion**: The most likely reason for Xinxin's sadness is related to her emotional state caused by her situation. She is hiding her condition to go to the party, which involves not being truthful with her mother and possibly fearing the consequences or worrying about her mother's potential worry.

Given the analysis, the most plausible answer is **D. Because she fears her mother worries**. This is because Xinxin's actions and the context suggest that her emotional state is influenced by the need to hide information from her mother and the potential implications of that.

[[D]]",D,,
7,"Emily finds a book she really wants to read in the library, but discovers the book is already borrowed by someone else. Emily sees a book with a similar cover next to it, thinks it is the same book, and takes it away. When she gets home, Emily realizes it is a different book, but she is too lazy to return it. At the same time, Kate is busy working in the library. She knows this book belongs to a blind person who is waiting for this book. Kate gets tricked by a blind person she doesn't know not long ago, she notices Emily takes the wrong book, but she chooses not to tell Emily.",What kind of emotion does Emily feel after she realizes she takes the wrong book and decides not to return it?,"Emily possibly feels indifferent, because she finds a book she wants to read, and she doesn't want to bother herself to go back and return the book.","Emily possibly feels frustrated, because she can't read the book she originally wants to read.","Emily possibly feels guilty and uneasy, because she knows she takes the wrong book, but she doesn't want to take the trouble to return it.","Emily possibly feels satisfied, because she thinks she accidentally finds a new book, and considers this as a kind of luck.",A,Moral emotions,"Let me analyze this step by step.

**Understanding the situation:**
- Emily wanted a specific book but it was already borrowed
- She mistakenly took a similar-looking book, thinking it was the same one
- Upon arriving home, she realized it was the wrong book
- Despite realizing the mistake, she was ""too lazy to return it""

**Analyzing Emily's emotional state:**

The key phrase is ""too lazy to return it"" - this tells us about her decision-making process after discovering the error.

**Evaluating each option:**

**Option A (Indifferent):** This suggests Emily doesn't care much about the situation. However, the story says she ""realizes it is a different book"" - she's aware of the mistake. Being ""too lazy"" suggests apathy rather than complete indifference, but this could be close.

**Option B (Frustrated):** While she might feel some frustration about not getting the book she wanted, the story emphasizes her laziness about returning it rather than her disappointment about the wrong book.

**Option C (Guilty and uneasy):** This option captures the internal conflict - she ""knows she takes the wrong book"" (awareness of wrongdoing) but ""doesn't want to take the trouble to return it"" (choosing convenience over doing the right thing). This combination typically produces guilt and unease.

**Option D (Satisfied):** The story doesn't suggest she's happy about this mistake. She wanted a specific book and got the wrong one, and there's no indication she views this positively.

**Conclusion:**
Option C best captures the likely emotional state of someone who knows they've made a mistake and should correct it, but chooses not to due to laziness. This internal conflict between knowing what's right and choosing convenience typically generates feelings of guilt and unease.",C,"After realizing she took the wrong book and deciding not to return it, Emily is most likely to feel guilty and uneasy, since she knows she’s doing something wrong but chooses convenience over correcting it.",C,"*   **Step 1: Analyze the story's information about Emily.**
    *   Emily wants a specific book but it's unavailable.
    *   She mistakenly takes a different book with a similar cover.
    *   She discovers her mistake at home.
    *   Her reason for not returning the book is that she is ""too lazy"".

*   **Step 2: Analyze the question.**
    *   The question asks for Emily's emotion *after* she realizes her mistake *and* decides not to return it. This focuses on the feeling associated with her conscious decision to be inactive.

*   **Step 3: Evaluate the candidate answers.**
    *   **A. Emily possibly feels indifferent, because she finds a book she wants to read, and she doesn't want to bother herself to go back and return the book.** The second part of the reason (""doesn't want to bother herself"") aligns with being ""too lazy"". However, the first part (""she finds a book she wants to read"") is not supported by the story. The story only says she realizes it's a ""different book,"" not that she's happy with this new book. So, the reasoning is flawed.
    *   **B. Emily possibly feels frustrated, because she can't read the book she originally wants to read.** Frustration is a very likely emotion for Emily to feel when she realizes she has the wrong book. Her entire trip to the library for that specific book was a waste. This is a strong possibility, but it describes her reaction to the mistake more than her feeling about the *decision* not to return it.
    *   **C. Emily possibly feels guilty and uneasy, because she knows she takes the wrong book, but she doesn't want to take the trouble to return it.** The phrase ""too lazy"" implies an awareness that returning the book is the correct or responsible action. Making a conscious choice not to do the right thing because of a weak reason like laziness often leads to feelings of guilt and unease. There's a conflict between what she knows she should do and what she is actually doing. This option captures that internal conflict.
    *   **D. Emily possibly feels satisfied, because she thinks she accidentally finds a new book, and considers this as a kind of luck.** The story gives no indication that Emily is pleased with this outcome. It frames her decision as being based on laziness, not on a happy discovery. This option is contrary to the tone of the story.

*   **Step 4: Compare the most plausible options and select the best one.**
    *   Option B (frustrated) is about her failed goal. Option C (guilty and uneasy) is about her moral inaction. The question focuses on her feeling after deciding not to return the book.
    *   The decision-making process is key: she knows it's the wrong book, and the ""correct"" action is to return it. Choosing not to do so out of ""laziness"" suggests she is prioritizing her convenience over her responsibility. This conflict between knowing the right thing and doing the easy thing is a classic source of guilt. While she is certainly frustrated (Option B), the feeling that directly results from her decision *not to act* is better described as guilt and unease (Option C). Therefore, Option C is the most precise description of her emotional state in that specific moment of decision.",C,"To determine Emily's emotional state after realizing she took the wrong book and decided not to return it, let's analyze the given information and the answer choices step by step.

1. **Understanding Emily's Actions and Motivations**: Emily initially wants to read a specific book she finds in the library, but it's already borrowed. She mistakenly takes a book with a similar cover, intending to take the book she wanted. Upon realizing her mistake at home, she decides not to return it, partly because she's too lazy.

2. **Analyzing Emily's Emotional State**: 
   - **Before Realizing the Mistake**: Emily is likely disappointed or frustrated because she can't get the book she wants.
   - **After Realizing the Mistake**: Upon discovering that the book she took is not the one she wanted, Emily's emotional state could go in several directions based on her character and the situation.

3. **Evaluating the Answer Choices**:
   - **A. Indifferent**: Emily might feel indifferent if she doesn't care about the book she took or the owner of the book. However, the fact that she was initially looking for a specific book and was disappointed suggests she has some level of interest or investment.
   - **B. Frustrated**: Emily could feel frustrated because she still can't read the book she originally wanted. While this is a plausible initial reaction, her decision not to return the book might mitigate this frustration slightly as she's still got a book.
   - **C. Guilty and Uneasy**: Knowing she took the wrong book and deciding not to return it could evoke feelings of guilt and unease. This is because she is aware that the book doesn't belong to her and that she's not doing the right thing by keeping it.
   - **D. Satisfied**: Emily might feel satisfied if she views the mistaken swap as a fortunate discovery of a new book. This reaction depends on how much she values the book she accidentally took.

4. **Reasoning**:
   - Emily's initial desire for a specific book and her mistake in taking another suggest she might have mixed feelings.
   - The key detail is her decision not to return the book after realizing it's not the one she wanted. This action indicates a level of self-awareness about doing something she shouldn't, which could lead to feelings of guilt or unease.
   - The narrative highlights that Kate knows the book belongs to a blind person, implying the book has a specific value or importance to its owner, potentially heightening the moral implications of Emily's actions.

5. **Conclusion**: 
Given Emily's actions and the context, the most plausible emotional state after she realizes her mistake and decides not to return the book is feeling **guilty and uneasy**. This is because she is aware that she is keeping a book that doesn't belong to her, and there's an implication that the book is important to its actual owner (a blind person). Thus, her decision to keep it despite knowing it's not hers could reasonably lead to feelings of guilt and unease.

[[C]]",C,"

The story describes Emily taking a book she thought was the one she wanted, only to later realize it's a different book. She chooses not to return it due to laziness. The key is to determine her emotional state upon this realization. 

- **Option A** claims she feels indifferent because she ""finds a book she wants to read."" However, she didn't actually find the book she wanted—she took a different one by mistake. This reason is factually incorrect, so A is invalid.
- **Option B** suggests frustration because she can't read the original book. While she did want that specific book, the story emphasizes her *laziness* in not returning the wrong book, not frustration about the original being unavailable. Her focus seems more on avoiding effort than emotional disappointment.
- **Option C** states she feels guilty and uneasy because she knows it's the wrong book but doesn't return it. This aligns with common emotional responses to realizing a mistake involving someone else's property (even if she doesn't know the specific owner). Guilt arises from knowingly keeping something that doesn't belong to her, which is consistent with the context of taking a library book in error.
- **Option D** claims satisfaction from ""accidentally finding a new book,"" but the story shows she wanted a specific book and only took the wrong one by mistake. There's no indication she views the new book as lucky or desirable, making D unlikely.

The most plausible emotion is guilt, as she recognizes the mistake and chooses not to correct it, which typically evokes unease or guilt. While the story doesn't explicitly state her feelings, the context of knowingly retaining a wrongfully taken item supports this interpretation.

[[C]]",C
8,"Xiao Hong is a 6-year-old child. Today is Saturday. Mom and Dad have free time today, they do not know what they can do together. Maybe go for ice cream? Xiao Hong really, really wants to go to the amusement park today. However, Dad thinks the amusement park has a lot of noise. He says: ""Xiao Hong, this is not a good idea. I think there is a lot of noise in the amusement park.""",How does Xiao Hong persuade her dad?,"Xiao Hong can look up some information, proving that the current amusement parks take many measures to reduce noise, such as setting up soundproof walls, using quieter equipment, etc.","Xiao Hong can tell her dad that she has not been to the amusement park for a long time, this is a very special wish for her, she really wants to go.","If Dad really does not want to go to the amusement park, Xiao Hong can suggest going to other places, such as parks or zoos, so everyone is happy.","Xiao Hong can suggest: ""How about we go in the early morning or on weekdays? I hear that there are fewer people at that time, and it is quieter. We can avoid peak hours, and get a quieter experience.""",B,Persuasion Story Task,"Let me think through this step by step.

First, I need to consider the context:
- Xiao Hong is only 6 years old
- Her dad's concern is that the amusement park has too much noise
- The question asks how Xiao Hong can persuade her dad

Now let me analyze each option:

**Option A**: Looking up information about soundproof walls and noise reduction equipment
- This requires research skills and technical knowledge
- For a 6-year-old child, this is quite sophisticated and unlikely
- This doesn't match the typical behavior or capabilities of a 6-year-old

**Option B**: Telling dad she hasn't been for a long time and it's a special wish
- This is emotionally direct and simple
- Very age-appropriate for a 6-year-old
- Appeals to dad's emotions rather than addressing his concern about noise
- This is how young children typically express their desires

**Option C**: Suggesting alternative places like parks or zoos
- This is a compromise, but doesn't actually persuade dad to go to the amusement park
- The question asks how she persuades dad (presumably to go to the amusement park)
- This is giving up on her wish rather than persuading

**Option D**: Suggesting going during off-peak hours for a quieter experience
- This directly addresses dad's noise concern
- Shows problem-solving thinking
- While somewhat sophisticated, it's simpler than Option A
- A 6-year-old could reasonably suggest this, especially if she's heard adults talk about crowds and timing

Between B and D: Option B is most natural for a 6-year-old, but Option D actually addresses the dad's specific concern about noise, which makes it more effective persuasion.

Given that the question specifically asks about persuading dad (who has a noise concern), Option D provides a direct solution to his objection while still being within the realm of what a bright 6-year-old might suggest.",D,"Dad’s concern is that the amusement park is too noisy.  

- A: Too technical and research-based for a 6-year-old; less realistic.  
- B: Expresses her wish but doesn’t address the noise issue.  
- C: Gives up on the amusement park instead of persuading Dad.  
- D: Directly addresses the noise concern by suggesting a quieter time to visit; also realistic for a child to say.

The most plausible way for Xiao Hong to persuade her dad is D.",D,,,,,"

The story involves Xiao Hong, a 6-year-old, wanting to go to the amusement park, but her dad objects due to noise concerns. The key is to determine how she might persuasively address his specific concern about noise. 

- **Option A** involves looking up technical information about noise reduction measures. However, a 6-year-old is unlikely to have the capability or knowledge to research and present such data, making this implausible.  
- **Option B** uses emotional appeals (""special wish,"" ""haven't been for a long time""), which is common for children. However, it does not directly address the dad's noise concern, so it may not effectively counter his objection.  
- **Option C** suggests alternative locations (e.g., parks or zoos), but this shifts the plan away from the amusement park entirely, which does not constitute persuading the dad to go *to the amusement park*.  
- **Option D** directly addresses the noise issue by proposing a practical solution: going during quieter times (e.g., early morning or avoiding peak hours). This shows Xiao Hong is thinking of a way to mitigate the dad's concern, which is logical for a child who might have heard such advice from parents or others. While a 6-year-old may not fully understand ""peak hours,"" suggesting a time adjustment (e.g., ""early morning"") is a simple, relatable idea that aligns with her age and the context.  

Thus, **Option D** is the most likely answer because it directly responds to the dad’s noise concern with a feasible solution, making it the most persuasive approach for Xiao Hong.

[[D]]",D
9,"Zhiwei and Xiaolan are planning a short trip, they are sitting on a park bench flipping through a travel guide. Mingda, although not invited to this short trip, still listens to their discussion from behind. Suddenly, Zhiwei notices Mingda on the side, and glances at Xiaolan. Then, Xiaolan sees Zhiwei's look, shakes her head, and continues to look down at the travel guide.","After Zhiwei notices Mingda, what is his next action?","Ignores Mingda, continues to discuss travel plans with Xiaolan.",Invites Mingda to join their discussion.,Suggests to Xiaolan to change a place to avoid Mingda discussing travel plans,Tells Xiaolan about Mingda.,C,Prediction of actions,"Let me analyze this step by step.

**Understanding the situation:**
1. Zhiwei and Xiaolan are planning a trip together
2. Mingda was NOT invited to this trip
3. Mingda is listening to their discussion from behind
4. Zhiwei notices Mingda's presence
5. Zhiwei glances at Xiaolan (seemingly to communicate something non-verbally)
6. Xiaolan sees Zhiwei's look, shakes her head, and continues looking at the travel guide

**Analyzing the key interaction:**
- Zhiwei's glance at Xiaolan appears to be a non-verbal communication about Mingda
- Xiaolan's response (shaking her head) seems to be answering an unspoken question
- The head shake likely means ""no"" to whatever Zhiwei was silently suggesting
- After this exchange, Xiaolan continues looking at the travel guide, suggesting they continue as before

**Evaluating each option:**

A. **Ignores Mingda, continues to discuss travel plans with Xiaolan** - This aligns with Xiaolan's head shake (rejecting a change) and her continuing to look at the guide.

B. **Invites Mingda to join their discussion** - Unlikely, as Xiaolan shook her head ""no,"" which would be rejecting this suggestion.

C. **Suggests to Xiaolan to change a place to avoid Mingda** - This might have been what Zhiwei was suggesting with his glance, but Xiaolan's head shake rejected this idea.

D. **Tells Xiaolan about Mingda** - The glance already communicated Mingda's presence, and Xiaolan's response shows she understood, so verbal telling is unnecessary.

**Conclusion:**
Xiaolan's head shake appears to reject Zhiwei's unspoken suggestion (likely to invite Mingda or move away), and her continuing to read the guide indicates they should just continue as they were. This means Zhiwei would follow Xiaolan's lead and continue their discussion.",A,,,"*   **Step 1: Analyze the sequence of events in the story.**
    1.  Zhiwei and Xiaolan are planning a trip.
    2.  Mingda is listening, uninvited.
    3.  Zhiwei notices Mingda.
    4.  Zhiwei glances at Xiaolan. This is a non-verbal way of communicating, ""Look, Mingda is here. What should we do?""
    5.  Xiaolan sees the glance, understands its meaning, and shakes her head. Shaking one's head is a common gesture for ""no"" or ""don't.""
    6.  Xiaolan then ""continues to look down at the travel guide."" This action reinforces her desire to ignore the situation and carry on with their original activity.

*   **Step 2: Evaluate the candidate answers based on the analysis.**
    *   **A. Ignores Mingda, continues to discuss travel plans with Xiaolan.** This aligns perfectly with Xiaolan's non-verbal communication. Her head shake and her immediate return of focus to the guide are clear signals to Zhiwei that she wants to ignore Mingda and continue their conversation. It is most likely that Zhiwei will follow her lead.
    *   **B. Invites Mingda to join their discussion.** This is the opposite of what Xiaolan's head shake implies. If she wanted to invite him, she might have nodded or smiled. Shaking her head strongly suggests she does *not* want to include Mingda.
    *   **C. Suggests to Xiaolan to change a place to avoid Mingda discussing travel plans.** This is a possibility, but Xiaolan's action of continuing to look at the guide suggests she wants to stay and ignore Mingda, not leave. Leaving would be a more disruptive reaction than simply ignoring him.
    *   **D. Tells Xiaolan about Mingda.** Zhiwei has already accomplished this non-verbally with his glance. The story states, ""Xiaolan sees Zhiwei's look,"" which means she is now aware of Mingda's presence. Telling her again verbally would be redundant. The glance *was* the act of telling her.

*   **Step 3: Determine the most likely answer.**
    Based on the clear non-verbal cues from Xiaolan (shaking her head and looking back at the guide), the most logical and socially adept response from Zhiwei would be to take her cue, ignore Mingda, and resume their planning.",A,"To determine Zhiwei's next action after noticing Mingda, let's analyze the given information step by step.

1. **Zhiwei and Xiaolan are planning a trip together**: They are engaged in a discussion about their travel plans, indicating they are in the process of deciding on details such as the destination or activities.

2. **Mingda is listening to their discussion from behind without being invited**: This suggests that Mingda's presence is known to Zhiwei, and potentially could be perceived as intrusive or unwanted by Zhiwei and Xiaolan, given that they didn't invite Mingda.

3. **Zhiwei notices Mingda and glances at Xiaolan**: This action by Zhiwei indicates that he is aware of Mingda's presence and is communicating something non-verbally to Xiaolan. The glance could imply that Zhiwei is either seeking Xiaolan's reaction or trying to convey a message about Mingda's presence.

4. **Xiaolan shakes her head and continues to look at the travel guide**: Xiaolan's reaction to Zhiwei's glance is to shake her head. This suggests that she is either disagreeing with an unspoken suggestion or indicating that she doesn't want to acknowledge Mingda or his presence. By continuing to look at the travel guide, Xiaolan is signaling that she wants to continue with their original activity, seemingly ignoring Mingda.

Given these observations, let's analyze the possible actions of Zhiwei after noticing Mingda:

- **A. Ignores Mingda, continues to discuss travel plans with Xiaolan**: This is a plausible action given Xiaolan's reaction. If Xiaolan is choosing to ignore Mingda and continue with their plans, Zhiwei might follow her lead.

- **B. Invites Mingda to join their discussion**: This seems unlikely given that Mingda was not invited on the trip and Zhiwei's noticing Mingda led to a non-verbal communication with Xiaolan, which didn't seem to be an invitation.

- **C. Suggests to Xiaolan to change a place to avoid Mingda discussing travel plans**: While possible, Xiaolan's reaction (shaking her head) might indicate that she doesn't think it's necessary to change their location or that she's not in favor of acknowledging Mingda's presence.

- **D. Tells Xiaolan about Mingda**: Zhiwei has already non-verbally communicated about Mingda by glancing at Xiaolan. Telling Xiaolan about Mingda might be redundant given that his glance was likely a notification.

Considering the steps and reactions, the most likely next action for Zhiwei, given that Xiaolan has chosen to ignore Mingda and continue with their plans, is to follow Xiaolan's lead. Therefore, ignoring Mingda and continuing their discussion seems like the most natural next step.

The best answer is **[[A]]**.",A,"

After Zhiwei notices Mingda, the story states that he ""glances at Xiaolan."" This action is a non-verbal signal intended to communicate Mingda's presence to Xiaolan. The question asks for Zhiwei's next action after noticing Mingda, and while the story does not explicitly describe verbal communication, the glance is clearly directed at Xiaolan to convey information about Mingda. Among the options provided:

- **A** suggests ignoring Mingda and continuing the discussion, but the glance indicates awareness of Mingda, not ignoring him.
- **B** involves inviting Mingda, which contradicts the context that Mingda was ""not invited.""
- **C** mentions suggesting a change of location, but the story does not reference this.
- **D** states ""Tells Xiaolan about Mingda,"" which aligns with the glance as a non-verbal way of informing her of Mingda's presence.

Thus, the most likely answer is **D**, as the glance serves as a method of ""telling"" Xiaolan about Mingda without words.

[[D]]",D
10,"Zhang Hua is preparing the last artwork for the art exhibition, while his friend Li Lei is complaining to him about workplace troubles over the phone. Suddenly, Zhang Hua's paintbrush falls to the ground. As he bends down to pick it up, there is a hurried knock on the window from his neighbor who rushes to borrow something. At the same time, Zhang Hua remembers that there is an important family gathering tonight, and his participation is very important to his family.","After Zhang Hua handles the sudden situation, what does he do first?",He opens the door to help the neighbor.,He calls back Li Lei to provide help and advice.,He prepares to attend the family gathering.,He reorganizes the studio and relaxes a bit.,A,Completion of failed actions,,,"故事中的事件顺序是：

1. 张华在为画展准备最后一幅作品，同时在接李雷的电话。
2. 画笔掉到地上，他弯腰去捡。
3. 邻居急匆匆敲窗户来借东西（突发情况）。
4. 同时，他想起今晚有一个对家人很重要的家庭聚会，他的参加也很重要。

题目问的是：“在张华处理完突发情况之后，他**首先**会做什么？”

- 邻居的敲窗是“突发情况”，他会先去应对（开门、借东西）——但这是“处理突发情况”的过程本身，不是“之后要做什么”。
- 之后在四个选项中，需要判断他最优先去做的事情：
  - 家庭聚会被强调“很重要”“他的参与也很重要”，优先级最高。
  - 给李雷回电话只是帮助朋友抱怨职场烦恼，紧迫性较低。
  - 整理工作室、放松更不紧急。
  - 再去“开门帮邻居”已经包含在处理突发情况中了，不符合“之后”的含义。

因此，在处理完邻居这件突发状况后，他最可能**首先**去做的，是为重要的家庭聚会做准备。

最终答案：",C,"*   **Step-by-step analysis:**
    1.  **Deconstruct the story:** The story presents Zhang Hua in a state of focused work (painting for an exhibition). This focus is then shattered by a series of simultaneous events: a phone call, a dropped paintbrush, a hurried knock from a neighbor, and a sudden memory of an important family gathering.
    2.  **Identify the ""sudden situation"":** The question asks what Zhang Hua does after handling ""the sudden situation."" There are multiple sudden events, but the most immediate and externally demanding one is the ""hurried knock on the window from his neighbor."" A hurried knock implies urgency and requires an immediate response. Other events, like the family gathering (""tonight"") or the friend's call, are important but not as immediately pressing as a person physically at his window needing help. Therefore, ""handling the sudden situation"" most logically refers to dealing with the neighbor first.
    3.  **Analyze the question's timeline:** The question uses the phrase ""After Zhang Hua handles..."". This sets a specific point in time: the moment *after* the immediate issue (the neighbor's request) has been resolved. So, we are not looking for the first action he takes, but the action he takes *after* the first action.
    4.  **Evaluate the options based on the timeline:**
        *   **A. He opens the door to help the neighbor.** This is the act of ""handling the sudden situation,"" not what happens *after*. So, this option describes the event that precedes the timeframe of the question.
        *   **B. He calls back Li Lei to provide help and advice.** Li Lei is complaining about ""workplace troubles."" While a good friend would want to help, this is likely less urgent than the other tasks. The family gathering is described as ""very important,"" and the artwork is the ""last one"" for an exhibition, implying a deadline. The friend's issue is probably the lowest priority.
        *   **C. He prepares to attend the family gathering.** Zhang Hua just remembered this gathering, and the story emphasizes its significance: it's ""important,"" and his participation is ""very important to his family."" This new, high-stakes information has just entered his mind. After dealing with the immediate interruption (the neighbor), it is highly probable that this newly remembered, important obligation will become his next priority, especially since it is happening ""tonight.""
        *   **D. He reorganizes the studio and relaxes a bit.** While feeling overwhelmed might lead someone to take a break, with two major time-sensitive commitments (the exhibition and the family gathering), it is less likely that relaxing or reorganizing would be his first action. He is more likely to address one of the pressing tasks.
    5.  **Synthesize and conclude:** The most logical sequence of events is: 1) Zhang Hua responds to the immediate, urgent knock from his neighbor (handling the situation). 2) After the neighbor is gone, he re-evaluates his priorities. 3) The newly remembered ""very important"" family gathering for that same night will likely take precedence. Therefore, his first action *after* dealing with the neighbor would be to prepare for the family gathering.

*   **Final Answer Derivation:**
    The most immediate action Zhang Hua must take is to address the neighbor's hurried knock. This corresponds to option A, but the question asks what he does *after* handling this situation. Once the neighbor's request is fulfilled, Zhang Hua is faced with his remaining obligations. The story places special emphasis on the family gathering, calling it ""important"" and stating his participation is ""very important to his family."" This strong language suggests it has become his new top priority. Therefore, the most likely action he takes after helping his neighbor is to prepare for the family gathering.",C,"To determine the most likely action Zhang Hua takes after handling the sudden situation, let's analyze the given information step by step.

1. **Identify the sudden situations**: There are several sudden or concurrent events happening at the moment - Zhang Hua's paintbrush falls, his neighbor knocks on the window to borrow something, and he remembers an important family gathering. Li Lei is also on the phone complaining about workplace troubles.

2. **Assess the immediate actions and their priorities**:
   - Zhang Hua is on the phone with Li Lei.
   - His paintbrush falls, and he bends down to pick it up.
   - The neighbor knocks on the window.
   - He remembers the family gathering.

3. **Handling the sudden situations**:
   - **Picking up the paintbrush**: This is an immediate physical action Zhang Hua takes as he bends down. It's a reflexive action to an immediate physical event.
   - **Dealing with the neighbor**: After picking up the paintbrush, the next immediate issue is the neighbor knocking on the window. This is another sudden event that requires his attention. Opening the door or responding to the neighbor is likely to be his next action after picking up the paintbrush because the neighbor's knock is described as ""hurried,"" suggesting a level of urgency.
   - **Li Lei on the phone**: Zhang Hua is in the middle of a conversation. It's likely he needs to wrap this up or at least acknowledge Li Lei's issues before doing something else that doesn't involve Li Lei directly.

4. **Analyzing the given options**:
   - **A. He opens the door to help the neighbor**: This is a plausible immediate action after handling the paintbrush, given the neighbor's hurried knock.
   - **B. He calls back Li Lei to provide help and advice**: Since Li Lei is already on the phone, Zhang Hua is likely to either continue the conversation or wrap it up. It's less likely he would call Li Lei back immediately after.
   - **C. He prepares to attend the family gathering**: Remembering the family gathering is important, but it's not necessarily an immediate action following the sudden events. It could be something he does after resolving or addressing the immediate interruptions.
   - **D. He reorganizes the studio and relaxes a bit**: This seems less likely as an immediate next step given the context of the sudden events and the remembered family gathering.

5. **Determining the most likely next action**:
   - The neighbor's knock is described as ""hurried,"" indicating a need for a prompt response. 
   - Zhang Hua is in the process of dealing with multiple things",,,
11,"Tara is a curious robot, living in an underwater city called Aquatica in the deep sea. In Aquatica, there are no birds or flying creatures, and Tara never understands them. However, Aquatica is full of all kinds of marine life. Tara is doing imitation behavior: it swings its arms up and down gracefully, like a forward motion, very similar to the flapping of bird wings.",What is Tara likely imitating?,Fish sliding fins,Soaring eagle,Butterfly flapping wings,Bat in flight,A,Knowledge-pretend play links,,,"Tara is described as swinging its arms “very similar to the flapping of bird wings.” Among the choices:

- A. Fish sliding fins – underwater swimming motion, not like bird wings  
- B. Soaring eagle – a bird; directly matches “flapping of bird wings”  
- C. Butterfly flapping wings – wings flap, but not bird wings  
- D. Bat in flight – also not a bird  

The option that best matches “bird wings” is the eagle.",B,,,"To determine what Tara is likely imitating, let's analyze the given information step by step.

1. **Tara's Environment**: Tara lives in an underwater city called Aquatica. This means she is surrounded by marine life and is likely familiar with it.

2. **Tara's Action**: Tara is swinging her arms up and down, which is described as being similar to the flapping of bird wings.

3. **Tara's Understanding**: It's mentioned that Tara never understands birds or flying creatures because they don't exist in Aquatica. This implies that Tara is not imitating something she has seen or understands directly.

4. **Imitation Behavior**: Despite not understanding flying creatures, Tara is imitating the motion of flapping wings. This suggests she is trying to mimic something she has either been told about or has observed indirectly (e.g., through recordings or descriptions).

5. **Candidate Answers Analysis**:
   - **A. Fish sliding fins**: Fish do not flap their fins in the same way birds flap their wings; they move them in a different manner. So, this is unlikely to be what Tara is imitating.
   - **B. Soaring eagle**: An eagle is a bird, and its action of flying involves flapping its wings. This matches the description of Tara's action.
   - **C. Butterfly flapping wings**: While butterflies do flap their wings, the story specifically mentions ""the flapping of bird wings,"" making this a less likely candidate.
   - **D. Bat in flight**: Bats are flying creatures, but they are not birds; they are mammals. The story, however, specifically refers to the action as similar to ""the flapping of bird wings.""

6. **Conclusion**: Given that Tara is imitating the flapping of bird wings and that the story directly mentions this action in relation to birds, the most likely answer is related to birds. Both B (Soaring eagle) and potentially D (Bat in flight) could be considered because they both involve flying creatures. However, the story specifically mentions ""bird wings,"" making B a more direct match.

7. **Most Likely Answer**: Since Tara is imitating the flapping of bird wings and ""Soaring eagle"" is the option most directly related to birds, it is the most likely answer.

[[B]]",B,,
12,"Xiao Ming and Xiao Li are wandering in the bank, they see a handbag and a box, they find chalk in the handbag, Xiao Li leaves the bank, Xiao Ming moves the chalk to the box.","After Xiao Li returns to the bank, does Xiao Li know where the chalk is now?",Does not know,"Knows, in the handbag","Knows, in the Tote Bags","Knows, in the box",A,Percepts-knowledge links,,,"Xiao Ming and Xiao Li both see the chalk in the handbag. Then Xiao Li leaves. While Xiao Li is gone, Xiao Ming moves the chalk from the handbag to the box.  

When Xiao Li returns, he did not see the chalk being moved, so he will still *believe* the chalk is in the original place: the handbag. He has a definite (but wrong) belief rather than uncertainty.

So among the options, the intended answer is:",B,,,,,,
13,"Zhang San and Li Si are college roommates. Today is the weekend, a rare rest day, they do not know where to go for fun. Zhang San suggests going to the amusement park, he really wants to go. However, Li Si worries that there are too many people.",How does Zhang San convince Li Si to go to the amusement park?,"We can go first, if we feel there are too many people, then we look for other places to play.","Li Si, a crowd means it is lively, if we queue, we can chat and play with our phones while queuing, it is not boring.","Do you remember last time we want to go on that new roller coaster, but we do not have time? This time we have the chance, if we miss it, we do not know when the next time is.","Actually, I hear that the snacks in the amusement park are very delicious, even if there are many people, we can go to eat.",C,Persuasion Story Task,,,"Zhang San needs to address Li Si’s worry that “there are too many people.”

- Option A: Offers a fallback plan (leave if too crowded) – this eases pressure but doesn’t really make crowds feel acceptable.
- Option B: Directly reframes “many people” as a positive (lively), and explains that queuing won’t be boring because they can chat and use their phones. This most directly counters Li Si’s concern.
- Option C: Focuses on the missed roller coaster opportunity, not on the crowd issue.
- Option D: Focuses on snacks; partially acknowledges the crowd but doesn’t really handle the worry about “too many people.”

The most targeted and persuasive response to the stated concern is B.",B,,,"To determine the most likely answer, let's analyze the given story and the options provided.

1. **Understanding the Context**: Zhang San and Li Si are roommates looking for something to do on a weekend. Zhang San wants to go to the amusement park, but Li Si is hesitant because of the potential crowds.

2. **Analyzing Li Si's Concern**: Li Si's main concern is that there are too many people at the amusement park. Therefore, to convince Li Si, Zhang San needs to address this concern directly.

3. **Evaluating the Answer Options**:
   - **A. ""We can go first, if we feel there are too many people, then we look for other places to play.""** This option suggests a trial approach, where they visit the amusement park and then decide based on the crowd. It somewhat addresses Li Si's concern by offering an alternative if the park is too crowded.
   - **B. ""Li Si, a crowd means it is lively, if we queue, we can chat and play with our phones while queuing, it is not boring.""** This directly addresses Li Si's concern about the crowd. It not only reframes the perception of a crowd (as a sign of liveliness) but also offers ways to make the experience of waiting in line more enjoyable.
   - **C. ""Do you remember last time we want to go on that new roller coaster, but we do not have time? This time we have the chance, if we miss it, we do not know when the next time is.""** This option appeals to Li Si by reminding them of a missed opportunity in the past and the uncertainty of future chances. It doesn't directly address the concern about the crowd but motivates Li Si by highlighting the potential regret of missing out.
   - **D. ""Actually, I hear that the snacks in the amusement park are very delicious, even if there are many people, we can go to eat.""** This option acknowledges the crowd but shifts the focus to a different aspect of the amusement park experience (the food). It doesn't directly address Li Si's concern about the crowd.

4. **Choosing the Most Likely Answer**:
   - Options A, B, C, and D all attempt to address or sidestep Li Si's concern about the crowd in different ways.
   - **Option B** directly addresses Li Si's concern by reframing the experience of being in a crowd and offering practical ways to enjoy the experience despite the crowds. It is a persuasive argument that directly tackles the reason for Li Si's hesitation.
   - **Option C** is also persuasive as it appeals to the emotional aspect (missing out on an opportunity), but it doesn't directly address Li Si's concern about the crowd.

Given the need to directly address Li Si's concern and persuade him to go to the amusement park, **Option B** is the most effective response because it directly tackles the issue of the crowd and offers a positive spin on it.

**Step-by-Step Reasoning Conclusion**: The most effective way Zhang San can convince Li Si is by directly addressing his concern about the crowd and making the experience more appealing.

**Most Likely Answer Index**: ""[[B]]""",B,"

Zhang San needs to convince Li Si, who is worried about too many people, to go to the amusement park. The key is to address Li Si's specific concern about crowds. 

- Option A directly tackles the worry by proposing a contingency plan: they can go first and leave if it's too crowded. This reduces the perceived risk and makes the idea of going more palatable. It offers a solution that respects Li Si's concern without dismissing it.
- Option C focuses on missing out on a specific roller coaster, which might be relevant but doesn't directly address the broader concern about overall crowd levels. While it uses FOMO (fear of missing out), it shifts the focus to a specific attraction rather than solving the crowd issue itself.
- Options B and D are less relevant: B tries to reframe crowds positively, which may not resonate with someone who dislikes crowds, and D emphasizes snacks, which isn't the core issue.

Thus, **Option A** is the most effective because it directly responds to Li Si's worry by providing a practical, low-risk solution: try it out and leave if crowded. This approach is logical and reassuring.

[[A]]",A
14,"Dongdong and Xixi are fixing a car in the park, preparing for a weekend outing. They are always discussing where to play, but neither of them comes up with a good idea. At this time, Nannan passes by, and Dongdong then stops Nannan and asks him to come over to see the car they are fixing. Nannan sees their interaction and still walks over.",What does Dongdong want to do?,Ask Nannan to help him fix the car,Invite Nannan to go out with them,Ask Nannan to give them an idea of where to play.,Dongdong hopes to show off their car repair skills to Nannan.,C,Prediction of actions,,,"Dongdong calls Nannan over specifically “to see the car they are fixing,” which most directly suggests he wants to show Nannan their car repair work rather than ask for help, invite him along, or get ideas about where to play.

So the best answer is:",D,,,,,,
15,"Xiao Hong and Xiao Fang watch other children play on the playground. They chat about some interesting things happening on the playground and plan to go to the park together after school. Suddenly, Xiao Hong gives Xiao Fang a look and looks at Xiao Mei on the swing. Then, Xiao Hong smiles at Xiao Fang. Xiao Fang nods, and the two walk towards Xiao Mei. Xiao Mei sees these two girls she is not familiar with coming towards her. She notices their previous eye contact and smiles. Although the three are in the same class, Xiao Mei does not talk to them before.",What does Xiao Mei do next?,"She goes directly to Xiao Hong and Xiao Fang, greets them, and asks if they need help or want to play together.",She ignores Xiao Hong and Xiao Fang and goes to talk to her best friend about her feelings.,She imagines that Xiao Hong and Xiao Fang just want to make new friends and mean no harm.,She ignores the behavior of Xiao Hong and Xiao Fang and focuses on playing on the swing.,C,Emotion Regulation,,,,,"*   **Step-by-step analysis:**
    1.  **Analyze the context:** The story describes a social situation on a playground. Xiao Hong and Xiao Fang decide to approach Xiao Mei, a classmate they don't know well.
    2.  **Analyze the non-verbal cues:** Xiao Hong and Xiao Fang exchange a look and a smile before approaching Xiao Mei. This suggests a planned, positive, and friendly intention. They want to interact with her.
    3.  **Analyze Xiao Mei's reaction:** Xiao Mei observes their non-verbal communication (""notices their previous eye contact""). Importantly, she ""smiles"" back. A smile is a universally recognized sign of friendliness, openness, and a positive reception. It indicates she is not scared, annoyed, or indifferent. She is reciprocating their perceived friendly gesture.
    4.  **Evaluate the question:** The question asks what Xiao Mei will *do* next. This implies an action, not just a thought.
    5.  **Evaluate Option A:** ""She goes directly to Xiao Hong and Xiao Fang, greets them, and asks if they need help or want to play together."" This is a proactive, friendly, and welcoming action. It is a logical next step after her smile, turning the non-verbal positive signal into a verbal one. This aligns perfectly with the friendly atmosphere established.
    6.  **Evaluate Option B:** ""She ignores Xiao Hong and Xiao Fang and goes to talk to her best friend about her feelings."" This contradicts the story. The text explicitly says she ""smiles"" at them, which is the opposite of ignoring them. Also, there is no mention of a best friend being present.
    7.  **Evaluate Option C:** ""She imagines that Xiao Hong and Xiao Fang just want to make new friends and mean no harm."" This describes Xiao Mei's internal thought process or inference. While this is very likely the reason *why* she smiles, it is not an *action* she takes *next*. The question asks what she *does*. Her smile is the first action, and this thought is the internal justification for it. The next action would be a physical or verbal one.
    8.  **Evaluate Option D:** ""She ignores the behavior of Xiao Hong and Xiao Fang and focuses on playing on the swing."" This, like option B, directly contradicts the text. The story states she ""notices their previous eye contact and smiles,"" which means she is not ignoring them at all.
    9.  **Conclusion:** Based on the analysis, Xiao Mei has already shown she is open and friendly by smiling. The most logical and likely *action* to follow this smile is to engage verbally with the two girls who are approaching her. Option A describes this positive and proactive engagement, making it the most plausible outcome.

*   **Final Answer Derivation:**
    *   The story sets up a friendly encounter. Xiao Hong and Xiao Fang smile and approach Xiao Mei.
    *   Xiao Mei notices this and smiles back, indicating a positive and welcoming attitude.
    *   Options B and D are incorrect because they state she ""ignores"" them, which contradicts the text.
    *   Option C describes a thought, not an action, which is what the question asks for.
    *   Option A describes a friendly, verbal action that naturally follows her welcoming smile. It is the most logical continuation of the interaction.",A,"To infer the most likely action Xiao Mei will take next, let's analyze the given story and the options step by step.

1. **Understanding the Context**: The story sets a scene where Xiao Hong and Xiao Fang are watching other children play and decide to approach Xiao Mei, who is on a swing. The initial interaction involves Xiao Hong giving Xiao Fang a look, then both looking at Xiao Mei, smiling, and walking towards her. This indicates a friendly or positive intention.

2. **Analyzing Xiao Mei's Initial Reaction**: When Xiao Mei sees Xiao Hong and Xiao Fang approaching, she notices their previous eye contact and smiles. This suggests that she interprets their approach as friendly or positive, rather than negative or threatening.

3. **Evaluating the Candidate Answers**:
   - **A. She goes directly to Xiao Hong and Xiao Fang, greets them, and asks if they need help or want to play together.** This is a proactive and friendly response. Given that Xiao Mei smiles upon seeing them approach, it indicates she is open to interaction.
   - **B. She ignores Xiao Hong and Xiao Fang and goes to talk to her best friend about her feelings.** There's no indication in the story that Xiao Mei's best friend is nearby or that she would ignore the approaching girls after smiling at them.
   - **C. She imagines that Xiao Hong and Xiao Fang just want to make new friends and mean no harm.** While this could be a plausible thought, the story asks for what Xiao Mei does next, not what she thinks.
   - **D. She ignores the behavior of Xiao Hong and Xiao Fang and focuses on playing on the swing.** Ignoring them after smiling at their approach seems inconsistent with her positive initial reaction.

4. **Reasoning**: Given that Xiao Mei smiles upon seeing Xiao Hong and Xiao Fang approach, it indicates a positive reception of their intentions. The most likely next action would be one that is consistent with this positive reception.

5. **Choosing the Most Likely Action**: 
   - Xiao Mei's smile suggests she is open to interacting with Xiao Hong and Xiao Fang.
   - Option A is a direct and friendly action that aligns with her positive reaction. It involves greeting them and potentially initiating a play or conversation, which is a natural next step after smiling at their approach.

6. **Conclusion**: Based on the analysis, the most likely action for Xiao Mei is to greet Xiao Hong and Xiao Fang and potentially engage in a friendly interaction. This matches **Option A**.

[[A]]",A,,
16,"Xiao Hong and Xiao Fang watch other children play on the playground. They chat about some interesting things happening on the playground and discuss going to the park together after school. Suddenly, Xiao Hong gives Xiao Fang a look and looks in the direction of the swing. Then, Xiao Hong smiles at Xiao Fang. Xiao Fang nods, and the two stand up. Xiao Mei sits on the swing and notices the interaction between Xiao Hong and Xiao Fang.",Why does Xiao Hong smile at Xiao Fang?,Xiao Hong smiles because she sees something interesting on the playground.,Xiao Hong smiles because she remembers a joke about Xiao Mei.,Xiao Hong smiles because she thinks it is fun to play after school.,Xiao Hong smiles at Xiao Fang to suggest making new friends together.,D,Ambiguous Story Task,,,,,,,"To determine why Xiao Hong smiles at Xiao Fang, let's analyze the given story and the context provided.

1. **Contextual Clues**: The story sets a scene where Xiao Hong and Xiao Fang are observing other children play. They are engaged in conversation about going to the park after school, indicating they are discussing a potential activity they might do together.

2. **Xiao Hong's Action**: Xiao Hong gives Xiao Fang a look and then directs her gaze towards the swing. This action implies that something related to the swing has caught her attention and is significant enough to be communicated to Xiao Fang.

3. **Xiao Hong Smiles**: After looking at the swing, Xiao Hong smiles at Xiao Fang. Smiling often indicates a positive feeling or an invitation to share in an experience or activity.

4. **Xiao Fang's Response**: Xiao Fang nods in response to Xiao Hong's smile, and both stand up. This reaction suggests that Xiao Fang understood Xiao Hong's cue and agreed to follow her lead or participate in whatever activity Xiao Hong was suggesting.

5. **Xiao Mei's Presence**: The fact that Xiao Mei is on the swing and notices the interaction between Xiao Hong and Xiao Fang is also relevant. It indicates that the swing, where Xiao Mei is sitting, is the focal point of Xiao Hong's attention.

Given these observations, let's analyze the answer choices:

- **A. Xiao Hong smiles because she sees something interesting on the playground.** While this is a plausible reason, it's too broad. The story specifically mentions Xiao Hong looking in the direction of the swing before smiling.

- **B. Xiao Hong smiles because she remembers a joke about Xiao Mei.** There's no information in the story to suggest that Xiao Hong remembers a joke, making this an unlikely reason.

- **C. Xiao Hong smiles because she thinks it is fun to play after school.** The story does mention discussing going to the park after school, but Xiao Hong's immediate action is related to the swing, not directly to the discussion about after school.

- **D. Xiao Hong smiles at Xiao Fang to suggest making new friends together.** There's no indication in the story that Xiao Hong is suggesting making new friends. The interaction seems to be about an activity they are considering together.

Considering the details, Xiao Hong's smile is most directly related to the swing, as that's where she directed her gaze before smiling. The most plausible interpretation is that she is suggesting they play on the swing, which is something ""interesting on the playground."" 

Thus, the most likely reason for Xiao Hong's smile is related to the activity or the sight of the swing, which aligns most closely with **A. Xiao Hong smiles because she sees something interesting on the playground.** The specific ""something interesting"" is likely related to the swing and potentially Xiao Mei using it, prompting Xiao Hong to suggest they join in or play.

**Step-by-Step Reasoning Conclusion**: 
1. Xiao Hong looks at the swing and then smiles at Xiao Fang.
2. Xiao Fang nods and they both stand up, indicating they are about to take action related to the swing.
3. The most plausible interpretation is that Xiao Hong is suggesting they play on the swing.

**Most Likely Answer Index**: ""[[A]]""",A,"

The story describes Xiao Hong and Xiao Fang watching other children play and discussing interesting things on the playground. They then talk about going to the park after school. Suddenly, Xiao Hong looks in the direction of the swing and smiles at Xiao Fang, who nods and they stand up. Xiao Mei is sitting on the swing and notices their interaction. 

The key detail is that Xiao Hong looks toward the swing before smiling. The story mentions they were already ""chatting about some interesting things happening on the playground,"" which implies that whatever they observed at the swing (where Xiao Mei is sitting) is part of those ""interesting things."" There is no explicit mention of a joke about Xiao Mei (B), planning to go to the park (C), or making new friends (D). The smile appears to be a reaction to something visually observed on the playground, specifically at the swing. Since the swing is part of the playground and the context involves ""interesting things happening,"" the most direct and supported explanation is that Xiao Hong smiled because she saw something interesting there. 

[[A]]",A
17,"On a sunny weekend afternoon, Li Juan, Wang Qiang, and Xiao Fang play toys together at home. They first play with the first novel toy - a maze 3D puzzle, then they play with the second novel toy - an electric flyer. At this time, Li Juan says, ""I have something to do and need to leave the room"", and she leaves after closing the door. Wang Qiang says, ""Oh, she leaves, it's okay, we play together."" Wang Qiang and Xiao Fang play with the third novel toy - a smart rotating color light. After playing, they put all three toys in a plate on the table. At this time, Li Juan comes back, looks at the three toys in the tray, and excitedly says, ""Oh, look! Look at that toy!"", ""Xiao Fang, can you pass it to me?""",What does Xiao Fang most likely do?,Xiao Fang picks out the electric flyer and gives it to Li Juan,Xiao Fang picks out the smart rotating color light and gives it to Li Juan,Xiao Fang randomly picks one of the three toys and gives it to Li Juan,Xiao Fang picks out the maze 3D puzzle and gives it to Li Juan,B,Knowledge-attention links,,,,,,,"To determine the most likely action of Xiao Fang, let's analyze the given story step by step.

1. **Understanding the sequence of events**: The story begins with Li Juan, Wang Qiang, and Xiao Fang playing with three different toys: a maze 3D puzzle, an electric flyer, and a smart rotating color light. Initially, they play with the maze 3D puzzle and the electric flyer. Then, Li Juan leaves the room.

2. **Li Juan's absence and the continuation of play**: While Li Juan is away, Wang Qiang and Xiao Fang continue playing, this time with the smart rotating color light. After playing with it, they put all three toys into a plate on the table.

3. **Li Juan's return and request**: Upon Li Juan's return, she sees the three toys in the tray and excitedly asks Xiao Fang to pass her a toy, saying, ""Oh, look! Look at that toy!"", ""Xiao Fang, can you pass it to me?""

4. **Analyzing Li Juan's request**: Li Juan's excitement and her request to Xiao Fang indicate that she is interested in one of the toys. The story doesn't directly state which toy she is interested in, but we can infer based on the context.

5. **Inferring Li Juan's interest**: Since Li Juan was involved in playing with the first toy (maze 3D puzzle) before she left, and given that she didn't participate in playing with the third toy (smart rotating color light) because she was away, her interest is likely in one of the toys she either played with before leaving or saw upon returning. The fact that she was excited upon seeing the toys again suggests she might be interested in one of the toys she had played with earlier.

6. **Assessing the options**:
   - **A. Xiao Fang picks out the electric flyer and gives it to Li Juan**: Li Juan played with the electric flyer before leaving, so it's possible she's interested in it.
   - **B. Xiao Fang picks out the smart rotating color light and gives it to Li Juan**: Li Juan didn't play with this toy, so it might not be the one she's excited about, but it's still a possibility since she sees it upon returning.
   - **C. Xiao Fang randomly picks one of the three toys and gives it to Li Juan**: This is a plausible action since Li Juan doesn't specify which toy she wants.
   - **D. Xiao Fang picks out the maze 3D puzzle and gives it to Li Juan**: Li Juan played with this toy first, so she might be interested in it again.

7. **Making an inference**: Li Juan's excitement upon seeing the toys and her request to Xiao Fang without specifying the toy suggests that she is likely interested in one of the toys she had previously played with or something that caught her eye upon returning. Since she doesn't specify and there's no clear indication of her preference, the most straightforward action for Xiao Fang would be to either pick a toy she thinks Li Juan might like based on their previous play or simply choose one.

Given that Li Juan was excited and asked for ""that toy"" without specifying, and considering she had played with the maze 3D puzzle and the electric flyer before, it's reasonable to assume she might be interested in one of those. However, the story doesn't provide a clear indication of her preference.

Since Li Juan doesn't specify the toy and there's no clear indication of which toy she is excited about, the most likely action for Xiao Fang, based on the information given and the need to choose an answer, involves some level of uncertainty.

The best course of action is to consider what Xiao Fang is most likely to do given Li Juan's non-specific request. Without clear evidence of Li Juan's preference, **C. Xiao Fang randomly picks one of the three toys and gives it to Li Juan** seems like a reasonable assumption as it reflects the uncertainty and lack of specific information about Li Juan's preference.

Therefore, the step-by-step reasoning leads to the conclusion that the most likely action is related to the uncertainty of Li Juan's preference.

[[C]]",C,,
18,"In a space station on the orbit of a distant planet, a robot named Tinklo lives. This space station has an artificial environment, there is no form of plant life inside, so Tinklo does not understand any plant-related information. However, the space station is full of various mechanical devices and robots. Tinklo is performing imitation behavior: it sways from side to side, occasionally bends to the ground, these actions are similar to flowers swaying in the wind and people smelling flowers.",What does Tinklo possibly imitate?,Sunflowers swaying in the wind.,A robot bending over to pick up objects.,A person smelling a rose.,A windmill with rotating blades.,B,Knowledge-pretend play links,,,,,,,"To determine what Tinklo possibly imitates, let's analyze the given information step by step.

1. **Tinklo's Environment and Knowledge**: Tinklo lives in a space station with no plant life. This means Tinklo has no direct experience or understanding of plants or their behaviors.

2. **Tinklo's Actions**: Tinklo sways from side to side and occasionally bends to the ground. These actions are described as being similar to flowers swaying in the wind and people smelling flowers.

3. **Implications of Tinklo's Actions**: Since Tinklo doesn't understand plant-related information, its actions are not directly related to understanding or mimicking the actual behavior of plants. Instead, Tinklo is imitating something it has observed.

4. **Analysis of Answer Choices**:
   - **A. Sunflowers swaying in the wind**: While Tinklo's swaying could be similar to sunflowers swaying, Tinklo doesn't understand plant life. However, it could be imitating the motion it has seen or been programmed with, without understanding its context.
   - **B. A robot bending over to pick up objects**: Tinklo's action of bending to the ground could be similar to a robot bending to pick up objects, which is a plausible action within Tinklo's environment.
   - **C. A person smelling a rose**: The action of bending to the ground is likened to people smelling flowers. Since Tinklo doesn't understand plant life, it's more likely imitating the human action rather than the act of smelling a rose specifically.
   - **D. A windmill with rotating blades**: While a windmill's motion involves swaying or rotating, Tinklo's described actions don't directly correlate with the typical depiction of a windmill's operation.

5. **Reasoning**:
   - Tinklo imitates actions it has observed. The space station is full of mechanical devices and robots, making it likely that Tinklo is imitating something related to these.
   - The action of swaying and bending is likened to two different observed behaviors: flowers swaying (which Tinklo wouldn't understand directly) and people smelling flowers (an action that involves bending).
   - Given Tinklo's environment, it's more plausible that Tinklo is imitating a robot or mechanical action rather than a plant-related one. However, the specific actions described (swaying and bending) are more directly related to the comparison with flowers and people smelling flowers.

6. **Most Likely Answer**:
   - Tinklo's actions are a mix of swaying (like flowers in the wind) and bending (like people smelling flowers). Since Tinklo is in an environment with robots and mechanical devices, and it doesn't understand plant life, the most plausible imitation related to its actions and environment would involve robots or mechanical/human actions.
   - **B. A robot bending over to pick up objects** is a plausible action within Tinklo's environment and relates to the bending action described.
   - **C. A person smelling a rose** directly correlates with the bending action described and is an action Tinklo could have observed (people smelling flowers), even if it doesn't understand the context of ""rose.""

7. **Conclusion**: The most likely answer should relate to an action that Tinklo could have observed and imitated. Between the plausible options, **C. A person smelling a rose** directly relates to one of the described actions (bending to the ground) and is an observed behavior Tinklo could imitate, even without understanding the specifics of ""rose.""

The final answer is [[C]].",C,"

The story describes Tinklo, a robot on a space station with no plant life, performing actions that ""sway from side to side"" and ""occasionally bends to the ground,"" which are similar to ""flowers swaying in the wind and people smelling flowers."" While the robot lacks understanding of plant-related concepts, the question asks what it *possibly imitates* based on the described behavior, not what it knows.

- Option A (Sunflowers swaying in the wind) describes a plant-related action, but Tinklo has no knowledge of plants and the space station has no plant life. While the swaying motion aligns with this, the bending to the ground is not typical of sunflowers (which are tall and upright), making this less comprehensive for the full description.
- Option B (A robot bending over to pick up objects) doesn't align well with the swaying motion, which isn't characteristic of typical robotic movement for object pickup.
- Option D (A windmill with rotating blades) involves rotational motion, not the side-to-side swaying or bending described.
- Option C (A person smelling a rose) fits better: bending to the ground is a direct match for the act of smelling a flower, and slight swaying could occur as part of the movement. Even though the space station has no roses, humans on the station might mimic the gesture of smelling a flower (e.g., leaning forward, moving hands toward the face), which Tinklo could observe and imitate. Since the robot's environment includes mechanical devices and potentially humans, imitating human behavior is plausible.

Thus, the most likely answer is **C**, as it best combines the bending motion and the context of human-like behavior in the space station.

[[C]]",C
19,"Emily finds a book she really wants to read in the library, but discovers the book is already borrowed by someone else. Emily sees a book with a similar cover next to it, thinks it is the same book, and takes it away. When she gets home, Emily realizes it is a different book, but she is too lazy to return it. At the same time, Kate is busy working in the library. She knows this book belongs to a blind person who is waiting for this book. Kate gets tricked by a blind person she doesn't know not long ago, she notices Emily takes the wrong book, but she chooses not to tell Emily.","Kate knows Emily takes the wrong book, but she chooses not to tell Emily, what kind of emotion does she feel?","Kate possibly thinks that by not intervening, she introspects and punishes herself for her past experiences in some way.","Kate has a disgust for the blind, even if she knows Emily takes the wrong book, she chooses not to tell her.","Kate possibly feels guilty and conflicted, because she knows she should tell Emily, but she chooses not to.","Kate possibly does not care about this situation, thinks it is not her responsibility.",B,Moral emotions,,,,,,,"To determine Kate's emotional state when she chooses not to tell Emily that she has taken the wrong book, let's analyze the given information and the options step by step.

1. **Understanding the Context**: Emily takes a book by mistake, thinking it's the one she wanted. Kate, who is working in the library, notices this but doesn't inform Emily. The book actually belongs to a blind person who is waiting for it.

2. **Kate's Background**: Kate was tricked by a blind person she didn't know not long ago. This indicates that Kate has had a recent negative experience related to a blind person.

3. **Analyzing Kate's Actions and Possible Emotions**:
   - Kate knows the book belongs to a blind person and that Emily has taken it by mistake.
   - Kate chooses not to tell Emily about the mistake.

4. **Examining the Answer Choices**:
   - **A. Kate possibly thinks that by not intervening, she introspects and punishes herself for her past experiences in some way.** This suggests Kate is reflecting on her past experience (being tricked by a blind person) and possibly feels responsible or connected to the current situation in a way that makes her want to ""punish herself"" by not correcting Emily. This is a plausible psychological response, as Kate might be linking her past experience to the current situation, even though they are not directly related.
   
   - **B. Kate has a disgust for the blind, even if she knows Emily takes the wrong book, she chooses not to tell her.** This option implies Kate has a prejudice against blind people. While Kate was tricked by a blind person, it doesn't directly imply she has disgust for all blind individuals. Her action (not telling Emily) could be motivated by various reasons, but disgust for the blind isn't directly supported by the information given.
   
   - **C. Kate possibly feels guilty and conflicted, because she knows she should tell Emily, but she chooses not to.** This is a reasonable assumption. Kate is aware that Emily has taken the wrong book, and she knows the book belongs to a blind person who is waiting for it. Kate's decision not to inform Emily could stem from a mix of guilt (for not acting) and conflict (between her moral obligation to inform Emily and her personal feelings or motivations).
   
   - **D. Kate possibly does not care about this situation, thinks it is not her responsibility.** This suggests apathy on Kate's part. While possible, Kate's awareness of the book's intended recipient and her recent negative experience suggest she might be more emotionally invested than mere indifference.

5. **Reasoning and Conclusion**:
   - Kate's recent negative experience with a blind person and her knowledge that the book belongs to a blind person waiting for it could evoke complex emotions.
   - Option B is less likely because it assumes a prejudice not directly supported by the given context.
   - Option D suggests indifference, which might not fully capture Kate's emotional state given her awareness of the situation's specifics.
   - Between A and C, **C** seems more directly related to Kate's situation. Kate's decision not to tell Emily, despite knowing the book's significance and the person waiting for it, could indeed make her feel guilty and conflicted. This aligns with a natural human emotional response to a situation where one chooses not to act in a way they know is right, especially when it involves potentially depriving someone (in this case, a blind person) of something they are waiting for.

6. **Most Likely Answer Index**:
Given the analysis, the most plausible emotional state for Kate is feeling guilty and conflicted because she knows she should tell Emily but chooses not to.

[[C]]",C,,
20,"The little boy Tom finds some money on his way home from school. He is very happy and starts to think about how to use this money. As he walks, he meets an aunt. The aunt says to him, ""Tom, if you help me pick apples, I give you some money."" So Tom decides to stay at the aunt's house to help pick apples.",What does Tom do after he helps the aunt pick apples?,Tom goes to the park to play.,Tom goes to the store to buy things.,Tom helps the aunt make apple pie.,Tom donates the money to a charity.,B,Multiple desires,,,,,,,,,"

The story describes Tom finding money on his way home and then meeting an aunt who offers him money in exchange for helping pick apples. Tom decides to stay and help her. The question asks what Tom does *after* helping the aunt pick apples. However, the story ends with Tom deciding to stay and help pick apples, and it provides no further details about what happens afterward. There is no explicit mention of what Tom does after completing the task—whether he receives money, goes to the park, buys something, helps make a pie, or donates the money. 

While the story does not specify any of the options, it is reasonable to consider common narrative sequences. In many contexts, picking apples is often followed by using them to make apple pie, which could logically involve Tom helping the aunt with the next step of the process. Although the story does not explicitly state this, option C (""Tom helps the aunt make apple pie"") is the most contextually plausible choice among the given options, as it aligns with the typical progression of activities related to apple-picking. 

Given the lack of explicit information, and considering the logical progression of the task (picking apples → making pie), option C is the most reasonable inference. If the story had provided more details, the answer might differ, but based on the provided context and typical narrative expectations, C is the best-supported choice.

[[C]]",C
